# WaveFront *.obj file (generated by Autodesk ATF)

mtllib impeller esp.mtl

g Body1

v -6.439961 22.000000 12.486465
v -2.097635 22.000000 4.372920
v -2.097635 23.000000 4.372920
v -6.439961 23.000000 12.486465
v -6.675221 22.000000 12.362295
v -6.550963 22.000000 12.428409
v -6.675221 23.000000 12.362295
v -7.024687 22.000000 12.167115
v -6.885541 22.000000 12.245860
v -6.833228 22.000000 12.275250
v -7.024687 23.000000 12.167115
v -7.662342 22.000000 11.775968
v -7.495878 22.000000 11.880717
v -7.414920 22.000000 11.931455
v -7.320546 22.000000 11.989965
v -7.232733 22.000000 12.043211
v -7.232733 23.000000 12.043211
v -7.320546 23.000000 11.989965
v -7.414920 23.000000 11.931455
v -7.495878 23.000000 11.880717
v -7.662342 23.000000 11.775968
v -2.757199 22.000000 3.990032
v -2.757199 23.000000 3.990032
v 4.049374 22.000000 0.000000
v 3.911395 22.000000 1.048055
v 3.506861 22.000000 2.024687
v 2.863340 22.000000 2.863340
v 2.024687 22.000000 3.506861
v 1.048055 22.000000 3.911395
v -0.000000 22.000000 4.049374
v -1.048055 22.000000 3.911395
v -2.024687 22.000000 3.506861
v -2.863340 22.000000 2.863340
v -3.506861 22.000000 2.024687
v -3.911395 22.000000 1.048055
v -4.049374 22.000000 0.000000
v -1.850000 22.000000 0.000000
v -1.786963 22.000000 0.478815
v -1.602147 22.000000 0.925000
v -1.308148 22.000000 1.308148
v -0.925000 22.000000 1.602147
v -0.478815 22.000000 1.786963
v 0.000000 22.000000 1.850000
v 0.478815 22.000000 1.786963
v 0.925000 22.000000 1.602147
v 1.308148 22.000000 1.308148
v 1.602147 22.000000 0.925000
v 1.786963 22.000000 0.478815
v 1.850000 22.000000 0.000000
v -3.222512 22.000000 3.624627
v -3.639871 22.000000 3.205283
v -4.003065 22.000000 2.738242
v -11.820402 22.000000 7.593615
v -10.636183 22.000000 9.179134
v -9.240936 22.000000 10.582533
v -7.452116 22.000000 11.910116
v -7.239542 22.000000 12.040512
v -4.621638 22.000000 13.267455
v -2.711619 22.000000 13.785210
v -0.747799 22.000000 14.029458
v -0.392788 22.000000 4.834068
v -0.978464 22.000000 4.750275
v -1.549579 22.000000 4.595792
v -6.908818 22.000000 12.233280
v -6.792326 22.000000 12.298342
v -3.222512 23.000000 3.624627
v -3.639871 23.000000 3.205283
v -4.003065 23.000000 2.738242
v 2.738242 23.000000 4.003065
v 3.205283 23.000000 3.639871
v 3.624627 23.000000 3.222512
v 3.990032 23.000000 2.757199
v 11.775968 23.000000 7.662342
v 11.880717 23.000000 7.495878
v 11.931455 23.000000 7.414920
v 11.989965 23.000000 7.320546
v 12.043211 23.000000 7.232733
v 12.167115 23.000000 7.024687
v 12.362295 23.000000 6.675221
v 12.486465 23.000000 6.439961
v 4.372920 23.000000 2.097635
v 4.635987 23.000000 1.424825
v 4.796198 23.000000 0.720404
v 4.850000 23.000000 0.000000
v 1.850000 23.000000 0.000000
v 1.786963 23.000000 0.478815
v 1.602147 23.000000 0.925000
v 1.308148 23.000000 1.308148
v 0.925000 23.000000 1.602147
v 0.478815 23.000000 1.786963
v -0.000000 23.000000 1.850000
v -0.478815 23.000000 1.786963
v -0.925000 23.000000 1.602147
v -1.308148 23.000000 1.308148
v -1.602147 23.000000 0.925000
v -1.786963 23.000000 0.478815
v -1.850000 23.000000 0.000000
v -4.850000 23.000000 0.000000
v -4.797331 23.000000 0.712820
v -4.640469 23.000000 1.410159
v -4.382820 23.000000 2.076870
v -12.523767 23.000000 6.367116
v -12.431980 23.000000 6.541064
v -12.387237 23.000000 6.625483
v -12.334761 23.000000 6.723341
v -12.285336 23.000000 6.813360
v -12.167115 23.000000 7.024687
v -11.962058 23.000000 7.368451
v -11.820402 23.000000 7.593615
v -1.549579 23.000000 4.595792
v -0.978464 23.000000 4.750275
v -0.392788 23.000000 4.834068
v -0.747799 23.000000 14.029458
v -0.551262 23.000000 14.036942
v -0.455782 23.000000 14.040403
v -0.344796 23.000000 14.043887
v -0.242125 23.000000 14.046093
v 0.000000 23.000000 14.049374
v 0.400237 23.000000 14.043672
v 0.666063 23.000000 14.033576
v 0.369855 23.000000 4.835877
v 0.955921 23.000000 4.754862
v 1.527763 23.000000 4.603090
v 2.076870 23.000000 4.382820
v 6.367116 23.000000 12.523767
v 6.541064 23.000000 12.431980
v 6.625483 23.000000 12.387237
v 6.723341 23.000000 12.334761
v 6.813360 23.000000 12.285336
v 7.024687 23.000000 12.167115
v 7.368451 23.000000 11.962058
v 7.593615 23.000000 11.820402
v 4.149721 23.000000 7.024687
v -4.187023 23.000000 7.024687
v -11.962058 22.000000 7.368451
v -11.887505 22.000000 7.487836
v -12.167115 22.000000 7.024687
v -12.085984 22.000000 7.162455
v -12.055374 22.000000 7.214064
v -12.523767 22.000000 6.367116
v -12.431980 22.000000 6.541064
v -12.387237 22.000000 6.625483
v -12.334761 22.000000 6.723341
v -12.285336 22.000000 6.813360
v -4.382820 22.000000 2.076870
v -4.850000 22.000000 0.000000
v -4.797331 22.000000 0.712820
v -4.640469 22.000000 1.410159
v -6.597063 22.000000 12.404179
v -6.518642 22.000000 12.445570
v -11.915314 22.000000 7.443803
v -11.868094 22.000000 7.518859
v -12.099852 22.000000 7.139922
v -12.031498 22.000000 7.254514
v -14.049374 22.000000 0.000000
v -13.877055 22.000000 2.193681
v -13.364327 22.000000 4.333550
v 12.486465 22.000000 6.439961
v 4.372920 22.000000 2.097635
v 12.362295 22.000000 6.675221
v 12.428409 22.000000 6.550963
v 12.167115 22.000000 7.024687
v 12.245860 22.000000 6.885541
v 12.275250 22.000000 6.833228
v 11.775968 22.000000 7.662342
v 11.880717 22.000000 7.495878
v 11.931455 22.000000 7.414920
v 11.989965 22.000000 7.320546
v 12.043211 22.000000 7.232733
v 3.990032 22.000000 2.757199
v 3.624627 22.000000 3.222512
v 3.205283 22.000000 3.639871
v 2.738242 22.000000 4.003065
v 7.593615 22.000000 11.820402
v 9.179134 22.000000 10.636183
v 10.582533 22.000000 9.240936
v 11.910116 22.000000 7.452116
v 12.040512 22.000000 7.239542
v 13.347397 22.000000 4.385418
v 13.872770 22.000000 2.220623
v 14.049374 22.000000 0.000000
v 4.850000 22.000000 0.000000
v 4.796198 22.000000 0.720404
v 4.635987 22.000000 1.424825
v 12.233280 22.000000 6.908818
v 12.298342 22.000000 6.792326
v 7.368451 22.000000 11.962058
v 7.487836 22.000000 11.887505
v 7.024687 22.000000 12.167115
v 7.162455 22.000000 12.085984
v 7.214064 22.000000 12.055374
v 6.367116 22.000000 12.523767
v 6.541064 22.000000 12.431980
v 6.625483 22.000000 12.387237
v 6.723341 22.000000 12.334761
v 6.813360 22.000000 12.285336
v 2.076870 22.000000 4.382820
v 12.404179 22.000000 6.597063
v 12.445570 22.000000 6.518642
v 7.443803 22.000000 11.915314
v 7.518859 22.000000 11.868094
v 7.139922 22.000000 12.099852
v 7.254514 22.000000 12.031498
v 1.527763 22.000000 4.603090
v 0.955921 22.000000 4.754862
v 0.369855 22.000000 4.835877
v 0.666063 22.000000 14.033576
v 2.631272 22.000000 13.800772
v 4.544275 22.000000 13.294152
v 11.500000 5.000000 0.000000
v 11.500000 7.500000 0.000000
v 6.000000 7.500000 0.000000
v 6.000000 5.000000 0.000000
v 1.850000 9.000000 0.000000
v 1.850000 4.597545 0.000000
v 1.903668 4.641423 0.000000
v 1.960733 4.680782 0.000000
v 2.020815 4.715359 0.000000
v 2.285356 4.853562 0.000000
v 2.375734 4.894258 0.000000
v 2.470235 4.924156 0.000000
v 2.567574 4.942850 0.000000
v 3.000000 5.000000 0.000000
v 4.919794 5.000000 0.000000
v 4.919794 7.500000 0.000000
v 3.500000 7.500000 0.000000
v 3.500000 9.000000 0.000000
v 11.000000 10.000000 0.000000
v 11.000000 11.994243 0.000000
v 7.533038 11.994243 0.000000
v 7.462036 11.985719 0.000000
v 7.395069 11.960635 0.000000
v 7.335941 11.920413 0.000000
v 7.288013 11.867340 0.000000
v 7.254007 11.804432 0.000000
v 7.235855 11.735263 0.000000
v 7.234590 11.663763 0.000000
v 7.232282 11.616979 0.000000
v 7.219155 11.572015 0.000000
v 7.195930 11.531338 0.000000
v 7.163881 11.497178 0.000000
v 7.124765 11.471409 0.000000
v 7.080729 11.455446 0.000000
v 7.034187 11.450162 0.000000
v 1.850209 11.472613 0.000000
v 1.850000 20.494025 0.000000
v 1.850000 10.000000 0.000000
v 6.059840 10.000000 0.000000
v 6.059840 9.000000 0.000000
v 8.759840 9.000000 0.000000
v 8.759840 10.000000 0.000000
v 14.049374 21.000000 0.000000
v 4.049374 21.000000 0.000000
v 1.850000 20.494243 0.000000
v 2.041793 20.494243 0.000000
v 2.365317 20.451650 0.000000
v 2.666793 20.326774 0.000000
v 2.925677 20.128126 0.000000
v 3.124325 19.869243 0.000000
v 3.249201 19.567766 0.000000
v 3.291793 19.244243 0.000000
v 3.291793 14.994243 0.000000
v 3.342905 14.606014 0.000000
v 3.492755 14.244243 0.000000
v 3.731133 13.933582 0.000000
v 4.041793 13.695204 0.000000
v 4.403565 13.545354 0.000000
v 4.791793 13.494243 0.000000
v 13.291793 13.494243 0.000000
v 13.291793 13.244243 0.000000
v 13.249201 12.920719 0.000000
v 13.124325 12.619243 0.000000
v 12.925677 12.360359 0.000000
v 12.666793 12.161711 0.000000
v 12.365317 12.036835 0.000000
v 12.041793 11.994243 0.000000
v 12.000000 11.994243 0.000000
v 12.000000 10.000000 0.000000
v 15.735799 10.000000 0.000000
v 15.735799 7.500000 0.000000
v 14.000000 7.500000 0.000000
v 14.000000 5.000000 0.000000
v 17.000000 5.000000 0.000000
v 17.000000 2.500000 0.000000
v 10.500000 2.500000 0.000000
v 10.500000 0.000000 0.000000
v 8.000000 0.000000 0.000000
v 8.000000 2.500000 0.000000
v 3.000000 2.500000 0.000000
v 3.000000 -1.000000 0.000000
v 2.065497 0.127233 0.000000
v 1.850000 0.383608 0.000000
v 1.850000 -3.000000 0.000000
v 1.750000 -3.000000 0.000000
v 1.750000 7.666667 0.000000
v 1.750000 18.333333 0.000000
v 1.750000 29.000000 0.000000
v 1.850000 29.000000 0.000000
v 9.375000 7.666667 0.000000
v -11.500000 5.000000 0.000000
v -6.000000 5.000000 0.000000
v -6.000000 7.500000 0.000000
v -11.500000 7.500000 0.000000
v -1.850000 9.000000 0.000000
v -3.500000 9.000000 0.000000
v -3.500000 7.500000 0.000000
v -4.919794 7.500000 0.000000
v -4.919794 5.000000 0.000000
v -3.000000 5.000000 0.000000
v -2.567574 4.942850 0.000000
v -2.470235 4.924156 0.000000
v -2.375734 4.894258 0.000000
v -2.285356 4.853562 0.000000
v -2.020815 4.715359 0.000000
v -1.960733 4.680782 0.000000
v -1.903668 4.641423 0.000000
v -1.850000 4.597545 0.000000
v -11.000000 10.000000 0.000000
v -8.759840 10.000000 0.000000
v -8.759840 9.000000 0.000000
v -6.059840 9.000000 0.000000
v -6.059840 10.000000 0.000000
v -1.850000 10.000000 0.000000
v -1.850000 20.494025 0.000000
v -1.850209 11.472613 0.000000
v -7.034187 11.450162 0.000000
v -7.080729 11.455446 0.000000
v -7.124765 11.471409 0.000000
v -7.163881 11.497178 0.000000
v -7.195930 11.531338 0.000000
v -7.219155 11.572015 0.000000
v -7.232282 11.616979 0.000000
v -7.234590 11.663763 0.000000
v -7.235855 11.735263 0.000000
v -7.254007 11.804432 0.000000
v -7.288013 11.867340 0.000000
v -7.335941 11.920413 0.000000
v -7.395069 11.960635 0.000000
v -7.462036 11.985719 0.000000
v -7.533038 11.994243 0.000000
v -11.000000 11.994243 0.000000
v -4.049374 21.000000 0.000000
v -14.049374 21.000000 0.000000
v -1.850000 29.000000 0.000000
v -1.750000 29.000000 0.000000
v -1.750000 18.333333 0.000000
v -1.750000 7.666667 0.000000
v -1.750000 -3.000000 0.000000
v -1.850000 -3.000000 0.000000
v -1.850000 0.383608 0.000000
v -2.065497 0.127233 0.000000
v -3.000000 -1.000000 0.000000
v -3.000000 2.500000 0.000000
v -8.000000 2.500000 0.000000
v -8.000000 0.000000 0.000000
v -10.500000 0.000000 0.000000
v -10.500000 2.500000 0.000000
v -17.000000 2.500000 0.000000
v -17.000000 5.000000 0.000000
v -14.000000 5.000000 0.000000
v -14.000000 7.500000 0.000000
v -15.735799 7.500000 0.000000
v -15.735799 10.000000 0.000000
v -12.000000 10.000000 0.000000
v -12.000000 11.994243 0.000000
v -12.041793 11.994243 0.000000
v -12.365317 12.036835 0.000000
v -12.666793 12.161711 0.000000
v -12.925677 12.360359 0.000000
v -13.124325 12.619243 0.000000
v -13.249201 12.920719 0.000000
v -13.291793 13.244243 0.000000
v -13.291793 13.494243 0.000000
v -4.791793 13.494243 0.000000
v -4.403565 13.545354 0.000000
v -4.041793 13.695204 0.000000
v -3.731133 13.933582 0.000000
v -3.492755 14.244243 0.000000
v -3.342905 14.606014 0.000000
v -3.291793 14.994243 0.000000
v -3.291793 19.244243 0.000000
v -3.249201 19.567766 0.000000
v -3.124325 19.869243 0.000000
v -2.925677 20.128126 0.000000
v -2.666793 20.326774 0.000000
v -2.365317 20.451650 0.000000
v -2.041793 20.494243 0.000000
v -1.850000 20.494243 0.000000
v -9.375000 13.359442 0.000000
v -9.375000 7.666667 0.000000
v 0.400237 22.000000 14.043672
v 0.540904 22.000000 14.038799
v 0.000000 22.000000 14.049374
v 0.159877 22.000000 14.047997
v 0.219876 22.000000 14.047292
v -0.551262 22.000000 14.036942
v -0.455782 22.000000 14.040403
v -0.344796 22.000000 14.043887
v -0.242125 22.000000 14.046093
v -12.408780 22.000000 6.588405
v -12.289883 22.000000 6.807618
v 6.588405 22.000000 12.408780
v 6.807618 22.000000 12.289883
v -0.498664 22.000000 14.040521
v -0.249371 22.000000 14.047160
v 0.133428 22.000000 14.048740
v 0.266844 22.000000 14.046839
v 13.857759 21.000000 2.312451
v 13.288140 21.000000 4.561824
v 12.356055 21.000000 6.686763
v 11.086930 21.000000 8.629304
v 9.515382 21.000000 10.336460
v 7.684279 21.000000 11.761665
v 5.643569 21.000000 12.866042
v 3.448917 21.000000 13.619467
v 1.160188 21.000000 14.001388
v -1.160188 21.000000 14.001388
v -3.448917 21.000000 13.619467
v -5.643569 21.000000 12.866042
v -7.684279 21.000000 11.761665
v -9.515382 21.000000 10.336460
v -11.086930 21.000000 8.629304
v -12.356055 21.000000 6.686763
v -13.288140 21.000000 4.561824
v -13.857759 21.000000 2.312451
v -3.911395 21.000000 1.048055
v -3.506861 21.000000 2.024687
v -2.863340 21.000000 2.863340
v -2.024687 21.000000 3.506861
v -1.048055 21.000000 3.911395
v -0.000000 21.000000 4.049374
v 1.048055 21.000000 3.911395
v 2.024687 21.000000 3.506861
v 2.863340 21.000000 2.863340
v 3.506861 21.000000 2.024687
v 3.911395 21.000000 1.048055
v 4.683125 21.000000 7.000694
v -4.683125 21.000000 7.000694
v 0.488866 22.000000 14.040866
v 0.577476 22.000000 14.037501
v -1.786963 20.494243 0.478815
v -1.602147 20.494243 0.925000
v -1.308148 20.494243 1.308148
v -0.925000 20.494243 1.602147
v -0.478815 20.494243 1.786963
v 0.000000 20.494243 1.850000
v 0.478815 20.494243 1.786963
v 0.925000 20.494243 1.602147
v 1.308148 20.494243 1.308148
v 1.602147 20.494243 0.925000
v 1.786963 20.494243 0.478815
v 1.786963 29.000000 0.478815
v 1.602147 29.000000 0.925000
v 1.308148 29.000000 1.308148
v 0.925000 29.000000 1.602147
v 0.478815 29.000000 1.786963
v 0.000000 29.000000 1.850000
v -0.478815 29.000000 1.786963
v -0.925000 29.000000 1.602147
v -1.308148 29.000000 1.308148
v -1.602147 29.000000 0.925000
v -1.786963 29.000000 0.478815
v 11.817693 11.994243 2.083778
v 11.276311 11.994243 4.104242
v 10.392305 11.994243 6.000000
v 9.192533 11.994243 7.713451
v 7.713451 11.994243 9.192533
v 6.000000 11.994243 10.392305
v 4.104242 11.994243 11.276311
v 2.083778 11.994243 11.817693
v 0.000000 11.994243 12.000000
v -2.083778 11.994243 11.817693
v -4.104242 11.994243 11.276311
v -6.000000 11.994243 10.392305
v -7.713451 11.994243 9.192533
v -9.192533 11.994243 7.713451
v -10.392305 11.994243 6.000000
v -11.276311 11.994243 4.104242
v -11.817693 11.994243 2.083778
v -11.817693 10.000000 2.083778
v -11.276311 10.000000 4.104242
v -10.392305 10.000000 6.000000
v -9.192533 10.000000 7.713451
v -7.713451 10.000000 9.192533
v -6.000000 10.000000 10.392305
v -4.104242 10.000000 11.276311
v -2.083778 10.000000 11.817693
v 0.000000 10.000000 12.000000
v 2.083778 10.000000 11.817693
v 4.104242 10.000000 11.276311
v 6.000000 10.000000 10.392305
v 7.713451 10.000000 9.192533
v 9.192533 10.000000 7.713451
v 10.392305 10.000000 6.000000
v 11.276311 10.000000 4.104242
v 11.817693 10.000000 2.083778
v -10.812704 11.994243 2.021245
v -10.257195 11.994243 3.973658
v -9.352388 11.994243 5.790754
v -8.129098 11.994243 7.410652
v -6.628981 11.994243 8.778190
v -4.903122 11.994243 9.846796
v -3.010293 11.994243 10.580082
v -1.014952 11.994243 10.953076
v 1.014952 11.994243 10.953076
v 3.010293 11.994243 10.580082
v 4.903122 11.994243 9.846796
v 6.628981 11.994243 8.778190
v 8.129098 11.994243 7.410652
v 9.352388 11.994243 5.790754
v 10.257195 11.994243 3.973658
v 10.812704 11.994243 2.021245
v 10.812704 10.000000 2.021245
v 10.257195 10.000000 3.973658
v 9.352388 10.000000 5.790754
v 8.129098 10.000000 7.410652
v 6.628981 10.000000 8.778190
v 4.903122 10.000000 9.846796
v 3.010293 10.000000 10.580082
v 1.014952 10.000000 10.953076
v -1.014952 10.000000 10.953076
v -3.010293 10.000000 10.580082
v -4.903122 10.000000 9.846796
v -6.628981 10.000000 8.778190
v -8.129098 10.000000 7.410652
v -9.352388 10.000000 5.790754
v -10.257195 10.000000 3.973658
v -10.812704 10.000000 2.021245
v -15.542066 10.000000 2.461621
v -14.965635 10.000000 4.862629
v -14.020700 10.000000 7.143903
v -12.730529 10.000000 9.249271
v -11.126890 10.000000 11.126890
v -9.249271 10.000000 12.730529
v -7.143903 10.000000 14.020700
v -4.862629 10.000000 14.965635
v -2.461621 10.000000 15.542066
v -0.000000 10.000000 15.735799
v 2.461621 10.000000 15.542066
v 4.862629 10.000000 14.965635
v 7.143903 10.000000 14.020700
v 9.249271 10.000000 12.730529
v 11.126890 10.000000 11.126890
v 12.730529 10.000000 9.249271
v 14.020700 10.000000 7.143903
v 14.965635 10.000000 4.862629
v 15.542066 10.000000 2.461621
v 8.568416 10.000000 1.821273
v 8.002512 10.000000 3.562948
v 7.086859 10.000000 5.148905
v 5.861477 10.000000 6.509829
v 4.379920 10.000000 7.586244
v 2.706939 10.000000 8.331103
v 0.915653 10.000000 8.711852
v -0.915653 10.000000 8.711852
v -2.706939 10.000000 8.331103
v -4.379920 10.000000 7.586244
v -5.861477 10.000000 6.509829
v -7.086859 10.000000 5.148905
v -8.002512 10.000000 3.562948
v -8.568416 10.000000 1.821273
v -7.344169 11.994243 1.676259
v -6.787032 11.994243 3.268463
v -5.889566 11.994243 4.696772
v -4.696772 11.994243 5.889566
v -3.268463 11.994243 6.787032
v -1.676259 11.994243 7.344169
v 0.000000 11.994243 7.533038
v 1.676259 11.994243 7.344169
v 3.268463 11.994243 6.787032
v 4.696772 11.994243 5.889566
v 5.889566 11.994243 4.696772
v 6.787032 11.994243 3.268463
v 7.344169 11.994243 1.676259
v -1.786963 20.494025 0.478815
v -1.602147 20.494025 0.925000
v -1.308148 20.494025 1.308148
v -0.925000 20.494025 1.602147
v -0.478815 20.494025 1.786963
v -0.000000 20.494025 1.850000
v 0.478815 20.494025 1.786963
v 0.925000 20.494025 1.602147
v 1.308148 20.494025 1.308148
v 1.602147 20.494025 0.925000
v 1.786963 20.494025 0.478815
v 1.787165 11.472613 0.478869
v 1.602328 11.472613 0.925105
v 1.308296 11.472613 1.308296
v 0.925105 11.472613 1.602328
v 0.478869 11.472613 1.787165
v 0.000000 11.472613 1.850209
v -0.478869 11.472613 1.787165
v -0.925105 11.472613 1.602328
v -1.308296 11.472613 1.308296
v -1.602328 11.472613 0.925105
v -1.787165 11.472613 0.478869
v 6.857825 11.450162 1.565254
v 6.337583 11.450162 3.052019
v 5.499549 11.450162 4.385744
v 4.385744 11.450162 5.499549
v 3.052019 11.450162 6.337583
v 1.565254 11.450162 6.857825
v 0.000000 11.450162 7.034187
v -1.565254 11.450162 6.857825
v -3.052019 11.450162 6.337583
v -4.385744 11.450162 5.499549
v -5.499549 11.450162 4.385744
v -6.337583 11.450162 3.052019
v -6.857825 11.450162 1.565254
v 7.053204 11.663763 1.609848
v 6.518140 11.663763 3.138971
v 5.656230 11.663763 4.510693
v 4.510693 11.663763 5.656230
v 3.138971 11.663763 6.518140
v 1.609848 11.663763 7.053204
v 0.000000 11.663763 7.234590
v -1.609848 11.663763 7.053204
v -3.138971 11.663763 6.518140
v -4.510693 11.663763 5.656230
v -5.656230 11.663763 4.510693
v -6.518140 11.663763 3.138971
v -7.053204 11.663763 1.609848
v -6.964089 11.616979 1.951246
v -6.818156 11.455446 1.910358
v -4.936416 11.616979 5.285611
v -4.832974 11.455446 5.174851
v -4.170714 11.616979 5.908556
v -4.083317 11.455446 5.784742
v -0.493548 11.616979 7.215421
v -0.483206 11.455446 7.064222
v 0.493548 11.616979 7.215421
v 0.483206 11.455446 7.064222
v 4.170714 11.616979 5.908556
v 4.083317 11.455446 5.784742
v 4.936416 11.616979 5.285611
v 4.832974 11.455446 5.174851
v 6.964089 11.616979 1.951246
v 6.818156 11.455446 1.910358
v -7.014778 11.455446 0.964159
v -7.058405 11.471409 0.970155
v -7.097156 11.497178 0.975482
v -7.128907 11.531338 0.979846
v -7.151915 11.572015 0.983008
v -7.164920 11.616979 0.984796
v -6.860559 11.471409 1.922239
v -6.898225 11.497178 1.932792
v -6.929085 11.531338 1.941439
v -6.951449 11.572015 1.947705
v -6.049912 11.455446 3.679033
v -6.087538 11.471409 3.701914
v -6.120959 11.497178 3.722237
v -6.148342 11.531338 3.738890
v -6.168186 11.572015 3.750957
v -6.179402 11.616979 3.757777
v -6.633530 11.616979 2.881349
v -6.621490 11.572015 2.876119
v -6.600188 11.531338 2.866866
v -6.570792 11.497178 2.854098
v -6.534915 11.471409 2.838514
v -6.494524 11.455446 2.820970
v -5.492601 11.455446 4.468563
v -5.526761 11.471409 4.496353
v -5.557103 11.497178 4.521039
v -5.581964 11.531338 4.541265
v -5.599980 11.572015 4.555922
v -5.610162 11.616979 4.564206
v -4.108712 11.471409 5.820719
v -4.131269 11.497178 5.852675
v -4.149751 11.531338 5.878858
v -4.163145 11.572015 5.897832
v -4.927457 11.572015 5.276018
v -4.911605 11.531338 5.259044
v -4.889729 11.497178 5.235622
v -4.863031 11.471409 5.207035
v -2.371192 11.455446 6.671894
v -2.385939 11.471409 6.713388
v -2.399038 11.497178 6.750245
v -2.409770 11.531338 6.780444
v -2.417548 11.572015 6.802327
v -2.421944 11.616979 6.814696
v -3.327320 11.616979 6.421436
v -3.321281 11.572015 6.409781
v -3.310596 11.531338 6.389160
v -3.295851 11.497178 6.360704
v -3.277855 11.471409 6.325974
v -3.257596 11.455446 6.286874
v -1.440617 11.455446 6.932629
v -1.449576 11.471409 6.975744
v -1.457535 11.497178 7.014042
v -1.464055 11.531338 7.045420
v -1.468780 11.572015 7.068160
v -1.471451 11.616979 7.081012
v 0.486211 11.471409 7.108156
v 0.488881 11.497178 7.147180
v 0.491068 11.531338 7.179155
v 0.492653 11.572015 7.202325
v -0.492653 11.572015 7.202325
v -0.491068 11.531338 7.179155
v -0.488881 11.497178 7.147180
v -0.486211 11.471409 7.108156
v 2.371192 11.455446 6.671894
v 2.385939 11.471409 6.713388
v 2.399038 11.497178 6.750245
v 2.409770 11.531338 6.780444
v 2.417548 11.572015 6.802327
v 2.421944 11.616979 6.814696
v 1.471451 11.616979 7.081012
v 1.468780 11.572015 7.068160
v 1.464055 11.531338 7.045420
v 1.457535 11.497178 7.014042
v 1.449576 11.471409 6.975744
v 1.440617 11.455446 6.932629
v 3.257596 11.455446 6.286874
v 3.277855 11.471409 6.325974
v 3.295851 11.497178 6.360704
v 3.310596 11.531338 6.389160
v 3.321281 11.572015 6.409781
v 3.327320 11.616979 6.421436
v 4.863031 11.471409 5.207035
v 4.889729 11.497178 5.235622
v 4.911605 11.531338 5.259044
v 4.927457 11.572015 5.276018
v 4.163145 11.572015 5.897832
v 4.149751 11.531338 5.878858
v 4.131269 11.497178 5.852675
v 4.108712 11.471409 5.820719
v 6.049912 11.455446 3.679033
v 6.087538 11.471409 3.701914
v 6.120959 11.497178 3.722237
v 6.148342 11.531338 3.738890
v 6.168186 11.572015 3.750957
v 6.179402 11.616979 3.757777
v 5.610162 11.616979 4.564206
v 5.599980 11.572015 4.555922
v 5.581964 11.531338 4.541265
v 5.557103 11.497178 4.521039
v 5.526761 11.471409 4.496353
v 5.492601 11.455446 4.468563
v 6.494524 11.455446 2.820970
v 6.534915 11.471409 2.838514
v 6.570792 11.497178 2.854098
v 6.600188 11.531338 2.866866
v 6.621490 11.572015 2.876119
v 6.633530 11.616979 2.881349
v 7.014778 11.455446 0.964159
v 7.058405 11.471409 0.970155
v 7.097156 11.497178 0.975482
v 7.128907 11.531338 0.979846
v 7.151915 11.572015 0.983008
v 7.164920 11.616979 0.984796
v 6.951449 11.572015 1.947705
v 6.929085 11.531338 1.941439
v 6.898225 11.497178 1.932792
v 6.860559 11.471409 1.922239
v -7.096820 11.735263 1.411645
v -7.114623 11.804432 1.415187
v -7.147976 11.867340 1.421821
v -7.194983 11.920413 1.431171
v -7.252975 11.960635 1.442706
v -7.318655 11.985719 1.455771
v -6.685059 11.735263 2.769042
v -6.701828 11.804432 2.775988
v -6.733246 11.867340 2.789002
v -6.777526 11.920413 2.807343
v -6.832153 11.960635 2.829970
v -6.894023 11.985719 2.855598
v -6.016394 11.735263 4.020026
v -6.031486 11.804432 4.030110
v -6.059761 11.867340 4.049003
v -6.099612 11.920413 4.075631
v -6.148775 11.960635 4.108480
v -6.204456 11.985719 4.145685
v -5.116522 11.735263 5.116522
v -5.129357 11.804432 5.129357
v -5.153403 11.867340 5.153403
v -5.187294 11.920413 5.187294
v -5.229103 11.960635 5.229103
v -5.276456 11.985719 5.276456
v -4.020026 11.735263 6.016394
v -4.030110 11.804432 6.031486
v -4.049003 11.867340 6.059761
v -4.075631 11.920413 6.099612
v -4.108480 11.960635 6.148775
v -4.145685 11.985719 6.204456
v -2.769042 11.735263 6.685059
v -2.775988 11.804432 6.701828
v -2.789002 11.867340 6.733246
v -2.807343 11.920413 6.777526
v -2.829970 11.960635 6.832153
v -2.855598 11.985719 6.894023
v -1.411645 11.735263 7.096820
v -1.415187 11.804432 7.114623
v -1.421821 11.867340 7.147976
v -1.431171 11.920413 7.194983
v -1.442706 11.960635 7.252975
v -1.455771 11.985719 7.318655
v 1.411645 11.735263 7.096820
v 1.415187 11.804432 7.114623
v 1.421821 11.867340 7.147976
v 1.431171 11.920413 7.194983
v 1.442706 11.960635 7.252975
v 1.455771 11.985719 7.318655
v 0.000000 11.985719 7.462036
v 0.000000 11.960635 7.395069
v 0.000000 11.920413 7.335941
v 0.000000 11.867340 7.288013
v 0.000000 11.804432 7.254007
v 0.000000 11.735263 7.235855
v 2.769042 11.735263 6.685059
v 2.775988 11.804432 6.701828
v 2.789002 11.867340 6.733246
v 2.807343 11.920413 6.777526
v 2.829970 11.960635 6.832153
v 2.855598 11.985719 6.894023
v 4.020026 11.735263 6.016394
v 4.030110 11.804432 6.031486
v 4.049003 11.867340 6.059761
v 4.075631 11.920413 6.099612
v 4.108480 11.960635 6.148775
v 4.145685 11.985719 6.204456
v 5.116522 11.735263 5.116522
v 5.129357 11.804432 5.129357
v 5.153403 11.867340 5.153403
v 5.187294 11.920413 5.187294
v 5.229103 11.960635 5.229103
v 5.276456 11.985719 5.276456
v 6.016394 11.735263 4.020026
v 6.031486 11.804432 4.030110
v 6.059761 11.867340 4.049003
v 6.099612 11.920413 4.075631
v 6.148775 11.960635 4.108480
v 6.204456 11.985719 4.145685
v 6.685059 11.735263 2.769042
v 6.701828 11.804432 2.775988
v 6.733246 11.867340 2.789002
v 6.777526 11.920413 2.807343
v 6.832153 11.960635 2.829970
v 6.894023 11.985719 2.855598
v 7.096820 11.735263 1.411645
v 7.114623 11.804432 1.415187
v 7.147976 11.867340 1.421821
v 7.194983 11.920413 1.431171
v 7.252975 11.960635 1.442706
v 7.318655 11.985719 1.455771
v 11.858851 11.994243 2.091035
v 11.315584 11.994243 4.118536
v 10.428499 11.994243 6.020897
v 9.224549 11.994243 7.740316
v 7.740316 11.994243 9.224549
v 6.020897 11.994243 10.428499
v 4.118536 11.994243 11.315584
v 2.091035 11.994243 11.858851
v 0.000000 11.994243 12.041793
v -2.091035 11.994243 11.858851
v -4.118536 11.994243 11.315584
v -6.020897 11.994243 10.428499
v -7.740316 11.994243 9.224549
v -9.224549 11.994243 7.740316
v -10.428499 11.994243 6.020897
v -11.315584 11.994243 4.118536
v -11.858851 11.994243 2.091035
v 13.110511 13.244243 2.187757
v 12.571607 13.244243 4.315838
v 11.689783 13.244243 6.326194
v 10.489093 13.244243 8.163988
v 9.002287 13.244243 9.779090
v 7.269922 13.244243 11.127444
v 5.339253 13.244243 12.172270
v 3.262942 13.244243 12.885068
v 1.097628 13.244243 13.246395
v -1.097628 13.244243 13.246395
v -3.262942 13.244243 12.885068
v -5.339253 13.244243 12.172270
v -7.269922 13.244243 11.127444
v -9.002287 13.244243 9.779090
v -10.489093 13.244243 8.163988
v -11.689783 13.244243 6.326194
v -12.571607 13.244243 4.315838
v -13.110511 13.244243 2.187757
v -12.196670 12.036835 2.035264
v -12.494035 12.161711 2.084886
v -12.749387 12.360359 2.127496
v -12.945326 12.619243 2.160193
v -13.068499 12.920719 2.180747
v -11.695330 12.036835 4.015012
v -11.980472 12.161711 4.112901
v -12.225328 12.360359 4.196960
v -12.413213 12.619243 4.261461
v -12.531322 12.920719 4.302008
v -10.874972 12.036835 5.885240
v -11.140112 12.161711 6.028727
v -11.367793 12.360359 6.151942
v -11.542499 12.619243 6.246488
v -11.652324 12.920719 6.305922
v -9.757973 12.036835 7.594935
v -9.995880 12.161711 7.780105
v -10.200175 12.360359 7.939115
v -10.356937 12.619243 8.061127
v -10.455481 12.920719 8.137827
v -8.374801 12.036835 9.097459
v -8.578986 12.161711 9.319263
v -8.754323 12.360359 9.509729
v -8.888864 12.619243 9.655880
v -8.973439 12.920719 9.747754
v -6.763187 12.036835 10.351829
v -6.928079 12.161711 10.604215
v -7.069675 12.360359 10.820943
v -7.178325 12.619243 10.987245
v -7.246626 12.920719 11.091787
v -4.967091 12.036835 11.323828
v -5.088193 12.161711 11.599911
v -5.192185 12.360359 11.836990
v -5.271981 12.619243 12.018907
v -5.322143 12.920719 12.133264
v -3.035506 12.036835 11.986942
v -3.109514 12.161711 12.279193
v -3.173066 12.360359 12.530155
v -3.221831 12.619243 12.722724
v -3.252486 12.920719 12.843779
v -1.021120 12.036835 12.323083
v -1.046016 12.161711 12.623530
v -1.067394 12.360359 12.881529
v -1.083798 12.619243 13.079499
v -1.094110 12.920719 13.203948
v 1.021120 12.036835 12.323083
v 1.046016 12.161711 12.623530
v 1.067394 12.360359 12.881529
v 1.083798 12.619243 13.079499
v 1.094110 12.920719 13.203948
v 3.035506 12.036835 11.986942
v 3.109514 12.161711 12.279193
v 3.173066 12.360359 12.530155
v 3.221831 12.619243 12.722724
v 3.252486 12.920719 12.843779
v 4.967091 12.036835 11.323828
v 5.088193 12.161711 11.599911
v 5.192185 12.360359 11.836990
v 5.271981 12.619243 12.018907
v 5.322143 12.920719 12.133264
v 6.763187 12.036835 10.351829
v 6.928079 12.161711 10.604215
v 7.069675 12.360359 10.820943
v 7.178325 12.619243 10.987245
v 7.246626 12.920719 11.091787
v 8.374801 12.036835 9.097459
v 8.578986 12.161711 9.319263
v 8.754323 12.360359 9.509729
v 8.888864 12.619243 9.655880
v 8.973439 12.920719 9.747754
v 9.757973 12.036835 7.594935
v 9.995880 12.161711 7.780105
v 10.200175 12.360359 7.939115
v 10.356937 12.619243 8.061127
v 10.455481 12.920719 8.137827
v 10.874972 12.036835 5.885240
v 11.140112 12.161711 6.028727
v 11.367793 12.360359 6.151942
v 11.542499 12.619243 6.246488
v 11.652324 12.920719 6.305922
v 11.695330 12.036835 4.015012
v 11.980472 12.161711 4.112901
v 12.225328 12.360359 4.196960
v 12.413213 12.619243 4.261461
v 12.531322 12.920719 4.302008
v 12.196670 12.036835 2.035264
v 12.494035 12.161711 2.084886
v 12.749387 12.360359 2.127496
v 12.945326 12.619243 2.160193
v 13.068499 12.920719 2.180747
v 13.110511 13.494243 2.187757
v 12.571607 13.494243 4.315838
v 11.689783 13.494243 6.326194
v 10.489093 13.494243 8.163988
v 9.002287 13.494243 9.779090
v 7.269922 13.494243 11.127444
v 5.339253 13.494243 12.172270
v 3.262942 13.494243 12.885068
v 1.097628 13.494243 13.246395
v -1.097628 13.494243 13.246395
v -3.262942 13.494243 12.885068
v -5.339253 13.494243 12.172270
v -7.269922 13.494243 11.127444
v -9.002287 13.494243 9.779090
v -10.489093 13.494243 8.163988
v -11.689783 13.494243 6.326194
v -12.571607 13.494243 4.315838
v -13.110511 13.494243 2.187757
v 4.628517 13.494243 1.240207
v 4.149815 13.494243 2.395897
v 3.388310 13.494243 3.388310
v 2.395897 13.494243 4.149815
v 1.240207 13.494243 4.628517
v 0.000000 13.494243 4.791793
v -1.240207 13.494243 4.628517
v -2.395897 13.494243 4.149815
v -3.388310 13.494243 3.388310
v -4.149815 13.494243 2.395897
v -4.628517 13.494243 1.240207
v -4.430598 13.494243 6.623198
v 4.430598 13.494243 6.623198
v 3.179628 14.994243 0.851979
v 2.850777 14.994243 1.645897
v 2.327649 14.994243 2.327649
v 1.645897 14.994243 2.850777
v 0.851979 14.994243 3.179628
v 0.000000 14.994243 3.291793
v -0.851979 14.994243 3.179628
v -1.645897 14.994243 2.850777
v -2.327649 14.994243 2.327649
v -2.850777 14.994243 1.645897
v -3.179628 14.994243 0.851979
v -4.275605 13.545354 1.053842
v -3.924346 13.695204 0.967264
v -3.622713 13.933582 0.892919
v -3.391262 14.244243 0.835871
v -3.245766 14.606014 0.800009
v -3.899163 13.545354 2.046439
v -3.578830 13.695204 1.878315
v -3.303754 13.933582 1.733944
v -3.092681 14.244243 1.623164
v -2.959995 14.606014 1.553525
v -3.296116 13.545354 2.920104
v -3.025326 13.695204 2.680205
v -2.792793 13.933582 2.474199
v -2.614365 14.244243 2.316125
v -2.502200 14.606014 2.216756
v -2.501510 13.545354 3.624063
v -2.296000 13.695204 3.326331
v -2.119525 13.933582 3.070662
v -1.984111 14.244243 2.874481
v -1.898986 14.606014 2.751157
v -1.561526 13.545354 4.117405
v -1.433240 13.695204 3.779142
v -1.323078 13.933582 3.488670
v -1.238548 14.244243 3.265783
v -1.185410 14.606014 3.125670
v -0.530791 13.545354 4.371458
v -0.487184 13.695204 4.012324
v -0.449738 13.933582 3.703929
v -0.421005 14.244243 3.467289
v -0.402943 14.606014 3.318531
v 0.530791 13.545354 4.371458
v 0.487184 13.695204 4.012324
v 0.449738 13.933582 3.703929
v 0.421005 14.244243 3.467289
v 0.402943 14.606014 3.318531
v 1.561526 13.545354 4.117405
v 1.433240 13.695204 3.779142
v 1.323078 13.933582 3.488670
v 1.238548 14.244243 3.265783
v 1.185410 14.606014 3.125670
v 2.501510 13.545354 3.624063
v 2.296000 13.695204 3.326331
v 2.119525 13.933582 3.070662
v 1.984111 14.244243 2.874481
v 1.898986 14.606014 2.751157
v 3.296116 13.545354 2.920104
v 3.025326 13.695204 2.680205
v 2.792793 13.933582 2.474199
v 2.614365 14.244243 2.316125
v 2.502200 14.606014 2.216756
v 3.899163 13.545354 2.046439
v 3.578830 13.695204 1.878315
v 3.303754 13.933582 1.733944
v 3.092681 14.244243 1.623164
v 2.959995 14.606014 1.553525
v 4.275605 13.545354 1.053842
v 3.924346 13.695204 0.967264
v 3.622713 13.933582 0.892919
v 3.391262 14.244243 0.835871
v 3.245766 14.606014 0.800009
v 3.179628 19.244243 0.851979
v 2.850777 19.244243 1.645897
v 2.327649 19.244243 2.327649
v 1.645897 19.244243 2.850777
v 0.851979 19.244243 3.179628
v 0.000000 19.244243 3.291793
v -0.851979 19.244243 3.179628
v -1.645897 19.244243 2.850777
v -2.327649 19.244243 2.327649
v -2.850777 19.244243 1.645897
v -3.179628 19.244243 0.851979
v 1.972221 20.494243 0.528455
v 1.768245 20.494243 1.020897
v 1.443766 20.494243 1.443766
v 1.020897 20.494243 1.768245
v 0.528455 20.494243 1.972221
v 0.000000 20.494243 2.041793
v -0.528455 20.494243 1.972221
v -1.020897 20.494243 1.768245
v -1.443766 20.494243 1.443766
v -1.768245 20.494243 1.020897
v -1.972221 20.494243 0.528455
v -3.138487 19.567766 0.840955
v -3.017866 19.869243 0.808635
v -2.825987 20.128126 0.757221
v -2.575925 20.326774 0.690217
v -2.284721 20.451650 0.612189
v -2.813890 19.567766 1.624600
v -2.705745 19.869243 1.562163
v -2.533710 20.128126 1.462838
v -2.309511 20.326774 1.333397
v -2.048425 20.451650 1.182659
v -2.297532 19.567766 2.297532
v -2.209231 19.869243 2.209231
v -2.068766 20.128126 2.068766
v -1.885708 20.326774 1.885708
v -1.672532 20.451650 1.672532
v -1.624600 19.567766 2.813890
v -1.562163 19.869243 2.705745
v -1.462838 20.128126 2.533710
v -1.333397 20.326774 2.309511
v -1.182659 20.451650 2.048425
v -0.840955 19.567766 3.138487
v -0.808635 19.869243 3.017866
v -0.757221 20.128126 2.825987
v -0.690217 20.326774 2.575925
v -0.612189 20.451650 2.284721
v 0.000000 19.567766 3.249201
v 0.000000 19.869243 3.124325
v 0.000000 20.128126 2.925677
v 0.000000 20.326774 2.666793
v 0.000000 20.451650 2.365317
v 0.840955 19.567766 3.138487
v 0.808635 19.869243 3.017866
v 0.757221 20.128126 2.825987
v 0.690217 20.326774 2.575925
v 0.612189 20.451650 2.284721
v 1.624600 19.567766 2.813890
v 1.562163 19.869243 2.705745
v 1.462838 20.128126 2.533710
v 1.333397 20.326774 2.309511
v 1.182659 20.451650 2.048425
v 2.297532 19.567766 2.297532
v 2.209231 19.869243 2.209231
v 2.068766 20.128126 2.068766
v 1.885708 20.326774 1.885708
v 1.672532 20.451650 1.672532
v 2.813890 19.567766 1.624600
v 2.705745 19.869243 1.562163
v 2.533710 20.128126 1.462838
v 2.309511 20.326774 1.333397
v 2.048425 20.451650 1.182659
v 3.138487 19.567766 0.840955
v 3.017866 19.869243 0.808635
v 2.825987 20.128126 0.757221
v 2.575925 20.326774 0.690217
v 2.284721 20.451650 0.612189
v -1.786963 10.000000 0.478815
v -1.602147 10.000000 0.925000
v -1.308148 10.000000 1.308148
v -0.925000 10.000000 1.602147
v -0.478815 10.000000 1.786963
v 0.000000 10.000000 1.850000
v 0.478815 10.000000 1.786963
v 0.925000 10.000000 1.602147
v 1.308148 10.000000 1.308148
v 1.602147 10.000000 0.925000
v 1.786963 10.000000 0.478815
v 1.690370 29.000000 0.452933
v 1.515544 29.000000 0.875000
v 1.237437 29.000000 1.237437
v 0.875000 29.000000 1.515544
v 0.452933 29.000000 1.690370
v 0.000000 29.000000 1.750000
v -0.452933 29.000000 1.690370
v -0.875000 29.000000 1.515544
v -1.237437 29.000000 1.237437
v -1.515544 29.000000 0.875000
v -1.690370 29.000000 0.452933
v 1.690370 -3.000000 0.452933
v 1.515544 -3.000000 0.875000
v 1.237437 -3.000000 1.237437
v 0.875000 -3.000000 1.515544
v 0.452933 -3.000000 1.690370
v 0.000000 -3.000000 1.750000
v -0.452933 -3.000000 1.690370
v -0.875000 -3.000000 1.515544
v -1.237437 -3.000000 1.237437
v -1.515544 -3.000000 0.875000
v -1.690370 -3.000000 0.452933
v -1.690370 21.000000 0.452933
v -1.690370 13.000000 0.452933
v -1.690370 5.000000 0.452933
v -1.515544 21.000000 0.875000
v -1.515544 13.000000 0.875000
v -1.515544 5.000000 0.875000
v -1.237437 21.000000 1.237437
v -1.237437 13.000000 1.237437
v -1.237437 5.000000 1.237437
v -0.875000 21.000000 1.515544
v -0.875000 13.000000 1.515544
v -0.875000 5.000000 1.515544
v -0.452933 21.000000 1.690370
v -0.452933 13.000000 1.690370
v -0.452933 5.000000 1.690370
v 0.000000 21.000000 1.750000
v 0.000000 13.000000 1.750000
v 0.000000 5.000000 1.750000
v 0.452933 21.000000 1.690370
v 0.452933 13.000000 1.690370
v 0.452933 5.000000 1.690370
v 0.875000 21.000000 1.515544
v 0.875000 13.000000 1.515544
v 0.875000 5.000000 1.515544
v 1.237437 21.000000 1.237437
v 1.237437 13.000000 1.237437
v 1.237437 5.000000 1.237437
v 1.515544 21.000000 0.875000
v 1.515544 13.000000 0.875000
v 1.515544 5.000000 0.875000
v 1.690370 21.000000 0.452933
v 1.690370 13.000000 0.452933
v 1.690370 5.000000 0.452933
v 1.786963 0.383608 0.478815
v 1.602147 0.383608 0.925000
v 1.308148 0.383608 1.308148
v 0.925000 0.383608 1.602147
v 0.478815 0.383608 1.786963
v 0.000000 0.383608 1.850000
v -0.478815 0.383608 1.786963
v -0.925000 0.383608 1.602147
v -1.308148 0.383608 1.308148
v -1.602147 0.383608 0.925000
v -1.786963 0.383608 0.478815
v -1.786963 -3.000000 0.478815
v -1.602147 -3.000000 0.925000
v -1.308148 -3.000000 1.308148
v -0.925000 -3.000000 1.602147
v -0.478815 -3.000000 1.786963
v 0.000000 -3.000000 1.850000
v 0.478815 -3.000000 1.786963
v 0.925000 -3.000000 1.602147
v 1.308148 -3.000000 1.308148
v 1.602147 -3.000000 0.925000
v 1.786963 -3.000000 0.478815
v 1.786963 9.000000 0.478815
v 1.602147 9.000000 0.925000
v 1.308148 9.000000 1.308148
v 0.925000 9.000000 1.602147
v 0.478815 9.000000 1.786963
v 0.000000 9.000000 1.850000
v -0.478815 9.000000 1.786963
v -0.925000 9.000000 1.602147
v -1.308148 9.000000 1.308148
v -1.602147 9.000000 0.925000
v -1.786963 9.000000 0.478815
v -1.786963 4.597545 0.478815
v -1.602147 4.597545 0.925000
v -1.308148 4.597545 1.308148
v -0.925000 4.597545 1.602147
v -0.478815 4.597545 1.786963
v 0.000000 4.597545 1.850000
v 0.478815 4.597545 1.786963
v 0.925000 4.597545 1.602147
v 1.308148 4.597545 1.308148
v 1.602147 4.597545 0.925000
v 1.786963 4.597545 0.478815
v 3.380740 9.000000 0.905867
v 3.031089 9.000000 1.750000
v 2.474874 9.000000 2.474874
v 1.750000 9.000000 3.031089
v 0.905867 9.000000 3.380740
v 0.000000 9.000000 3.500000
v -0.905867 9.000000 3.380740
v -1.750000 9.000000 3.031089
v -2.474874 9.000000 2.474874
v -3.031089 9.000000 1.750000
v -3.380740 9.000000 0.905867
v -5.883752 10.000000 1.450215
v -5.365721 10.000000 2.816148
v -4.535855 10.000000 4.018417
v -3.442381 10.000000 4.987150
v -2.148849 10.000000 5.666048
v -0.730433 10.000000 6.015657
v 0.730433 10.000000 6.015657
v 2.148849 10.000000 5.666048
v 3.442381 10.000000 4.987150
v 4.535855 10.000000 4.018417
v 5.365721 10.000000 2.816148
v 5.883752 10.000000 1.450215
v 1.995116 0.127233 0.534590
v 1.788773 0.127233 1.032748
v 1.460527 0.127233 1.460527
v 1.032748 0.127233 1.788773
v 0.534590 0.127233 1.995116
v -0.000000 0.127233 2.065497
v -0.534590 0.127233 1.995116
v -1.032748 0.127233 1.788773
v -1.460527 0.127233 1.460527
v -1.788773 0.127233 1.032748
v -1.995116 0.127233 0.534590
v -1.951957 4.715359 0.523025
v -1.750077 4.715359 1.010407
v -1.428932 4.715359 1.428932
v -1.010407 4.715359 1.750077
v -0.523025 4.715359 1.951957
v -0.000000 4.715359 2.020815
v 0.523025 4.715359 1.951957
v 1.010407 4.715359 1.750077
v 1.428932 4.715359 1.428932
v 1.750077 4.715359 1.010407
v 1.951957 4.715359 0.523025
v -13.809058 7.500000 2.304324
v -13.241441 7.500000 4.545793
v -12.312633 7.500000 6.663264
v -11.047967 7.500000 8.598978
v -9.481942 7.500000 10.300135
v -7.657274 7.500000 11.720331
v -5.623736 7.500000 12.820827
v -3.436797 7.500000 13.571604
v -1.156111 7.500000 13.952183
v 1.156111 7.500000 13.952183
v 3.436797 7.500000 13.571604
v 5.623736 7.500000 12.820827
v 7.657274 7.500000 11.720331
v 9.481942 7.500000 10.300135
v 11.047967 7.500000 8.598978
v 12.312633 7.500000 6.663264
v 13.241441 7.500000 4.545793
v 13.809058 7.500000 2.304324
v 15.542066 7.500000 2.461621
v 14.965635 7.500000 4.862629
v 14.020700 7.500000 7.143903
v 12.730529 7.500000 9.249271
v 11.126890 7.500000 11.126890
v 9.249271 7.500000 12.730529
v 7.143903 7.500000 14.020700
v 4.862629 7.500000 14.965635
v 2.461621 7.500000 15.542066
v -0.000000 7.500000 15.735799
v -2.461621 7.500000 15.542066
v -4.862629 7.500000 14.965635
v -7.143903 7.500000 14.020700
v -9.249271 7.500000 12.730529
v -11.126890 7.500000 11.126890
v -12.730529 7.500000 9.249271
v -14.020700 7.500000 7.143903
v -14.965635 7.500000 4.862629
v -15.542066 7.500000 2.461621
v 4.752157 7.500000 1.273336
v 4.260667 7.500000 2.459897
v 3.478820 7.500000 3.478820
v 2.459897 7.500000 4.260667
v 1.273336 7.500000 4.752157
v -0.000000 7.500000 4.919794
v -1.273336 7.500000 4.752157
v -2.459897 7.500000 4.260667
v -3.478820 7.500000 3.478820
v -4.260667 7.500000 2.459897
v -4.752157 7.500000 1.273336
v -3.380740 7.500000 0.905867
v -3.031089 7.500000 1.750000
v -2.474874 7.500000 2.474874
v -1.750000 7.500000 3.031089
v -0.905867 7.500000 3.380740
v 0.000000 7.500000 3.500000
v 0.905867 7.500000 3.380740
v 1.750000 7.500000 3.031089
v 2.474874 7.500000 2.474874
v 3.031089 7.500000 1.750000
v 3.380740 7.500000 0.905867
v -5.825651 7.500000 1.435894
v -5.312736 7.500000 2.788339
v -4.491064 7.500000 3.978736
v -3.408388 7.500000 4.937903
v -2.127629 7.500000 5.610097
v -0.723220 7.500000 5.956253
v 0.723220 7.500000 5.956253
v 2.127629 7.500000 5.610097
v 3.408388 7.500000 4.937903
v 4.491064 7.500000 3.978736
v 5.312736 7.500000 2.788339
v 5.825651 7.500000 1.435894
v 11.304191 7.500000 2.113119
v 10.723431 7.500000 4.154279
v 9.777497 7.500000 6.053970
v 8.498603 7.500000 7.747500
v 6.930298 7.500000 9.177198
v 5.125991 7.500000 10.294378
v 3.147124 7.500000 11.060995
v 1.061086 7.500000 11.450943
v -1.061086 7.500000 11.450943
v -3.147124 7.500000 11.060995
v -5.125991 7.500000 10.294378
v -6.930298 7.500000 9.177198
v -8.498603 7.500000 7.747500
v -9.777497 7.500000 6.053970
v -10.723431 7.500000 4.154279
v -11.304191 7.500000 2.113119
v -5.883752 9.000000 1.450215
v -5.365721 9.000000 2.816148
v -4.535855 9.000000 4.018417
v -3.442381 9.000000 4.987150
v -2.148849 9.000000 5.666048
v -0.730433 9.000000 6.015657
v 0.730433 9.000000 6.015657
v 2.148849 9.000000 5.666048
v 3.442381 9.000000 4.987150
v 4.535855 9.000000 4.018417
v 5.365721 9.000000 2.816148
v 5.883752 9.000000 1.450215
v -8.568416 9.000000 1.821273
v -8.002512 9.000000 3.562948
v -7.086859 9.000000 5.148905
v -5.861477 9.000000 6.509829
v -4.379920 9.000000 7.586244
v -2.706939 9.000000 8.331103
v -0.915653 9.000000 8.711852
v 0.915653 9.000000 8.711852
v 2.706939 9.000000 8.331103
v 4.379920 9.000000 7.586244
v 5.861477 9.000000 6.509829
v 7.086859 9.000000 5.148905
v 8.002512 9.000000 3.562948
v 8.568416 9.000000 1.821273
v -5.825651 5.000000 1.435894
v -5.312736 5.000000 2.788339
v -4.491064 5.000000 3.978736
v -3.408388 5.000000 4.937903
v -2.127629 5.000000 5.610097
v -0.723220 5.000000 5.956253
v 0.723220 5.000000 5.956253
v 2.127629 5.000000 5.610097
v 3.408388 5.000000 4.937903
v 4.491064 5.000000 3.978736
v 5.312736 5.000000 2.788339
v 5.825651 5.000000 1.435894
v 4.752157 5.000000 1.273336
v 4.260667 5.000000 2.459897
v 3.478820 5.000000 3.478820
v 2.459897 5.000000 4.260667
v 1.273336 5.000000 4.752157
v 0.000000 5.000000 4.919794
v -1.273336 5.000000 4.752157
v -2.459897 5.000000 4.260667
v -3.478820 5.000000 3.478820
v -4.260667 5.000000 2.459897
v -4.752157 5.000000 1.273336
v 11.304191 5.000000 2.113119
v 10.723431 5.000000 4.154279
v 9.777497 5.000000 6.053970
v 8.498603 5.000000 7.747500
v 6.930298 5.000000 9.177198
v 5.125991 5.000000 10.294378
v 3.147124 5.000000 11.060995
v 1.061086 5.000000 11.450943
v -1.061086 5.000000 11.450943
v -3.147124 5.000000 11.060995
v -5.125991 5.000000 10.294378
v -6.930298 5.000000 9.177198
v -8.498603 5.000000 7.747500
v -9.777497 5.000000 6.053970
v -10.723431 5.000000 4.154279
v -11.304191 5.000000 2.113119
v -13.809058 5.000000 2.304324
v -13.241441 5.000000 4.545793
v -12.312633 5.000000 6.663264
v -11.047967 5.000000 8.598978
v -9.481942 5.000000 10.300135
v -7.657274 5.000000 11.720331
v -5.623736 5.000000 12.820827
v -3.436797 5.000000 13.571604
v -1.156111 5.000000 13.952183
v 1.156111 5.000000 13.952183
v 3.436797 5.000000 13.571604
v 5.623736 5.000000 12.820827
v 7.657274 5.000000 11.720331
v 9.481942 5.000000 10.300135
v 11.047967 5.000000 8.598978
v 12.312633 5.000000 6.663264
v 13.241441 5.000000 4.545793
v 13.809058 5.000000 2.304324
v 2.897777 5.000000 0.776457
v 2.598076 5.000000 1.500000
v 2.121320 5.000000 2.121320
v 1.500000 5.000000 2.598076
v 0.776457 5.000000 2.897777
v -0.000000 5.000000 3.000000
v -0.776457 5.000000 2.897777
v -1.500000 5.000000 2.598076
v -2.121320 5.000000 2.121320
v -2.598076 5.000000 1.500000
v -2.897777 5.000000 0.776457
v 2.897777 -1.000000 0.776457
v 2.598076 -1.000000 1.500000
v 2.121320 -1.000000 2.121320
v 1.500000 -1.000000 2.598076
v 0.776457 -1.000000 2.897777
v -0.000000 -1.000000 3.000000
v -0.776457 -1.000000 2.897777
v -1.500000 -1.000000 2.598076
v -2.121320 -1.000000 2.121320
v -2.598076 -1.000000 1.500000
v -2.897777 -1.000000 0.776457
v 2.897777 2.500000 0.776457
v 2.598076 2.500000 1.500000
v 2.121320 2.500000 2.121320
v 1.500000 2.500000 2.598076
v 0.776457 2.500000 2.897777
v -0.000000 2.500000 3.000000
v -0.776457 2.500000 2.897777
v -1.500000 2.500000 2.598076
v -2.121320 2.500000 2.121320
v -2.598076 2.500000 1.500000
v -2.897777 2.500000 0.776457
v 7.825181 2.500000 1.663294
v 7.308364 2.500000 3.253893
v 6.472136 2.500000 4.702282
v 5.353045 2.500000 5.945159
v 4.000000 2.500000 6.928203
v 2.472136 2.500000 7.608452
v 0.836228 2.500000 7.956175
v -0.836228 2.500000 7.956175
v -2.472136 2.500000 7.608452
v -4.000000 2.500000 6.928203
v -5.353045 2.500000 5.945159
v -6.472136 2.500000 4.702282
v -7.308364 2.500000 3.253893
v -7.825181 2.500000 1.663294
v 7.825181 0.000000 1.663294
v 7.308364 0.000000 3.253893
v 6.472136 0.000000 4.702282
v 5.353045 0.000000 5.945159
v 4.000000 0.000000 6.928203
v 2.472136 0.000000 7.608452
v 0.836228 0.000000 7.956175
v -0.836228 0.000000 7.956175
v -2.472136 0.000000 7.608452
v -4.000000 0.000000 6.928203
v -5.353045 0.000000 5.945159
v -6.472136 0.000000 4.702282
v -7.308364 0.000000 3.253893
v -7.825181 0.000000 1.663294
v 10.321218 0.000000 1.929370
v 9.790958 0.000000 3.793037
v 8.927280 0.000000 5.527538
v 7.759594 0.000000 7.073804
v 6.327664 0.000000 8.379181
v 4.680253 0.000000 9.399215
v 2.873461 0.000000 10.099169
v 0.968818 0.000000 10.455209
v -0.968818 0.000000 10.455209
v -2.873461 0.000000 10.099169
v -4.680253 0.000000 9.399215
v -6.327664 0.000000 8.379181
v -7.759594 0.000000 7.073804
v -8.927280 0.000000 5.527538
v -9.790958 0.000000 3.793037
v -10.321218 0.000000 1.929370
v 10.321218 2.500000 1.929370
v 9.790958 2.500000 3.793037
v 8.927280 2.500000 5.527538
v 7.759594 2.500000 7.073804
v 6.327664 2.500000 8.379181
v 4.680253 2.500000 9.399215
v 2.873461 2.500000 10.099169
v 0.968818 2.500000 10.455209
v -0.968818 2.500000 10.455209
v -2.873461 2.500000 10.099169
v -4.680253 2.500000 9.399215
v -6.327664 2.500000 8.379181
v -7.759594 2.500000 7.073804
v -8.927280 2.500000 5.527538
v -9.790958 2.500000 3.793037
v -10.321218 2.500000 1.929370
v 16.810124 2.500000 2.533719
v 16.244738 2.500000 5.010838
v 15.316471 2.500000 7.376024
v 14.046059 2.500000 9.576441
v 12.461882 2.500000 11.562937
v 10.599327 2.500000 13.291135
v 8.500000 2.500000 14.722432
v 6.210797 2.500000 15.824854
v 3.782856 2.500000 16.573775
v 1.270412 2.500000 16.952465
v -1.270412 2.500000 16.952465
v -3.782856 2.500000 16.573775
v -6.210797 2.500000 15.824854
v -8.500000 2.500000 14.722432
v -10.599327 2.500000 13.291135
v -12.461882 2.500000 11.562937
v -14.046059 2.500000 9.576441
v -15.316471 2.500000 7.376024
v -16.244738 2.500000 5.010838
v -16.810124 2.500000 2.533719
v 16.810124 5.000000 2.533719
v 16.244738 5.000000 5.010838
v 15.316471 5.000000 7.376024
v 14.046059 5.000000 9.576441
v 12.461882 5.000000 11.562937
v 10.599327 5.000000 13.291135
v 8.500000 5.000000 14.722432
v 6.210797 5.000000 15.824854
v 3.782856 5.000000 16.573775
v 1.270412 5.000000 16.952465
v -1.270412 5.000000 16.952465
v -3.782856 5.000000 16.573775
v -6.210797 5.000000 15.824854
v -8.500000 5.000000 14.722432
v -10.599327 5.000000 13.291135
v -12.461882 5.000000 11.562937
v -14.046059 5.000000 9.576441
v -15.316471 5.000000 7.376024
v -16.244738 5.000000 5.010838
v -16.810124 5.000000 2.533719
v 2.480086 4.942850 0.664537
v 2.223584 4.942850 1.283787
v 1.815549 4.942850 1.815549
v 1.283787 4.942850 2.223584
v 0.664537 4.942850 2.480086
v -0.000000 4.942850 2.567574
v -0.664537 4.942850 2.480086
v -1.283787 4.942850 2.223584
v -1.815549 4.942850 1.815549
v -2.223584 4.942850 1.283787
v -2.480086 4.942850 0.664537
v 2.207484 4.853562 0.591494
v 1.979176 4.853562 1.142678
v 1.615990 4.853562 1.615990
v 1.142678 4.853562 1.979176
v 0.591494 4.853562 2.207484
v -0.000000 4.853562 2.285356
v -0.591494 4.853562 2.207484
v -1.142678 4.853562 1.979176
v -1.615990 4.853562 1.615990
v -1.979176 4.853562 1.142678
v -2.207484 4.853562 0.591494
v 2.340002 4.910586 0.627002
v 2.097988 4.910586 1.211274
v 1.713000 4.910586 1.713000
v 1.211274 4.910586 2.097988
v 0.627002 4.910586 2.340002
v 0.000000 4.910586 2.422548
v -0.627002 4.910586 2.340002
v -1.211274 4.910586 2.097988
v -1.713000 4.910586 1.713000
v -2.097988 4.910586 1.211274
v -2.340002 4.910586 0.627002
vt 0.000000 0.000000 0.000000
vt 9.202468 0.000000 0.000000
vt -0.000000 1.000000 0.000000
vt 9.202468 1.000000 0.000000
vt 0.000000 0.000000 0.000000
vt 0.066502 0.000000 0.000000
vt 0.000000 1.000000 0.000000
vt 0.133003 1.000000 0.000000
vt 0.133003 0.000000 0.000000
vt 0.000000 0.000000 0.000000
vt 0.050032 0.000000 0.000000
vt 0.000000 1.000000 0.000000
vt 0.100064 0.000000 0.000000
vt 0.200129 1.000000 0.000000
vt 0.200129 0.000000 0.000000
vt -0.000000 0.000000 0.000000
vt 0.046753 0.000000 0.000000
vt 0.000000 1.000000 0.000000
vt 0.046753 1.000000 0.000000
vt 0.093506 0.000000 0.000000
vt 0.093506 1.000000 0.000000
vt 0.187012 0.000000 0.000000
vt 0.187012 1.000000 0.000000
vt 0.280518 0.000000 0.000000
vt 0.280518 1.000000 0.000000
vt 0.374024 0.000000 0.000000
vt 0.374024 1.000000 0.000000
vt 0.000000 0.000000 0.000000
vt 9.202240 0.000000 0.000000
vt 0.000000 1.000000 0.000000
vt 9.202240 1.000000 0.000000
vt 0.000000 0.000626 0.000000
vt 0.000000 2.200000 0.000000
vt -0.478815 -0.062411 0.000000
vt -1.048055 2.062021 0.000000
vt -0.925000 -0.247227 0.000000
vt -1.308148 -0.541226 0.000000
vt -2.024687 1.657487 0.000000
vt -1.602147 -0.924374 0.000000
vt -2.863340 1.013966 0.000000
vt -1.786963 -1.370558 0.000000
vt -3.506861 0.175313 0.000000
vt -1.850000 -1.849374 0.000000
vt -3.911395 -0.801319 0.000000
vt -4.049374 -1.849374 0.000000
vt -3.911395 -2.897429 0.000000
vt -3.506861 -3.874061 0.000000
vt -1.786963 -2.328189 0.000000
vt -2.863340 -4.712713 0.000000
vt -1.602147 -2.774374 0.000000
vt -2.024687 -5.356234 0.000000
vt -1.308148 -3.157521 0.000000
vt -1.048055 -5.760768 0.000000
vt -0.925000 -3.451521 0.000000
vt -0.478815 -3.636336 0.000000
vt -0.000000 -5.898747 0.000000
vt -0.000000 -3.699374 0.000000
vt 11.775968 -21.711716 0.000000
vt 3.990032 -16.806573 0.000000
vt 10.582533 -23.290310 0.000000
vt 3.624627 -17.271886 0.000000
vt 9.179134 -24.685557 0.000000
vt 3.205283 -17.689245 0.000000
vt 2.738242 -18.052439 0.000000
vt 7.593615 -25.869776 0.000000
vt 12.167115 -21.074061 0.000000
vt 12.043211 -21.282107 0.000000
vt 12.040512 -21.288916 0.000000
vt 11.989965 -21.369919 0.000000
vt 11.910116 -21.501490 0.000000
vt 11.931455 -21.464294 0.000000
vt 11.880717 -21.545252 0.000000
vt 11.775968 -21.711716 0.000000
vt 12.486465 -20.489335 0.000000
vt 13.267455 -18.671012 0.000000
vt 4.372920 -16.147009 0.000000
vt 13.785210 -16.760992 0.000000
vt 4.595792 -15.598953 0.000000
vt 4.750275 -15.027838 0.000000
vt 14.029458 -14.797173 0.000000
vt 4.834068 -14.442162 0.000000
vt 12.362295 -20.724595 0.000000
vt 12.275250 -20.882602 0.000000
vt 12.298342 -20.841699 0.000000
vt 12.233280 -20.958192 0.000000
vt 12.245860 -20.934915 0.000000
vt 12.167115 -21.074061 0.000000
vt -0.500000 10.551035 0.000000
vt 0.500000 10.551035 0.000000
vt -0.500000 11.143042 0.000000
vt 0.500000 11.143042 0.000000
vt 0.500000 11.735049 0.000000
vt -0.500000 11.735049 0.000000
vt 0.500000 12.327056 0.000000
vt -0.500000 12.327056 0.000000
vt 3.639871 -1.644717 0.000000
vt 1.602147 -3.925000 0.000000
vt 4.003065 -2.111758 0.000000
vt 1.786963 -4.371185 0.000000
vt 4.382820 -2.773130 0.000000
vt 4.603090 -3.322237 0.000000
vt 4.754862 -3.894079 0.000000
vt 1.850000 -4.850000 0.000000
vt 4.835877 -4.480145 0.000000
vt 4.834068 -5.242788 0.000000
vt 14.049374 -4.850000 0.000000
vt 14.046093 -5.092125 0.000000
vt 14.043887 -5.194796 0.000000
vt 14.040403 -5.305782 0.000000
vt 14.036942 -5.401262 0.000000
vt 14.029458 -5.597799 0.000000
vt 3.222512 -1.225373 0.000000
vt 1.308148 -3.541852 0.000000
vt 2.757199 -0.859968 0.000000
vt 2.097635 -0.477080 0.000000
vt 6.439961 7.636465 0.000000
vt 6.675221 7.512295 0.000000
vt 7.024687 7.317115 0.000000
vt 7.232733 7.193211 0.000000
vt 7.320546 7.139965 0.000000
vt 7.414920 7.081455 0.000000
vt 7.495878 7.030717 0.000000
vt 7.662342 6.925968 0.000000
vt 0.925000 -3.247853 0.000000
vt 1.424825 -0.214013 0.000000
vt 0.478815 -3.063037 0.000000
vt 0.720404 -0.053802 0.000000
vt 0.000000 -3.000000 0.000000
vt 0.000000 0.000000 0.000000
vt 4.750275 -5.828464 0.000000
vt 1.786963 -5.328815 0.000000
vt 4.595792 -6.399579 0.000000
vt 4.372920 -6.947635 0.000000
vt 1.602147 -5.775000 0.000000
vt 3.990032 -7.607199 0.000000
vt 3.624627 -8.072512 0.000000
vt 3.205283 -8.489871 0.000000
vt 1.308148 -6.158148 0.000000
vt 2.738242 -8.853065 0.000000
vt 0.925000 -6.452147 0.000000
vt 2.076870 -9.232820 0.000000
vt 1.410159 -9.490469 0.000000
vt 0.478815 -6.636963 0.000000
vt 0.712820 -9.647331 0.000000
vt 0.000000 -6.700000 0.000000
vt 0.000000 -9.700000 0.000000
vt 6.367116 -17.373767 0.000000
vt 6.541064 -17.281980 0.000000
vt 6.625483 -17.237237 0.000000
vt 6.723341 -17.184761 0.000000
vt 6.813360 -17.135336 0.000000
vt 7.024687 -17.017115 0.000000
vt 7.368451 -16.812058 0.000000
vt 7.593615 -16.670402 0.000000
vt 7.024687 -9.037023 0.000000
vt 11.775968 -12.512342 0.000000
vt 11.880717 -12.345878 0.000000
vt 11.931455 -12.264920 0.000000
vt 11.989965 -12.170546 0.000000
vt 12.043211 -12.082733 0.000000
vt 12.167115 -11.874687 0.000000
vt 12.362295 -11.525221 0.000000
vt 12.486465 -11.289961 0.000000
vt 14.043672 -4.449763 0.000000
vt 14.033576 -4.183937 0.000000
vt 7.024687 -0.700279 0.000000
vt 12.523767 1.517116 0.000000
vt 12.431980 1.691064 0.000000
vt 12.387237 1.775483 0.000000
vt 12.334761 1.873341 0.000000
vt 12.285336 1.963360 0.000000
vt 12.167115 2.174687 0.000000
vt 11.962058 2.518451 0.000000
vt 11.820402 2.743615 0.000000
vt 0.000000 0.000000 0.000000
vt 9.202468 0.000000 0.000000
vt -0.000000 1.000000 0.000000
vt 9.202468 1.000000 0.000000
vt 0.000000 0.000000 0.000000
vt 0.066502 0.000000 0.000000
vt 0.000000 1.000000 0.000000
vt 0.133003 1.000000 0.000000
vt 0.133003 0.000000 0.000000
vt 0.000000 0.000000 0.000000
vt 0.050032 0.000000 0.000000
vt 0.000000 1.000000 0.000000
vt 0.100064 0.000000 0.000000
vt 0.200129 1.000000 0.000000
vt 0.200129 0.000000 0.000000
vt -0.000000 0.000000 0.000000
vt 0.046753 0.000000 0.000000
vt 0.000000 1.000000 0.000000
vt 0.046753 1.000000 0.000000
vt 0.093506 0.000000 0.000000
vt 0.093506 1.000000 0.000000
vt 0.187012 0.000000 0.000000
vt 0.187012 1.000000 0.000000
vt 0.280518 0.000000 0.000000
vt 0.280518 1.000000 0.000000
vt 0.374024 0.000000 0.000000
vt 0.374024 1.000000 0.000000
vt 0.000000 0.000000 0.000000
vt 9.202240 0.000000 0.000000
vt 0.000000 1.000000 0.000000
vt 9.202240 1.000000 0.000000
vt -0.500000 9.787602 0.000000
vt -0.500000 9.195595 0.000000
vt 0.500000 9.787602 0.000000
vt 0.500000 9.195595 0.000000
vt -0.500000 8.603588 0.000000
vt 0.500000 8.603588 0.000000
vt 0.500000 8.011581 0.000000
vt -0.500000 8.011581 0.000000
vt -0.500000 13.090489 0.000000
vt 0.500000 13.090489 0.000000
vt -0.500000 13.805901 0.000000
vt 0.500000 13.805901 0.000000
vt 0.500000 14.521313 0.000000
vt 0.500000 15.236724 0.000000
vt -0.500000 15.236724 0.000000
vt -0.500000 14.521313 0.000000
vt 12.486465 -20.489335 0.000000
vt 12.428409 -20.600337 0.000000
vt 12.445570 -20.568015 0.000000
vt 12.404179 -20.646436 0.000000
vt 12.362295 -20.724595 0.000000
vt 7.593615 -25.869776 0.000000
vt 7.487836 -25.936878 0.000000
vt 7.518859 -25.917468 0.000000
vt 7.443803 -25.964687 0.000000
vt 7.368451 -26.011432 0.000000
vt 7.214064 -26.104748 0.000000
vt 7.254514 -26.080871 0.000000
vt 7.139922 -26.149225 0.000000
vt 7.162455 -26.135358 0.000000
vt 7.024687 -26.216488 0.000000
vt 6.367116 -26.573141 0.000000
vt 2.076870 -18.432194 0.000000
vt 4.333550 -27.413701 0.000000
vt 2.193681 -27.926429 0.000000
vt 1.410159 -18.689843 0.000000
vt 0.712820 -18.846705 0.000000
vt 0.000000 -18.899374 0.000000
vt 0.000000 -28.098748 0.000000
vt -0.000000 0.000000 0.000000
vt 9.202468 0.000000 0.000000
vt -0.000000 1.000000 0.000000
vt 9.202468 1.000000 0.000000
vt 0.000000 0.000000 0.000000
vt 0.066502 0.000000 0.000000
vt 0.000000 1.000000 0.000000
vt 0.133003 1.000000 0.000000
vt 0.133003 0.000000 0.000000
vt 0.000000 0.000000 0.000000
vt 0.050032 0.000000 0.000000
vt 0.000000 1.000000 0.000000
vt 0.100064 0.000000 0.000000
vt 0.200129 1.000000 0.000000
vt 0.200129 0.000000 0.000000
vt -0.000000 0.000000 0.000000
vt 0.046753 0.000000 0.000000
vt 0.000000 1.000000 0.000000
vt 0.046753 1.000000 0.000000
vt 0.093506 0.000000 0.000000
vt 0.093506 1.000000 0.000000
vt 0.187012 0.000000 0.000000
vt 0.187012 1.000000 0.000000
vt 0.280518 0.000000 0.000000
vt 0.280518 1.000000 0.000000
vt 0.374024 0.000000 0.000000
vt 0.374024 1.000000 0.000000
vt 0.000000 0.000000 0.000000
vt 9.202240 0.000000 0.000000
vt 0.000000 1.000000 0.000000
vt 9.202240 1.000000 0.000000
vt 7.662342 -2.273406 0.000000
vt 2.757199 -10.059342 0.000000
vt 9.240936 -3.466841 0.000000
vt 3.222512 -10.424747 0.000000
vt 10.636183 -4.870240 0.000000
vt 3.639871 -10.844090 0.000000
vt 4.003065 -11.311131 0.000000
vt 11.820402 -6.455758 0.000000
vt 7.024687 -1.882259 0.000000
vt 7.232733 -2.006163 0.000000
vt 7.239542 -2.008862 0.000000
vt 7.320546 -2.059409 0.000000
vt 7.452116 -2.139258 0.000000
vt 7.414920 -2.117919 0.000000
vt 7.495878 -2.168657 0.000000
vt 7.662342 -2.273406 0.000000
vt 6.439961 -1.562909 0.000000
vt 4.385418 -0.701976 0.000000
vt 2.097635 -9.676454 0.000000
vt 2.220623 -0.176604 0.000000
vt 1.424825 -9.413387 0.000000
vt 0.720404 -9.253175 0.000000
vt 0.000000 0.000000 0.000000
vt 0.000000 -9.199374 0.000000
vt 6.675221 -1.687079 0.000000
vt 6.833228 -1.774124 0.000000
vt 6.792326 -1.751032 0.000000
vt 6.908818 -1.816094 0.000000
vt 6.885541 -1.803513 0.000000
vt 7.024687 -1.882259 0.000000
vt -0.500000 2.932673 0.000000
vt 0.500000 2.932673 0.000000
vt -0.500000 3.524680 0.000000
vt 0.500000 3.524680 0.000000
vt 0.500000 4.116687 0.000000
vt -0.500000 4.116687 0.000000
vt 0.500000 4.708694 0.000000
vt -0.500000 4.708694 0.000000
vt -0.000000 0.000000 0.000000
vt 9.202468 0.000000 0.000000
vt -0.000000 1.000000 0.000000
vt 9.202468 1.000000 0.000000
vt 0.000000 0.000000 0.000000
vt 0.066502 0.000000 0.000000
vt 0.000000 1.000000 0.000000
vt 0.133003 1.000000 0.000000
vt 0.133003 0.000000 0.000000
vt 0.000000 0.000000 0.000000
vt 0.050032 0.000000 0.000000
vt 0.000000 1.000000 0.000000
vt 0.100064 0.000000 0.000000
vt 0.200129 1.000000 0.000000
vt 0.200129 0.000000 0.000000
vt -0.000000 0.000000 0.000000
vt 0.046753 0.000000 0.000000
vt 0.000000 1.000000 0.000000
vt 0.046753 1.000000 0.000000
vt 0.093506 0.000000 0.000000
vt 0.093506 1.000000 0.000000
vt 0.187012 0.000000 0.000000
vt 0.187012 1.000000 0.000000
vt 0.280518 0.000000 0.000000
vt 0.280518 1.000000 0.000000
vt 0.374024 0.000000 0.000000
vt 0.374024 1.000000 0.000000
vt 0.000000 0.000000 0.000000
vt 9.202240 -0.000000 0.000000
vt 0.000000 1.000000 0.000000
vt 9.202240 1.000000 0.000000
vt 6.439961 -1.562909 0.000000
vt 6.550963 -1.620965 0.000000
vt 6.518642 -1.603804 0.000000
vt 6.597063 -1.645194 0.000000
vt 6.675221 -1.687079 0.000000
vt 11.820402 -6.455758 0.000000
vt 11.887505 -6.561538 0.000000
vt 11.868094 -6.530515 0.000000
vt 11.915314 -6.605571 0.000000
vt 11.962058 -6.680923 0.000000
vt 12.055374 -6.835310 0.000000
vt 12.031498 -6.794860 0.000000
vt 12.099852 -6.909451 0.000000
vt 12.085984 -6.886918 0.000000
vt 12.167115 -7.024687 0.000000
vt 12.523767 -7.682258 0.000000
vt 4.382820 -11.972504 0.000000
vt 13.294152 -9.505099 0.000000
vt 13.800772 -11.418102 0.000000
vt 4.603090 -12.521611 0.000000
vt 4.754862 -13.093452 0.000000
vt 4.835877 -13.679519 0.000000
vt 14.033576 -13.383311 0.000000
vt -0.500000 2.169240 0.000000
vt -0.500000 1.446160 0.000000
vt 0.500000 2.169240 0.000000
vt 0.500000 1.446160 0.000000
vt -0.500000 0.723080 0.000000
vt 0.500000 0.723080 0.000000
vt 0.500000 0.000000 0.000000
vt -0.500000 0.000000 0.000000
vt -0.500000 5.472127 0.000000
vt 0.500000 5.472127 0.000000
vt -0.500000 6.064134 0.000000
vt 0.500000 6.064134 0.000000
vt 0.500000 6.656141 0.000000
vt -0.500000 6.656141 0.000000
vt 0.500000 7.248148 0.000000
vt -0.500000 7.248148 0.000000
vt -2.439419 5.500000 0.000000
vt -4.939419 5.500000 0.000000
vt -2.439419 3.000000 0.000000
vt -4.939419 3.000000 0.000000
vt -1.439419 0.500000 0.000000
vt -7.939419 0.500000 0.000000
vt -7.939419 3.000000 0.000000
vt 3.060581 5.500000 0.000000
vt -0.314419 5.666667 0.000000
vt -1.939419 8.000000 0.000000
vt -2.939419 8.000000 0.000000
vt -2.939419 9.994243 0.000000
vt -1.939419 9.994243 0.000000
vt -4.231212 11.494243 0.000000
vt 1.527544 9.994243 0.000000
vt 4.268788 11.494243 0.000000
vt 1.598545 9.985719 0.000000
vt 1.665512 9.960635 0.000000
vt 3.060581 3.000000 0.000000
vt 4.140787 3.000000 0.000000
vt 4.140787 5.500000 0.000000
vt 3.000742 7.000000 0.000000
vt 5.560581 7.000000 0.000000
vt 3.000742 8.000000 0.000000
vt 7.210581 8.000000 0.000000
vt 7.210581 7.000000 0.000000
vt 7.310581 5.666667 0.000000
vt 7.210581 2.597545 0.000000
vt 7.210581 -1.616392 0.000000
vt 6.060581 0.500000 0.000000
vt 6.995085 -1.872767 0.000000
vt 6.060581 -3.000000 0.000000
vt 1.060581 0.500000 0.000000
vt 6.060581 3.000000 0.000000
vt 6.493008 2.942850 0.000000
vt 6.590347 2.924156 0.000000
vt 6.684848 2.894258 0.000000
vt 6.775226 2.853562 0.000000
vt 7.039767 2.715359 0.000000
vt 7.099849 2.680782 0.000000
vt 7.156914 2.641423 0.000000
vt 5.560581 5.500000 0.000000
vt 1.724640 9.920413 0.000000
vt 1.772569 9.867340 0.000000
vt 1.806575 9.804432 0.000000
vt 2.026394 9.450162 0.000000
vt 1.824726 9.735263 0.000000
vt 1.979853 9.455446 0.000000
vt 1.935816 9.471409 0.000000
vt 1.825991 9.663763 0.000000
vt 1.896701 9.497178 0.000000
vt 1.864652 9.531338 0.000000
vt 1.841427 9.572015 0.000000
vt 1.828300 9.616979 0.000000
vt 7.210372 9.472613 0.000000
vt 4.657017 11.545354 0.000000
vt 5.018788 11.695204 0.000000
vt 5.329448 11.933582 0.000000
vt 5.567826 12.244243 0.000000
vt 5.717677 12.606014 0.000000
vt 5.768788 12.994243 0.000000
vt 7.210581 18.494025 0.000000
vt 5.768788 17.244243 0.000000
vt 7.018788 18.494243 0.000000
vt 6.695264 18.451650 0.000000
vt 7.310581 16.333333 0.000000
vt 7.210581 18.494243 0.000000
vt 0.300742 7.000000 0.000000
vt 0.300742 8.000000 0.000000
vt -4.988792 20.000000 0.000000
vt -4.988792 19.000000 0.000000
vt 4.210581 20.000000 0.000000
vt 5.011208 19.000000 0.000000
vt 5.011208 20.000000 0.000000
vt 7.210581 20.000000 0.000000
vt 7.210581 21.000000 0.000000
vt 4.210581 21.000000 0.000000
vt 6.393788 18.326774 0.000000
vt 6.134905 18.128126 0.000000
vt 5.936256 17.869243 0.000000
vt 5.811381 17.567766 0.000000
vt -4.231212 11.244243 0.000000
vt -3.865095 10.360359 0.000000
vt -3.606212 10.161711 0.000000
vt -3.304736 10.036835 0.000000
vt -4.188619 10.920719 0.000000
vt -4.063744 10.619243 0.000000
vt -2.981212 9.994243 0.000000
vt -6.675218 8.000000 0.000000
vt -6.675218 5.500000 0.000000
vt -1.439419 -2.000000 0.000000
vt 1.060581 -2.000000 0.000000
vt 7.210581 -5.000000 0.000000
vt 7.310581 -5.000000 0.000000
vt 7.310581 27.000000 0.000000
vt 7.210581 27.000000 0.000000
vt 15.060581 3.000000 0.000000
vt 17.060581 0.500000 0.000000
vt 20.560581 3.000000 0.000000
vt 19.560581 0.500000 0.000000
vt 23.060581 3.000000 0.000000
vt 26.060581 0.500000 0.000000
vt 26.060581 3.000000 0.000000
vt 15.060581 5.500000 0.000000
vt 13.980376 5.500000 0.000000
vt 13.980376 3.000000 0.000000
vt 12.060581 0.500000 0.000000
vt 12.060581 3.000000 0.000000
vt 11.628155 2.942850 0.000000
vt 20.560581 5.500000 0.000000
vt 18.435581 5.666667 0.000000
vt 17.820421 7.000000 0.000000
vt 15.120421 7.000000 0.000000
vt 23.060581 5.500000 0.000000
vt 21.060581 8.000000 0.000000
vt 24.796381 8.000000 0.000000
vt 24.796381 5.500000 0.000000
vt 12.560581 7.000000 0.000000
vt 10.910581 8.000000 0.000000
vt 10.910581 7.000000 0.000000
vt 10.810581 5.666667 0.000000
vt 10.910581 2.597545 0.000000
vt 10.910581 -1.616392 0.000000
vt 11.126078 -1.872767 0.000000
vt 12.060581 -3.000000 0.000000
vt 12.560581 5.500000 0.000000
vt 15.120421 8.000000 0.000000
vt 11.530816 2.924156 0.000000
vt 11.436315 2.894258 0.000000
vt 11.345937 2.853562 0.000000
vt 11.081396 2.715359 0.000000
vt 11.021314 2.680782 0.000000
vt 10.964249 2.641423 0.000000
vt 17.820421 8.000000 0.000000
vt 20.060581 8.000000 0.000000
vt 10.810581 16.333333 0.000000
vt 10.910582 18.494025 0.000000
vt 10.910581 18.494243 0.000000
vt 11.102375 18.494243 0.000000
vt 12.352375 17.244243 0.000000
vt 11.425899 18.451650 0.000000
vt 11.727375 18.326774 0.000000
vt 11.986258 18.128126 0.000000
vt 12.184906 17.869243 0.000000
vt 12.309782 17.567766 0.000000
vt 12.352375 12.994243 0.000000
vt 10.910791 9.472613 0.000000
vt 12.403486 12.606014 0.000000
vt 12.553337 12.244243 0.000000
vt 12.791715 11.933582 0.000000
vt 13.102375 11.695204 0.000000
vt 13.464146 11.545354 0.000000
vt 13.852375 11.494243 0.000000
vt 16.094768 9.450162 0.000000
vt 16.314588 9.804432 0.000000
vt 16.296437 9.735263 0.000000
vt 16.141310 9.455446 0.000000
vt 16.185347 9.471409 0.000000
vt 16.295171 9.663763 0.000000
vt 16.224462 9.497178 0.000000
vt 16.256511 9.531338 0.000000
vt 16.279736 9.572015 0.000000
vt 16.292863 9.616979 0.000000
vt 16.348594 9.867340 0.000000
vt 16.396523 9.920413 0.000000
vt 16.455651 9.960635 0.000000
vt 16.522618 9.985719 0.000000
vt 18.435581 11.359442 0.000000
vt 22.352375 11.494243 0.000000
vt 20.060581 9.994243 0.000000
vt 21.060581 9.994243 0.000000
vt 16.593619 9.994243 0.000000
vt 13.109955 19.000000 0.000000
vt 13.910581 20.000000 0.000000
vt 13.109955 20.000000 0.000000
vt 13.910581 21.000000 0.000000
vt 10.910581 21.000000 0.000000
vt 23.109955 19.000000 0.000000
vt 23.109955 20.000000 0.000000
vt 10.910581 27.000000 0.000000
vt 10.810581 27.000000 0.000000
vt 10.910581 20.000000 0.000000
vt 10.810581 -5.000000 0.000000
vt 10.910581 -5.000000 0.000000
vt 17.060581 -2.000000 0.000000
vt 19.560581 -2.000000 0.000000
vt 21.102375 9.994243 0.000000
vt 21.425899 10.036835 0.000000
vt 21.727375 10.161711 0.000000
vt 21.986258 10.360359 0.000000
vt 22.352375 11.244243 0.000000
vt 22.184906 10.619243 0.000000
vt 22.309782 10.920719 0.000000
vt -0.000000 0.000000 0.000000
vt 9.202468 0.000000 0.000000
vt -0.000000 1.000000 0.000000
vt 9.202468 1.000000 0.000000
vt 0.000000 0.000000 0.000000
vt 0.066502 0.000000 0.000000
vt 0.000000 1.000000 0.000000
vt 0.133003 1.000000 0.000000
vt 0.133003 0.000000 0.000000
vt 0.000000 0.000000 0.000000
vt 0.050032 0.000000 0.000000
vt 0.000000 1.000000 0.000000
vt 0.100064 0.000000 0.000000
vt 0.200129 1.000000 0.000000
vt 0.200129 0.000000 0.000000
vt 0.000000 0.000000 0.000000
vt 0.046753 0.000000 0.000000
vt 0.000000 1.000000 0.000000
vt 0.046753 1.000000 0.000000
vt 0.093506 0.000000 0.000000
vt 0.093506 1.000000 0.000000
vt 0.187012 0.000000 0.000000
vt 0.187012 1.000000 0.000000
vt 0.280518 0.000000 0.000000
vt 0.280518 1.000000 0.000000
vt 0.374024 0.000000 0.000000
vt 0.374024 1.000000 0.000000
vt 0.000000 0.000000 0.000000
vt 9.202240 0.000000 0.000000
vt 0.000000 1.000000 0.000000
vt 9.202240 1.000000 0.000000
vt 7.024687 -26.216488 0.000000
vt 6.813360 -26.334710 0.000000
vt 6.807618 -26.339257 0.000000
vt 6.723341 -26.384134 0.000000
vt 6.588405 -26.458154 0.000000
vt 6.625483 -26.436611 0.000000
vt 6.541064 -26.481353 0.000000
vt 6.367116 -26.573141 0.000000
vt 12.167115 -7.024687 0.000000
vt 12.285336 -7.236014 0.000000
vt 12.289883 -7.241755 0.000000
vt 12.334761 -7.326033 0.000000
vt 12.408780 -7.460969 0.000000
vt 12.387237 -7.423891 0.000000
vt 12.431980 -7.508310 0.000000
vt 12.523767 -7.682258 0.000000
vt 14.049374 -14.049374 0.000000
vt 14.046093 -14.291499 0.000000
vt 14.047160 -14.298745 0.000000
vt 14.043887 -14.394170 0.000000
vt 14.040521 -14.548037 0.000000
vt 14.040403 -14.505156 0.000000
vt 14.036942 -14.600636 0.000000
vt 14.029458 -14.797173 0.000000
vt 14.043672 -13.649137 0.000000
vt 14.047292 -13.829498 0.000000
vt 14.046839 -13.782529 0.000000
vt 14.048740 -13.915946 0.000000
vt 14.047997 -13.889497 0.000000
vt 14.049374 -14.049374 0.000000
vt 0.000000 0.000000 0.000000
vt 0.000000 10.000000 0.000000
vt -1.048055 -0.137979 0.000000
vt -2.312451 9.808385 0.000000
vt -2.024687 -0.542513 0.000000
vt -4.561824 9.238766 0.000000
vt -7.000694 0.633751 0.000000
vt -6.686763 8.306682 0.000000
vt -8.629304 7.037556 0.000000
vt -10.336460 5.466008 0.000000
vt -11.761665 3.634905 0.000000
vt -12.866042 1.594195 0.000000
vt -13.619467 -0.600456 0.000000
vt -14.001388 -2.889186 0.000000
vt -7.000694 -8.732498 0.000000
vt -14.001388 -5.209562 0.000000
vt -13.619467 -7.498291 0.000000
vt -12.866042 -9.692943 0.000000
vt -11.761665 -11.733653 0.000000
vt -10.336460 -13.564756 0.000000
vt -8.629304 -15.136304 0.000000
vt -6.686763 -16.405429 0.000000
vt -4.561824 -17.337514 0.000000
vt -2.024687 -7.556234 0.000000
vt -2.312451 -17.907132 0.000000
vt -1.048055 -7.960768 0.000000
vt -0.000000 -18.098748 0.000000
vt -0.000000 -8.098748 0.000000
vt -2.863340 -6.912713 0.000000
vt -3.506861 -6.074061 0.000000
vt -3.911395 -5.097429 0.000000
vt -4.049374 -4.049374 0.000000
vt -3.911395 -3.001319 0.000000
vt -3.506861 -2.024687 0.000000
vt -2.863340 -1.186034 0.000000
vt -0.500000 0.000000 0.000000
vt 0.500000 0.000000 0.000000
vt -0.500000 1.060124 0.000000
vt 0.500000 1.060124 0.000000
vt -0.500000 2.120247 0.000000
vt 0.500000 2.120247 0.000000
vt -0.500000 3.180371 0.000000
vt 0.500000 3.180371 0.000000
vt -0.500000 4.240494 0.000000
vt 0.500000 4.240494 0.000000
vt -0.500000 5.300618 0.000000
vt 0.500000 5.300618 0.000000
vt -0.500000 6.360741 0.000000
vt 0.500000 6.360741 0.000000
vt -0.500000 7.420865 0.000000
vt 0.500000 7.420865 0.000000
vt -0.500000 8.480989 0.000000
vt 0.500000 8.480989 0.000000
vt -0.500000 9.541112 0.000000
vt 0.500000 9.541112 0.000000
vt -0.500000 10.601236 0.000000
vt 0.500000 10.601236 0.000000
vt -0.500000 11.661359 0.000000
vt 0.500000 11.661359 0.000000
vt -0.500000 12.721483 0.000000
vt 0.500000 12.721483 0.000000
vt 14.033576 -13.383311 0.000000
vt 14.038799 -13.508470 0.000000
vt 14.037501 -13.471898 0.000000
vt 14.040866 -13.560508 0.000000
vt 14.043672 -13.649137 0.000000
vt 0.500000 0.000000 0.000000
vt 0.500000 2.229974 0.000000
vt -0.500000 0.000000 0.000000
vt -0.500000 2.323022 0.000000
vt 0.500000 4.459948 0.000000
vt -0.500000 4.646043 0.000000
vt 0.500000 6.689923 0.000000
vt -0.500000 6.969065 0.000000
vt 0.500000 6.778596 0.000000
vt 0.500000 6.867270 0.000000
vt 0.500000 6.955944 0.000000
vt 0.500000 7.089374 0.000000
vt 0.500000 7.222805 0.000000
vt 0.500000 7.356235 0.000000
vt 0.500000 7.605619 0.000000
vt 0.500000 7.855003 0.000000
vt 0.500000 8.104388 0.000000
vt -0.500000 9.292086 0.000000
vt 0.500000 10.084978 0.000000
vt -0.500000 11.615108 0.000000
vt 0.500000 12.065567 0.000000
vt -0.500000 13.938129 0.000000
vt 0.500000 14.046157 0.000000
vt 0.500000 14.134831 0.000000
vt 0.500000 14.223505 0.000000
vt 0.500000 14.312179 0.000000
vt 0.500000 14.445609 0.000000
vt 0.500000 14.579040 0.000000
vt 0.500000 14.712470 0.000000
vt 0.500000 14.961854 0.000000
vt 0.500000 15.211238 0.000000
vt -0.500000 16.261151 0.000000
vt 0.500000 15.460623 0.000000
vt 0.500000 17.441212 0.000000
vt -0.500000 18.584172 0.000000
vt 0.500000 19.421802 0.000000
vt -0.500000 20.907194 0.000000
vt 0.500000 21.402392 0.000000
vt 0.500000 21.491066 0.000000
vt 0.500000 21.579740 0.000000
vt 0.500000 21.668414 0.000000
vt 0.500000 21.801844 0.000000
vt 0.500000 21.935274 0.000000
vt 0.500000 22.068705 0.000000
vt -0.500000 23.230215 0.000000
vt 0.500000 22.318089 0.000000
vt 0.500000 22.567473 0.000000
vt 0.500000 22.816857 0.000000
vt 0.500000 24.797447 0.000000
vt -0.500000 25.553237 0.000000
vt 0.500000 26.778037 0.000000
vt -0.500000 27.876259 0.000000
vt 0.500000 28.758627 0.000000
vt 0.500000 28.847301 0.000000
vt 0.500000 28.935975 0.000000
vt 0.500000 29.024649 0.000000
vt -0.500000 30.199280 0.000000
vt 0.500000 29.158079 0.000000
vt 0.500000 29.291509 0.000000
vt 0.500000 29.424940 0.000000
vt 0.500000 29.674324 0.000000
vt 0.500000 29.923708 0.000000
vt 0.500000 30.173092 0.000000
vt 0.500000 32.153682 0.000000
vt -0.500000 32.522302 0.000000
vt 0.500000 34.134272 0.000000
vt -0.500000 34.845323 0.000000
vt 0.500000 36.114862 0.000000
vt -0.500000 37.168345 0.000000
vt 0.500000 36.203536 0.000000
vt 0.500000 36.292210 0.000000
vt 0.500000 36.380884 0.000000
vt 0.500000 36.514314 0.000000
vt 0.500000 36.647744 0.000000
vt 0.500000 36.781174 0.000000
vt 0.500000 37.030559 0.000000
vt 0.500000 37.279943 0.000000
vt 0.500000 37.529327 0.000000
vt -0.500000 39.491366 0.000000
vt 0.500000 39.732021 0.000000
vt -0.500000 41.814388 0.000000
vt 0.500000 41.934715 0.000000
vt -0.500000 44.137409 0.000000
vt 0.500000 44.137409 0.000000
vt -20.494243 0.000000 0.000000
vt -22.000000 0.000000 0.000000
vt -20.494243 -0.484329 0.000000
vt -22.000000 -0.484329 0.000000
vt -20.494243 -0.968658 0.000000
vt -22.000000 -0.968658 0.000000
vt -20.494243 -1.452987 0.000000
vt -22.000000 -1.452987 0.000000
vt -20.494243 -1.937315 0.000000
vt -22.000000 -1.937315 0.000000
vt -20.494243 -2.421644 0.000000
vt -22.000000 -2.421644 0.000000
vt -20.494243 -2.905973 0.000000
vt -22.000000 -2.905973 0.000000
vt -20.494243 -3.390302 0.000000
vt -22.000000 -3.390302 0.000000
vt -20.494243 -3.874631 0.000000
vt -22.000000 -3.874631 0.000000
vt -20.494243 -4.358960 0.000000
vt -22.000000 -4.358960 0.000000
vt -20.494243 -4.843289 0.000000
vt -22.000000 -4.843289 0.000000
vt -20.494243 -5.327618 0.000000
vt -22.000000 -5.327618 0.000000
vt -20.494243 -5.811946 0.000000
vt -22.000000 -5.811946 0.000000
vt -29.000000 -5.811946 0.000000
vt -23.000000 -5.811946 0.000000
vt -29.000000 -5.327618 0.000000
vt -23.000000 -5.327618 0.000000
vt -29.000000 -4.843289 0.000000
vt -23.000000 -4.843289 0.000000
vt -29.000000 -4.358960 0.000000
vt -23.000000 -4.358960 0.000000
vt -29.000000 -3.874631 0.000000
vt -23.000000 -3.874631 0.000000
vt -29.000000 -3.390302 0.000000
vt -23.000000 -3.390302 0.000000
vt -29.000000 -2.905973 0.000000
vt -23.000000 -2.905973 0.000000
vt -29.000000 -2.421644 0.000000
vt -23.000000 -2.421644 0.000000
vt -29.000000 -1.937315 0.000000
vt -23.000000 -1.937315 0.000000
vt -29.000000 -1.452987 0.000000
vt -23.000000 -1.452987 0.000000
vt -29.000000 -0.968658 0.000000
vt -23.000000 -0.968658 0.000000
vt -29.000000 -0.484329 0.000000
vt -23.000000 -0.484329 0.000000
vt -29.000000 0.000000 0.000000
vt -23.000000 0.000000 0.000000
vt -1.000000 0.000000 0.000000
vt 0.994243 0.000000 0.000000
vt -1.000000 2.094395 0.000000
vt 0.994243 2.094395 0.000000
vt -1.000000 4.188790 0.000000
vt 0.994243 4.188790 0.000000
vt -1.000000 6.283185 0.000000
vt 0.994243 6.283185 0.000000
vt -1.000000 8.377580 0.000000
vt 0.994243 8.377580 0.000000
vt -1.000000 10.471976 0.000000
vt 0.994243 10.471976 0.000000
vt -1.000000 12.566371 0.000000
vt 0.994243 12.566371 0.000000
vt -1.000000 14.660766 0.000000
vt 0.994243 14.660766 0.000000
vt -1.000000 16.755161 0.000000
vt 0.994243 16.755161 0.000000
vt -1.000000 18.849556 0.000000
vt 0.994243 18.849556 0.000000
vt -1.000000 20.943951 0.000000
vt 0.994243 20.943951 0.000000
vt -1.000000 23.038346 0.000000
vt 0.994243 23.038346 0.000000
vt -1.000000 25.132741 0.000000
vt 0.994243 25.132741 0.000000
vt -1.000000 27.227136 0.000000
vt 0.994243 27.227136 0.000000
vt -1.000000 29.321531 0.000000
vt 0.994243 29.321531 0.000000
vt -1.000000 31.415927 0.000000
vt 0.994243 31.415927 0.000000
vt -1.000000 33.510322 0.000000
vt 0.994243 33.510322 0.000000
vt -1.000000 35.604717 0.000000
vt 0.994243 35.604717 0.000000
vt -1.000000 37.699112 0.000000
vt 0.994243 37.699112 0.000000
vt 1.000000 -34.557519 0.000000
vt -0.994243 -34.557519 0.000000
vt 1.000000 -36.590314 0.000000
vt -0.994243 -36.590314 0.000000
vt 1.000000 -38.623110 0.000000
vt -0.994243 -38.623110 0.000000
vt 1.000000 -40.655905 0.000000
vt -0.994243 -40.655905 0.000000
vt 1.000000 -42.688700 0.000000
vt -0.994243 -42.688700 0.000000
vt 1.000000 -44.721495 0.000000
vt -0.994243 -44.721495 0.000000
vt 1.000000 -46.754291 0.000000
vt -0.994243 -46.754291 0.000000
vt 1.000000 -48.787086 0.000000
vt -0.994243 -48.787086 0.000000
vt 1.000000 -50.819881 0.000000
vt -0.994243 -50.819881 0.000000
vt 1.000000 -52.852676 0.000000
vt -0.994243 -52.852676 0.000000
vt 1.000000 -54.885472 0.000000
vt -0.994243 -54.885472 0.000000
vt 1.000000 -56.918267 0.000000
vt -0.994243 -56.918267 0.000000
vt 1.000000 -58.951062 0.000000
vt -0.994243 -58.951062 0.000000
vt 1.000000 -60.983857 0.000000
vt -0.994243 -60.983857 0.000000
vt 1.000000 -63.016653 0.000000
vt -0.994243 -63.016653 0.000000
vt 1.000000 -65.049448 0.000000
vt -0.994243 -65.049448 0.000000
vt 1.000000 -67.082243 0.000000
vt -0.994243 -67.082243 0.000000
vt 1.000000 -69.115038 0.000000
vt -0.994243 -69.115038 0.000000
vt 0.000000 -3.735799 0.000000
vt 2.083778 -3.918106 0.000000
vt 0.000000 0.000000 0.000000
vt 2.461621 -0.193734 0.000000
vt 4.104242 -4.459488 0.000000
vt 4.862629 -0.770165 0.000000
vt 6.000000 -5.343494 0.000000
vt 7.143903 -1.715099 0.000000
vt 9.249271 -3.005270 0.000000
vt 7.713451 -6.543266 0.000000
vt 11.126890 -4.608909 0.000000
vt 9.192533 -8.022348 0.000000
vt 12.730529 -6.486529 0.000000
vt 10.392305 -9.735799 0.000000
vt 14.020700 -8.591896 0.000000
vt 11.276311 -11.631558 0.000000
vt 14.965635 -10.873170 0.000000
vt 11.817693 -13.652021 0.000000
vt 15.542066 -13.274178 0.000000
vt 12.000000 -15.735799 0.000000
vt 15.735799 -15.735799 0.000000
vt 15.542066 -18.197421 0.000000
vt 11.817693 -17.819577 0.000000
vt 14.965635 -20.598429 0.000000
vt 11.276311 -19.840041 0.000000
vt 14.020700 -22.879703 0.000000
vt 10.392305 -21.735799 0.000000
vt 12.730529 -24.985070 0.000000
vt 9.192533 -23.449251 0.000000
vt 11.126890 -26.862690 0.000000
vt 7.713451 -24.928333 0.000000
vt 9.249271 -28.466328 0.000000
vt 6.000000 -26.128104 0.000000
vt 7.143903 -29.756499 0.000000
vt 4.862629 -30.701434 0.000000
vt 4.104242 -27.012111 0.000000
vt 2.461621 -31.277865 0.000000
vt 2.083778 -27.553492 0.000000
vt 0.000000 -31.471599 0.000000
vt 0.000000 -27.735799 0.000000
vt 0.000000 -26.735799 0.000000
vt 2.021245 -26.548503 0.000000
vt 0.000000 -24.495639 0.000000
vt 1.821273 -24.304215 0.000000
vt 3.973658 -25.992994 0.000000
vt 3.562948 -23.738311 0.000000
vt 5.790754 -25.088188 0.000000
vt 5.148905 -22.822658 0.000000
vt 7.410652 -23.864897 0.000000
vt 6.509829 -21.597276 0.000000
vt 8.778190 -22.364780 0.000000
vt 7.586244 -20.115719 0.000000
vt 9.846796 -20.638921 0.000000
vt 8.331103 -18.442739 0.000000
vt 10.580082 -18.746092 0.000000
vt 8.711852 -16.651452 0.000000
vt 10.953076 -16.750751 0.000000
vt 10.953076 -14.720847 0.000000
vt 8.711852 -14.820147 0.000000
vt 10.580082 -12.725506 0.000000
vt 8.331103 -13.028860 0.000000
vt 9.846796 -10.832677 0.000000
vt 7.586244 -11.355880 0.000000
vt 8.778190 -9.106818 0.000000
vt 6.509829 -9.874323 0.000000
vt 7.410652 -7.606701 0.000000
vt 5.148905 -8.648940 0.000000
vt 5.790754 -6.383411 0.000000
vt 3.562948 -7.733288 0.000000
vt 3.973658 -5.478605 0.000000
vt 1.821273 -7.167383 0.000000
vt 2.021245 -4.923095 0.000000
vt 0.000000 -6.975960 0.000000
vt 0.000000 -4.735799 0.000000
vt 0.000000 23.041793 0.000000
vt -2.021245 22.854497 0.000000
vt -0.000000 19.574831 0.000000
vt -1.676259 19.385962 0.000000
vt -3.973658 22.298988 0.000000
vt -3.268463 18.828826 0.000000
vt -5.790754 21.394182 0.000000
vt -4.696772 17.931359 0.000000
vt -7.410652 20.170891 0.000000
vt -5.889566 16.738565 0.000000
vt -8.778190 18.670774 0.000000
vt -6.787032 15.310256 0.000000
vt -9.846796 16.944915 0.000000
vt -10.580082 15.052086 0.000000
vt -7.344169 13.718052 0.000000
vt -10.953076 13.056745 0.000000
vt -7.533038 12.041793 0.000000
vt -10.953076 11.026841 0.000000
vt -7.344169 10.365535 0.000000
vt -10.580082 9.031500 0.000000
vt -6.787032 8.773331 0.000000
vt -9.846796 7.138671 0.000000
vt -8.778190 5.412812 0.000000
vt -5.889566 7.345021 0.000000
vt -7.410652 3.912695 0.000000
vt -4.696772 6.152227 0.000000
vt -5.790754 2.689405 0.000000
vt -3.268463 5.254761 0.000000
vt -3.973658 1.784599 0.000000
vt -1.676259 4.697625 0.000000
vt -2.021245 1.229089 0.000000
vt 0.000000 4.508756 0.000000
vt -0.000000 1.041793 0.000000
vt -4.510706 0.000000 0.000000
vt 4.510706 0.000000 0.000000
vt -4.510706 0.484356 0.000000
vt 4.510706 0.484356 0.000000
vt -4.510706 0.968713 0.000000
vt 4.510706 0.968713 0.000000
vt -4.510706 1.453069 0.000000
vt 4.510706 1.453069 0.000000
vt -4.510706 1.937425 0.000000
vt 4.510706 1.937425 0.000000
vt -4.510706 2.421782 0.000000
vt 4.510706 2.421782 0.000000
vt -4.510706 2.906138 0.000000
vt 4.510706 2.906138 0.000000
vt -4.510706 3.390494 0.000000
vt 4.510706 3.390494 0.000000
vt -4.510706 3.874850 0.000000
vt 4.510706 3.874850 0.000000
vt -4.510706 4.359207 0.000000
vt 4.510706 4.359207 0.000000
vt -4.510706 4.843563 0.000000
vt 4.510706 4.843563 0.000000
vt -4.510706 5.327919 0.000000
vt 4.510706 5.327919 0.000000
vt -4.510706 5.812276 0.000000
vt 4.510706 5.812276 0.000000
vt -2.592013 0.000000 0.000000
vt 2.592013 0.000000 0.000000
vt -2.592013 0.996827 0.000000
vt 2.592013 1.162965 0.000000
vt -2.592013 1.993654 0.000000
vt 2.592013 2.325930 0.000000
vt -2.592013 2.990481 0.000000
vt 2.592013 3.488894 0.000000
vt -2.592013 3.987308 0.000000
vt 2.592013 4.651859 0.000000
vt -2.592013 4.984135 0.000000
vt 2.592013 5.814824 0.000000
vt -2.592013 5.980962 0.000000
vt 2.592013 6.977789 0.000000
vt -2.592013 6.977789 0.000000
vt -2.592013 7.974616 0.000000
vt 2.592013 8.140753 0.000000
vt -2.592013 8.971443 0.000000
vt 2.592013 9.303718 0.000000
vt -2.592013 9.968270 0.000000
vt 2.592013 10.466683 0.000000
vt -2.592013 10.965096 0.000000
vt 2.592013 11.629648 0.000000
vt -2.592013 11.961923 0.000000
vt 2.592013 12.792613 0.000000
vt -2.592013 12.958750 0.000000
vt 2.592013 13.955577 0.000000
vt -2.592013 13.955577 0.000000
vt -0.013613 -9.668353 0.000000
vt -0.013613 -11.279745 0.000000
vt 0.033335 -10.298898 0.000000
vt 0.033335 -11.279745 0.000000
vt 0.080283 -11.279745 0.000000
vt 0.080283 -10.298898 0.000000
vt 0.127232 -11.279745 0.000000
vt 0.127232 -10.298898 0.000000
vt 0.174180 -11.279745 0.000000
vt 0.174180 -10.298898 0.000000
vt 0.221129 -11.279745 0.000000
vt 0.221129 -10.298898 0.000000
vt 0.268077 -11.279745 0.000000
vt 0.268077 -10.298898 0.000000
vt 0.315025 -11.279745 0.000000
vt 0.315025 -9.668353 0.000000
vt 0.268077 -9.318050 0.000000
vt 0.315025 -8.056961 0.000000
vt 0.268077 -8.337203 0.000000
vt 0.268077 -7.356356 0.000000
vt 0.221129 -7.356356 0.000000
vt 0.221129 -6.375508 0.000000
vt 0.174180 -6.375508 0.000000
vt 0.174180 -5.394661 0.000000
vt 0.127232 -5.394661 0.000000
vt 0.127232 -4.413813 0.000000
vt 0.080283 -4.413813 0.000000
vt 0.080283 -3.432966 0.000000
vt 0.033335 -3.432966 0.000000
vt 0.033335 -2.452119 0.000000
vt -0.013613 -3.222784 0.000000
vt -0.013613 -1.611392 0.000000
vt 0.033335 -1.471271 0.000000
vt 0.033335 -0.490424 0.000000
vt 0.080283 -1.471271 0.000000
vt 0.080283 -0.490424 0.000000
vt 0.127232 -1.471271 0.000000
vt 0.127232 -0.490424 0.000000
vt 0.174180 -1.471271 0.000000
vt 0.174180 -0.490424 0.000000
vt 0.221129 -1.471271 0.000000
vt 0.221129 -0.490424 0.000000
vt 0.268077 -1.471271 0.000000
vt 0.268077 -0.490424 0.000000
vt 0.315025 -1.611392 0.000000
vt 0.315025 0.000000 0.000000
vt 0.315025 -6.445569 0.000000
vt 0.268077 -6.375508 0.000000
vt 0.221129 -5.394661 0.000000
vt 0.174180 -4.413813 0.000000
vt 0.127232 -3.432966 0.000000
vt 0.080283 -2.452119 0.000000
vt 0.268077 -5.394661 0.000000
vt 0.315025 -4.834176 0.000000
vt 0.268077 -4.413813 0.000000
vt 0.315025 -3.222784 0.000000
vt 0.268077 -3.432966 0.000000
vt 0.268077 -2.452119 0.000000
vt 0.221129 -2.452119 0.000000
vt 0.268077 0.490424 0.000000
vt 0.315025 1.611392 0.000000
vt 0.268077 1.471271 0.000000
vt 0.268077 2.452119 0.000000
vt 0.221129 2.452119 0.000000
vt 0.221129 3.432966 0.000000
vt 0.174180 3.432966 0.000000
vt 0.174180 4.413813 0.000000
vt 0.127232 4.413813 0.000000
vt 0.127232 5.394661 0.000000
vt 0.080283 5.394661 0.000000
vt 0.080283 6.375508 0.000000
vt 0.033335 6.375508 0.000000
vt 0.033335 7.356356 0.000000
vt -0.013613 6.445569 0.000000
vt -0.013613 8.056961 0.000000
vt 0.033335 8.337203 0.000000
vt 0.033335 9.318050 0.000000
vt 0.080283 8.337203 0.000000
vt 0.080283 9.318050 0.000000
vt 0.127232 8.337203 0.000000
vt 0.127232 9.318050 0.000000
vt 0.174180 8.337203 0.000000
vt 0.174180 9.318050 0.000000
vt 0.221129 8.337203 0.000000
vt 0.221129 9.318050 0.000000
vt 0.268077 8.337203 0.000000
vt 0.268077 9.318050 0.000000
vt 0.315025 8.056961 0.000000
vt 0.315025 9.668353 0.000000
vt 0.315025 3.222784 0.000000
vt 0.268077 3.432966 0.000000
vt 0.221129 4.413813 0.000000
vt 0.174180 5.394661 0.000000
vt 0.127232 6.375508 0.000000
vt 0.080283 7.356356 0.000000
vt 0.268077 4.413813 0.000000
vt 0.315025 4.834176 0.000000
vt 0.268077 5.394661 0.000000
vt 0.315025 6.445569 0.000000
vt 0.268077 6.375508 0.000000
vt 0.268077 7.356356 0.000000
vt 0.221129 7.356356 0.000000
vt 0.268077 10.298898 0.000000
vt 0.315025 11.279745 0.000000
vt 0.268077 11.279745 0.000000
vt 0.221129 11.279745 0.000000
vt 0.221129 10.298898 0.000000
vt 0.174180 11.279745 0.000000
vt 0.174180 10.298898 0.000000
vt 0.127232 11.279745 0.000000
vt 0.127232 10.298898 0.000000
vt 0.080283 11.279745 0.000000
vt 0.080283 10.298898 0.000000
vt 0.033335 11.279745 0.000000
vt 0.033335 10.298898 0.000000
vt -0.013613 11.279745 0.000000
vt -0.013613 9.668353 0.000000
vt 0.033335 5.394661 0.000000
vt -0.013613 4.834176 0.000000
vt 0.033335 4.413813 0.000000
vt -0.013613 3.222784 0.000000
vt 0.033335 3.432966 0.000000
vt 0.033335 2.452119 0.000000
vt 0.080283 2.452119 0.000000
vt 0.080283 1.471271 0.000000
vt 0.127232 1.471271 0.000000
vt 0.127232 0.490424 0.000000
vt 0.174180 0.490424 0.000000
vt -0.013613 1.611392 0.000000
vt 0.033335 1.471271 0.000000
vt 0.080283 0.490424 0.000000
vt 0.033335 0.490424 0.000000
vt -0.013613 0.000000 0.000000
vt 0.033335 -4.413813 0.000000
vt -0.013613 -4.834176 0.000000
vt 0.033335 -5.394661 0.000000
vt -0.013613 -6.445569 0.000000
vt 0.033335 -6.375508 0.000000
vt 0.033335 -7.356356 0.000000
vt 0.080283 -7.356356 0.000000
vt 0.080283 -8.337203 0.000000
vt 0.127232 -8.337203 0.000000
vt 0.127232 -9.318050 0.000000
vt 0.174180 -9.318050 0.000000
vt -0.013613 -8.056961 0.000000
vt 0.033335 -8.337203 0.000000
vt 0.080283 -9.318050 0.000000
vt 0.033335 -9.318050 0.000000
vt 0.221129 -9.318050 0.000000
vt 0.221129 -8.337203 0.000000
vt 0.174180 -8.337203 0.000000
vt 0.127232 -7.356356 0.000000
vt 0.080283 -6.375508 0.000000
vt 0.174180 -7.356356 0.000000
vt 0.127232 -6.375508 0.000000
vt 0.080283 -5.394661 0.000000
vt 0.221129 -4.413813 0.000000
vt 0.174180 -3.432966 0.000000
vt 0.127232 -2.452119 0.000000
vt 0.221129 -3.432966 0.000000
vt 0.174180 -2.452119 0.000000
vt 0.221129 0.490424 0.000000
vt 0.221129 1.471271 0.000000
vt 0.174180 1.471271 0.000000
vt 0.127232 2.452119 0.000000
vt 0.080283 3.432966 0.000000
vt 0.174180 2.452119 0.000000
vt 0.127232 3.432966 0.000000
vt 0.080283 4.413813 0.000000
vt 0.221129 5.394661 0.000000
vt 0.174180 6.375508 0.000000
vt 0.127232 7.356356 0.000000
vt 0.221129 6.375508 0.000000
vt 0.174180 7.356356 0.000000
vt 0.471239 -9.842686 0.000000
vt 0.471239 -11.483134 0.000000
vt 0.542921 -10.047742 0.000000
vt 0.542921 -11.483134 0.000000
vt 0.614602 -11.483134 0.000000
vt 0.614602 -10.047742 0.000000
vt 0.686284 -11.483134 0.000000
vt 0.686284 -10.047742 0.000000
vt 0.757965 -11.483134 0.000000
vt 0.757965 -10.047742 0.000000
vt 0.829647 -11.483134 0.000000
vt 0.829647 -10.047742 0.000000
vt 0.901329 -11.483134 0.000000
vt 0.901329 -10.047742 0.000000
vt 0.973010 -11.483134 0.000000
vt 0.973010 -9.842686 0.000000
vt 0.901329 -8.612350 0.000000
vt 0.973010 -8.202238 0.000000
vt 0.901329 -7.176959 0.000000
vt 0.973010 -6.561791 0.000000
vt 0.901329 -5.741567 0.000000
vt 0.973010 -4.921343 0.000000
vt 0.901329 -4.306175 0.000000
vt 0.973010 -3.280895 0.000000
vt 0.901329 -2.870783 0.000000
vt 0.973010 -1.640448 0.000000
vt 0.901329 -1.435392 0.000000
vt 0.973010 0.000000 0.000000
vt 0.901329 0.000000 0.000000
vt 0.901329 1.435392 0.000000
vt 0.829647 1.435392 0.000000
vt 0.829647 2.870783 0.000000
vt 0.757965 2.870783 0.000000
vt 0.757965 4.306175 0.000000
vt 0.686284 4.306175 0.000000
vt 0.686284 5.741567 0.000000
vt 0.614602 5.741567 0.000000
vt 0.614602 7.176959 0.000000
vt 0.542921 7.176959 0.000000
vt 0.542921 8.612350 0.000000
vt 0.471239 8.202238 0.000000
vt 0.471239 9.842686 0.000000
vt 0.542921 10.047742 0.000000
vt 0.471239 11.483134 0.000000
vt 0.542921 11.483134 0.000000
vt 0.614602 10.047742 0.000000
vt 0.614602 11.483134 0.000000
vt 0.686284 10.047742 0.000000
vt 0.686284 11.483134 0.000000
vt 0.757965 10.047742 0.000000
vt 0.757965 11.483134 0.000000
vt 0.829647 10.047742 0.000000
vt 0.829647 11.483134 0.000000
vt 0.901329 10.047742 0.000000
vt 0.901329 11.483134 0.000000
vt 0.973010 11.483134 0.000000
vt 0.973010 9.842686 0.000000
vt 0.901329 8.612350 0.000000
vt 0.973010 8.202238 0.000000
vt 0.901329 7.176959 0.000000
vt 0.973010 6.561791 0.000000
vt 0.901329 5.741567 0.000000
vt 0.973010 4.921343 0.000000
vt 0.901329 4.306175 0.000000
vt 0.973010 3.280895 0.000000
vt 0.901329 2.870783 0.000000
vt 0.973010 1.640448 0.000000
vt 0.471239 6.561791 0.000000
vt 0.542921 5.741567 0.000000
vt 0.614602 4.306175 0.000000
vt 0.686284 2.870783 0.000000
vt 0.757965 1.435392 0.000000
vt 0.829647 0.000000 0.000000
vt 0.471239 4.921343 0.000000
vt 0.542921 4.306175 0.000000
vt 0.614602 2.870783 0.000000
vt 0.686284 1.435392 0.000000
vt 0.757965 0.000000 0.000000
vt 0.829647 -1.435392 0.000000
vt 0.471239 3.280895 0.000000
vt 0.542921 2.870783 0.000000
vt 0.614602 1.435392 0.000000
vt 0.686284 0.000000 0.000000
vt 0.757965 -1.435392 0.000000
vt 0.829647 -2.870783 0.000000
vt 0.471239 1.640448 0.000000
vt 0.542921 1.435392 0.000000
vt 0.614602 0.000000 0.000000
vt 0.686284 -1.435392 0.000000
vt 0.757965 -2.870783 0.000000
vt 0.829647 -4.306175 0.000000
vt 0.471239 0.000000 0.000000
vt 0.542921 0.000000 0.000000
vt 0.614602 -1.435392 0.000000
vt 0.686284 -2.870783 0.000000
vt 0.757965 -4.306175 0.000000
vt 0.829647 -5.741567 0.000000
vt 0.542921 -1.435392 0.000000
vt 0.471239 -1.640448 0.000000
vt 0.542921 -2.870783 0.000000
vt 0.471239 -3.280895 0.000000
vt 0.542921 -4.306175 0.000000
vt 0.471239 -4.921343 0.000000
vt 0.542921 -5.741567 0.000000
vt 0.471239 -6.561791 0.000000
vt 0.542921 -7.176959 0.000000
vt 0.471239 -8.202238 0.000000
vt 0.542921 -8.612350 0.000000
vt 0.829647 -8.612350 0.000000
vt 0.829647 -7.176959 0.000000
vt 0.757965 -8.612350 0.000000
vt 0.757965 -7.176959 0.000000
vt 0.757965 -5.741567 0.000000
vt 0.686284 -8.612350 0.000000
vt 0.686284 -7.176959 0.000000
vt 0.686284 -5.741567 0.000000
vt 0.686284 -4.306175 0.000000
vt 0.614602 -8.612350 0.000000
vt 0.614602 -7.176959 0.000000
vt 0.614602 -5.741567 0.000000
vt 0.614602 -4.306175 0.000000
vt 0.614602 -2.870783 0.000000
vt 0.829647 4.306175 0.000000
vt 0.757965 5.741567 0.000000
vt 0.686284 7.176959 0.000000
vt 0.614602 8.612350 0.000000
vt 0.829647 5.741567 0.000000
vt 0.757965 7.176959 0.000000
vt 0.686284 8.612350 0.000000
vt 0.829647 7.176959 0.000000
vt 0.757965 8.612350 0.000000
vt 0.829647 8.612350 0.000000
vt 0.000000 0.000000 0.000000
vt -0.000000 0.041793 0.000000
vt -2.091035 0.182942 0.000000
vt -2.083778 0.224100 0.000000
vt -4.118536 0.726209 0.000000
vt -4.104242 0.765482 0.000000
vt -6.020897 1.613294 0.000000
vt -6.000000 1.649488 0.000000
vt -7.740316 2.817244 0.000000
vt -7.713451 2.849260 0.000000
vt -9.224549 4.301478 0.000000
vt -9.192533 4.328342 0.000000
vt -10.428499 6.020897 0.000000
vt -10.392305 6.041793 0.000000
vt -11.315584 7.923257 0.000000
vt -11.276311 7.937552 0.000000
vt -11.858851 9.950758 0.000000
vt -11.817693 9.958015 0.000000
vt -12.041793 12.041793 0.000000
vt -12.000000 12.041793 0.000000
vt -11.817693 14.125571 0.000000
vt -11.858851 14.132829 0.000000
vt -11.276311 16.146035 0.000000
vt -11.315584 16.160329 0.000000
vt -10.392305 18.041793 0.000000
vt -10.428499 18.062690 0.000000
vt -9.192533 19.755245 0.000000
vt -9.224549 19.782109 0.000000
vt -7.713451 21.234327 0.000000
vt -7.740316 21.266342 0.000000
vt -6.000000 22.434098 0.000000
vt -6.020897 22.470292 0.000000
vt -4.104242 23.318105 0.000000
vt -4.118536 23.357378 0.000000
vt -2.083778 23.859486 0.000000
vt -2.091035 23.900645 0.000000
vt 0.000000 24.041793 0.000000
vt -0.000000 24.083587 0.000000
vt -0.000000 -20.303606 0.000000
vt 0.327249 -20.303606 0.000000
vt -0.000000 -18.166384 0.000000
vt 0.327249 -18.166384 0.000000
vt -0.000000 -16.029162 0.000000
vt 0.327249 -16.029162 0.000000
vt -0.000000 -13.891941 0.000000
vt 0.327249 -13.891941 0.000000
vt -0.000000 -11.754719 0.000000
vt 0.327249 -11.754719 0.000000
vt -0.000000 -9.617497 0.000000
vt 0.327249 -9.617497 0.000000
vt -0.000000 -7.480276 0.000000
vt 0.327249 -7.480276 0.000000
vt -0.000000 -5.343054 0.000000
vt 0.327249 -5.343054 0.000000
vt -0.000000 -3.205832 0.000000
vt 0.327249 -3.205832 0.000000
vt -0.000000 -1.068611 0.000000
vt 0.327249 -1.068611 0.000000
vt -0.000000 1.068611 0.000000
vt 0.327249 1.068611 0.000000
vt -0.000000 3.205832 0.000000
vt 0.327249 3.205832 0.000000
vt -0.000000 5.343054 0.000000
vt 0.327249 5.343054 0.000000
vt -0.000000 7.480276 0.000000
vt 0.327249 7.480276 0.000000
vt -0.000000 9.617497 0.000000
vt 0.327249 9.617497 0.000000
vt -0.000000 11.754719 0.000000
vt 0.327249 11.754719 0.000000
vt -0.000000 13.891941 0.000000
vt 0.327249 13.891941 0.000000
vt -0.000000 16.029162 0.000000
vt 0.327249 16.029162 0.000000
vt -0.000000 18.166384 0.000000
vt 0.327249 18.166384 0.000000
vt -0.000000 20.303606 0.000000
vt 0.327249 20.303606 0.000000
vt 0.654498 18.166384 0.000000
vt 0.654498 20.303606 0.000000
vt 0.981748 18.166384 0.000000
vt 0.981748 20.303606 0.000000
vt 1.308997 18.166384 0.000000
vt 1.308997 20.303606 0.000000
vt 1.636246 18.166384 0.000000
vt 1.636246 20.303606 0.000000
vt 1.963495 20.303606 0.000000
vt 1.963495 18.047649 0.000000
vt 1.636246 16.029162 0.000000
vt 1.963495 15.791693 0.000000
vt 1.636246 13.891941 0.000000
vt 1.963495 13.535737 0.000000
vt 1.636246 11.754719 0.000000
vt 1.963495 11.279781 0.000000
vt 1.636246 9.617497 0.000000
vt 1.963495 9.023825 0.000000
vt 1.636246 7.480276 0.000000
vt 1.963495 6.767869 0.000000
vt 1.636246 5.343054 0.000000
vt 1.963495 4.511912 0.000000
vt 1.636246 3.205832 0.000000
vt 1.963495 2.255956 0.000000
vt 1.636246 1.068611 0.000000
vt 1.963495 0.000000 0.000000
vt 1.636246 -1.068611 0.000000
vt 1.963495 -2.255956 0.000000
vt 1.636246 -3.205832 0.000000
vt 1.963495 -4.511912 0.000000
vt 1.636246 -5.343054 0.000000
vt 1.963495 -6.767869 0.000000
vt 1.636246 -7.480276 0.000000
vt 1.963495 -9.023825 0.000000
vt 1.636246 -9.617497 0.000000
vt 1.963495 -11.279781 0.000000
vt 1.636246 -11.754719 0.000000
vt 1.963495 -13.535737 0.000000
vt 1.636246 -13.891941 0.000000
vt 1.963495 -15.791693 0.000000
vt 1.636246 -16.029162 0.000000
vt 1.963495 -18.047649 0.000000
vt 1.636246 -18.166384 0.000000
vt 1.963495 -20.303606 0.000000
vt 1.636246 -20.303606 0.000000
vt 1.308997 -18.166384 0.000000
vt 1.308997 -20.303606 0.000000
vt 0.981748 -18.166384 0.000000
vt 0.981748 -20.303606 0.000000
vt 0.654498 -18.166384 0.000000
vt 0.654498 -20.303606 0.000000
vt 1.308997 -16.029162 0.000000
vt 1.308997 -13.891941 0.000000
vt 1.308997 -11.754719 0.000000
vt 1.308997 -9.617497 0.000000
vt 1.308997 -7.480276 0.000000
vt 1.308997 -5.343054 0.000000
vt 1.308997 -3.205832 0.000000
vt 1.308997 -1.068611 0.000000
vt 1.308997 1.068611 0.000000
vt 1.308997 3.205832 0.000000
vt 1.308997 5.343054 0.000000
vt 1.308997 7.480276 0.000000
vt 1.308997 9.617497 0.000000
vt 1.308997 11.754719 0.000000
vt 1.308997 13.891941 0.000000
vt 1.308997 16.029162 0.000000
vt 0.981748 -16.029162 0.000000
vt 0.981748 -13.891941 0.000000
vt 0.981748 -11.754719 0.000000
vt 0.981748 -9.617497 0.000000
vt 0.981748 -7.480276 0.000000
vt 0.981748 -5.343054 0.000000
vt 0.981748 -3.205832 0.000000
vt 0.981748 -1.068611 0.000000
vt 0.981748 1.068611 0.000000
vt 0.981748 3.205832 0.000000
vt 0.981748 5.343054 0.000000
vt 0.981748 7.480276 0.000000
vt 0.981748 9.617497 0.000000
vt 0.981748 11.754719 0.000000
vt 0.981748 13.891941 0.000000
vt 0.981748 16.029162 0.000000
vt 0.654498 -16.029162 0.000000
vt 0.654498 -13.891941 0.000000
vt 0.654498 -11.754719 0.000000
vt 0.654498 -9.617497 0.000000
vt 0.654498 -7.480276 0.000000
vt 0.654498 -5.343054 0.000000
vt 0.654498 -3.205832 0.000000
vt 0.654498 -1.068611 0.000000
vt 0.654498 1.068611 0.000000
vt 0.654498 3.205832 0.000000
vt 0.654498 5.343054 0.000000
vt 0.654498 7.480276 0.000000
vt 0.654498 9.617497 0.000000
vt 0.654498 11.754719 0.000000
vt 0.654498 13.891941 0.000000
vt 0.654498 16.029162 0.000000
vt -0.125000 0.000000 0.000000
vt 0.125000 0.000000 0.000000
vt -0.125000 2.197758 0.000000
vt 0.125000 2.197758 0.000000
vt -0.125000 4.395516 0.000000
vt 0.125000 4.395516 0.000000
vt -0.125000 6.593274 0.000000
vt 0.125000 6.593274 0.000000
vt -0.125000 8.791032 0.000000
vt 0.125000 8.791032 0.000000
vt -0.125000 10.988790 0.000000
vt 0.125000 10.988790 0.000000
vt -0.125000 13.186547 0.000000
vt 0.125000 13.186547 0.000000
vt -0.125000 15.384305 0.000000
vt 0.125000 15.384305 0.000000
vt -0.125000 17.582063 0.000000
vt 0.125000 17.582063 0.000000
vt -0.125000 19.779821 0.000000
vt 0.125000 19.779821 0.000000
vt -0.125000 21.977579 0.000000
vt 0.125000 21.977579 0.000000
vt -0.125000 24.175337 0.000000
vt 0.125000 24.175337 0.000000
vt -0.125000 26.373095 0.000000
vt 0.125000 26.373095 0.000000
vt -0.125000 28.570853 0.000000
vt 0.125000 28.570853 0.000000
vt -0.125000 30.768611 0.000000
vt 0.125000 30.768611 0.000000
vt -0.125000 32.966369 0.000000
vt 0.125000 32.966369 0.000000
vt -0.125000 35.164126 0.000000
vt 0.125000 35.164126 0.000000
vt -0.125000 37.361884 0.000000
vt 0.125000 37.361884 0.000000
vt -0.125000 39.559642 0.000000
vt 0.125000 39.559642 0.000000
vt -0.125000 41.757400 0.000000
vt 0.125000 41.757400 0.000000
vt 0.000000 -8.500000 0.000000
vt 2.187757 -8.318717 0.000000
vt 0.000000 0.000000 0.000000
vt 1.240207 0.163276 0.000000
vt 4.315838 -7.779814 0.000000
vt 2.395897 0.641979 0.000000
vt 6.326194 -6.897990 0.000000
vt 6.623198 0.361196 0.000000
vt 8.163988 -5.697299 0.000000
vt 9.779090 -4.210493 0.000000
vt 11.127444 -2.478129 0.000000
vt 12.172270 -0.547459 0.000000
vt 12.885068 1.528851 0.000000
vt 13.246395 3.694166 0.000000
vt 13.246395 5.889421 0.000000
vt 4.791793 4.791793 0.000000
vt 6.623198 9.222391 0.000000
vt 4.628517 6.032001 0.000000
vt 4.149815 7.187690 0.000000
vt 3.388310 8.180103 0.000000
vt 2.395897 8.941608 0.000000
vt 6.326194 16.481577 0.000000
vt 4.315838 17.363401 0.000000
vt 12.885068 8.054736 0.000000
vt 12.172270 10.131046 0.000000
vt 11.127444 12.061715 0.000000
vt 9.779090 13.794080 0.000000
vt 8.163988 15.280886 0.000000
vt 1.240207 9.420310 0.000000
vt 2.187757 17.902304 0.000000
vt 0.000000 9.583587 0.000000
vt 0.000000 18.083587 0.000000
vt 4.628517 3.551586 0.000000
vt 4.149815 2.395897 0.000000
vt 3.388310 1.403484 0.000000
vt -4.712389 -4.884042 0.000000
vt -4.712389 -5.860850 0.000000
vt -4.319690 -4.959181 0.000000
vt -4.319690 -5.860850 0.000000
vt -3.926991 -5.860850 0.000000
vt -3.926991 -4.959181 0.000000
vt -3.534292 -5.860850 0.000000
vt -3.534292 -4.959181 0.000000
vt -3.141593 -5.860850 0.000000
vt -3.141593 -4.959181 0.000000
vt -2.748894 -5.860850 0.000000
vt -2.748894 -4.959181 0.000000
vt -2.356194 -5.860850 0.000000
vt -2.356194 -4.884042 0.000000
vt -2.748894 -4.057512 0.000000
vt -2.356194 -3.907233 0.000000
vt -2.748894 -3.155842 0.000000
vt -2.356194 -2.930425 0.000000
vt -2.748894 -2.254173 0.000000
vt -2.356194 -1.953617 0.000000
vt -2.748894 -1.352504 0.000000
vt -2.356194 -0.976808 0.000000
vt -2.748894 -0.450835 0.000000
vt -2.356194 0.000000 0.000000
vt -2.748894 0.450835 0.000000
vt -2.356194 0.976808 0.000000
vt -2.748894 1.352504 0.000000
vt -2.356194 1.953617 0.000000
vt -2.748894 2.254173 0.000000
vt -2.356194 2.930425 0.000000
vt -2.748894 3.155842 0.000000
vt -2.356194 3.907233 0.000000
vt -2.748894 4.057512 0.000000
vt -2.356194 4.884042 0.000000
vt -2.748894 4.959181 0.000000
vt -2.356194 5.860850 0.000000
vt -2.748894 5.860850 0.000000
vt -3.141593 5.860850 0.000000
vt -3.141593 4.959181 0.000000
vt -3.141593 4.057512 0.000000
vt -3.141593 3.155842 0.000000
vt -3.141593 2.254173 0.000000
vt -3.141593 1.352504 0.000000
vt -3.141593 0.450835 0.000000
vt -3.141593 -0.450835 0.000000
vt -3.141593 -1.352504 0.000000
vt -3.141593 -2.254173 0.000000
vt -3.141593 -3.155842 0.000000
vt -3.141593 -4.057512 0.000000
vt -3.534292 5.860850 0.000000
vt -3.534292 4.959181 0.000000
vt -3.534292 4.057512 0.000000
vt -3.534292 3.155842 0.000000
vt -3.534292 2.254173 0.000000
vt -3.534292 1.352504 0.000000
vt -3.534292 0.450835 0.000000
vt -3.534292 -0.450835 0.000000
vt -3.534292 -1.352504 0.000000
vt -3.534292 -2.254173 0.000000
vt -3.534292 -3.155842 0.000000
vt -3.534292 -4.057512 0.000000
vt -3.926991 5.860850 0.000000
vt -3.926991 4.959181 0.000000
vt -3.926991 4.057512 0.000000
vt -3.926991 3.155842 0.000000
vt -3.926991 2.254173 0.000000
vt -3.926991 1.352504 0.000000
vt -3.926991 0.450835 0.000000
vt -3.926991 -0.450835 0.000000
vt -3.926991 -1.352504 0.000000
vt -3.926991 -2.254173 0.000000
vt -3.926991 -3.155842 0.000000
vt -3.926991 -4.057512 0.000000
vt -4.319690 5.860850 0.000000
vt -4.319690 4.959181 0.000000
vt -4.319690 4.057512 0.000000
vt -4.319690 3.155842 0.000000
vt -4.319690 2.254173 0.000000
vt -4.319690 1.352504 0.000000
vt -4.319690 0.450835 0.000000
vt -4.319690 -0.450835 0.000000
vt -4.319690 -1.352504 0.000000
vt -4.319690 -2.254173 0.000000
vt -4.319690 -3.155842 0.000000
vt -4.319690 -4.057512 0.000000
vt -4.712389 5.860850 0.000000
vt -4.712389 4.884042 0.000000
vt -4.712389 3.907233 0.000000
vt -4.712389 2.930425 0.000000
vt -4.712389 1.953617 0.000000
vt -4.712389 0.976808 0.000000
vt -4.712389 0.000000 0.000000
vt -4.712389 -0.976808 0.000000
vt -4.712389 -1.953617 0.000000
vt -4.712389 -2.930425 0.000000
vt -4.712389 -3.907233 0.000000
vt -2.125000 0.000000 0.000000
vt 2.125000 0.000000 0.000000
vt -2.125000 0.861789 0.000000
vt 2.125000 0.861789 0.000000
vt -2.125000 1.723579 0.000000
vt 2.125000 1.723579 0.000000
vt -2.125000 2.585368 0.000000
vt 2.125000 2.585368 0.000000
vt -2.125000 3.447158 0.000000
vt 2.125000 3.447158 0.000000
vt -2.125000 4.308947 0.000000
vt 2.125000 4.308947 0.000000
vt -2.125000 5.170737 0.000000
vt 2.125000 5.170737 0.000000
vt -2.125000 6.032526 0.000000
vt 2.125000 6.032526 0.000000
vt -2.125000 6.894316 0.000000
vt 2.125000 6.894316 0.000000
vt -2.125000 7.756105 0.000000
vt 2.125000 7.756105 0.000000
vt -2.125000 8.617895 0.000000
vt 2.125000 8.617895 0.000000
vt -2.125000 9.479684 0.000000
vt 2.125000 9.479684 0.000000
vt -2.125000 10.341474 0.000000
vt 2.125000 10.341474 0.000000
vt -1.963495 -4.595642 0.000000
vt -1.636246 -4.595642 0.000000
vt -1.963495 -3.829702 0.000000
vt -1.636246 -3.829702 0.000000
vt -1.963495 -3.063762 0.000000
vt -1.636246 -3.063762 0.000000
vt -1.963495 -2.297821 0.000000
vt -1.636246 -2.297821 0.000000
vt -1.963495 -1.531881 0.000000
vt -1.636246 -1.531881 0.000000
vt -1.963495 -0.765940 0.000000
vt -1.636246 -0.765940 0.000000
vt -1.963495 0.000000 0.000000
vt -1.636246 0.000000 0.000000
vt -1.963495 0.765940 0.000000
vt -1.636246 0.765940 0.000000
vt -1.963495 1.531881 0.000000
vt -1.636246 1.531881 0.000000
vt -1.963495 2.297821 0.000000
vt -1.636246 2.297821 0.000000
vt -1.963495 3.063762 0.000000
vt -1.636246 3.063762 0.000000
vt -1.963495 3.829702 0.000000
vt -1.636246 3.829702 0.000000
vt -1.963495 4.595642 0.000000
vt -1.636246 4.595642 0.000000
vt -1.308997 3.829702 0.000000
vt -1.308997 4.595642 0.000000
vt -0.981748 3.829702 0.000000
vt -0.981748 4.595642 0.000000
vt -0.654498 3.829702 0.000000
vt -0.654498 4.595642 0.000000
vt -0.327249 3.829702 0.000000
vt -0.327249 4.595642 0.000000
vt -0.000000 3.829702 0.000000
vt -0.000000 4.595642 0.000000
vt -1.308997 -4.595642 0.000000
vt -1.308997 -3.829702 0.000000
vt -1.308997 -3.063762 0.000000
vt -1.308997 -2.297821 0.000000
vt -1.308997 -1.531881 0.000000
vt -1.308997 -0.765940 0.000000
vt -1.308997 0.000000 0.000000
vt -1.308997 0.765940 0.000000
vt -1.308997 1.531881 0.000000
vt -1.308997 2.297821 0.000000
vt -1.308997 3.063762 0.000000
vt -0.981748 -4.595642 0.000000
vt -0.981748 -3.829702 0.000000
vt -0.981748 -3.063762 0.000000
vt -0.981748 -2.297821 0.000000
vt -0.981748 -1.531881 0.000000
vt -0.981748 -0.765940 0.000000
vt -0.981748 0.000000 0.000000
vt -0.981748 0.765940 0.000000
vt -0.981748 1.531881 0.000000
vt -0.981748 2.297821 0.000000
vt -0.981748 3.063762 0.000000
vt -0.654498 -4.595642 0.000000
vt -0.654498 -3.829702 0.000000
vt -0.654498 -3.063762 0.000000
vt -0.654498 -2.297821 0.000000
vt -0.654498 -1.531881 0.000000
vt -0.654498 -0.765940 0.000000
vt -0.654498 0.000000 0.000000
vt -0.654498 0.765940 0.000000
vt -0.654498 1.531881 0.000000
vt -0.654498 2.297821 0.000000
vt -0.654498 3.063762 0.000000
vt -0.327249 -4.595642 0.000000
vt -0.327249 -3.829702 0.000000
vt -0.327249 -3.063762 0.000000
vt -0.327249 -2.297821 0.000000
vt -0.327249 -1.531881 0.000000
vt -0.327249 -0.765940 0.000000
vt -0.327249 0.000000 0.000000
vt -0.327249 0.765940 0.000000
vt -0.327249 1.531881 0.000000
vt -0.327249 2.297821 0.000000
vt -0.327249 3.063762 0.000000
vt -0.000000 -4.595642 0.000000
vt -0.000000 -3.829702 0.000000
vt -0.000000 -3.063762 0.000000
vt -0.000000 -2.297821 0.000000
vt -0.000000 -1.531881 0.000000
vt -0.000000 -0.765940 0.000000
vt -0.000000 0.000000 0.000000
vt -0.000000 0.765940 0.000000
vt -0.000000 1.531881 0.000000
vt -0.000000 2.297821 0.000000
vt -0.000000 3.063762 0.000000
vt 0.000000 3.641793 0.000000
vt 0.478815 3.578756 0.000000
vt 0.000000 3.833587 0.000000
vt 0.528455 3.764014 0.000000
vt 0.925000 3.393940 0.000000
vt 1.020897 3.560038 0.000000
vt 1.308148 3.099941 0.000000
vt 1.443766 3.235559 0.000000
vt 1.602147 2.716793 0.000000
vt 1.768245 2.812690 0.000000
vt 1.786963 2.270609 0.000000
vt 1.972221 2.320248 0.000000
vt 1.850000 1.791793 0.000000
vt 2.041793 1.791793 0.000000
vt 1.972221 1.263338 0.000000
vt 1.786963 1.312978 0.000000
vt 1.768245 0.770897 0.000000
vt 1.602147 0.866793 0.000000
vt 1.443766 0.348027 0.000000
vt 1.308148 0.483646 0.000000
vt 1.020897 0.023548 0.000000
vt 0.925000 0.189646 0.000000
vt 0.528455 -0.180428 0.000000
vt 0.478815 0.004831 0.000000
vt 0.000000 -0.250000 0.000000
vt 0.000000 -0.058207 0.000000
vt -10.000000 0.000000 0.000000
vt -20.494025 -0.000000 0.000000
vt -10.000000 -0.484329 0.000000
vt -20.494025 -0.484329 0.000000
vt -10.000000 -0.968658 0.000000
vt -20.494025 -0.968658 0.000000
vt -10.000000 -1.452987 0.000000
vt -20.494025 -1.452987 0.000000
vt -10.000000 -1.937315 0.000000
vt -20.494025 -1.937315 0.000000
vt -10.000000 -2.421644 0.000000
vt -20.494025 -2.421644 0.000000
vt -10.000000 -2.905973 0.000000
vt -20.494025 -2.905973 0.000000
vt -10.000000 -3.390302 0.000000
vt -20.494025 -3.390302 0.000000
vt -10.000000 -3.874631 0.000000
vt -20.494025 -3.874631 0.000000
vt -10.000000 -4.358960 0.000000
vt -20.494025 -4.358960 0.000000
vt -10.000000 -4.843289 0.000000
vt -20.494025 -4.843289 0.000000
vt -10.000000 -5.327618 0.000000
vt -20.494025 -5.327618 0.000000
vt -10.000000 -5.811946 0.000000
vt -20.494025 -5.811946 0.000000
vt 1.750000 0.000000 0.000000
vt 1.690370 -0.452933 0.000000
vt 1.850000 0.000000 0.000000
vt 1.786963 -0.478815 0.000000
vt 1.515544 -0.875000 0.000000
vt 1.602147 -0.925000 0.000000
vt 1.237437 -1.237437 0.000000
vt 1.308148 -1.308148 0.000000
vt 0.875000 -1.515544 0.000000
vt 0.925000 -1.602147 0.000000
vt 0.452933 -1.690370 0.000000
vt 0.478815 -1.786963 0.000000
vt 0.000000 -1.750000 0.000000
vt 0.000000 -1.850000 0.000000
vt -0.478815 -1.786963 0.000000
vt -0.452933 -1.690370 0.000000
vt -0.925000 -1.602147 0.000000
vt -0.875000 -1.515544 0.000000
vt -1.308148 -1.308148 0.000000
vt -1.237437 -1.237437 0.000000
vt -1.602147 -0.925000 0.000000
vt -1.515544 -0.875000 0.000000
vt -1.786963 -0.478815 0.000000
vt -1.690370 -0.452933 0.000000
vt -1.850000 -0.000000 0.000000
vt -1.750000 -0.000000 0.000000
vt -3.000000 -5.039638 0.000000
vt -3.000000 -5.497787 0.000000
vt 5.000000 -5.039638 0.000000
vt 7.666667 -5.497787 0.000000
vt 13.000000 -5.039638 0.000000
vt 18.333333 -5.497787 0.000000
vt 21.000000 -5.039638 0.000000
vt 29.000000 -5.497787 0.000000
vt 29.000000 -5.039638 0.000000
vt 21.000000 -4.581489 0.000000
vt 29.000000 -4.581489 0.000000
vt 21.000000 -4.123340 0.000000
vt 29.000000 -4.123340 0.000000
vt 21.000000 -3.665191 0.000000
vt 29.000000 -3.665191 0.000000
vt 21.000000 -3.207042 0.000000
vt 29.000000 -3.207042 0.000000
vt 21.000000 -2.748894 0.000000
vt 29.000000 -2.748894 0.000000
vt 21.000000 -2.290745 0.000000
vt 29.000000 -2.290745 0.000000
vt 21.000000 -1.832596 0.000000
vt 29.000000 -1.832596 0.000000
vt 21.000000 -1.374447 0.000000
vt 29.000000 -1.374447 0.000000
vt 21.000000 -0.916298 0.000000
vt 29.000000 -0.916298 0.000000
vt 21.000000 -0.458149 0.000000
vt 29.000000 -0.458149 0.000000
vt 29.000000 0.000000 0.000000
vt 18.333333 0.000000 0.000000
vt 13.000000 -0.458149 0.000000
vt 13.000000 -0.916298 0.000000
vt 13.000000 -1.374447 0.000000
vt 13.000000 -1.832596 0.000000
vt 13.000000 -2.290745 0.000000
vt 13.000000 -2.748894 0.000000
vt 13.000000 -3.207042 0.000000
vt 13.000000 -3.665191 0.000000
vt 13.000000 -4.123340 0.000000
vt 13.000000 -4.581489 0.000000
vt 7.666667 0.000000 0.000000
vt 5.000000 -0.458149 0.000000
vt 5.000000 -0.916298 0.000000
vt 5.000000 -1.374447 0.000000
vt 5.000000 -1.832596 0.000000
vt 5.000000 -2.290745 0.000000
vt 5.000000 -2.748894 0.000000
vt 5.000000 -3.207042 0.000000
vt 5.000000 -3.665191 0.000000
vt 5.000000 -4.123340 0.000000
vt 5.000000 -4.581489 0.000000
vt -3.000000 0.000000 0.000000
vt -3.000000 -0.458149 0.000000
vt -3.000000 -0.916298 0.000000
vt -3.000000 -1.374447 0.000000
vt -3.000000 -1.832596 0.000000
vt -3.000000 -2.290745 0.000000
vt -3.000000 -2.748894 0.000000
vt -3.000000 -3.207042 0.000000
vt -3.000000 -3.665191 0.000000
vt -3.000000 -4.123340 0.000000
vt -3.000000 -4.581489 0.000000
vt 3.000000 0.000000 0.000000
vt -0.383608 0.000000 0.000000
vt 3.000000 -0.484329 0.000000
vt -0.383608 -0.484329 0.000000
vt 3.000000 -0.968658 0.000000
vt -0.383608 -0.968658 0.000000
vt 3.000000 -1.452987 0.000000
vt -0.383608 -1.452987 0.000000
vt 3.000000 -1.937315 0.000000
vt -0.383608 -1.937315 0.000000
vt 3.000000 -2.421644 0.000000
vt -0.383608 -2.421644 0.000000
vt 3.000000 -2.905973 0.000000
vt -0.383608 -2.905973 0.000000
vt 3.000000 -3.390302 0.000000
vt -0.383608 -3.390302 0.000000
vt 3.000000 -3.874631 0.000000
vt -0.383608 -3.874631 0.000000
vt 3.000000 -4.358960 0.000000
vt -0.383608 -4.358960 0.000000
vt 3.000000 -4.843289 0.000000
vt -0.383608 -4.843289 0.000000
vt 3.000000 -5.327618 0.000000
vt -0.383608 -5.327618 0.000000
vt 3.000000 -5.811946 0.000000
vt -0.383608 -5.811946 0.000000
vt -4.597545 0.000000 0.000000
vt -9.000000 0.000000 0.000000
vt -4.597545 -0.484329 0.000000
vt -9.000000 -0.484329 0.000000
vt -4.597545 -0.968658 0.000000
vt -9.000000 -0.968658 0.000000
vt -4.597545 -1.452987 0.000000
vt -9.000000 -1.452987 0.000000
vt -4.597545 -1.937315 0.000000
vt -9.000000 -1.937315 0.000000
vt -4.597545 -2.421644 0.000000
vt -9.000000 -2.421644 0.000000
vt -4.597545 -2.905973 0.000000
vt -9.000000 -2.905973 0.000000
vt -4.597545 -3.390302 0.000000
vt -9.000000 -3.390302 0.000000
vt -4.597545 -3.874631 0.000000
vt -9.000000 -3.874631 0.000000
vt -4.597545 -4.358960 0.000000
vt -9.000000 -4.358960 0.000000
vt -4.597545 -4.843289 0.000000
vt -9.000000 -4.843289 0.000000
vt -4.597545 -5.327618 0.000000
vt -9.000000 -5.327618 0.000000
vt -4.597545 -5.811946 0.000000
vt -9.000000 -5.811946 0.000000
vt -1.750000 0.000000 0.000000
vt -1.850000 0.000000 0.000000
vt -1.690370 -0.452933 0.000000
vt -1.786963 -0.478815 0.000000
vt -1.515544 -0.875000 0.000000
vt -1.602147 -0.925000 0.000000
vt -1.237437 -1.237437 0.000000
vt -1.308148 -1.308148 0.000000
vt -0.875000 -1.515544 0.000000
vt -0.925000 -1.602147 0.000000
vt -0.452933 -1.690370 0.000000
vt -0.478815 -1.786963 0.000000
vt -0.000000 -1.750000 0.000000
vt -0.000000 -1.850000 0.000000
vt 0.478815 -1.786963 0.000000
vt 0.452933 -1.690370 0.000000
vt 0.925000 -1.602147 0.000000
vt 0.875000 -1.515544 0.000000
vt 1.308148 -1.308148 0.000000
vt 1.237437 -1.237437 0.000000
vt 1.602147 -0.925000 0.000000
vt 1.515544 -0.875000 0.000000
vt 1.786963 -0.478815 0.000000
vt 1.690370 -0.452933 0.000000
vt 1.850000 -0.000000 0.000000
vt 1.750000 -0.000000 0.000000
vt -0.000000 -2.988049 0.000000
vt -0.478815 -2.925012 0.000000
vt -0.000000 -4.638049 0.000000
vt -0.905867 -4.518789 0.000000
vt -0.925000 -2.740196 0.000000
vt -1.750000 -4.169138 0.000000
vt -1.308148 -2.446196 0.000000
vt -1.602147 -2.063049 0.000000
vt -2.474874 -3.612923 0.000000
vt -1.786963 -1.616864 0.000000
vt -3.031089 -2.888049 0.000000
vt -1.850000 -1.138049 0.000000
vt -3.380740 -2.043915 0.000000
vt -3.500000 -1.138049 0.000000
vt -3.380740 -0.232182 0.000000
vt -3.031089 0.611951 0.000000
vt -1.786963 -0.659234 0.000000
vt -2.474874 1.336825 0.000000
vt -1.602147 -0.213049 0.000000
vt -1.750000 1.893040 0.000000
vt -1.308148 0.170099 0.000000
vt -0.925000 0.464098 0.000000
vt -0.905867 2.242692 0.000000
vt -0.478815 0.648914 0.000000
vt 0.000000 2.361951 0.000000
vt 0.000000 0.711951 0.000000
vt 0.000000 -4.209840 0.000000
vt 0.478815 -4.272877 0.000000
vt 0.000000 0.000000 0.000000
vt 1.450215 -0.176088 0.000000
vt 0.925000 -4.457693 0.000000
vt 1.308148 -4.751692 0.000000
vt 2.816148 -0.694118 0.000000
vt 1.602147 -5.134840 0.000000
vt 1.786963 -5.581024 0.000000
vt 4.018417 -1.523985 0.000000
vt 1.850000 -6.059840 0.000000
vt 4.987150 -2.617458 0.000000
vt 5.666048 -3.910991 0.000000
vt 6.015657 -5.329407 0.000000
vt 6.015657 -6.790273 0.000000
vt 5.666048 -8.208688 0.000000
vt 4.987150 -9.502221 0.000000
vt 4.018417 -10.595695 0.000000
vt 1.786963 -6.538655 0.000000
vt 2.816148 -11.425561 0.000000
vt 1.602147 -6.984840 0.000000
vt 1.308148 -7.367987 0.000000
vt 1.450215 -11.943591 0.000000
vt 0.925000 -7.661987 0.000000
vt 0.478815 -7.846802 0.000000
vt 0.000000 -7.909840 0.000000
vt 0.000000 -12.119679 0.000000
vt 0.338150 -6.150448 0.000000
vt 0.003237 -6.150448 0.000000
vt 0.338150 -6.662985 0.000000
vt 0.003237 -6.662985 0.000000
vt 0.338150 -7.175522 0.000000
vt 0.003237 -7.175522 0.000000
vt 0.338150 -7.688060 0.000000
vt 0.003237 -7.688060 0.000000
vt 0.338150 -8.200597 0.000000
vt 0.003237 -8.200597 0.000000
vt 0.338150 -8.713134 0.000000
vt 0.003237 -8.713134 0.000000
vt 0.338150 -9.225671 0.000000
vt 0.003237 -9.225671 0.000000
vt 0.338150 -9.738209 0.000000
vt 0.003237 -9.738209 0.000000
vt 0.338150 -10.250746 0.000000
vt 0.003237 -10.250746 0.000000
vt 0.338150 -10.763283 0.000000
vt 0.003237 -10.763283 0.000000
vt 0.338150 -11.275821 0.000000
vt 0.003237 -11.275821 0.000000
vt 0.338150 -11.788358 0.000000
vt 0.003237 -11.788358 0.000000
vt 0.338150 -12.300895 0.000000
vt 0.003237 -12.300895 0.000000
vt 1.883071 3.034462 0.000000
vt 1.952412 3.034462 0.000000
vt 1.744389 3.540206 0.000000
vt 1.952412 3.540206 0.000000
vt 1.744389 4.045950 0.000000
vt 1.952412 4.045950 0.000000
vt 1.744389 4.551694 0.000000
vt 1.952412 4.551694 0.000000
vt 1.744389 5.057437 0.000000
vt 1.952412 5.057437 0.000000
vt 1.744389 5.563181 0.000000
vt 1.952412 5.563181 0.000000
vt 1.744389 6.068925 0.000000
vt 1.952412 6.068925 0.000000
vt 1.744389 6.574669 0.000000
vt 1.952412 6.574669 0.000000
vt 1.744389 7.080412 0.000000
vt 1.952412 7.080412 0.000000
vt 1.744389 7.586156 0.000000
vt 1.952412 7.586156 0.000000
vt 1.744389 8.091900 0.000000
vt 1.952412 8.091900 0.000000
vt 1.744389 8.597644 0.000000
vt 1.952412 8.597644 0.000000
vt 1.744389 9.103387 0.000000
vt 1.813730 9.103387 0.000000
vt 1.883071 9.103387 0.000000
vt 1.952412 9.103387 0.000000
vt 1.744389 3.034462 0.000000
vt 1.813730 3.034462 0.000000
vt -0.000000 -19.235799 0.000000
vt -0.000000 -17.500000 0.000000
vt -2.461621 -19.042066 0.000000
vt -2.304324 -17.309058 0.000000
vt -4.862629 -18.465635 0.000000
vt -4.545793 -16.741441 0.000000
vt -7.143903 -17.520700 0.000000
vt -6.663264 -15.812633 0.000000
vt -9.249271 -16.230529 0.000000
vt -8.598978 -14.547967 0.000000
vt -11.126890 -14.626890 0.000000
vt -10.300135 -12.981942 0.000000
vt -12.730529 -12.749271 0.000000
vt -11.720331 -11.157274 0.000000
vt -14.020700 -10.643903 0.000000
vt -12.820827 -9.123736 0.000000
vt -14.965635 -8.362629 0.000000
vt -13.571604 -6.936797 0.000000
vt -15.542066 -5.961621 0.000000
vt -13.952183 -4.656111 0.000000
vt -15.735799 -3.500000 0.000000
vt -13.952183 -2.343889 0.000000
vt -15.542066 -1.038379 0.000000
vt -13.571604 -0.063203 0.000000
vt -14.965635 1.362629 0.000000
vt -12.820827 2.123736 0.000000
vt -14.020700 3.643903 0.000000
vt -11.720331 4.157274 0.000000
vt -12.730529 5.749271 0.000000
vt -10.300135 5.981942 0.000000
vt -11.126890 7.626890 0.000000
vt -8.598978 7.547967 0.000000
vt -9.249271 9.230529 0.000000
vt -6.663264 8.812633 0.000000
vt -7.143903 10.520700 0.000000
vt -4.545793 9.741441 0.000000
vt -4.862629 11.465635 0.000000
vt -2.304324 10.309058 0.000000
vt -2.461621 12.042066 0.000000
vt 0.000000 10.500000 0.000000
vt 0.000000 12.235799 0.000000
vt 0.000000 0.000000 0.000000
vt 0.000000 1.419794 0.000000
vt -0.905867 -0.119260 0.000000
vt -1.273336 1.252157 0.000000
vt -1.750000 -0.468911 0.000000
vt -2.459897 0.760667 0.000000
vt -2.474874 -1.025126 0.000000
vt -3.478820 -0.021180 0.000000
vt -3.031089 -1.750000 0.000000
vt -4.260667 -1.040103 0.000000
vt -3.380740 -2.594133 0.000000
vt -4.752157 -2.226664 0.000000
vt -3.500000 -3.500000 0.000000
vt -4.919794 -3.500000 0.000000
vt -4.752157 -4.773336 0.000000
vt -3.380740 -4.405867 0.000000
vt -4.260667 -5.959897 0.000000
vt -3.031089 -5.250000 0.000000
vt -3.478820 -6.978820 0.000000
vt -2.474874 -5.974874 0.000000
vt -2.459897 -7.760667 0.000000
vt -1.750000 -6.531089 0.000000
vt -1.273336 -8.252157 0.000000
vt -0.905867 -6.880740 0.000000
vt -0.000000 -8.419794 0.000000
vt -0.000000 -7.000000 0.000000
vt -0.000000 -15.000000 0.000000
vt -0.000000 -9.500000 0.000000
vt -2.113119 -14.804191 0.000000
vt -1.435894 -9.325651 0.000000
vt -4.154279 -14.223431 0.000000
vt -2.788339 -8.812736 0.000000
vt -6.053970 -13.277497 0.000000
vt -3.978736 -7.991064 0.000000
vt -7.747500 -11.998603 0.000000
vt -9.177198 -10.430298 0.000000
vt -4.937903 -6.908388 0.000000
vt -10.294378 -8.625991 0.000000
vt -5.610097 -5.627629 0.000000
vt -11.060995 -6.647124 0.000000
vt -5.956253 -4.223220 0.000000
vt -11.450943 -4.561086 0.000000
vt -5.956253 -2.776780 0.000000
vt -11.450943 -2.438914 0.000000
vt -11.060995 -0.352876 0.000000
vt -5.610097 -1.372371 0.000000
vt -10.294378 1.625991 0.000000
vt -4.937903 -0.091612 0.000000
vt -9.177198 3.430298 0.000000
vt -3.978736 0.991064 0.000000
vt -7.747500 4.998603 0.000000
vt -6.053970 6.277497 0.000000
vt -2.788339 1.812736 0.000000
vt -4.154279 7.223431 0.000000
vt -1.435894 2.325651 0.000000
vt -2.113119 7.804191 0.000000
vt 0.000000 2.500000 0.000000
vt 0.000000 8.000000 0.000000
vt -0.500000 0.000000 0.000000
vt 0.500000 0.000000 0.000000
vt -0.500000 1.464427 0.000000
vt 0.500000 1.464427 0.000000
vt -0.500000 2.928853 0.000000
vt 0.500000 2.928853 0.000000
vt -0.500000 4.393280 0.000000
vt 0.500000 4.393280 0.000000
vt -0.500000 5.857707 0.000000
vt 0.500000 5.857707 0.000000
vt -0.500000 7.322134 0.000000
vt 0.500000 7.322134 0.000000
vt -0.500000 8.786560 0.000000
vt 0.500000 8.786560 0.000000
vt -0.500000 10.250987 0.000000
vt 0.500000 10.250987 0.000000
vt -0.500000 11.715414 0.000000
vt 0.500000 11.715414 0.000000
vt -0.500000 13.179841 0.000000
vt 0.500000 13.179841 0.000000
vt -0.500000 14.644267 0.000000
vt 0.500000 14.644267 0.000000
vt -0.500000 16.108694 0.000000
vt 0.500000 16.108694 0.000000
vt -0.500000 17.573121 0.000000
vt 0.500000 17.573121 0.000000
vt -0.500000 19.037547 0.000000
vt 0.500000 19.037547 0.000000
vt 0.000000 0.000000 0.000000
vt 0.000000 -2.700000 0.000000
vt 1.821273 -0.191424 0.000000
vt 1.450215 -2.876088 0.000000
vt 3.562948 -0.757328 0.000000
vt 2.816148 -3.394118 0.000000
vt 5.148905 -1.672980 0.000000
vt 4.018417 -4.223985 0.000000
vt 6.509829 -2.898363 0.000000
vt 4.987150 -5.317458 0.000000
vt 7.586244 -4.379920 0.000000
vt 5.666048 -6.610991 0.000000
vt 8.331103 -6.052900 0.000000
vt 6.015657 -8.029407 0.000000
vt 8.711852 -7.844187 0.000000
vt 6.015657 -9.490273 0.000000
vt 8.711852 -9.675492 0.000000
vt 8.331103 -11.466779 0.000000
vt 5.666048 -10.908688 0.000000
vt 7.586244 -13.139759 0.000000
vt 4.987150 -12.202221 0.000000
vt 6.509829 -14.621316 0.000000
vt 4.018417 -13.295695 0.000000
vt 5.148905 -15.846699 0.000000
vt 2.816148 -14.125561 0.000000
vt 3.562948 -16.762351 0.000000
vt 1.450215 -14.643591 0.000000
vt 1.821273 -17.328256 0.000000
vt 0.000000 -14.819679 0.000000
vt 0.000000 -17.519679 0.000000
vt -0.500000 0.000000 0.000000
vt 0.500000 0.000000 0.000000
vt -0.500000 1.834657 0.000000
vt 0.500000 1.834657 0.000000
vt -0.500000 3.669313 0.000000
vt 0.500000 3.669313 0.000000
vt -0.500000 5.503970 0.000000
vt 0.500000 5.503970 0.000000
vt -0.500000 7.338626 0.000000
vt 0.500000 7.338626 0.000000
vt -0.500000 9.173283 0.000000
vt 0.500000 9.173283 0.000000
vt -0.500000 11.007939 0.000000
vt 0.500000 11.007939 0.000000
vt -0.500000 12.842596 0.000000
vt 0.500000 12.842596 0.000000
vt -0.500000 14.677252 0.000000
vt 0.500000 14.677252 0.000000
vt -0.500000 16.511909 0.000000
vt 0.500000 16.511909 0.000000
vt -0.500000 18.346565 0.000000
vt 0.500000 18.346565 0.000000
vt -0.500000 20.181222 0.000000
vt 0.500000 20.181222 0.000000
vt -0.500000 22.015878 0.000000
vt 0.500000 22.015878 0.000000
vt -0.500000 23.850535 0.000000
vt 0.500000 23.850535 0.000000
vt -0.500000 25.685191 0.000000
vt 0.500000 25.685191 0.000000
vt -0.500000 27.519848 0.000000
vt 0.500000 27.519848 0.000000
vt -1.250000 0.000000 0.000000
vt 1.250000 0.000000 0.000000
vt -1.250000 2.471774 0.000000
vt 1.250000 2.471774 0.000000
vt -1.250000 4.943547 0.000000
vt 1.250000 4.943547 0.000000
vt -1.250000 7.415321 0.000000
vt 1.250000 7.415321 0.000000
vt -1.250000 9.887094 0.000000
vt 1.250000 9.887094 0.000000
vt -1.250000 12.358868 0.000000
vt 1.250000 12.358868 0.000000
vt -1.250000 14.830641 0.000000
vt 1.250000 14.830641 0.000000
vt -1.250000 17.302415 0.000000
vt 1.250000 17.302415 0.000000
vt -1.250000 19.774189 0.000000
vt 1.250000 19.774189 0.000000
vt -1.250000 22.245962 0.000000
vt 1.250000 22.245962 0.000000
vt -1.250000 24.717736 0.000000
vt 1.250000 24.717736 0.000000
vt -1.250000 27.189509 0.000000
vt 1.250000 27.189509 0.000000
vt -1.250000 29.661283 0.000000
vt 1.250000 29.661283 0.000000
vt -1.250000 32.133057 0.000000
vt 1.250000 32.133057 0.000000
vt -1.250000 34.604830 0.000000
vt 1.250000 34.604830 0.000000
vt -1.250000 37.076604 0.000000
vt 1.250000 37.076604 0.000000
vt -1.250000 39.548377 0.000000
vt 1.250000 39.548377 0.000000
vt -1.250000 42.020151 0.000000
vt 1.250000 42.020151 0.000000
vt -1.250000 44.491924 0.000000
vt 1.250000 44.491924 0.000000
vt -1.250000 46.963698 0.000000
vt 1.250000 46.963698 0.000000
vt -1.250000 49.435472 0.000000
vt 1.250000 49.435472 0.000000
vt -0.750000 0.000000 0.000000
vt 0.750000 0.000000 0.000000
vt -0.750000 0.916298 0.000000
vt 0.750000 0.916298 0.000000
vt -0.750000 1.832596 0.000000
vt 0.750000 1.832596 0.000000
vt -0.750000 2.748894 0.000000
vt 0.750000 2.748894 0.000000
vt -0.750000 3.665191 0.000000
vt 0.750000 3.665191 0.000000
vt -0.750000 4.581489 0.000000
vt 0.750000 4.581489 0.000000
vt -0.750000 5.497787 0.000000
vt 0.750000 5.497787 0.000000
vt -0.750000 6.414085 0.000000
vt 0.750000 6.414085 0.000000
vt -0.750000 7.330383 0.000000
vt 0.750000 7.330383 0.000000
vt -0.750000 8.246681 0.000000
vt 0.750000 8.246681 0.000000
vt -0.750000 9.162979 0.000000
vt 0.750000 9.162979 0.000000
vt -0.750000 10.079276 0.000000
vt 0.750000 10.079276 0.000000
vt -0.750000 10.995574 0.000000
vt 0.750000 10.995574 0.000000
vt -1.250000 0.000000 0.000000
vt 1.250000 0.000000 0.000000
vt -1.250000 1.449966 0.000000
vt 1.250000 1.449966 0.000000
vt -1.250000 2.899932 0.000000
vt 1.250000 2.899932 0.000000
vt -1.250000 4.349898 0.000000
vt 1.250000 4.349898 0.000000
vt -1.250000 5.799863 0.000000
vt 1.250000 5.799863 0.000000
vt -1.250000 7.249829 0.000000
vt 1.250000 7.249829 0.000000
vt -1.250000 8.699795 0.000000
vt 1.250000 8.699795 0.000000
vt -1.250000 10.149761 0.000000
vt 1.250000 10.149761 0.000000
vt -1.250000 11.599727 0.000000
vt 1.250000 11.599727 0.000000
vt -1.250000 13.049693 0.000000
vt 1.250000 13.049693 0.000000
vt -1.250000 14.499658 0.000000
vt 1.250000 14.499658 0.000000
vt -1.250000 15.949624 0.000000
vt 1.250000 15.949624 0.000000
vt -1.250000 17.399590 0.000000
vt 1.250000 17.399590 0.000000
vt -1.250000 18.849556 0.000000
vt 1.250000 18.849556 0.000000
vt -1.250000 0.000000 0.000000
vt 1.250000 0.000000 0.000000
vt -1.250000 1.287999 0.000000
vt 1.250000 1.287999 0.000000
vt -1.250000 2.575998 0.000000
vt 1.250000 2.575998 0.000000
vt -1.250000 3.863998 0.000000
vt 1.250000 3.863998 0.000000
vt -1.250000 5.151997 0.000000
vt 1.250000 5.151997 0.000000
vt -1.250000 6.439996 0.000000
vt 1.250000 6.439996 0.000000
vt -1.250000 7.727995 0.000000
vt 1.250000 7.727995 0.000000
vt -1.250000 9.015994 0.000000
vt 1.250000 9.015994 0.000000
vt -1.250000 10.303993 0.000000
vt 1.250000 10.303993 0.000000
vt -1.250000 11.591993 0.000000
vt 1.250000 11.591993 0.000000
vt -1.250000 12.879992 0.000000
vt 1.250000 12.879992 0.000000
vt -1.250000 14.167991 0.000000
vt 1.250000 14.167991 0.000000
vt -1.250000 15.455990 0.000000
vt 1.250000 15.455990 0.000000
vt -1.250000 0.000000 0.000000
vt 1.250000 0.000000 0.000000
vt -1.250000 2.125195 0.000000
vt 1.250000 2.125195 0.000000
vt -1.250000 4.250390 0.000000
vt 1.250000 4.250390 0.000000
vt -1.250000 6.375585 0.000000
vt 1.250000 6.375585 0.000000
vt -1.250000 8.500780 0.000000
vt 1.250000 8.500780 0.000000
vt -1.250000 10.625975 0.000000
vt 1.250000 10.625975 0.000000
vt -1.250000 12.751170 0.000000
vt 1.250000 12.751170 0.000000
vt -1.250000 14.876365 0.000000
vt 1.250000 14.876365 0.000000
vt -1.250000 17.001560 0.000000
vt 1.250000 17.001560 0.000000
vt -1.250000 19.126755 0.000000
vt 1.250000 19.126755 0.000000
vt -1.250000 21.251950 0.000000
vt 1.250000 21.251950 0.000000
vt -1.250000 23.377145 0.000000
vt 1.250000 23.377145 0.000000
vt -1.250000 25.502340 0.000000
vt 1.250000 25.502340 0.000000
vt -1.250000 27.627535 0.000000
vt 1.250000 27.627535 0.000000
vt -1.250000 29.752730 0.000000
vt 1.250000 29.752730 0.000000
vt -1.250000 31.877925 0.000000
vt 1.250000 31.877925 0.000000
vt -1.250000 34.003120 0.000000
vt 1.250000 34.003120 0.000000
vt -1.250000 36.128316 0.000000
vt 1.250000 36.128316 0.000000
vt -1.250000 0.000000 0.000000
vt 1.250000 0.000000 0.000000
vt -1.250000 2.314858 0.000000
vt 1.250000 2.314858 0.000000
vt -1.250000 4.629715 0.000000
vt 1.250000 4.629715 0.000000
vt -1.250000 6.944573 0.000000
vt 1.250000 6.944573 0.000000
vt -1.250000 9.259431 0.000000
vt 1.250000 9.259431 0.000000
vt -1.250000 11.574289 0.000000
vt 1.250000 11.574289 0.000000
vt -1.250000 13.889146 0.000000
vt 1.250000 13.889146 0.000000
vt -1.250000 16.204004 0.000000
vt 1.250000 16.204004 0.000000
vt -1.250000 18.518862 0.000000
vt 1.250000 18.518862 0.000000
vt -1.250000 20.833720 0.000000
vt 1.250000 20.833720 0.000000
vt -1.250000 23.148577 0.000000
vt 1.250000 23.148577 0.000000
vt -1.250000 25.463435 0.000000
vt 1.250000 25.463435 0.000000
vt -1.250000 27.778293 0.000000
vt 1.250000 27.778293 0.000000
vt -1.250000 30.093151 0.000000
vt 1.250000 30.093151 0.000000
vt -1.250000 32.408008 0.000000
vt 1.250000 32.408008 0.000000
vt -1.250000 34.722866 0.000000
vt 1.250000 34.722866 0.000000
vt -1.250000 37.037724 0.000000
vt 1.250000 37.037724 0.000000
vt -1.250000 39.352582 0.000000
vt 1.250000 39.352582 0.000000
vt -1.250000 41.667439 0.000000
vt 1.250000 41.667439 0.000000
vt -1.250000 43.982297 0.000000
vt 1.250000 43.982297 0.000000
vt 0.000000 -20.000000 0.000000
vt 0.000000 -21.919794 0.000000
vt 0.776457 -19.897777 0.000000
vt 1.273336 -21.752157 0.000000
vt 1.500000 -19.598076 0.000000
vt 2.459897 -21.260667 0.000000
vt 2.121320 -19.121320 0.000000
vt 2.598076 -18.500000 0.000000
vt 3.478820 -20.478820 0.000000
vt 2.897777 -17.776457 0.000000
vt 4.260667 -19.459897 0.000000
vt 3.000000 -17.000000 0.000000
vt 4.752157 -18.273336 0.000000
vt 4.919794 -17.000000 0.000000
vt 4.752157 -15.726664 0.000000
vt 4.260667 -14.540103 0.000000
vt 2.897777 -16.223543 0.000000
vt 3.478820 -13.521180 0.000000
vt 2.598076 -15.500000 0.000000
vt 2.459897 -12.739333 0.000000
vt 2.121320 -14.878680 0.000000
vt 1.500000 -14.401924 0.000000
vt 1.273336 -12.247843 0.000000
vt 0.776457 -14.102223 0.000000
vt 0.000000 -12.080206 0.000000
vt 0.000000 -14.000000 0.000000
vt 0.000000 -28.500000 0.000000
vt 2.113119 -28.304191 0.000000
vt 0.000000 -23.000000 0.000000
vt 1.435894 -22.825651 0.000000
vt 4.154279 -27.723431 0.000000
vt 2.788339 -22.312736 0.000000
vt 6.053970 -26.777497 0.000000
vt 3.978736 -21.491064 0.000000
vt 7.747500 -25.498603 0.000000
vt 9.177198 -23.930298 0.000000
vt 4.937903 -20.408388 0.000000
vt 10.294378 -22.125991 0.000000
vt 5.610097 -19.127629 0.000000
vt 11.060995 -20.147124 0.000000
vt 5.956253 -17.723220 0.000000
vt 11.450943 -18.061086 0.000000
vt 11.450943 -15.938914 0.000000
vt 5.956253 -16.276780 0.000000
vt 11.060995 -13.852876 0.000000
vt 5.610097 -14.872371 0.000000
vt 10.294378 -11.874009 0.000000
vt 4.937903 -13.591612 0.000000
vt 9.177198 -10.069702 0.000000
vt 3.978736 -12.508936 0.000000
vt 7.747500 -8.501397 0.000000
vt 6.053970 -7.222503 0.000000
vt 2.788339 -11.687264 0.000000
vt 4.154279 -6.276569 0.000000
vt 1.435894 -11.174349 0.000000
vt 2.113119 -5.695809 0.000000
vt 0.000000 -11.000000 0.000000
vt 0.000000 -5.500000 0.000000
vt -0.732112 0.000000 0.000000
vt 0.732112 0.000000 0.000000
vt -0.732112 0.663072 0.000000
vt 0.732112 0.663072 0.000000
vt -0.732112 1.326144 0.000000
vt 0.732112 1.326144 0.000000
vt -0.732112 1.989216 0.000000
vt 0.732112 1.989216 0.000000
vt -0.732112 2.652288 0.000000
vt 0.732112 2.652288 0.000000
vt -0.732112 3.315360 0.000000
vt 0.732112 3.315360 0.000000
vt -0.732112 3.978432 0.000000
vt 0.732112 3.978432 0.000000
vt -0.732112 4.641504 0.000000
vt 0.732112 4.641504 0.000000
vt -0.732112 5.304576 0.000000
vt 0.732112 5.304576 0.000000
vt -0.732112 5.967648 0.000000
vt 0.732112 5.967648 0.000000
vt -0.732112 6.630720 0.000000
vt 0.732112 6.630720 0.000000
vt -0.732112 7.293791 0.000000
vt 0.732112 7.293791 0.000000
vt -0.732112 7.956863 0.000000
vt 0.732112 7.956863 0.000000
vt -1.750000 0.000000 0.000000
vt 1.750000 0.000000 0.000000
vt -1.750000 0.785398 0.000000
vt 1.750000 0.785398 0.000000
vt -1.750000 1.570796 0.000000
vt 1.750000 1.570796 0.000000
vt -1.750000 2.356194 0.000000
vt 1.750000 2.356194 0.000000
vt -1.750000 3.141593 0.000000
vt 1.750000 3.141593 0.000000
vt -1.750000 3.926991 0.000000
vt 1.750000 3.926991 0.000000
vt -1.750000 4.712389 0.000000
vt 1.750000 4.712389 0.000000
vt -1.750000 5.497787 0.000000
vt 1.750000 5.497787 0.000000
vt -1.750000 6.283185 0.000000
vt 1.750000 6.283185 0.000000
vt -1.750000 7.068583 0.000000
vt 1.750000 7.068583 0.000000
vt -1.750000 7.853982 0.000000
vt 1.750000 7.853982 0.000000
vt -1.750000 8.639380 0.000000
vt 1.750000 8.639380 0.000000
vt -1.750000 9.424778 0.000000
vt 1.750000 9.424778 0.000000
vt 0.000000 5.000000 0.000000
vt -1.663294 4.825181 0.000000
vt 0.000000 0.000000 0.000000
vt -0.776457 -0.102223 0.000000
vt -3.253893 4.308364 0.000000
vt -1.500000 -0.401924 0.000000
vt -4.702282 3.472136 0.000000
vt -2.121320 -0.878680 0.000000
vt -5.945159 2.353045 0.000000
vt -2.598076 -1.500000 0.000000
vt -6.928203 1.000000 0.000000
vt -7.608452 -0.527864 0.000000
vt -2.897777 -2.223543 0.000000
vt -7.956175 -2.163772 0.000000
vt -3.000000 -3.000000 0.000000
vt -7.956175 -3.836228 0.000000
vt -2.897777 -3.776457 0.000000
vt -7.608452 -5.472136 0.000000
vt -2.598076 -4.500000 0.000000
vt -6.928203 -7.000000 0.000000
vt -5.945159 -8.353045 0.000000
vt -2.121320 -5.121320 0.000000
vt -4.702282 -9.472136 0.000000
vt -1.500000 -5.598076 0.000000
vt -3.253893 -10.308364 0.000000
vt -0.776457 -5.897777 0.000000
vt -1.663294 -10.825181 0.000000
vt -0.000000 -6.000000 0.000000
vt -0.000000 -11.000000 0.000000
vt -1.250000 0.000000 0.000000
vt 1.250000 0.000000 0.000000
vt -1.250000 1.675516 0.000000
vt 1.250000 1.675516 0.000000
vt 1.250000 3.351032 0.000000
vt -1.250000 3.351032 0.000000
vt 1.250000 5.026548 0.000000
vt -1.250000 5.026548 0.000000
vt 1.250000 6.702064 0.000000
vt -1.250000 6.702064 0.000000
vt 1.250000 8.377580 0.000000
vt -1.250000 8.377580 0.000000
vt 1.250000 10.053096 0.000000
vt -1.250000 10.053096 0.000000
vt 1.250000 11.728613 0.000000
vt -1.250000 11.728613 0.000000
vt 1.250000 13.404129 0.000000
vt -1.250000 13.404129 0.000000
vt 1.250000 15.079645 0.000000
vt -1.250000 15.079645 0.000000
vt 1.250000 16.755161 0.000000
vt -1.250000 16.755161 0.000000
vt 1.250000 18.430677 0.000000
vt -1.250000 18.430677 0.000000
vt 1.250000 20.106193 0.000000
vt -1.250000 20.106193 0.000000
vt 1.250000 21.781709 0.000000
vt -1.250000 21.781709 0.000000
vt 1.250000 23.457225 0.000000
vt -1.250000 23.457225 0.000000
vt -1.250000 25.132741 0.000000
vt 1.250000 25.132741 0.000000
vt 0.000000 2.500000 0.000000
vt -1.929370 2.321218 0.000000
vt 0.000000 0.000000 0.000000
vt -1.663294 -0.174819 0.000000
vt -3.793037 1.790958 0.000000
vt -3.253893 -0.691636 0.000000
vt -5.527538 0.927280 0.000000
vt -4.702282 -1.527864 0.000000
vt -7.073804 -0.240406 0.000000
vt -5.945159 -2.646955 0.000000
vt -8.379181 -1.672336 0.000000
vt -6.928203 -4.000000 0.000000
vt -9.399215 -3.319747 0.000000
vt -7.608452 -5.527864 0.000000
vt -10.099169 -5.126539 0.000000
vt -7.956175 -7.163772 0.000000
vt -10.455209 -7.031182 0.000000
vt -10.455209 -8.968818 0.000000
vt -7.956175 -8.836228 0.000000
vt -10.099169 -10.873461 0.000000
vt -7.608452 -10.472136 0.000000
vt -9.399215 -12.680253 0.000000
vt -6.928203 -12.000000 0.000000
vt -8.379181 -14.327664 0.000000
vt -5.945159 -13.353045 0.000000
vt -7.073804 -15.759594 0.000000
vt -4.702282 -14.472136 0.000000
vt -5.527538 -16.927280 0.000000
vt -3.253893 -15.308364 0.000000
vt -3.793037 -17.790958 0.000000
vt -1.663294 -15.825181 0.000000
vt -1.929370 -18.321218 0.000000
vt -0.000000 -16.000000 0.000000
vt -0.000000 -18.500000 0.000000
vt -1.250000 0.000000 0.000000
vt 1.250000 0.000000 0.000000
vt -1.250000 1.940395 0.000000
vt 1.250000 1.940395 0.000000
vt -1.250000 3.880791 0.000000
vt 1.250000 3.880791 0.000000
vt -1.250000 5.821186 0.000000
vt 1.250000 5.821186 0.000000
vt -1.250000 7.761582 0.000000
vt 1.250000 7.761582 0.000000
vt -1.250000 9.701977 0.000000
vt 1.250000 9.701977 0.000000
vt -1.250000 11.642373 0.000000
vt 1.250000 11.642373 0.000000
vt -1.250000 13.582768 0.000000
vt 1.250000 13.582768 0.000000
vt -1.250000 15.523164 0.000000
vt 1.250000 15.523164 0.000000
vt -1.250000 17.463559 0.000000
vt 1.250000 17.463559 0.000000
vt -1.250000 19.403955 0.000000
vt 1.250000 19.403955 0.000000
vt -1.250000 21.344350 0.000000
vt 1.250000 21.344350 0.000000
vt -1.250000 23.284746 0.000000
vt 1.250000 23.284746 0.000000
vt -1.250000 25.225141 0.000000
vt 1.250000 25.225141 0.000000
vt -1.250000 27.165536 0.000000
vt 1.250000 27.165536 0.000000
vt -1.250000 29.105932 0.000000
vt 1.250000 29.105932 0.000000
vt -1.250000 31.046327 0.000000
vt 1.250000 31.046327 0.000000
vt -1.250000 32.986723 0.000000
vt 1.250000 32.986723 0.000000
vt 0.000000 6.500000 0.000000
vt -2.533719 6.310124 0.000000
vt 0.000000 0.000000 0.000000
vt -1.929370 -0.178782 0.000000
vt -5.010838 5.744738 0.000000
vt -3.793037 -0.709042 0.000000
vt -7.376024 4.816471 0.000000
vt -5.527538 -1.572720 0.000000
vt -9.576441 3.546059 0.000000
vt -7.073804 -2.740406 0.000000
vt -11.562937 1.961882 0.000000
vt -8.379181 -4.172336 0.000000
vt -13.291135 0.099327 0.000000
vt -9.399215 -5.819747 0.000000
vt -14.722432 -2.000000 0.000000
vt -10.099169 -7.626539 0.000000
vt -15.824854 -4.289203 0.000000
vt -16.573775 -6.717144 0.000000
vt -10.455209 -9.531182 0.000000
vt -16.952465 -9.229588 0.000000
vt -16.952465 -11.770412 0.000000
vt -10.455209 -11.468818 0.000000
vt -16.573775 -14.282856 0.000000
vt -10.099169 -13.373461 0.000000
vt -15.824854 -16.710797 0.000000
vt -14.722432 -19.000000 0.000000
vt -9.399215 -15.180253 0.000000
vt -13.291135 -21.099327 0.000000
vt -8.379181 -16.827664 0.000000
vt -11.562937 -22.961882 0.000000
vt -7.073804 -18.259594 0.000000
vt -9.576441 -24.546059 0.000000
vt -5.527538 -19.427280 0.000000
vt -7.376024 -25.816471 0.000000
vt -3.793037 -20.290958 0.000000
vt -5.010838 -26.744738 0.000000
vt -1.929370 -20.821218 0.000000
vt -2.533719 -27.310124 0.000000
vt -0.000000 -21.000000 0.000000
vt -0.000000 -27.500000 0.000000
vt -1.250000 0.000000 0.000000
vt 1.250000 0.000000 0.000000
vt -1.250000 2.543194 0.000000
vt 1.250000 2.543194 0.000000
vt -1.250000 5.086388 0.000000
vt 1.250000 5.086388 0.000000
vt -1.250000 7.629582 0.000000
vt 1.250000 7.629582 0.000000
vt -1.250000 10.172776 0.000000
vt 1.250000 10.172776 0.000000
vt -1.250000 12.715970 0.000000
vt 1.250000 12.715970 0.000000
vt -1.250000 15.259164 0.000000
vt 1.250000 15.259164 0.000000
vt -1.250000 17.802358 0.000000
vt 1.250000 17.802358 0.000000
vt -1.250000 20.345552 0.000000
vt 1.250000 20.345552 0.000000
vt -1.250000 22.888746 0.000000
vt 1.250000 22.888746 0.000000
vt -1.250000 25.431941 0.000000
vt 1.250000 25.431941 0.000000
vt -1.250000 27.975135 0.000000
vt 1.250000 27.975135 0.000000
vt -1.250000 30.518329 0.000000
vt 1.250000 30.518329 0.000000
vt -1.250000 33.061523 0.000000
vt 1.250000 33.061523 0.000000
vt -1.250000 35.604717 0.000000
vt 1.250000 35.604717 0.000000
vt -1.250000 38.147911 0.000000
vt 1.250000 38.147911 0.000000
vt -1.250000 40.691105 0.000000
vt 1.250000 40.691105 0.000000
vt -1.250000 43.234299 0.000000
vt 1.250000 43.234299 0.000000
vt -1.250000 45.777493 0.000000
vt 1.250000 45.777493 0.000000
vt -1.250000 48.320687 0.000000
vt 1.250000 48.320687 0.000000
vt -1.250000 50.863881 0.000000
vt 1.250000 50.863881 0.000000
vt -1.250000 53.407075 0.000000
vt 1.250000 53.407075 0.000000
vt -0.218093 0.000000 0.000000
vt 0.218093 0.000000 0.000000
vt -0.218093 0.728794 0.000000
vt 0.218093 0.728794 0.000000
vt -0.218093 1.457587 0.000000
vt 0.218093 1.457587 0.000000
vt -0.218093 2.186381 0.000000
vt 0.218093 2.186381 0.000000
vt -0.218093 2.915175 0.000000
vt 0.218093 2.915175 0.000000
vt -0.218093 3.643969 0.000000
vt 0.218093 3.643969 0.000000
vt -0.218093 4.372762 0.000000
vt 0.218093 4.372762 0.000000
vt -0.218093 5.101556 0.000000
vt 0.218093 5.101556 0.000000
vt -0.218093 5.830350 0.000000
vt 0.218093 5.830350 0.000000
vt -0.218093 6.559143 0.000000
vt 0.218093 6.559143 0.000000
vt -0.218093 7.287937 0.000000
vt 0.218093 7.287937 0.000000
vt -0.218093 8.016731 0.000000
vt 0.218093 8.016731 0.000000
vt -0.218093 8.745524 0.000000
vt 0.218093 8.745524 0.000000
vt 1.446867 3.805330 0.000000
vt 1.546041 3.805330 0.000000
vt 1.446867 4.439551 0.000000
vt 1.645215 3.805330 0.000000
vt 1.595628 4.439551 0.000000
vt 1.744389 3.805330 0.000000
vt 1.744389 4.439551 0.000000
vt 1.595628 5.073773 0.000000
vt 1.744389 5.073773 0.000000
vt 1.595628 5.707994 0.000000
vt 1.744389 5.707994 0.000000
vt 1.595628 6.342216 0.000000
vt 1.744389 6.342216 0.000000
vt 1.595628 6.976438 0.000000
vt 1.744389 6.976438 0.000000
vt 1.595628 7.610659 0.000000
vt 1.744389 7.610659 0.000000
vt 1.595628 8.244881 0.000000
vt 1.744389 8.244881 0.000000
vt 1.595628 8.879103 0.000000
vt 1.744389 8.879103 0.000000
vt 1.595628 9.513324 0.000000
vt 1.744389 9.513324 0.000000
vt 1.595628 10.147546 0.000000
vt 1.744389 10.147546 0.000000
vt 1.595628 10.781767 0.000000
vt 1.744389 10.781767 0.000000
vt 1.546041 11.415989 0.000000
vt 1.645215 11.415989 0.000000
vt 1.744389 11.415989 0.000000
vt 1.446867 11.415989 0.000000
vt 1.446867 10.781767 0.000000
vt 1.446867 10.147546 0.000000
vt 1.446867 9.513324 0.000000
vt 1.446867 8.879103 0.000000
vt 1.446867 8.244881 0.000000
vt 1.446867 7.610659 0.000000
vt 1.446867 6.976438 0.000000
vt 1.446867 6.342216 0.000000
vt 1.446867 5.707994 0.000000
vt 1.446867 5.073773 0.000000
vt -0.149233 0.000000 0.000000
vt 0.149233 0.000000 0.000000
vt -0.149233 0.563676 0.000000
vt 0.149233 0.563676 0.000000
vt -0.149233 1.127353 0.000000
vt 0.149233 1.127353 0.000000
vt -0.149233 1.691029 0.000000
vt 0.149233 1.691029 0.000000
vt -0.149233 2.254706 0.000000
vt 0.149233 2.254706 0.000000
vt -0.149233 2.818382 0.000000
vt 0.149233 2.818382 0.000000
vt -0.149233 3.382058 0.000000
vt 0.149233 3.382058 0.000000
vt -0.149233 3.945735 0.000000
vt 0.149233 3.945735 0.000000
vt -0.149233 4.509411 0.000000
vt 0.149233 4.509411 0.000000
vt -0.149233 5.073088 0.000000
vt 0.149233 5.073088 0.000000
vt -0.149233 5.636764 0.000000
vt 0.149233 5.636764 0.000000
vt -0.149233 6.200440 0.000000
vt 0.149233 6.200440 0.000000
vt -0.149233 6.764117 0.000000
vt 0.149233 6.764117 0.000000
vt 0.000000 0.000000 0.000000
vt 0.000000 -3.000000 0.000000
vt 2.533719 -0.189876 0.000000
vt 2.304324 -3.190942 0.000000
vt 5.010838 -0.755262 0.000000
vt 4.545793 -3.758559 0.000000
vt 7.376024 -1.683529 0.000000
vt 6.663264 -4.687367 0.000000
vt 9.576441 -2.953941 0.000000
vt 8.598978 -5.952033 0.000000
vt 11.562937 -4.538118 0.000000
vt 10.300135 -7.518058 0.000000
vt 13.291135 -6.400673 0.000000
vt 11.720331 -9.342726 0.000000
vt 14.722432 -8.500000 0.000000
vt 12.820827 -11.376264 0.000000
vt 15.824854 -10.789203 0.000000
vt 13.571604 -13.563203 0.000000
vt 16.573775 -13.217144 0.000000
vt 13.952183 -15.843889 0.000000
vt 16.952465 -15.729588 0.000000
vt 16.952465 -18.270412 0.000000
vt 13.952183 -18.156111 0.000000
vt 16.573775 -20.782856 0.000000
vt 13.571604 -20.436797 0.000000
vt 15.824854 -23.210797 0.000000
vt 12.820827 -22.623736 0.000000
vt 14.722432 -25.500000 0.000000
vt 11.720331 -24.657274 0.000000
vt 13.291135 -27.599327 0.000000
vt 10.300135 -26.481942 0.000000
vt 11.562937 -29.461882 0.000000
vt 8.598978 -28.047967 0.000000
vt 9.576441 -31.046059 0.000000
vt 6.663264 -29.312633 0.000000
vt 7.376024 -32.316471 0.000000
vt 4.545793 -30.241441 0.000000
vt 5.010838 -33.244738 0.000000
vt 2.304324 -30.809058 0.000000
vt 2.533719 -33.810124 0.000000
vt 0.000000 -31.000000 0.000000
vt 0.000000 -34.000000 0.000000
vn 0.881671 0.000000 0.471865
vn 0.881671 0.000000 0.471865
vn 0.881671 0.000000 0.471865
vn 0.881671 0.000000 0.471865
vn -0.470631 0.000000 0.882330
vn -0.466774 0.000000 0.884377
vn -0.470631 0.000000 0.882330
vn -0.462257 0.000000 0.886746
vn -0.462257 0.000000 0.886746
vn -0.493004 0.000000 0.870027
vn -0.491354 0.000000 0.870960
vn -0.493004 0.000000 0.870027
vn -0.487612 0.000000 0.873060
vn -0.480560 0.000000 0.876962
vn -0.480560 0.000000 0.876962
vn -0.533008 0.000000 0.846110
vn -0.531880 0.000000 0.846820
vn -0.533008 0.000000 0.846110
vn -0.531880 0.000000 0.846820
vn -0.529859 0.000000 0.848086
vn -0.529859 0.000000 0.848086
vn -0.522879 0.000000 0.852407
vn -0.522879 0.000000 0.852407
vn -0.514814 0.000000 0.857302
vn -0.514814 0.000000 0.857302
vn -0.510293 0.000000 0.860001
vn -0.510293 0.000000 0.860001
vn -0.846091 0.000000 -0.533038
vn -0.846091 0.000000 -0.533038
vn -0.846091 0.000000 -0.533038
vn -0.846091 0.000000 -0.533038
vn 0.000000 -1.000000 0.000000
vn 0.000000 -1.000000 0.000000
vn 0.000000 -1.000000 0.000000
vn 0.000000 -1.000000 0.000000
vn 0.000000 -1.000000 0.000000
vn 0.000000 -1.000000 0.000000
vn 0.000000 -1.000000 0.000000
vn 0.000000 -1.000000 0.000000
vn 0.000000 -1.000000 0.000000
vn 0.000000 -1.000000 0.000000
vn 0.000000 -1.000000 0.000000
vn 0.000000 -1.000000 0.000000
vn 0.000000 -1.000000 0.000000
vn 0.000000 -1.000000 0.000000
vn 0.000000 -1.000000 0.000000
vn 0.000000 -1.000000 0.000000
vn 0.000000 -1.000000 0.000000
vn 0.000000 -1.000000 0.000000
vn 0.000000 -1.000000 0.000000
vn 0.000000 -1.000000 0.000000
vn 0.000000 -1.000000 0.000000
vn 0.000000 -1.000000 0.000000
vn 0.000000 -1.000000 0.000000
vn 0.000000 -1.000000 0.000000
vn 0.000000 -1.000000 0.000000
vn 0.000000 -1.000000 0.000000
vn -0.000000 1.000000 -0.000000
vn -0.000000 1.000000 -0.000000
vn -0.000000 1.000000 -0.000000
vn -0.000000 1.000000 -0.000000
vn -0.000000 1.000000 -0.000000
vn -0.000000 1.000000 -0.000000
vn -0.000000 1.000000 -0.000000
vn -0.000000 1.000000 -0.000000
vn -0.000000 1.000000 -0.000000
vn -0.000000 1.000000 -0.000000
vn -0.000000 1.000000 -0.000000
vn -0.000000 1.000000 -0.000000
vn -0.000000 1.000000 -0.000000
vn -0.000000 1.000000 -0.000000
vn -0.000000 1.000000 -0.000000
vn -0.000000 1.000000 -0.000000
vn -0.000000 1.000000 -0.000000
vn -0.000000 1.000000 -0.000000
vn -0.000000 1.000000 -0.000000
vn -0.000000 1.000000 -0.000000
vn -0.000000 1.000000 -0.000000
vn -0.000000 1.000000 -0.000000
vn -0.000000 1.000000 -0.000000
vn -0.000000 1.000000 -0.000000
vn -0.000000 1.000000 -0.000000
vn -0.000000 1.000000 -0.000000
vn -0.000000 1.000000 -0.000000
vn -0.000000 1.000000 -0.000000
vn -0.568495 -0.000000 0.822687
vn -0.568495 -0.000000 0.822687
vn -0.664435 -0.000000 0.747346
vn -0.664435 -0.000000 0.747346
vn -0.750489 -0.000000 0.660883
vn -0.750489 -0.000000 0.660883
vn -0.825374 -0.000000 0.564586
vn -0.825374 -0.000000 0.564586
vn -0.000000 1.000000 -0.000000
vn -0.000000 1.000000 -0.000000
vn -0.000000 1.000000 -0.000000
vn -0.000000 1.000000 -0.000000
vn -0.000000 1.000000 -0.000000
vn -0.000000 1.000000 -0.000000
vn -0.000000 1.000000 -0.000000
vn -0.000000 1.000000 -0.000000
vn -0.000000 1.000000 -0.000000
vn -0.000000 1.000000 -0.000000
vn -0.000000 1.000000 -0.000000
vn -0.000000 1.000000 -0.000000
vn -0.000000 1.000000 -0.000000
vn -0.000000 1.000000 -0.000000
vn -0.000000 1.000000 -0.000000
vn -0.000000 1.000000 -0.000000
vn -0.000000 1.000000 -0.000000
vn -0.000000 1.000000 -0.000000
vn -0.000000 1.000000 -0.000000
vn -0.000000 1.000000 -0.000000
vn -0.000000 1.000000 -0.000000
vn -0.000000 1.000000 -0.000000
vn -0.000000 1.000000 -0.000000
vn -0.000000 1.000000 -0.000000
vn -0.000000 1.000000 -0.000000
vn -0.000000 1.000000 -0.000000
vn -0.000000 1.000000 -0.000000
vn -0.000000 1.000000 -0.000000
vn -0.000000 1.000000 -0.000000
vn -0.000000 1.000000 -0.000000
vn -0.000000 1.000000 -0.000000
vn -0.000000 1.000000 -0.000000
vn -0.000000 1.000000 -0.000000
vn -0.000000 1.000000 -0.000000
vn -0.000000 1.000000 -0.000000
vn -0.000000 1.000000 -0.000000
vn -0.000000 1.000000 -0.000000
vn -0.000000 1.000000 -0.000000
vn -0.000000 1.000000 -0.000000
vn -0.000000 1.000000 -0.000000
vn -0.000000 1.000000 -0.000000
vn -0.000000 1.000000 -0.000000
vn -0.000000 1.000000 -0.000000
vn -0.000000 1.000000 -0.000000
vn -0.000000 1.000000 -0.000000
vn -0.000000 1.000000 -0.000000
vn -0.000000 1.000000 -0.000000
vn -0.000000 1.000000 -0.000000
vn -0.000000 1.000000 -0.000000
vn -0.000000 1.000000 -0.000000
vn -0.000000 1.000000 -0.000000
vn -0.000000 1.000000 -0.000000
vn -0.000000 1.000000 -0.000000
vn -0.000000 1.000000 -0.000000
vn -0.000000 1.000000 -0.000000
vn -0.000000 1.000000 -0.000000
vn -0.000000 1.000000 -0.000000
vn -0.000000 1.000000 -0.000000
vn -0.000000 1.000000 -0.000000
vn -0.000000 1.000000 -0.000000
vn -0.000000 1.000000 -0.000000
vn -0.000000 1.000000 -0.000000
vn -0.000000 1.000000 -0.000000
vn -0.000000 1.000000 -0.000000
vn -0.000000 1.000000 -0.000000
vn -0.000000 1.000000 -0.000000
vn -0.000000 1.000000 -0.000000
vn -0.000000 1.000000 -0.000000
vn -0.000000 1.000000 -0.000000
vn -0.000000 1.000000 -0.000000
vn -0.000000 1.000000 -0.000000
vn -0.000000 1.000000 -0.000000
vn -0.000000 1.000000 -0.000000
vn -0.000000 1.000000 -0.000000
vn -0.000000 1.000000 -0.000000
vn -0.000000 1.000000 -0.000000
vn -0.000000 1.000000 -0.000000
vn -0.000000 1.000000 -0.000000
vn -0.000000 1.000000 -0.000000
vn 0.527616 0.000000 0.849483
vn 0.527616 0.000000 0.849483
vn 0.527616 0.000000 0.849483
vn 0.527616 0.000000 0.849483
vn -0.848744 0.000000 0.528805
vn -0.846427 0.000000 0.532505
vn -0.848744 0.000000 0.528805
vn -0.843699 0.000000 0.536816
vn -0.843699 0.000000 0.536816
vn -0.861967 0.000000 0.506964
vn -0.861005 0.000000 0.508597
vn -0.861967 0.000000 0.506964
vn -0.858815 0.000000 0.512286
vn -0.854658 0.000000 0.519191
vn -0.854658 0.000000 0.519191
vn -0.884653 0.000000 0.466249
vn -0.884031 0.000000 0.467428
vn -0.884653 0.000000 0.466249
vn -0.884031 0.000000 0.467428
vn -0.882914 0.000000 0.469535
vn -0.882914 0.000000 0.469535
vn -0.879030 0.000000 0.476767
vn -0.879030 0.000000 0.476767
vn -0.874493 0.000000 0.485039
vn -0.874493 0.000000 0.485039
vn -0.871927 0.000000 0.489636
vn -0.871927 0.000000 0.489636
vn -0.466218 0.000000 -0.884670
vn -0.466218 0.000000 -0.884670
vn -0.466218 0.000000 -0.884670
vn -0.466218 0.000000 -0.884670
vn -0.432502 -0.000000 0.901633
vn -0.319501 -0.000000 0.947586
vn -0.432502 -0.000000 0.901633
vn -0.319501 -0.000000 0.947586
vn -0.201745 -0.000000 0.979438
vn -0.201745 -0.000000 0.979438
vn -0.080987 -0.000000 0.996715
vn -0.080987 -0.000000 0.996715
vn -0.903674 -0.000000 0.428221
vn -0.903674 -0.000000 0.428221
vn -0.956798 -0.000000 0.290754
vn -0.956798 -0.000000 0.290754
vn -0.989140 -0.000000 0.146973
vn -1.000000 -0.000000 0.000000
vn -1.000000 -0.000000 0.000000
vn -0.989140 -0.000000 0.146973
vn -0.000000 1.000000 -0.000000
vn -0.000000 1.000000 -0.000000
vn -0.000000 1.000000 -0.000000
vn -0.000000 1.000000 -0.000000
vn -0.000000 1.000000 -0.000000
vn -0.000000 1.000000 -0.000000
vn -0.000000 1.000000 -0.000000
vn -0.000000 1.000000 -0.000000
vn -0.000000 1.000000 -0.000000
vn -0.000000 1.000000 -0.000000
vn -0.000000 1.000000 -0.000000
vn -0.000000 1.000000 -0.000000
vn -0.000000 1.000000 -0.000000
vn -0.000000 1.000000 -0.000000
vn -0.000000 1.000000 -0.000000
vn -0.000000 1.000000 -0.000000
vn -0.000000 1.000000 -0.000000
vn -0.000000 1.000000 -0.000000
vn -0.000000 1.000000 -0.000000
vn -0.000000 1.000000 -0.000000
vn 0.471865 0.000000 -0.881671
vn 0.471865 0.000000 -0.881671
vn 0.471865 0.000000 -0.881671
vn 0.471865 0.000000 -0.881671
vn 0.882330 -0.000000 0.470631
vn 0.884377 -0.000000 0.466774
vn 0.882330 -0.000000 0.470631
vn 0.886746 -0.000000 0.462257
vn 0.886746 -0.000000 0.462257
vn 0.870027 -0.000000 0.493004
vn 0.870960 -0.000000 0.491354
vn 0.870027 -0.000000 0.493004
vn 0.873060 -0.000000 0.487612
vn 0.876962 -0.000000 0.480560
vn 0.876962 -0.000000 0.480560
vn 0.846110 -0.000000 0.533008
vn 0.846820 -0.000000 0.531880
vn 0.846110 -0.000000 0.533008
vn 0.846820 -0.000000 0.531880
vn 0.848086 -0.000000 0.529859
vn 0.848086 -0.000000 0.529859
vn 0.852407 -0.000000 0.522879
vn 0.852407 -0.000000 0.522879
vn 0.857302 -0.000000 0.514814
vn 0.857302 -0.000000 0.514814
vn 0.860001 -0.000000 0.510293
vn 0.860001 -0.000000 0.510293
vn -0.533038 0.000000 0.846091
vn -0.533038 0.000000 0.846091
vn -0.533038 0.000000 0.846091
vn -0.533038 0.000000 0.846091
vn -0.000000 1.000000 -0.000000
vn -0.000000 1.000000 -0.000000
vn -0.000000 1.000000 -0.000000
vn -0.000000 1.000000 -0.000000
vn -0.000000 1.000000 -0.000000
vn -0.000000 1.000000 -0.000000
vn -0.000000 1.000000 -0.000000
vn -0.000000 1.000000 -0.000000
vn -0.000000 1.000000 -0.000000
vn -0.000000 1.000000 -0.000000
vn -0.000000 1.000000 -0.000000
vn -0.000000 1.000000 -0.000000
vn -0.000000 1.000000 -0.000000
vn -0.000000 1.000000 -0.000000
vn -0.000000 1.000000 -0.000000
vn -0.000000 1.000000 -0.000000
vn -0.000000 1.000000 -0.000000
vn -0.000000 1.000000 -0.000000
vn -0.000000 1.000000 -0.000000
vn -0.000000 1.000000 -0.000000
vn -0.000000 1.000000 -0.000000
vn -0.000000 1.000000 -0.000000
vn -0.000000 1.000000 -0.000000
vn -0.000000 1.000000 -0.000000
vn -0.000000 1.000000 -0.000000
vn -0.000000 1.000000 -0.000000
vn -0.000000 1.000000 -0.000000
vn -0.000000 1.000000 -0.000000
vn 0.822687 0.000000 0.568495
vn 0.822687 0.000000 0.568495
vn 0.747346 0.000000 0.664435
vn 0.747346 0.000000 0.664435
vn 0.660883 0.000000 0.750489
vn 0.660883 0.000000 0.750489
vn 0.564586 0.000000 0.825374
vn 0.564586 0.000000 0.825374
vn 0.849483 0.000000 -0.527616
vn 0.849483 0.000000 -0.527616
vn 0.849483 0.000000 -0.527616
vn 0.849483 0.000000 -0.527616
vn 0.528805 -0.000000 0.848744
vn 0.532505 -0.000000 0.846427
vn 0.528805 -0.000000 0.848744
vn 0.536816 -0.000000 0.843699
vn 0.536816 -0.000000 0.843699
vn 0.506964 -0.000000 0.861967
vn 0.508597 -0.000000 0.861005
vn 0.506964 -0.000000 0.861967
vn 0.512286 -0.000000 0.858815
vn 0.519191 -0.000000 0.854658
vn 0.519191 -0.000000 0.854658
vn 0.466249 -0.000000 0.884653
vn 0.467428 -0.000000 0.884031
vn 0.466249 -0.000000 0.884653
vn 0.467428 -0.000000 0.884031
vn 0.469535 -0.000000 0.882914
vn 0.469535 -0.000000 0.882914
vn 0.476767 -0.000000 0.879030
vn 0.476767 -0.000000 0.879030
vn 0.485039 -0.000000 0.874493
vn 0.485039 -0.000000 0.874493
vn 0.489636 -0.000000 0.871927
vn 0.489636 -0.000000 0.871927
vn -0.884670 0.000000 0.466218
vn -0.884670 0.000000 0.466218
vn -0.884670 0.000000 0.466218
vn -0.884670 0.000000 0.466218
vn -0.000000 1.000000 -0.000000
vn -0.000000 1.000000 -0.000000
vn -0.000000 1.000000 -0.000000
vn -0.000000 1.000000 -0.000000
vn -0.000000 1.000000 -0.000000
vn -0.000000 1.000000 -0.000000
vn -0.000000 1.000000 -0.000000
vn -0.000000 1.000000 -0.000000
vn -0.000000 1.000000 -0.000000
vn -0.000000 1.000000 -0.000000
vn -0.000000 1.000000 -0.000000
vn -0.000000 1.000000 -0.000000
vn -0.000000 1.000000 -0.000000
vn -0.000000 1.000000 -0.000000
vn -0.000000 1.000000 -0.000000
vn -0.000000 1.000000 -0.000000
vn -0.000000 1.000000 -0.000000
vn -0.000000 1.000000 -0.000000
vn -0.000000 1.000000 -0.000000
vn -0.000000 1.000000 -0.000000
vn 0.901633 0.000000 0.432502
vn 0.955874 0.000000 0.293778
vn 0.901633 0.000000 0.432502
vn 0.955874 0.000000 0.293778
vn 0.988907 0.000000 0.148537
vn 0.988907 0.000000 0.148537
vn 1.000000 0.000000 -0.000000
vn 1.000000 0.000000 -0.000000
vn 0.428221 0.000000 0.903674
vn 0.428221 0.000000 0.903674
vn 0.315003 0.000000 0.949091
vn 0.315003 0.000000 0.949091
vn 0.197097 0.000000 0.980384
vn 0.197097 0.000000 0.980384
vn 0.076259 0.000000 0.997088
vn 0.076259 0.000000 0.997088
vn -0.000000 -0.000000 -1.000000
vn -0.000000 -0.000000 -1.000000
vn -0.000000 -0.000000 -1.000000
vn -0.000000 -0.000000 -1.000000
vn -0.000000 -0.000000 -1.000000
vn -0.000000 -0.000000 -1.000000
vn -0.000000 -0.000000 -1.000000
vn -0.000000 -0.000000 -1.000000
vn -0.000000 -0.000000 -1.000000
vn -0.000000 -0.000000 -1.000000
vn -0.000000 -0.000000 -1.000000
vn -0.000000 -0.000000 -1.000000
vn -0.000000 -0.000000 -1.000000
vn -0.000000 -0.000000 -1.000000
vn -0.000000 -0.000000 -1.000000
vn -0.000000 -0.000000 -1.000000
vn -0.000000 -0.000000 -1.000000
vn -0.000000 -0.000000 -1.000000
vn -0.000000 -0.000000 -1.000000
vn -0.000000 -0.000000 -1.000000
vn -0.000000 -0.000000 -1.000000
vn -0.000000 -0.000000 -1.000000
vn -0.000000 -0.000000 -1.000000
vn -0.000000 -0.000000 -1.000000
vn -0.000000 -0.000000 -1.000000
vn -0.000000 -0.000000 -1.000000
vn -0.000000 -0.000000 -1.000000
vn -0.000000 -0.000000 -1.000000
vn -0.000000 -0.000000 -1.000000
vn -0.000000 -0.000000 -1.000000
vn -0.000000 -0.000000 -1.000000
vn -0.000000 -0.000000 -1.000000
vn -0.000000 -0.000000 -1.000000
vn -0.000000 -0.000000 -1.000000
vn -0.000000 -0.000000 -1.000000
vn -0.000000 -0.000000 -1.000000
vn -0.000000 -0.000000 -1.000000
vn -0.000000 -0.000000 -1.000000
vn -0.000000 -0.000000 -1.000000
vn -0.000000 -0.000000 -1.000000
vn -0.000000 -0.000000 -1.000000
vn -0.000000 -0.000000 -1.000000
vn -0.000000 -0.000000 -1.000000
vn -0.000000 -0.000000 -1.000000
vn -0.000000 -0.000000 -1.000000
vn -0.000000 -0.000000 -1.000000
vn -0.000000 -0.000000 -1.000000
vn -0.000000 -0.000000 -1.000000
vn -0.000000 -0.000000 -1.000000
vn -0.000000 -0.000000 -1.000000
vn -0.000000 -0.000000 -1.000000
vn -0.000000 -0.000000 -1.000000
vn -0.000000 -0.000000 -1.000000
vn -0.000000 -0.000000 -1.000000
vn -0.000000 -0.000000 -1.000000
vn -0.000000 -0.000000 -1.000000
vn -0.000000 -0.000000 -1.000000
vn -0.000000 -0.000000 -1.000000
vn -0.000000 -0.000000 -1.000000
vn -0.000000 -0.000000 -1.000000
vn -0.000000 -0.000000 -1.000000
vn -0.000000 -0.000000 -1.000000
vn -0.000000 -0.000000 -1.000000
vn -0.000000 -0.000000 -1.000000
vn -0.000000 -0.000000 -1.000000
vn -0.000000 -0.000000 -1.000000
vn -0.000000 -0.000000 -1.000000
vn -0.000000 -0.000000 -1.000000
vn -0.000000 -0.000000 -1.000000
vn -0.000000 -0.000000 -1.000000
vn -0.000000 -0.000000 -1.000000
vn -0.000000 -0.000000 -1.000000
vn -0.000000 -0.000000 -1.000000
vn -0.000000 -0.000000 -1.000000
vn -0.000000 -0.000000 -1.000000
vn -0.000000 -0.000000 -1.000000
vn -0.000000 -0.000000 -1.000000
vn -0.000000 -0.000000 -1.000000
vn -0.000000 -0.000000 -1.000000
vn -0.000000 -0.000000 -1.000000
vn -0.000000 -0.000000 -1.000000
vn -0.000000 -0.000000 -1.000000
vn -0.000000 -0.000000 -1.000000
vn -0.000000 -0.000000 -1.000000
vn -0.000000 -0.000000 -1.000000
vn -0.000000 -0.000000 -1.000000
vn -0.000000 -0.000000 -1.000000
vn -0.000000 -0.000000 -1.000000
vn -0.000000 -0.000000 -1.000000
vn -0.000000 -0.000000 -1.000000
vn -0.000000 -0.000000 -1.000000
vn -0.000000 -0.000000 -1.000000
vn -0.000000 -0.000000 -1.000000
vn -0.000000 -0.000000 -1.000000
vn -0.000000 -0.000000 -1.000000
vn -0.000000 -0.000000 -1.000000
vn -0.000000 -0.000000 -1.000000
vn -0.000000 -0.000000 -1.000000
vn -0.000000 -0.000000 -1.000000
vn -0.000000 -0.000000 -1.000000
vn -0.000000 -0.000000 -1.000000
vn -0.000000 -0.000000 -1.000000
vn -0.000000 -0.000000 -1.000000
vn -0.000000 -0.000000 -1.000000
vn -0.000000 -0.000000 -1.000000
vn -0.000000 -0.000000 -1.000000
vn -0.000000 -0.000000 -1.000000
vn -0.000000 -0.000000 -1.000000
vn -0.000000 -0.000000 -1.000000
vn -0.000000 -0.000000 -1.000000
vn -0.000000 -0.000000 -1.000000
vn -0.000000 -0.000000 -1.000000
vn -0.000000 -0.000000 -1.000000
vn -0.000000 -0.000000 -1.000000
vn -0.000000 -0.000000 -1.000000
vn -0.000000 -0.000000 -1.000000
vn -0.000000 -0.000000 -1.000000
vn -0.000000 -0.000000 -1.000000
vn -0.000000 -0.000000 -1.000000
vn -0.000000 -0.000000 -1.000000
vn -0.000000 -0.000000 -1.000000
vn -0.000000 -0.000000 -1.000000
vn -0.000000 -0.000000 -1.000000
vn -0.000000 -0.000000 -1.000000
vn -0.000000 -0.000000 -1.000000
vn -0.000000 -0.000000 -1.000000
vn -0.000000 -0.000000 -1.000000
vn -0.000000 -0.000000 -1.000000
vn -0.000000 -0.000000 -1.000000
vn -0.000000 -0.000000 -1.000000
vn -0.000000 -0.000000 -1.000000
vn -0.000000 -0.000000 -1.000000
vn -0.000000 -0.000000 -1.000000
vn -0.000000 -0.000000 -1.000000
vn -0.000000 -0.000000 -1.000000
vn -0.000000 -0.000000 -1.000000
vn -0.000000 -0.000000 -1.000000
vn -0.000000 -0.000000 -1.000000
vn -0.000000 -0.000000 -1.000000
vn -0.000000 -0.000000 -1.000000
vn -0.000000 -0.000000 -1.000000
vn -0.000000 -0.000000 -1.000000
vn -0.000000 -0.000000 -1.000000
vn -0.000000 -0.000000 -1.000000
vn -0.000000 -0.000000 -1.000000
vn -0.000000 -0.000000 -1.000000
vn -0.000000 -0.000000 -1.000000
vn -0.000000 -0.000000 -1.000000
vn -0.000000 -0.000000 -1.000000
vn -0.000000 -0.000000 -1.000000
vn -0.000000 -0.000000 -1.000000
vn -0.000000 -0.000000 -1.000000
vn -0.000000 -0.000000 -1.000000
vn -0.000000 -0.000000 -1.000000
vn -0.000000 -0.000000 -1.000000
vn -0.000000 -0.000000 -1.000000
vn -0.000000 -0.000000 -1.000000
vn -0.000000 -0.000000 -1.000000
vn -0.000000 -0.000000 -1.000000
vn -0.000000 -0.000000 -1.000000
vn -0.000000 -0.000000 -1.000000
vn -0.000000 -0.000000 -1.000000
vn -0.000000 -0.000000 -1.000000
vn -0.000000 -0.000000 -1.000000
vn -0.000000 -0.000000 -1.000000
vn -0.000000 -0.000000 -1.000000
vn -0.000000 -0.000000 -1.000000
vn -0.000000 -0.000000 -1.000000
vn -0.000000 -0.000000 -1.000000
vn -0.000000 -0.000000 -1.000000
vn -0.000000 -0.000000 -1.000000
vn -0.000000 -0.000000 -1.000000
vn -0.000000 -0.000000 -1.000000
vn -0.000000 -0.000000 -1.000000
vn -0.000000 -0.000000 -1.000000
vn -0.000000 -0.000000 -1.000000
vn -0.000000 -0.000000 -1.000000
vn -0.000000 -0.000000 -1.000000
vn -0.000000 -0.000000 -1.000000
vn -0.000000 -0.000000 -1.000000
vn -0.000000 -0.000000 -1.000000
vn -0.000000 -0.000000 -1.000000
vn -0.000000 -0.000000 -1.000000
vn -0.000000 -0.000000 -1.000000
vn -0.000000 -0.000000 -1.000000
vn -0.000000 -0.000000 -1.000000
vn -0.000000 -0.000000 -1.000000
vn -0.000000 -0.000000 -1.000000
vn -0.000000 -0.000000 -1.000000
vn -0.000000 -0.000000 -1.000000
vn -0.000000 -0.000000 -1.000000
vn -0.000000 -0.000000 -1.000000
vn -0.000000 -0.000000 -1.000000
vn 0.999482 0.000000 -0.032188
vn 0.999482 0.000000 -0.032188
vn 0.999482 0.000000 -0.032188
vn 0.999482 0.000000 -0.032188
vn 0.033586 -0.000000 0.999436
vn 0.037950 -0.000000 0.999280
vn 0.033586 -0.000000 0.999436
vn 0.043047 -0.000000 0.999073
vn 0.043047 -0.000000 0.999073
vn 0.008060 -0.000000 0.999968
vn 0.009955 -0.000000 0.999950
vn 0.008060 -0.000000 0.999968
vn 0.014245 -0.000000 0.999899
vn 0.022304 -0.000000 0.999751
vn 0.022304 -0.000000 0.999751
vn -0.038543 0.000000 0.999257
vn -0.037211 0.000000 0.999307
vn -0.038543 0.000000 0.999257
vn -0.037211 0.000000 0.999307
vn -0.034828 0.000000 0.999393
vn -0.034828 0.000000 0.999393
vn -0.026623 0.000000 0.999646
vn -0.026623 0.000000 0.999646
vn -0.017191 0.000000 0.999852
vn -0.017191 0.000000 0.999852
vn -0.011926 0.000000 0.999929
vn -0.011926 0.000000 0.999929
vn -0.999256 0.000000 -0.038579
vn -0.999256 0.000000 -0.038579
vn -0.999256 0.000000 -0.038579
vn -0.999256 0.000000 -0.038579
vn -0.000000 1.000000 -0.000000
vn -0.000000 1.000000 -0.000000
vn -0.000000 1.000000 -0.000000
vn -0.000000 1.000000 -0.000000
vn -0.000000 1.000000 -0.000000
vn -0.000000 1.000000 -0.000000
vn -0.000000 1.000000 -0.000000
vn -0.000000 1.000000 -0.000000
vn -0.000000 1.000000 -0.000000
vn -0.000000 1.000000 -0.000000
vn -0.000000 1.000000 -0.000000
vn -0.000000 1.000000 -0.000000
vn -0.000000 1.000000 -0.000000
vn -0.000000 1.000000 -0.000000
vn -0.000000 1.000000 -0.000000
vn -0.000000 1.000000 -0.000000
vn -0.000000 1.000000 -0.000000
vn -0.000000 1.000000 -0.000000
vn -0.000000 1.000000 -0.000000
vn -0.000000 1.000000 -0.000000
vn -0.000000 1.000000 -0.000000
vn -0.000000 1.000000 -0.000000
vn -0.000000 1.000000 -0.000000
vn -0.000000 1.000000 -0.000000
vn 0.000000 -1.000000 0.000000
vn 0.000000 -1.000000 0.000000
vn 0.000000 -1.000000 0.000000
vn 0.000000 -1.000000 0.000000
vn 0.000000 -1.000000 0.000000
vn 0.000000 -1.000000 0.000000
vn 0.000000 -1.000000 0.000000
vn 0.000000 -1.000000 0.000000
vn 0.000000 -1.000000 0.000000
vn 0.000000 -1.000000 0.000000
vn 0.000000 -1.000000 0.000000
vn 0.000000 -1.000000 0.000000
vn 0.000000 -1.000000 0.000000
vn 0.000000 -1.000000 0.000000
vn 0.000000 -1.000000 0.000000
vn 0.000000 -1.000000 0.000000
vn 0.000000 -1.000000 0.000000
vn 0.000000 -1.000000 0.000000
vn 0.000000 -1.000000 0.000000
vn 0.000000 -1.000000 0.000000
vn 0.000000 -1.000000 0.000000
vn 0.000000 -1.000000 0.000000
vn 0.000000 -1.000000 0.000000
vn 0.000000 -1.000000 0.000000
vn 0.000000 -1.000000 0.000000
vn 0.000000 -1.000000 0.000000
vn 0.000000 -1.000000 0.000000
vn 0.000000 -1.000000 0.000000
vn 0.000000 -1.000000 0.000000
vn 0.000000 -1.000000 0.000000
vn 0.000000 -1.000000 0.000000
vn 0.000000 -1.000000 0.000000
vn 0.000000 -1.000000 0.000000
vn 0.000000 -1.000000 0.000000
vn 0.000000 -1.000000 0.000000
vn -1.000000 -0.000000 0.000000
vn -1.000000 -0.000000 0.000000
vn -0.965926 -0.000000 -0.258819
vn -0.965926 -0.000000 -0.258819
vn -0.866025 -0.000000 -0.500000
vn -0.866025 -0.000000 -0.500000
vn -0.707107 -0.000000 -0.707107
vn -0.707107 -0.000000 -0.707107
vn -0.500000 -0.000000 -0.866025
vn -0.500000 -0.000000 -0.866025
vn -0.258819 -0.000000 -0.965926
vn -0.258819 -0.000000 -0.965926
vn 0.000000 0.000000 -1.000000
vn -0.000000 -0.000000 -1.000000
vn 0.258819 0.000000 -0.965926
vn 0.258819 0.000000 -0.965926
vn 0.500000 0.000000 -0.866025
vn 0.500000 0.000000 -0.866025
vn 0.707107 0.000000 -0.707107
vn 0.707107 0.000000 -0.707107
vn 0.866025 0.000000 -0.500000
vn 0.866025 0.000000 -0.500000
vn 0.965926 0.000000 -0.258819
vn 0.965926 0.000000 -0.258819
vn 1.000000 0.000000 -0.000000
vn 1.000000 0.000000 -0.000000
vn -0.000000 1.000000 -0.000000
vn -0.000000 1.000000 -0.000000
vn -0.000000 1.000000 -0.000000
vn 1.000000 0.000000 -0.000000
vn 0.987430 0.000000 0.158058
vn 1.000000 0.000000 -0.000000
vn 0.986361 0.000000 0.164595
vn 0.950035 0.000000 0.312143
vn 0.945817 0.000000 0.324699
vn 0.888756 0.000000 0.458381
vn 0.879474 0.000000 0.475947
vn 0.885845 0.000000 0.463981
vn 0.882899 0.000000 0.469563
vn 0.879918 0.000000 0.475126
vn 0.875366 0.000000 0.483461
vn 0.870735 0.000000 0.491753
vn 0.866025 0.000000 0.500000
vn 0.857014 0.000000 0.515293
vn 0.847733 0.000000 0.530423
vn 0.838185 0.000000 0.545387
vn 0.789141 0.000000 0.614213
vn 0.753239 0.000000 0.657747
vn 0.677282 0.000000 0.735724
vn 0.653348 0.000000 0.757057
vn 0.546948 0.000000 0.837166
vn 0.540495 0.000000 0.841347
vn 0.535174 0.000000 0.844742
vn 0.529832 0.000000 0.848103
vn 0.524468 0.000000 0.851430
vn 0.516359 0.000000 0.856373
vn 0.508202 0.000000 0.861238
vn 0.500000 0.000000 0.866025
vn 0.484550 0.000000 0.874764
vn 0.468947 0.000000 0.883227
vn 0.401695 0.000000 0.915773
vn 0.453196 0.000000 0.891411
vn 0.323450 0.000000 0.946245
vn 0.245485 0.000000 0.969400
vn 0.187287 0.000000 0.982305
vn 0.082579 0.000000 0.996584
vn 0.047409 0.000000 0.998876
vn 0.041103 0.000000 0.999155
vn 0.034796 0.000000 0.999394
vn 0.028488 0.000000 0.999594
vn 0.018993 0.000000 0.999820
vn 0.009497 0.000000 0.999955
vn 0.000000 0.000000 1.000000
vn -0.082579 -0.000000 0.996584
vn -0.017750 -0.000000 0.999842
vn -0.035494 -0.000000 0.999370
vn -0.053227 -0.000000 0.998582
vn -0.193006 -0.000000 0.981198
vn -0.245485 -0.000000 0.969400
vn -0.328957 -0.000000 0.944345
vn -0.401695 -0.000000 0.915773
vn -0.458381 -0.000000 0.888756
vn -0.463981 -0.000000 0.885845
vn -0.469563 -0.000000 0.882899
vn -0.475126 -0.000000 0.879918
vn -0.546948 -0.000000 0.837166
vn -0.483461 -0.000000 0.875366
vn -0.491753 -0.000000 0.870735
vn -0.500000 -0.000000 0.866025
vn -0.515293 -0.000000 0.857014
vn -0.530423 -0.000000 0.847733
vn -0.545387 -0.000000 0.838185
vn -0.657747 -0.000000 0.753239
vn -0.677282 -0.000000 0.735724
vn -0.757057 -0.000000 0.653348
vn -0.789141 -0.000000 0.614213
vn -0.841347 -0.000000 0.540495
vn -0.879474 -0.000000 0.475947
vn -0.844742 -0.000000 0.535174
vn -0.848103 -0.000000 0.529832
vn -0.851430 -0.000000 0.524468
vn -0.856373 -0.000000 0.516359
vn -0.861238 -0.000000 0.508202
vn -0.866025 -0.000000 0.500000
vn -0.874764 -0.000000 0.484550
vn -0.883227 -0.000000 0.468947
vn -0.891411 -0.000000 0.453196
vn -0.945817 -0.000000 0.324699
vn -0.951240 -0.000000 0.308452
vn -0.986361 -0.000000 0.164595
vn -0.987735 -0.000000 0.156141
vn -1.000000 -0.000000 0.000000
vn -1.000000 -0.000000 0.000000
vn 1.000000 -0.000000 -0.000000
vn 1.000000 -0.000000 -0.000000
vn 0.965926 -0.000000 0.258819
vn 0.965926 -0.000000 0.258819
vn 0.866025 -0.000000 0.500000
vn 0.866025 -0.000000 0.500000
vn 0.707107 -0.000000 0.707107
vn 0.707107 -0.000000 0.707107
vn 0.500000 -0.000000 0.866025
vn 0.500000 -0.000000 0.866025
vn 0.258819 -0.000000 0.965926
vn 0.258819 -0.000000 0.965926
vn 0.000000 -0.000000 1.000000
vn 0.000000 -0.000000 1.000000
vn -0.258819 -0.000000 0.965926
vn -0.258819 -0.000000 0.965926
vn -0.500000 -0.000000 0.866025
vn -0.500000 -0.000000 0.866025
vn -0.707107 -0.000000 0.707107
vn -0.707107 -0.000000 0.707107
vn -0.866025 -0.000000 0.500000
vn -0.866025 -0.000000 0.500000
vn -0.965926 -0.000000 0.258819
vn -0.965926 -0.000000 0.258819
vn -1.000000 -0.000000 0.000000
vn -1.000000 -0.000000 0.000000
vn -1.000000 -0.000000 0.000000
vn -1.000000 -0.000000 0.000000
vn -0.965926 -0.000000 0.258819
vn -0.965926 -0.000000 0.258819
vn -0.866025 -0.000000 0.500000
vn -0.866025 -0.000000 0.500000
vn -0.707107 -0.000000 0.707107
vn -0.707107 -0.000000 0.707107
vn -0.500000 -0.000000 0.866025
vn -0.500000 -0.000000 0.866025
vn -0.258819 -0.000000 0.965926
vn -0.258819 -0.000000 0.965926
vn 0.000000 -0.000000 1.000000
vn -0.000000 -0.000000 1.000000
vn 0.258819 -0.000000 0.965926
vn 0.258819 -0.000000 0.965926
vn 0.500000 -0.000000 0.866025
vn 0.500000 -0.000000 0.866025
vn 0.707107 -0.000000 0.707107
vn 0.707107 -0.000000 0.707107
vn 0.866025 -0.000000 0.500000
vn 0.866025 -0.000000 0.500000
vn 0.965926 -0.000000 0.258819
vn 0.965926 -0.000000 0.258819
vn 1.000000 -0.000000 -0.000000
vn 1.000000 -0.000000 -0.000000
vn 1.000000 -0.000000 -0.000000
vn 1.000000 -0.000000 -0.000000
vn 0.984808 0.000000 0.173648
vn 0.984808 0.000000 0.173648
vn 0.939693 0.000000 0.342020
vn 0.939693 0.000000 0.342020
vn 0.866025 0.000000 0.500000
vn 0.866025 0.000000 0.500000
vn 0.766044 0.000000 0.642788
vn 0.766044 0.000000 0.642788
vn 0.642788 0.000000 0.766044
vn 0.642788 0.000000 0.766044
vn 0.500000 0.000000 0.866025
vn 0.500000 0.000000 0.866025
vn 0.342020 0.000000 0.939693
vn 0.342020 0.000000 0.939693
vn 0.173648 0.000000 0.984808
vn 0.173648 0.000000 0.984808
vn 0.000000 0.000000 1.000000
vn 0.000000 0.000000 1.000000
vn -0.173648 0.000000 0.984808
vn -0.173648 0.000000 0.984808
vn -0.342020 0.000000 0.939693
vn -0.342020 0.000000 0.939693
vn -0.500000 0.000000 0.866025
vn -0.500000 0.000000 0.866025
vn -0.642788 0.000000 0.766044
vn -0.642788 0.000000 0.766044
vn -0.766044 0.000000 0.642788
vn -0.766044 0.000000 0.642788
vn -0.866025 0.000000 0.500000
vn -0.866025 0.000000 0.500000
vn -0.939693 0.000000 0.342020
vn -0.939693 0.000000 0.342020
vn -0.984808 0.000000 0.173648
vn -0.984808 0.000000 0.173648
vn -1.000000 0.000000 0.000000
vn -1.000000 0.000000 0.000000
vn 1.000000 0.000000 0.000000
vn 1.000000 0.000000 0.000000
vn 0.982973 0.000000 -0.183750
vn 0.982973 0.000000 -0.183750
vn 0.932472 0.000000 -0.361242
vn 0.932472 0.000000 -0.361242
vn 0.850217 0.000000 -0.526432
vn 0.850217 0.000000 -0.526432
vn 0.739009 0.000000 -0.673696
vn 0.739009 0.000000 -0.673696
vn 0.602635 0.000000 -0.798017
vn 0.602635 0.000000 -0.798017
vn 0.445738 0.000000 -0.895163
vn 0.445738 0.000000 -0.895163
vn 0.273663 0.000000 -0.961826
vn 0.273663 0.000000 -0.961826
vn 0.092268 0.000000 -0.995734
vn 0.092268 0.000000 -0.995734
vn -0.092268 0.000000 -0.995734
vn -0.092268 0.000000 -0.995734
vn -0.273663 0.000000 -0.961826
vn -0.273663 0.000000 -0.961826
vn -0.445738 0.000000 -0.895163
vn -0.445738 0.000000 -0.895163
vn -0.602635 0.000000 -0.798017
vn -0.602635 0.000000 -0.798017
vn -0.739009 0.000000 -0.673696
vn -0.739009 0.000000 -0.673696
vn -0.850217 0.000000 -0.526432
vn -0.850217 0.000000 -0.526432
vn -0.932472 0.000000 -0.361242
vn -0.932472 0.000000 -0.361242
vn -0.982973 0.000000 -0.183750
vn -0.982973 0.000000 -0.183750
vn -1.000000 0.000000 -0.000000
vn -1.000000 0.000000 -0.000000
vn 0.000000 1.000000 0.000000
vn 0.000000 1.000000 0.000000
vn 0.000000 1.000000 0.000000
vn 0.000000 1.000000 0.000000
vn 0.000000 1.000000 0.000000
vn 0.000000 1.000000 0.000000
vn 0.000000 1.000000 0.000000
vn 0.000000 1.000000 0.000000
vn 0.000000 1.000000 0.000000
vn 0.000000 1.000000 0.000000
vn 0.000000 1.000000 0.000000
vn 0.000000 1.000000 0.000000
vn 0.000000 1.000000 0.000000
vn 0.000000 1.000000 0.000000
vn 0.000000 1.000000 0.000000
vn 0.000000 1.000000 0.000000
vn 0.000000 1.000000 0.000000
vn 0.000000 1.000000 0.000000
vn 0.000000 1.000000 0.000000
vn 0.000000 1.000000 0.000000
vn 0.000000 1.000000 0.000000
vn 0.000000 1.000000 0.000000
vn 0.000000 1.000000 0.000000
vn 0.000000 1.000000 0.000000
vn 0.000000 1.000000 0.000000
vn 0.000000 1.000000 0.000000
vn 0.000000 1.000000 0.000000
vn 0.000000 1.000000 0.000000
vn 0.000000 1.000000 0.000000
vn 0.000000 1.000000 0.000000
vn 0.000000 1.000000 0.000000
vn 0.000000 1.000000 0.000000
vn 0.000000 1.000000 0.000000
vn 0.000000 1.000000 0.000000
vn 0.000000 1.000000 0.000000
vn 0.000000 1.000000 0.000000
vn 0.000000 1.000000 0.000000
vn 0.000000 1.000000 0.000000
vn 0.000000 1.000000 0.000000
vn 0.000000 1.000000 0.000000
vn 0.000000 1.000000 0.000000
vn 0.000000 1.000000 0.000000
vn 0.000000 1.000000 0.000000
vn 0.000000 1.000000 0.000000
vn 0.000000 1.000000 0.000000
vn 0.000000 1.000000 0.000000
vn 0.000000 1.000000 0.000000
vn 0.000000 1.000000 0.000000
vn 0.000000 1.000000 0.000000
vn 0.000000 1.000000 0.000000
vn 0.000000 1.000000 0.000000
vn 0.000000 1.000000 0.000000
vn 0.000000 1.000000 0.000000
vn 0.000000 1.000000 0.000000
vn 0.000000 1.000000 0.000000
vn 0.000000 1.000000 0.000000
vn 0.000000 1.000000 0.000000
vn 0.000000 1.000000 0.000000
vn 0.000000 1.000000 0.000000
vn 0.000000 1.000000 0.000000
vn 0.000000 1.000000 0.000000
vn 0.000000 1.000000 0.000000
vn 0.000000 1.000000 0.000000
vn 0.000000 1.000000 0.000000
vn 0.000000 1.000000 0.000000
vn 0.000000 1.000000 0.000000
vn 0.000000 1.000000 0.000000
vn 0.000000 1.000000 0.000000
vn 0.000000 1.000000 0.000000
vn 0.000000 1.000000 0.000000
vn 0.000000 1.000000 0.000000
vn 0.000000 1.000000 0.000000
vn 0.000000 1.000000 0.000000
vn 0.000000 1.000000 0.000000
vn -0.000000 -1.000000 -0.000000
vn -0.000000 -1.000000 -0.000000
vn -0.000000 -1.000000 -0.000000
vn -0.000000 -1.000000 -0.000000
vn -0.000000 -1.000000 -0.000000
vn -0.000000 -1.000000 -0.000000
vn -0.000000 -1.000000 -0.000000
vn -0.000000 -1.000000 -0.000000
vn -0.000000 -1.000000 -0.000000
vn -0.000000 -1.000000 -0.000000
vn -0.000000 -1.000000 -0.000000
vn -0.000000 -1.000000 -0.000000
vn -0.000000 -1.000000 -0.000000
vn -0.000000 -1.000000 -0.000000
vn -0.000000 -1.000000 -0.000000
vn -0.000000 -1.000000 -0.000000
vn -0.000000 -1.000000 -0.000000
vn -0.000000 -1.000000 -0.000000
vn -0.000000 -1.000000 -0.000000
vn -0.000000 -1.000000 -0.000000
vn -0.000000 -1.000000 -0.000000
vn -0.000000 -1.000000 -0.000000
vn -0.000000 -1.000000 -0.000000
vn -0.000000 -1.000000 -0.000000
vn -0.000000 -1.000000 -0.000000
vn -0.000000 -1.000000 -0.000000
vn -0.000000 -1.000000 -0.000000
vn -0.000000 -1.000000 -0.000000
vn -0.000000 -1.000000 -0.000000
vn -0.000000 -1.000000 -0.000000
vn -0.000000 -1.000000 -0.000000
vn -0.000000 -1.000000 -0.000000
vn -0.000000 -1.000000 -0.000000
vn 1.000000 -0.000023 -0.000000
vn 1.000000 -0.000023 -0.000000
vn 0.965926 -0.000023 -0.258819
vn 0.965926 -0.000023 -0.258819
vn 0.866025 -0.000023 -0.500000
vn 0.866025 -0.000023 -0.500000
vn 0.707107 -0.000023 -0.707107
vn 0.707107 -0.000023 -0.707107
vn 0.500000 -0.000023 -0.866025
vn 0.500000 -0.000023 -0.866025
vn 0.258819 -0.000023 -0.965926
vn 0.258819 -0.000023 -0.965926
vn 0.000000 -0.000023 -1.000000
vn 0.000000 -0.000023 -1.000000
vn -0.258819 -0.000023 -0.965926
vn -0.258819 -0.000023 -0.965926
vn -0.500000 -0.000023 -0.866025
vn -0.500000 -0.000023 -0.866025
vn -0.707107 -0.000023 -0.707107
vn -0.707107 -0.000023 -0.707107
vn -0.866025 -0.000023 -0.500000
vn -0.866025 -0.000023 -0.500000
vn -0.965926 -0.000023 -0.258819
vn -0.965926 -0.000023 -0.258819
vn -1.000000 -0.000023 -0.000000
vn -1.000000 -0.000023 -0.000000
vn 0.004331 -0.999991 -0.000000
vn 0.004331 -0.999991 -0.000000
vn 0.004222 -0.999991 -0.000964
vn 0.004183 -0.999991 -0.001121
vn 0.003902 -0.999991 -0.001879
vn 0.003751 -0.999991 -0.002165
vn 0.003386 -0.999991 -0.002700
vn 0.003062 -0.999991 -0.003062
vn 0.002700 -0.999991 -0.003386
vn 0.002165 -0.999991 -0.003751
vn 0.001879 -0.999991 -0.003902
vn 0.001121 -0.999991 -0.004183
vn 0.000964 -0.999991 -0.004222
vn 0.000000 -0.999991 -0.004331
vn -0.000000 -0.999991 -0.004331
vn -0.000964 -0.999991 -0.004222
vn -0.001121 -0.999991 -0.004183
vn -0.001879 -0.999991 -0.003902
vn -0.002165 -0.999991 -0.003751
vn -0.002700 -0.999991 -0.003386
vn -0.003062 -0.999991 -0.003062
vn -0.003386 -0.999991 -0.002700
vn -0.003751 -0.999991 -0.002165
vn -0.003902 -0.999991 -0.001879
vn -0.004183 -0.999991 -0.001121
vn -0.004222 -0.999991 -0.000964
vn -0.004331 -0.999991 -0.000000
vn -0.004331 -0.999991 -0.000000
vn -0.972670 0.068014 0.222006
vn -0.997684 0.068014 0.000000
vn -0.976957 -0.165904 0.134280
vn -0.986142 -0.165904 0.000000
vn -0.920508 -0.390723 0.000000
vn -0.911935 -0.390723 0.125343
vn -0.804384 -0.594110 0.000000
vn -0.796891 -0.594110 0.109530
vn -0.644137 -0.764910 0.000000
vn -0.638138 -0.764910 0.087710
vn -0.448560 -0.893753 0.000000
vn -0.444382 -0.893753 0.061079
vn -0.228378 -0.973573 0.000000
vn -0.226251 -0.973573 0.031097
vn 0.004331 -0.999991 -0.000000
vn 0.004222 -0.999991 -0.000964
vn -0.219909 -0.973573 0.061616
vn 0.003902 -0.999991 -0.001879
vn -0.209471 -0.973573 0.090986
vn -0.195130 -0.973573 0.118661
vn -0.383258 -0.893753 0.233064
vn -0.347953 -0.893753 0.283081
vn -0.499665 -0.764910 0.406507
vn -0.439658 -0.764910 0.470759
vn -0.549035 -0.594110 0.587872
vn -0.463872 -0.594110 0.657157
vn -0.530839 -0.390723 0.752027
vn -0.423494 -0.390723 0.817306
vn -0.453689 -0.165904 0.875581
vn -0.330239 -0.165904 0.929203
vn -0.432879 0.068014 0.898883
vn -0.222006 0.068014 0.972670
vn -0.200636 -0.165904 0.965516
vn -0.067297 -0.165904 0.983843
vn -0.187283 -0.390723 0.901255
vn -0.062818 -0.390723 0.918362
vn -0.163657 -0.594110 0.787559
vn -0.054893 -0.594110 0.802508
vn -0.131054 -0.764910 0.630665
vn -0.043957 -0.764910 0.642636
vn -0.091262 -0.893753 0.439178
vn -0.030611 -0.893753 0.447514
vn -0.046465 -0.973573 0.223601
vn -0.015585 -0.973573 0.227845
vn 0.000964 -0.999991 -0.004222
vn -0.000000 -0.999991 -0.004331
vn 0.003386 -0.999991 -0.002700
vn -0.177155 -0.973573 0.144126
vn -0.306166 -0.893753 0.327824
vn -0.371461 -0.764910 0.526241
vn -0.370069 -0.594110 0.714200
vn -0.308259 -0.390723 0.867359
vn -0.155880 -0.973573 0.166907
vn 0.002700 -0.999991 -0.003386
vn -0.131701 -0.973573 0.186578
vn 0.001879 -0.999991 -0.003902
vn -0.105069 -0.973573 0.202773
vn -0.076479 -0.973573 0.215191
vn -0.150213 -0.893753 0.422660
vn 0.015585 -0.973573 0.227845
vn -0.000964 -0.999991 -0.004222
vn 0.046465 -0.973573 0.223601
vn 0.076479 -0.973573 0.215191
vn 0.150213 -0.893753 0.422660
vn 0.206367 -0.893753 0.398269
vn 0.296345 -0.764910 0.571920
vn 0.371461 -0.764910 0.526241
vn 0.463872 -0.594110 0.657157
vn 0.549035 -0.594110 0.587872
vn 0.628296 -0.390723 0.672740
vn 0.714049 -0.390723 0.580922
vn 0.764961 -0.165904 0.622342
vn 0.842579 -0.165904 0.512383
vn 0.780021 0.068014 0.622046
vn 0.898883 0.068014 0.432879
vn 0.904500 -0.165904 0.392880
vn 0.949573 -0.165904 0.266058
vn 0.844301 -0.390723 0.366731
vn 0.886373 -0.390723 0.248350
vn 0.737790 -0.594110 0.320467
vn 0.774555 -0.594110 0.217020
vn 0.590810 -0.764910 0.256625
vn 0.620251 -0.764910 0.173786
vn 0.411424 -0.893753 0.178707
vn 0.431926 -0.893753 0.121020
vn 0.209471 -0.973573 0.090986
vn 0.219909 -0.973573 0.061616
vn -0.003902 -0.999991 -0.001879
vn -0.004222 -0.999991 -0.000964
vn -0.001879 -0.999991 -0.003902
vn 0.105069 -0.973573 0.202773
vn 0.258676 -0.893753 0.366460
vn 0.439658 -0.764910 0.470759
vn 0.623969 -0.594110 0.507637
vn 0.786500 -0.390723 0.478281
vn 0.131701 -0.973573 0.186578
vn -0.002700 -0.999991 -0.003386
vn 0.155880 -0.973573 0.166907
vn -0.003386 -0.999991 -0.002700
vn 0.177155 -0.973573 0.144126
vn 0.195130 -0.973573 0.118661
vn 0.383258 -0.893753 0.233064
vn 0.226251 -0.973573 0.031097
vn -0.004331 -0.999991 -0.000000
vn 0.228378 -0.973573 0.000000
vn 0.448560 -0.893753 0.000000
vn 0.444382 -0.893753 0.061079
vn 0.644137 -0.764910 0.000000
vn 0.638138 -0.764910 0.087710
vn 0.804384 -0.594110 0.000000
vn 0.796891 -0.594110 0.109530
vn 0.920508 -0.390723 0.000000
vn 0.911935 -0.390723 0.125343
vn 0.986142 -0.165904 0.000000
vn 0.976957 -0.165904 0.134280
vn 0.997684 0.068014 0.000000
vn 0.972670 0.068014 0.222006
vn 0.673094 -0.165904 0.720708
vn 0.622046 0.068014 0.780021
vn 0.568689 -0.165904 0.805648
vn 0.432879 0.068014 0.898883
vn 0.453689 -0.165904 0.875581
vn 0.330239 -0.165904 0.929203
vn 0.308259 -0.390723 0.867359
vn 0.187283 -0.390723 0.901255
vn 0.163657 -0.594110 0.787559
vn 0.054893 -0.594110 0.802508
vn 0.043957 -0.764910 0.642636
vn 0.222006 0.068014 0.972670
vn 0.200636 -0.165904 0.965516
vn 0.062818 -0.390723 0.918362
vn 0.067297 -0.165904 0.983843
vn 0.000000 0.068014 0.997684
vn -0.568689 -0.165904 0.805648
vn -0.622046 0.068014 0.780021
vn -0.673094 -0.165904 0.720708
vn -0.780021 0.068014 0.622046
vn -0.764961 -0.165904 0.622342
vn -0.842579 -0.165904 0.512383
vn -0.786500 -0.390723 0.478281
vn -0.844301 -0.390723 0.366731
vn -0.737790 -0.594110 0.320467
vn -0.774555 -0.594110 0.217020
vn -0.620251 -0.764910 0.173786
vn -0.898883 0.068014 0.432879
vn -0.904500 -0.165904 0.392880
vn -0.886373 -0.390723 0.248350
vn -0.949573 -0.165904 0.266058
vn -0.431926 -0.893753 0.121020
vn -0.411424 -0.893753 0.178707
vn -0.590810 -0.764910 0.256625
vn -0.687281 -0.594110 0.417945
vn -0.714049 -0.390723 0.580922
vn -0.550364 -0.764910 0.334683
vn -0.623969 -0.594110 0.507637
vn -0.628296 -0.390723 0.672740
vn -0.258676 -0.893753 0.366460
vn -0.296345 -0.764910 0.571920
vn -0.269372 -0.594110 0.757939
vn -0.206367 -0.893753 0.398269
vn -0.215709 -0.764910 0.606946
vn 0.030611 -0.893753 0.447514
vn 0.091262 -0.893753 0.439178
vn 0.131054 -0.764910 0.630665
vn 0.269372 -0.594110 0.757939
vn 0.423494 -0.390723 0.817306
vn 0.215709 -0.764910 0.606946
vn 0.370069 -0.594110 0.714200
vn 0.530839 -0.390723 0.752027
vn 0.306166 -0.893753 0.327824
vn 0.499665 -0.764910 0.406507
vn 0.687281 -0.594110 0.417945
vn 0.347953 -0.893753 0.283081
vn 0.550364 -0.764910 0.334683
vn -0.232124 -0.971590 0.046172
vn -0.236672 -0.971590 0.000000
vn -0.459895 -0.887973 0.000000
vn -0.451059 -0.887973 0.089721
vn -0.656988 -0.753901 0.000000
vn -0.644364 -0.753901 0.128172
vn -0.816749 -0.576993 0.000000
vn -0.801056 -0.576993 0.159340
vn -0.930103 -0.367299 0.000000
vn -0.912231 -0.367299 0.181454
vn -0.990608 -0.136735 0.000000
vn -0.971573 -0.136735 0.193258
vn -0.994825 0.101599 0.000000
vn -0.969883 0.101599 0.221369
vn -0.915202 -0.136735 0.379089
vn -0.896307 0.101599 0.431639
vn -0.823660 -0.136735 0.550352
vn -0.777786 0.101599 0.620264
vn -0.700465 -0.136735 0.700465
vn -0.620264 0.101599 0.777786
vn -0.550352 -0.136735 0.823660
vn -0.431639 0.101599 0.896307
vn -0.379089 -0.136735 0.915202
vn -0.221369 0.101599 0.969883
vn -0.193258 -0.136735 0.971573
vn 0.000000 0.101599 0.994825
vn 0.000000 -0.136735 0.990608
vn 0.193258 -0.136735 0.971573
vn 0.181454 -0.367299 0.912231
vn 0.355935 -0.367299 0.859303
vn 0.312556 -0.576993 0.754578
vn 0.453762 -0.576993 0.679102
vn 0.365003 -0.753901 0.546265
vn 0.464560 -0.753901 0.464560
vn 0.325195 -0.887973 0.325195
vn 0.382389 -0.887973 0.255504
vn 0.196785 -0.971590 0.131488
vn 0.218656 -0.971590 0.090570
vn 0.232124 -0.971590 0.046172
vn 0.236672 -0.971590 0.000000
vn 0.451059 -0.887973 0.089721
vn 0.459895 -0.887973 0.000000
vn 0.644364 -0.753901 0.128172
vn 0.656988 -0.753901 0.000000
vn 0.801056 -0.576993 0.159340
vn 0.816749 -0.576993 0.000000
vn 0.912231 -0.367299 0.181454
vn 0.930103 -0.367299 0.000000
vn 0.971573 -0.136735 0.193258
vn 0.990608 -0.136735 0.000000
vn 0.994825 0.101599 0.000000
vn 0.969883 0.101599 0.221369
vn 0.915202 -0.136735 0.379089
vn 0.896307 0.101599 0.431639
vn 0.823660 -0.136735 0.550352
vn 0.777786 0.101599 0.620264
vn 0.700465 -0.136735 0.700465
vn 0.620264 0.101599 0.777786
vn 0.550352 -0.136735 0.823660
vn 0.431639 0.101599 0.896307
vn 0.379089 -0.136735 0.915202
vn 0.221369 0.101599 0.969883
vn 0.167352 -0.971590 0.167352
vn 0.255504 -0.887973 0.382389
vn 0.251418 -0.753901 0.606977
vn 0.159340 -0.576993 0.801056
vn 0.000000 -0.367299 0.930103
vn 0.131488 -0.971590 0.196785
vn 0.175994 -0.887973 0.424888
vn 0.128172 -0.753901 0.644364
vn 0.000000 -0.576993 0.816749
vn -0.181454 -0.367299 0.912231
vn 0.090570 -0.971590 0.218656
vn 0.089721 -0.887973 0.451059
vn 0.000000 -0.753901 0.656988
vn -0.159340 -0.576993 0.801056
vn -0.355935 -0.367299 0.859303
vn 0.046172 -0.971590 0.232124
vn 0.000000 -0.887973 0.459895
vn -0.128172 -0.753901 0.644364
vn -0.312556 -0.576993 0.754578
vn -0.516738 -0.367299 0.773352
vn 0.000000 -0.971590 0.236672
vn -0.089721 -0.887973 0.451059
vn -0.251418 -0.753901 0.606977
vn -0.453762 -0.576993 0.679102
vn -0.657682 -0.367299 0.657682
vn -0.046172 -0.971590 0.232124
vn -0.090570 -0.971590 0.218656
vn -0.131488 -0.971590 0.196785
vn -0.167352 -0.971590 0.167352
vn -0.196785 -0.971590 0.131488
vn -0.218656 -0.971590 0.090570
vn -0.859303 -0.367299 0.355935
vn -0.773352 -0.367299 0.516738
vn -0.754578 -0.576993 0.312556
vn -0.679102 -0.576993 0.453762
vn -0.577529 -0.576993 0.577529
vn -0.606977 -0.753901 0.251418
vn -0.546265 -0.753901 0.365003
vn -0.464560 -0.753901 0.464560
vn -0.365003 -0.753901 0.546265
vn -0.424888 -0.887973 0.175994
vn -0.382389 -0.887973 0.255504
vn -0.325195 -0.887973 0.325195
vn -0.255504 -0.887973 0.382389
vn -0.175994 -0.887973 0.424888
vn 0.516738 -0.367299 0.773352
vn 0.577529 -0.576993 0.577529
vn 0.546265 -0.753901 0.365003
vn 0.424888 -0.887973 0.175994
vn 0.657682 -0.367299 0.657682
vn 0.679102 -0.576993 0.453762
vn 0.606977 -0.753901 0.251418
vn 0.773352 -0.367299 0.516738
vn 0.754578 -0.576993 0.312556
vn 0.859303 -0.367299 0.355935
vn -0.000000 -1.000000 -0.000000
vn -0.000000 -1.000000 -0.000000
vn -0.000000 -1.000000 -0.000000
vn -0.000000 -1.000000 -0.000000
vn -0.000000 -1.000000 -0.000000
vn -0.000000 -1.000000 -0.000000
vn -0.000000 -1.000000 -0.000000
vn -0.000000 -1.000000 -0.000000
vn -0.000000 -1.000000 -0.000000
vn -0.000000 -1.000000 -0.000000
vn -0.000000 -1.000000 -0.000000
vn -0.000000 -1.000000 -0.000000
vn -0.000000 -1.000000 -0.000000
vn -0.000000 -1.000000 -0.000000
vn -0.000000 -1.000000 -0.000000
vn -0.000000 -1.000000 -0.000000
vn -0.000000 -1.000000 -0.000000
vn -0.000000 -1.000000 -0.000000
vn -0.000000 -1.000000 -0.000000
vn -0.000000 -1.000000 -0.000000
vn -0.000000 -1.000000 -0.000000
vn -0.000000 -1.000000 -0.000000
vn -0.000000 -1.000000 -0.000000
vn -0.000000 -1.000000 -0.000000
vn -0.000000 -1.000000 -0.000000
vn -0.000000 -1.000000 -0.000000
vn -0.000000 -1.000000 -0.000000
vn -0.000000 -1.000000 -0.000000
vn -0.000000 -1.000000 -0.000000
vn -0.000000 -1.000000 -0.000000
vn -0.000000 -1.000000 -0.000000
vn -0.000000 -1.000000 -0.000000
vn -0.000000 -1.000000 -0.000000
vn -0.000000 -1.000000 -0.000000
vn -0.000000 -1.000000 -0.000000
vn -0.000000 -1.000000 -0.000000
vn -0.000000 -1.000000 -0.000000
vn -0.000000 -1.000000 -0.000000
vn -1.000000 0.000000 0.000000
vn -0.965926 -0.258819 0.000000
vn -0.986361 0.000000 0.164595
vn -0.952752 -0.258819 0.158986
vn -0.945817 0.000000 0.324699
vn -0.913589 -0.258819 0.313636
vn -0.879474 0.000000 0.475947
vn -0.849506 -0.258819 0.459730
vn -0.789141 0.000000 0.614213
vn -0.762251 -0.258819 0.593284
vn -0.677282 0.000000 0.735724
vn -0.654204 -0.258819 0.710655
vn -0.546948 0.000000 0.837166
vn -0.528311 -0.258819 0.808641
vn -0.401695 0.000000 0.915773
vn -0.388008 -0.258819 0.884569
vn -0.245485 0.000000 0.969400
vn -0.237121 -0.258819 0.936369
vn -0.082579 0.000000 0.996584
vn -0.079766 -0.258819 0.962627
vn 0.082579 0.000000 0.996584
vn 0.079766 -0.258819 0.962627
vn 0.245485 0.000000 0.969400
vn 0.237121 -0.258819 0.936369
vn 0.401695 0.000000 0.915773
vn 0.388008 -0.258819 0.884569
vn 0.546948 0.000000 0.837166
vn 0.528311 -0.258819 0.808641
vn 0.677282 0.000000 0.735724
vn 0.654204 -0.258819 0.710655
vn 0.789141 0.000000 0.614213
vn 0.762251 -0.258819 0.593284
vn 0.879474 0.000000 0.475947
vn 0.849506 -0.258819 0.459730
vn 0.945817 0.000000 0.324699
vn 0.913589 -0.258819 0.313636
vn 0.986361 0.000000 0.164595
vn 0.952752 -0.258819 0.158986
vn 1.000000 0.000000 0.000000
vn 0.965926 -0.258819 0.000000
vn 0.854214 -0.500000 0.142543
vn 0.866025 -0.500000 0.000000
vn 0.697463 -0.707107 0.116386
vn 0.707107 -0.707107 0.000000
vn 0.493181 -0.866025 0.082297
vn 0.500000 -0.866025 0.000000
vn 0.255289 -0.965926 0.042600
vn 0.258819 -0.965926 0.000000
vn 0.244796 -0.965926 0.084038
vn 0.227625 -0.965926 0.123184
vn 0.204245 -0.965926 0.158970
vn 0.175293 -0.965926 0.190419
vn 0.141561 -0.965926 0.216675
vn 0.103966 -0.965926 0.237020
vn 0.063536 -0.965926 0.250899
vn 0.021373 -0.965926 0.257935
vn -0.021373 -0.965926 0.257935
vn -0.063536 -0.965926 0.250899
vn -0.103966 -0.965926 0.237020
vn -0.141561 -0.965926 0.216675
vn -0.175293 -0.965926 0.190419
vn -0.204245 -0.965926 0.158970
vn -0.227625 -0.965926 0.123184
vn -0.244796 -0.965926 0.084038
vn -0.255289 -0.965926 0.042600
vn -0.258819 -0.965926 0.000000
vn -0.493181 -0.866025 0.082297
vn -0.500000 -0.866025 0.000000
vn -0.697463 -0.707107 0.116386
vn -0.707107 -0.707107 0.000000
vn -0.854214 -0.500000 0.142543
vn -0.866025 -0.500000 0.000000
vn -0.472909 -0.866025 0.162350
vn -0.439737 -0.866025 0.237974
vn -0.394570 -0.866025 0.307106
vn -0.338641 -0.866025 0.367862
vn -0.273474 -0.866025 0.418583
vn -0.200848 -0.866025 0.457887
vn -0.122743 -0.866025 0.484700
vn -0.041290 -0.866025 0.498292
vn 0.041290 -0.866025 0.498292
vn 0.122743 -0.866025 0.484700
vn 0.200848 -0.866025 0.457887
vn 0.273474 -0.866025 0.418583
vn 0.338641 -0.866025 0.367862
vn 0.394570 -0.866025 0.307106
vn 0.439737 -0.866025 0.237974
vn 0.472909 -0.866025 0.162350
vn -0.668794 -0.707107 0.229597
vn -0.621882 -0.707107 0.336546
vn -0.558007 -0.707107 0.434314
vn -0.478910 -0.707107 0.520235
vn -0.386751 -0.707107 0.591966
vn -0.284042 -0.707107 0.647550
vn -0.173584 -0.707107 0.685470
vn -0.058392 -0.707107 0.704692
vn 0.058392 -0.707107 0.704692
vn 0.173584 -0.707107 0.685470
vn 0.284042 -0.707107 0.647550
vn 0.386751 -0.707107 0.591966
vn 0.478910 -0.707107 0.520235
vn 0.558007 -0.707107 0.434314
vn 0.621882 -0.707107 0.336546
vn 0.668794 -0.707107 0.229597
vn -0.819102 -0.500000 0.281198
vn -0.761647 -0.500000 0.412183
vn -0.683416 -0.500000 0.531924
vn -0.586543 -0.500000 0.637156
vn -0.473671 -0.500000 0.725007
vn -0.347878 -0.500000 0.793083
vn -0.212597 -0.500000 0.839525
vn -0.071516 -0.500000 0.863067
vn 0.071516 -0.500000 0.863067
vn 0.212597 -0.500000 0.839525
vn 0.347878 -0.500000 0.793083
vn 0.473671 -0.500000 0.725007
vn 0.586543 -0.500000 0.637156
vn 0.683416 -0.500000 0.531924
vn 0.761647 -0.500000 0.412183
vn 0.819102 -0.500000 0.281198
vn -1.000000 -0.000000 0.000000
vn -0.986361 -0.000000 0.164595
vn -0.945817 -0.000000 0.324699
vn -0.879474 -0.000000 0.475947
vn -0.789141 -0.000000 0.614213
vn -0.677282 -0.000000 0.735724
vn -0.546948 -0.000000 0.837166
vn -0.401695 -0.000000 0.915773
vn -0.245485 -0.000000 0.969400
vn -0.082579 -0.000000 0.996584
vn 0.082579 -0.000000 0.996584
vn 0.245485 -0.000000 0.969400
vn 0.401695 -0.000000 0.915773
vn 0.546948 -0.000000 0.837166
vn 0.677282 -0.000000 0.735724
vn 0.789141 -0.000000 0.614213
vn 0.879474 -0.000000 0.475947
vn 0.945817 -0.000000 0.324699
vn 0.986361 -0.000000 0.164595
vn 1.000000 -0.000000 0.000000
vn 0.000000 1.000000 0.000000
vn 0.000000 1.000000 0.000000
vn 0.000000 1.000000 0.000000
vn 0.000000 1.000000 0.000000
vn 0.000000 1.000000 0.000000
vn 0.000000 1.000000 0.000000
vn 0.000000 1.000000 0.000000
vn 0.000000 1.000000 0.000000
vn 0.000000 1.000000 0.000000
vn 0.000000 1.000000 0.000000
vn 0.000000 1.000000 0.000000
vn 0.000000 1.000000 0.000000
vn 0.000000 1.000000 0.000000
vn 0.000000 1.000000 0.000000
vn 0.000000 1.000000 0.000000
vn 0.000000 1.000000 0.000000
vn 0.000000 1.000000 0.000000
vn 0.000000 1.000000 0.000000
vn 0.000000 1.000000 0.000000
vn 0.000000 1.000000 0.000000
vn 0.000000 1.000000 0.000000
vn 0.000000 1.000000 0.000000
vn 0.000000 1.000000 0.000000
vn 0.000000 1.000000 0.000000
vn 0.000000 1.000000 0.000000
vn 0.000000 1.000000 0.000000
vn 0.000000 1.000000 0.000000
vn 0.000000 1.000000 0.000000
vn 0.000000 1.000000 0.000000
vn 0.000000 1.000000 0.000000
vn 0.000000 1.000000 0.000000
vn 0.000000 1.000000 0.000000
vn 0.000000 1.000000 0.000000
vn 0.000000 1.000000 0.000000
vn 0.000000 1.000000 0.000000
vn -0.965926 0.000000 0.258819
vn -1.000000 0.000000 0.000000
vn -0.937858 0.258819 0.231161
vn -0.965926 0.258819 0.000000
vn -0.866025 0.500000 0.000000
vn -0.840860 0.500000 0.207253
vn -0.707107 0.707107 0.000000
vn -0.686560 0.707107 0.169222
vn -0.500000 0.866025 0.000000
vn -0.485471 0.866025 0.119658
vn -0.258819 0.965926 0.000000
vn -0.251298 0.965926 0.061939
vn -0.229173 0.965926 0.120279
vn -0.193729 0.965926 0.171629
vn -0.147026 0.965926 0.213004
vn -0.091778 0.965926 0.242000
vn -0.031197 0.965926 0.256932
vn 0.031197 0.965926 0.256932
vn 0.091778 0.965926 0.242000
vn 0.147026 0.965926 0.213004
vn 0.193729 0.965926 0.171629
vn 0.229173 0.965926 0.120279
vn 0.251298 0.965926 0.061939
vn 0.258819 0.965926 0.000000
vn 0.500000 0.866025 0.000000
vn 0.485471 0.866025 0.119658
vn 0.442728 0.866025 0.232362
vn 0.374255 0.866025 0.331561
vn 0.284032 0.866025 0.411492
vn 0.177302 0.866025 0.467508
vn 0.060268 0.866025 0.496354
vn -0.060268 0.866025 0.496354
vn -0.177302 0.866025 0.467508
vn -0.284032 0.866025 0.411492
vn -0.374255 0.866025 0.331561
vn -0.442728 0.866025 0.232362
vn 0.707107 0.707107 0.000000
vn 0.686560 0.707107 0.169222
vn 0.626112 0.707107 0.328609
vn 0.529277 0.707107 0.468899
vn 0.401682 0.707107 0.581937
vn 0.250744 0.707107 0.661156
vn 0.085232 0.707107 0.701951
vn -0.085232 0.707107 0.701951
vn -0.250744 0.707107 0.661156
vn -0.401682 0.707107 0.581937
vn -0.529277 0.707107 0.468899
vn -0.626112 0.707107 0.328609
vn 0.866025 0.500000 0.000000
vn 0.840860 0.500000 0.207253
vn 0.766827 0.500000 0.402462
vn 0.648229 0.500000 0.574281
vn 0.491959 0.500000 0.712725
vn 0.307097 0.500000 0.809748
vn 0.104388 0.500000 0.859711
vn -0.104388 0.500000 0.859711
vn -0.307097 0.500000 0.809748
vn -0.491959 0.500000 0.712725
vn -0.648229 0.500000 0.574281
vn -0.766827 0.500000 0.402462
vn 0.965926 0.258819 0.000000
vn 0.937858 0.258819 0.231161
vn 0.855285 0.258819 0.448888
vn 0.723006 0.258819 0.640527
vn 0.548708 0.258819 0.794941
vn 0.342522 0.258819 0.903156
vn 0.116429 0.258819 0.958883
vn -0.116429 0.258819 0.958883
vn -0.342522 0.258819 0.903156
vn -0.548708 0.258819 0.794941
vn -0.723006 0.258819 0.640527
vn -0.855285 0.258819 0.448888
vn 1.000000 0.000000 0.000000
vn 0.965926 0.000000 0.258819
vn 0.866025 0.000000 0.500000
vn 0.707107 0.000000 0.707107
vn 0.500000 0.000000 0.866025
vn 0.258819 0.000000 0.965926
vn 0.000000 0.000000 1.000000
vn -0.258819 0.000000 0.965926
vn -0.500000 0.000000 0.866025
vn -0.707107 0.000000 0.707107
vn -0.866025 0.000000 0.500000
vn -1.000000 -0.000000 0.000000
vn -0.965926 -0.000000 0.258819
vn -0.866025 -0.000000 0.500000
vn -0.707107 -0.000000 0.707107
vn -0.500000 -0.000000 0.866025
vn -0.258819 -0.000000 0.965926
vn 0.000000 -0.000000 1.000000
vn 0.258819 -0.000000 0.965926
vn 0.500000 -0.000000 0.866025
vn 0.707107 -0.000000 0.707107
vn 0.866025 -0.000000 0.500000
vn 0.965926 -0.000000 0.258819
vn 1.000000 -0.000000 0.000000
vn -0.000000 1.000000 0.000000
vn -0.258819 0.965926 0.000000
vn 0.000000 1.000000 -0.000000
vn -0.250000 0.965926 0.066987
vn 0.000000 1.000000 -0.000000
vn -0.224144 0.965926 0.129410
vn 0.000000 1.000000 -0.000000
vn -0.183013 0.965926 0.183013
vn 0.000000 1.000000 -0.000000
vn -0.129410 0.965926 0.224144
vn 0.000000 1.000000 -0.000000
vn -0.066987 0.965926 0.250000
vn -0.000000 1.000000 -0.000000
vn 0.000000 0.965926 0.258819
vn -0.000000 1.000000 -0.000000
vn 0.066987 0.965926 0.250000
vn -0.000000 1.000000 -0.000000
vn 0.129410 0.965926 0.224144
vn -0.000000 1.000000 -0.000000
vn 0.183013 0.965926 0.183013
vn -0.000000 1.000000 -0.000000
vn 0.224144 0.965926 0.129410
vn -0.000000 1.000000 -0.000000
vn 0.250000 0.965926 0.066987
vn 0.000000 1.000000 0.000000
vn 0.258819 0.965926 0.000000
vn 0.482963 0.866025 0.129410
vn 0.500000 0.866025 0.000000
vn 0.683013 0.707107 0.183013
vn 0.707107 0.707107 0.000000
vn 0.836516 0.500000 0.224144
vn 0.866025 0.500000 0.000000
vn 0.933013 0.258819 0.250000
vn 0.965926 0.258819 0.000000
vn -0.500000 0.866025 0.000000
vn -0.482963 0.866025 0.129410
vn -0.433013 0.866025 0.250000
vn -0.353553 0.866025 0.353553
vn -0.250000 0.866025 0.433013
vn -0.129410 0.866025 0.482963
vn 0.000000 0.866025 0.500000
vn 0.129410 0.866025 0.482963
vn 0.250000 0.866025 0.433013
vn 0.353553 0.866025 0.353553
vn 0.433013 0.866025 0.250000
vn -0.707107 0.707107 0.000000
vn -0.683013 0.707107 0.183013
vn -0.612372 0.707107 0.353553
vn -0.500000 0.707107 0.500000
vn -0.353553 0.707107 0.612372
vn -0.183013 0.707107 0.683013
vn 0.000000 0.707107 0.707107
vn 0.183013 0.707107 0.683013
vn 0.353553 0.707107 0.612372
vn 0.500000 0.707107 0.500000
vn 0.612372 0.707107 0.353553
vn -0.866025 0.500000 0.000000
vn -0.836516 0.500000 0.224144
vn -0.750000 0.500000 0.433013
vn -0.612372 0.500000 0.612372
vn -0.433013 0.500000 0.750000
vn -0.224144 0.500000 0.836516
vn 0.000000 0.500000 0.866025
vn 0.224144 0.500000 0.836516
vn 0.433013 0.500000 0.750000
vn 0.612372 0.500000 0.612372
vn 0.750000 0.500000 0.433013
vn -0.965926 0.258819 0.000000
vn -0.933013 0.258819 0.250000
vn -0.836516 0.258819 0.482963
vn -0.683013 0.258819 0.683013
vn -0.482963 0.258819 0.836516
vn -0.250000 0.258819 0.933013
vn 0.000000 0.258819 0.965926
vn 0.250000 0.258819 0.933013
vn 0.482963 0.258819 0.836516
vn 0.683013 0.258819 0.683013
vn 0.836516 0.258819 0.482963
vn 0.000000 1.000000 0.000000
vn 0.000000 1.000000 0.000000
vn 0.000000 1.000000 0.000000
vn 0.000000 1.000000 0.000000
vn 0.000000 1.000000 0.000000
vn 0.000000 1.000000 0.000000
vn 0.000000 1.000000 0.000000
vn 0.000000 1.000000 0.000000
vn 0.000000 1.000000 0.000000
vn 0.000000 1.000000 0.000000
vn 0.000000 1.000000 0.000000
vn 0.000000 1.000000 0.000000
vn 0.000000 1.000000 0.000000
vn 1.000000 -0.000000 -0.000000
vn 1.000000 -0.000000 0.000000
vn 0.965926 -0.000000 0.258819
vn 0.965926 -0.000000 0.258819
vn 0.866025 -0.000000 0.500000
vn 0.866025 -0.000000 0.500000
vn 0.707107 -0.000000 0.707107
vn 0.707107 -0.000000 0.707107
vn 0.500000 -0.000000 0.866025
vn 0.500000 -0.000000 0.866025
vn 0.258819 -0.000000 0.965926
vn 0.258819 -0.000000 0.965926
vn 0.000000 -0.000000 1.000000
vn -0.000000 -0.000000 1.000000
vn -0.258819 -0.000000 0.965926
vn -0.258819 -0.000000 0.965926
vn -0.500000 -0.000000 0.866025
vn -0.500000 -0.000000 0.866025
vn -0.707107 -0.000000 0.707107
vn -0.707107 -0.000000 0.707107
vn -0.866025 -0.000000 0.500000
vn -0.866025 -0.000000 0.500000
vn -0.965926 -0.000000 0.258819
vn -0.965926 -0.000000 0.258819
vn -1.000000 -0.000000 0.000000
vn -1.000000 -0.000000 0.000000
vn 0.000000 1.000000 0.000000
vn 0.000000 1.000000 0.000000
vn 0.000000 1.000000 0.000000
vn 0.000000 1.000000 0.000000
vn 0.000000 1.000000 0.000000
vn 0.000000 1.000000 0.000000
vn 0.000000 1.000000 0.000000
vn 0.000000 1.000000 0.000000
vn 0.000000 1.000000 0.000000
vn 0.000000 1.000000 0.000000
vn 0.000000 1.000000 0.000000
vn 0.000000 1.000000 0.000000
vn 0.000000 1.000000 0.000000
vn 0.000000 1.000000 0.000000
vn 0.000000 1.000000 0.000000
vn 0.000000 1.000000 0.000000
vn 0.000000 1.000000 0.000000
vn 0.000000 1.000000 0.000000
vn 0.000000 1.000000 0.000000
vn 0.000000 1.000000 0.000000
vn 0.000000 1.000000 0.000000
vn 0.000000 1.000000 0.000000
vn 0.000000 1.000000 0.000000
vn 0.000000 1.000000 0.000000
vn 0.000000 1.000000 0.000000
vn 0.000000 1.000000 0.000000
vn 0.965926 0.000000 -0.258819
vn 1.000000 0.000000 -0.000000
vn 0.965926 0.000000 -0.258819
vn 1.000000 0.000000 -0.000000
vn 0.965926 0.000000 -0.258819
vn 1.000000 0.000000 -0.000000
vn 0.965926 0.000000 -0.258819
vn 1.000000 0.000000 -0.000000
vn 0.965926 0.000000 -0.258819
vn 0.866025 0.000000 -0.500000
vn 0.866025 0.000000 -0.500000
vn 0.707107 0.000000 -0.707107
vn 0.707107 0.000000 -0.707107
vn 0.500000 0.000000 -0.866025
vn 0.500000 0.000000 -0.866025
vn 0.258819 0.000000 -0.965926
vn 0.258819 0.000000 -0.965926
vn -0.000000 0.000000 -1.000000
vn -0.000000 0.000000 -1.000000
vn -0.258819 0.000000 -0.965926
vn -0.258819 0.000000 -0.965926
vn -0.500000 0.000000 -0.866025
vn -0.500000 0.000000 -0.866025
vn -0.707107 0.000000 -0.707107
vn -0.707107 0.000000 -0.707107
vn -0.866025 0.000000 -0.500000
vn -0.866025 0.000000 -0.500000
vn -0.965926 0.000000 -0.258819
vn -0.965926 0.000000 -0.258819
vn -1.000000 0.000000 0.000000
vn -1.000000 0.000000 0.000000
vn -0.965926 0.000000 -0.258819
vn -0.866025 0.000000 -0.500000
vn -0.707107 0.000000 -0.707107
vn -0.500000 0.000000 -0.866025
vn -0.258819 0.000000 -0.965926
vn -0.000000 0.000000 -1.000000
vn 0.258819 0.000000 -0.965926
vn 0.500000 0.000000 -0.866025
vn 0.707107 0.000000 -0.707107
vn 0.866025 0.000000 -0.500000
vn -1.000000 0.000000 0.000000
vn -0.965926 0.000000 -0.258819
vn -0.866025 0.000000 -0.500000
vn -0.707107 0.000000 -0.707107
vn -0.500000 0.000000 -0.866025
vn -0.258819 0.000000 -0.965926
vn -0.000000 0.000000 -1.000000
vn 0.258819 0.000000 -0.965926
vn 0.500000 0.000000 -0.866025
vn 0.707107 0.000000 -0.707107
vn 0.866025 0.000000 -0.500000
vn -1.000000 0.000000 0.000000
vn -0.965926 0.000000 -0.258819
vn -0.866025 0.000000 -0.500000
vn -0.707107 0.000000 -0.707107
vn -0.500000 0.000000 -0.866025
vn -0.258819 0.000000 -0.965926
vn -0.000000 0.000000 -1.000000
vn 0.258819 0.000000 -0.965926
vn 0.500000 0.000000 -0.866025
vn 0.707107 0.000000 -0.707107
vn 0.866025 0.000000 -0.500000
vn 1.000000 -0.000000 -0.000000
vn 1.000000 -0.000000 -0.000000
vn 0.965926 -0.000000 0.258819
vn 0.965926 -0.000000 0.258819
vn 0.866025 -0.000000 0.500000
vn 0.866025 -0.000000 0.500000
vn 0.707107 -0.000000 0.707107
vn 0.707107 -0.000000 0.707107
vn 0.500000 -0.000000 0.866025
vn 0.500000 -0.000000 0.866025
vn 0.258819 -0.000000 0.965926
vn 0.258819 -0.000000 0.965926
vn 0.000000 -0.000000 1.000000
vn 0.000000 -0.000000 1.000000
vn -0.258819 -0.000000 0.965926
vn -0.258819 -0.000000 0.965926
vn -0.500000 -0.000000 0.866025
vn -0.500000 -0.000000 0.866025
vn -0.707107 -0.000000 0.707107
vn -0.707107 -0.000000 0.707107
vn -0.866025 -0.000000 0.500000
vn -0.866025 -0.000000 0.500000
vn -0.965926 -0.000000 0.258819
vn -0.965926 -0.000000 0.258819
vn -1.000000 -0.000000 0.000000
vn -1.000000 -0.000000 0.000000
vn 1.000000 -0.000000 -0.000000
vn 1.000000 -0.000000 -0.000000
vn 0.965926 -0.000000 0.258819
vn 0.965926 -0.000000 0.258819
vn 0.866025 -0.000000 0.500000
vn 0.866025 -0.000000 0.500000
vn 0.707107 -0.000000 0.707107
vn 0.707107 -0.000000 0.707107
vn 0.500000 -0.000000 0.866025
vn 0.500000 -0.000000 0.866025
vn 0.258819 -0.000000 0.965926
vn 0.258819 -0.000000 0.965926
vn 0.000000 -0.000000 1.000000
vn 0.000000 -0.000000 1.000000
vn -0.258819 -0.000000 0.965926
vn -0.258819 -0.000000 0.965926
vn -0.500000 -0.000000 0.866025
vn -0.500000 -0.000000 0.866025
vn -0.707107 -0.000000 0.707107
vn -0.707107 -0.000000 0.707107
vn -0.866025 -0.000000 0.500000
vn -0.866025 -0.000000 0.500000
vn -0.965926 -0.000000 0.258819
vn -0.965926 -0.000000 0.258819
vn -1.000000 -0.000000 0.000000
vn -1.000000 -0.000000 0.000000
vn -0.000000 -1.000000 -0.000000
vn -0.000000 -1.000000 -0.000000
vn -0.000000 -1.000000 -0.000000
vn -0.000000 -1.000000 -0.000000
vn -0.000000 -1.000000 -0.000000
vn -0.000000 -1.000000 -0.000000
vn -0.000000 -1.000000 -0.000000
vn -0.000000 -1.000000 -0.000000
vn -0.000000 -1.000000 -0.000000
vn -0.000000 -1.000000 -0.000000
vn -0.000000 -1.000000 -0.000000
vn -0.000000 -1.000000 -0.000000
vn -0.000000 -1.000000 -0.000000
vn -0.000000 -1.000000 -0.000000
vn -0.000000 -1.000000 -0.000000
vn -0.000000 -1.000000 -0.000000
vn -0.000000 -1.000000 -0.000000
vn -0.000000 -1.000000 -0.000000
vn -0.000000 -1.000000 -0.000000
vn -0.000000 -1.000000 -0.000000
vn -0.000000 -1.000000 -0.000000
vn -0.000000 -1.000000 -0.000000
vn -0.000000 -1.000000 -0.000000
vn -0.000000 -1.000000 -0.000000
vn -0.000000 -1.000000 -0.000000
vn -0.000000 -1.000000 -0.000000
vn -0.000000 -1.000000 -0.000000
vn -0.000000 -1.000000 -0.000000
vn -0.000000 -1.000000 -0.000000
vn -0.000000 -1.000000 -0.000000
vn -0.000000 -1.000000 -0.000000
vn -0.000000 -1.000000 -0.000000
vn -0.000000 -1.000000 -0.000000
vn -0.000000 -1.000000 -0.000000
vn -0.000000 -1.000000 -0.000000
vn -0.000000 -1.000000 -0.000000
vn -0.000000 -1.000000 -0.000000
vn -0.000000 -1.000000 -0.000000
vn -0.000000 -1.000000 -0.000000
vn -0.000000 -1.000000 -0.000000
vn -0.000000 -1.000000 -0.000000
vn -0.000000 -1.000000 -0.000000
vn -0.000000 -1.000000 -0.000000
vn -0.000000 -1.000000 -0.000000
vn -0.000000 -1.000000 -0.000000
vn -0.000000 -1.000000 -0.000000
vn -0.000000 -1.000000 -0.000000
vn -0.000000 -1.000000 -0.000000
vn -0.000000 -1.000000 -0.000000
vn -0.000000 -1.000000 -0.000000
vn -0.000000 -1.000000 -0.000000
vn -0.000000 -1.000000 -0.000000
vn 0.000000 1.000000 0.000000
vn 0.000000 1.000000 0.000000
vn 0.000000 1.000000 0.000000
vn 0.000000 1.000000 0.000000
vn 0.000000 1.000000 0.000000
vn 0.000000 1.000000 0.000000
vn 0.000000 1.000000 0.000000
vn 0.000000 1.000000 0.000000
vn 0.000000 1.000000 0.000000
vn 0.000000 1.000000 0.000000
vn 0.000000 1.000000 0.000000
vn 0.000000 1.000000 0.000000
vn 0.000000 1.000000 0.000000
vn 0.000000 1.000000 0.000000
vn 0.000000 1.000000 0.000000
vn 0.000000 1.000000 0.000000
vn 0.000000 1.000000 0.000000
vn 0.000000 1.000000 0.000000
vn 0.000000 1.000000 0.000000
vn 0.000000 1.000000 0.000000
vn 0.000000 1.000000 0.000000
vn 0.000000 1.000000 0.000000
vn 0.000000 1.000000 0.000000
vn 0.000000 1.000000 0.000000
vn 0.000000 1.000000 0.000000
vn 0.000000 1.000000 0.000000
vn 0.000000 1.000000 0.000000
vn 0.765496 -0.643441 0.000000
vn 0.765496 -0.643441 0.000000
vn 0.739412 -0.643441 -0.198125
vn 0.739412 -0.643441 -0.198125
vn 0.662939 -0.643441 -0.382748
vn 0.662939 -0.643441 -0.382748
vn 0.541287 -0.643441 -0.541287
vn 0.541287 -0.643441 -0.541287
vn 0.382748 -0.643441 -0.662939
vn 0.382748 -0.643441 -0.662939
vn 0.198125 -0.643441 -0.739412
vn 0.198125 -0.643441 -0.739412
vn 0.000000 -0.643441 -0.765496
vn 0.000000 -0.643441 -0.765496
vn -0.198125 -0.643441 -0.739412
vn -0.198125 -0.643441 -0.739412
vn -0.382748 -0.643441 -0.662939
vn -0.382748 -0.643441 -0.662939
vn -0.541287 -0.643441 -0.541287
vn -0.541287 -0.643441 -0.541287
vn -0.662939 -0.643441 -0.382748
vn -0.662939 -0.643441 -0.382748
vn -0.739412 -0.643441 -0.198125
vn -0.739412 -0.643441 -0.198125
vn -0.765496 -0.643441 -0.000000
vn -0.765496 -0.643441 -0.000000
vn -0.600864 0.799351 0.000000
vn -0.664003 0.747730 0.000000
vn -0.447266 0.886335 -0.119845
vn -0.641377 0.747730 -0.171857
vn -0.401008 0.886335 -0.231522
vn -0.575043 0.747730 -0.332001
vn -0.327422 0.886335 -0.327422
vn -0.469521 0.747730 -0.469521
vn -0.231522 0.886335 -0.401008
vn -0.332001 0.747730 -0.575043
vn -0.119845 0.886335 -0.447266
vn -0.171857 0.747730 -0.641377
vn -0.000000 0.886335 -0.463044
vn -0.000000 0.747730 -0.664003
vn 0.119845 0.886335 -0.447266
vn 0.171857 0.747730 -0.641377
vn 0.231522 0.886335 -0.401008
vn 0.332001 0.747730 -0.575043
vn 0.327422 0.886335 -0.327422
vn 0.469521 0.747730 -0.469521
vn 0.401008 0.886335 -0.231522
vn 0.575043 0.747730 -0.332001
vn 0.447266 0.886335 -0.119845
vn 0.641377 0.747730 -0.171857
vn 0.463044 0.886335 -0.000000
vn 0.533729 0.845656 -0.000000
vn 0.600864 0.799351 -0.000000
vn 0.664003 0.747730 -0.000000
vn -0.463044 0.886335 0.000000
vn -0.533729 0.845656 0.000000
vn -0.000000 -1.000000 -0.000000
vn -0.000000 -1.000000 -0.000000
vn -0.000000 -1.000000 -0.000000
vn -0.000000 -1.000000 -0.000000
vn -0.000000 -1.000000 -0.000000
vn -0.000000 -1.000000 -0.000000
vn -0.000000 -1.000000 -0.000000
vn -0.000000 -1.000000 -0.000000
vn -0.000000 -1.000000 -0.000000
vn -0.000000 -1.000000 -0.000000
vn -0.000000 -1.000000 -0.000000
vn -0.000000 -1.000000 -0.000000
vn -0.000000 -1.000000 -0.000000
vn -0.000000 -1.000000 -0.000000
vn -0.000000 -1.000000 -0.000000
vn -0.000000 -1.000000 -0.000000
vn -0.000000 -1.000000 -0.000000
vn -0.000000 -1.000000 -0.000000
vn -0.000000 -1.000000 -0.000000
vn -0.000000 -1.000000 -0.000000
vn -0.000000 -1.000000 -0.000000
vn -0.000000 -1.000000 -0.000000
vn -0.000000 -1.000000 -0.000000
vn -0.000000 -1.000000 -0.000000
vn -0.000000 -1.000000 -0.000000
vn -0.000000 -1.000000 -0.000000
vn -0.000000 -1.000000 -0.000000
vn -0.000000 -1.000000 -0.000000
vn -0.000000 -1.000000 -0.000000
vn -0.000000 -1.000000 -0.000000
vn -0.000000 -1.000000 -0.000000
vn -0.000000 -1.000000 -0.000000
vn -0.000000 -1.000000 -0.000000
vn -0.000000 -1.000000 -0.000000
vn -0.000000 -1.000000 -0.000000
vn -0.000000 -1.000000 -0.000000
vn -0.000000 -1.000000 -0.000000
vn -0.000000 -1.000000 -0.000000
vn -0.000000 -1.000000 -0.000000
vn -0.000000 -1.000000 -0.000000
vn -0.000000 -1.000000 -0.000000
vn -0.000000 -1.000000 -0.000000
vn -0.000000 -1.000000 -0.000000
vn -0.000000 -1.000000 -0.000000
vn -0.000000 -1.000000 -0.000000
vn -0.000000 -1.000000 -0.000000
vn -0.000000 -1.000000 -0.000000
vn -0.000000 -1.000000 -0.000000
vn -0.000000 -1.000000 -0.000000
vn -0.000000 -1.000000 -0.000000
vn -0.000000 -1.000000 -0.000000
vn -0.000000 -1.000000 -0.000000
vn -0.000000 -1.000000 -0.000000
vn -0.000000 -1.000000 -0.000000
vn -0.000000 -1.000000 -0.000000
vn -0.000000 -1.000000 -0.000000
vn -0.000000 -1.000000 -0.000000
vn -0.000000 -1.000000 -0.000000
vn -0.000000 -1.000000 -0.000000
vn -0.000000 -1.000000 -0.000000
vn -0.000000 -1.000000 -0.000000
vn -0.000000 -1.000000 -0.000000
vn -0.000000 -1.000000 -0.000000
vn -0.000000 -1.000000 -0.000000
vn -0.000000 -1.000000 -0.000000
vn -0.000000 -1.000000 -0.000000
vn -0.000000 -1.000000 -0.000000
vn -0.000000 -1.000000 -0.000000
vn -0.000000 -1.000000 -0.000000
vn -0.000000 -1.000000 -0.000000
vn -0.000000 -1.000000 -0.000000
vn -0.000000 -1.000000 -0.000000
vn -0.000000 -1.000000 -0.000000
vn -0.000000 -1.000000 -0.000000
vn -0.000000 -1.000000 -0.000000
vn -0.000000 -1.000000 -0.000000
vn -0.000000 -1.000000 -0.000000
vn -0.000000 -1.000000 -0.000000
vn -0.000000 -1.000000 -0.000000
vn -0.000000 -1.000000 -0.000000
vn -0.000000 -1.000000 -0.000000
vn -0.000000 -1.000000 -0.000000
vn -0.000000 -1.000000 -0.000000
vn -0.000000 -1.000000 -0.000000
vn -0.000000 -1.000000 -0.000000
vn -0.000000 -1.000000 -0.000000
vn -0.000000 -1.000000 -0.000000
vn -0.000000 -1.000000 -0.000000
vn -0.000000 -1.000000 -0.000000
vn -0.000000 -1.000000 -0.000000
vn -0.000000 -1.000000 -0.000000
vn -0.000000 -1.000000 -0.000000
vn -0.000000 -1.000000 -0.000000
vn -0.000000 -1.000000 -0.000000
vn -0.000000 -1.000000 -0.000000
vn -0.000000 -1.000000 -0.000000
vn -0.000000 -1.000000 -0.000000
vn -0.000000 -1.000000 -0.000000
vn -0.000000 -1.000000 -0.000000
vn 1.000000 -0.000000 -0.000000
vn 1.000000 -0.000000 -0.000000
vn 0.970942 0.000000 0.239316
vn 0.970942 0.000000 0.239316
vn 0.885456 0.000000 0.464723
vn 0.885456 0.000000 0.464723
vn 0.748511 0.000000 0.663123
vn 0.748511 0.000000 0.663123
vn 0.568065 0.000000 0.822984
vn 0.568065 0.000000 0.822984
vn 0.354605 0.000000 0.935016
vn 0.354605 0.000000 0.935016
vn 0.120537 0.000000 0.992709
vn 0.120537 0.000000 0.992709
vn -0.120537 0.000000 0.992709
vn -0.120537 0.000000 0.992709
vn -0.354605 0.000000 0.935016
vn -0.354605 0.000000 0.935016
vn -0.568065 0.000000 0.822984
vn -0.568065 0.000000 0.822984
vn -0.748511 0.000000 0.663123
vn -0.748511 0.000000 0.663123
vn -0.885456 0.000000 0.464723
vn -0.885456 0.000000 0.464723
vn -0.970942 0.000000 0.239316
vn -0.970942 0.000000 0.239316
vn -1.000000 0.000000 0.000000
vn -1.000000 0.000000 0.000000
vn 0.000000 1.000000 0.000000
vn 0.000000 1.000000 0.000000
vn 0.000000 1.000000 0.000000
vn 0.000000 1.000000 0.000000
vn 0.000000 1.000000 0.000000
vn 0.000000 1.000000 0.000000
vn 0.000000 1.000000 0.000000
vn 0.000000 1.000000 0.000000
vn 0.000000 1.000000 0.000000
vn 0.000000 1.000000 0.000000
vn 0.000000 1.000000 0.000000
vn 0.000000 1.000000 0.000000
vn 0.000000 1.000000 0.000000
vn 0.000000 1.000000 0.000000
vn 0.000000 1.000000 0.000000
vn 0.000000 1.000000 0.000000
vn 0.000000 1.000000 0.000000
vn 0.000000 1.000000 0.000000
vn 0.000000 1.000000 0.000000
vn 0.000000 1.000000 0.000000
vn 0.000000 1.000000 0.000000
vn 0.000000 1.000000 0.000000
vn 0.000000 1.000000 0.000000
vn 0.000000 1.000000 0.000000
vn 0.000000 1.000000 0.000000
vn 0.000000 1.000000 0.000000
vn 0.000000 1.000000 0.000000
vn 0.000000 1.000000 0.000000
vn 0.000000 1.000000 0.000000
vn 0.000000 1.000000 0.000000
vn -1.000000 0.000000 0.000000
vn -1.000000 0.000000 0.000000
vn -0.978148 0.000000 -0.207912
vn -0.978148 0.000000 -0.207912
vn -0.913545 0.000000 -0.406737
vn -0.913545 0.000000 -0.406737
vn -0.809017 0.000000 -0.587785
vn -0.809017 0.000000 -0.587785
vn -0.669131 0.000000 -0.743145
vn -0.669131 0.000000 -0.743145
vn -0.500000 0.000000 -0.866025
vn -0.500000 0.000000 -0.866025
vn -0.309017 0.000000 -0.951057
vn -0.309017 0.000000 -0.951057
vn -0.104528 0.000000 -0.994522
vn -0.104528 0.000000 -0.994522
vn 0.104528 0.000000 -0.994522
vn 0.104528 0.000000 -0.994522
vn 0.309017 0.000000 -0.951057
vn 0.309017 0.000000 -0.951057
vn 0.500000 0.000000 -0.866025
vn 0.500000 0.000000 -0.866025
vn 0.669131 0.000000 -0.743145
vn 0.669131 0.000000 -0.743145
vn 0.809017 0.000000 -0.587785
vn 0.809017 0.000000 -0.587785
vn 0.913545 0.000000 -0.406737
vn 0.913545 0.000000 -0.406737
vn 0.978148 0.000000 -0.207912
vn 0.978148 0.000000 -0.207912
vn 1.000000 0.000000 -0.000000
vn 1.000000 0.000000 -0.000000
vn 1.000000 -0.000000 -0.000000
vn 1.000000 -0.000000 -0.000000
vn 0.987688 0.000000 0.156434
vn 0.987688 0.000000 0.156434
vn 0.951057 0.000000 0.309017
vn 0.951057 0.000000 0.309017
vn 0.891007 0.000000 0.453990
vn 0.891007 0.000000 0.453990
vn 0.809017 0.000000 0.587785
vn 0.809017 0.000000 0.587785
vn 0.707107 0.000000 0.707107
vn 0.707107 0.000000 0.707107
vn 0.587785 0.000000 0.809017
vn 0.587785 0.000000 0.809017
vn 0.453990 0.000000 0.891007
vn 0.453990 0.000000 0.891007
vn 0.309017 0.000000 0.951057
vn 0.309017 0.000000 0.951057
vn 0.156434 0.000000 0.987688
vn 0.156434 0.000000 0.987688
vn -0.000000 0.000000 1.000000
vn -0.000000 0.000000 1.000000
vn -0.156434 0.000000 0.987688
vn -0.156434 0.000000 0.987688
vn -0.309017 0.000000 0.951057
vn -0.309017 0.000000 0.951057
vn -0.453990 0.000000 0.891007
vn -0.453990 0.000000 0.891007
vn -0.587785 0.000000 0.809017
vn -0.587785 0.000000 0.809017
vn -0.707107 0.000000 0.707107
vn -0.707107 0.000000 0.707107
vn -0.809017 0.000000 0.587785
vn -0.809017 0.000000 0.587785
vn -0.891007 0.000000 0.453990
vn -0.891007 0.000000 0.453990
vn -0.951057 0.000000 0.309017
vn -0.951057 0.000000 0.309017
vn -0.987688 0.000000 0.156434
vn -0.987688 0.000000 0.156434
vn -1.000000 0.000000 0.000000
vn -1.000000 0.000000 0.000000
vn -1.000000 0.000000 0.000000
vn -1.000000 0.000000 0.000000
vn -0.965926 0.000000 -0.258819
vn -0.965926 0.000000 -0.258819
vn -0.866025 0.000000 -0.500000
vn -0.866025 0.000000 -0.500000
vn -0.707107 0.000000 -0.707107
vn -0.707107 0.000000 -0.707107
vn -0.500000 0.000000 -0.866025
vn -0.500000 0.000000 -0.866025
vn -0.258819 0.000000 -0.965926
vn -0.258819 0.000000 -0.965926
vn -0.000000 0.000000 -1.000000
vn -0.000000 0.000000 -1.000000
vn 0.258819 0.000000 -0.965926
vn 0.258819 0.000000 -0.965926
vn 0.500000 0.000000 -0.866025
vn 0.500000 0.000000 -0.866025
vn 0.707107 0.000000 -0.707107
vn 0.707107 0.000000 -0.707107
vn 0.866025 0.000000 -0.500000
vn 0.866025 0.000000 -0.500000
vn 0.965926 0.000000 -0.258819
vn 0.965926 0.000000 -0.258819
vn 1.000000 0.000000 -0.000000
vn 1.000000 0.000000 -0.000000
vn 1.000000 -0.000000 -0.000000
vn 1.000000 -0.000000 -0.000000
vn 0.970942 0.000000 0.239316
vn 0.970942 0.000000 0.239316
vn 0.885456 0.000000 0.464723
vn 0.885456 0.000000 0.464723
vn 0.748511 0.000000 0.663123
vn 0.748511 0.000000 0.663123
vn 0.568065 0.000000 0.822984
vn 0.568065 0.000000 0.822984
vn 0.354605 0.000000 0.935016
vn 0.354605 0.000000 0.935016
vn 0.120537 0.000000 0.992709
vn 0.120537 0.000000 0.992709
vn -0.120537 0.000000 0.992709
vn -0.120537 0.000000 0.992709
vn -0.354605 0.000000 0.935016
vn -0.354605 0.000000 0.935016
vn -0.568065 0.000000 0.822984
vn -0.568065 0.000000 0.822984
vn -0.748511 0.000000 0.663123
vn -0.748511 0.000000 0.663123
vn -0.885456 0.000000 0.464723
vn -0.885456 0.000000 0.464723
vn -0.970942 0.000000 0.239316
vn -0.970942 0.000000 0.239316
vn -1.000000 0.000000 0.000000
vn -1.000000 0.000000 0.000000
vn -1.000000 0.000000 0.000000
vn -1.000000 0.000000 0.000000
vn -0.965926 0.000000 -0.258819
vn -0.965926 0.000000 -0.258819
vn -0.866025 0.000000 -0.500000
vn -0.866025 0.000000 -0.500000
vn -0.707107 0.000000 -0.707107
vn -0.707107 0.000000 -0.707107
vn -0.500000 0.000000 -0.866025
vn -0.500000 0.000000 -0.866025
vn -0.258819 0.000000 -0.965926
vn -0.258819 0.000000 -0.965926
vn 0.000000 0.000000 -1.000000
vn -0.000000 0.000000 -1.000000
vn 0.258819 0.000000 -0.965926
vn 0.258819 0.000000 -0.965926
vn 0.500000 0.000000 -0.866025
vn 0.500000 0.000000 -0.866025
vn 0.707107 0.000000 -0.707107
vn 0.707107 0.000000 -0.707107
vn 0.866025 0.000000 -0.500000
vn 0.866025 0.000000 -0.500000
vn 0.965926 0.000000 -0.258819
vn 0.965926 0.000000 -0.258819
vn 1.000000 0.000000 -0.000000
vn 1.000000 0.000000 -0.000000
vn -1.000000 0.000000 0.000000
vn -1.000000 0.000000 0.000000
vn -0.982973 0.000000 -0.183750
vn -0.982973 0.000000 -0.183750
vn -0.932472 0.000000 -0.361242
vn -0.932472 0.000000 -0.361242
vn -0.850217 0.000000 -0.526432
vn -0.850217 0.000000 -0.526432
vn -0.739009 0.000000 -0.673696
vn -0.739009 0.000000 -0.673696
vn -0.602635 0.000000 -0.798017
vn -0.602635 0.000000 -0.798017
vn -0.445738 0.000000 -0.895163
vn -0.445738 0.000000 -0.895163
vn -0.273663 0.000000 -0.961826
vn -0.273663 0.000000 -0.961826
vn -0.092268 0.000000 -0.995734
vn -0.092268 0.000000 -0.995734
vn 0.092268 0.000000 -0.995734
vn 0.092268 0.000000 -0.995734
vn 0.273663 0.000000 -0.961826
vn 0.273663 0.000000 -0.961826
vn 0.445738 0.000000 -0.895163
vn 0.445738 0.000000 -0.895163
vn 0.602635 0.000000 -0.798017
vn 0.602635 0.000000 -0.798017
vn 0.739009 0.000000 -0.673696
vn 0.739009 0.000000 -0.673696
vn 0.850217 0.000000 -0.526432
vn 0.850217 0.000000 -0.526432
vn 0.932472 0.000000 -0.361242
vn 0.932472 0.000000 -0.361242
vn 0.982973 0.000000 -0.183750
vn 0.982973 0.000000 -0.183750
vn 1.000000 0.000000 -0.000000
vn 1.000000 0.000000 -0.000000
vn 1.000000 -0.000000 -0.000000
vn 1.000000 -0.000000 -0.000000
vn 0.986361 0.000000 0.164595
vn 0.986361 0.000000 0.164595
vn 0.945817 0.000000 0.324699
vn 0.945817 0.000000 0.324699
vn 0.879474 0.000000 0.475947
vn 0.879474 0.000000 0.475947
vn 0.789141 0.000000 0.614213
vn 0.789141 0.000000 0.614213
vn 0.677282 0.000000 0.735724
vn 0.677282 0.000000 0.735724
vn 0.546948 0.000000 0.837166
vn 0.546948 0.000000 0.837166
vn 0.401695 0.000000 0.915773
vn 0.401695 0.000000 0.915773
vn 0.245485 0.000000 0.969400
vn 0.245485 0.000000 0.969400
vn 0.082579 0.000000 0.996584
vn 0.082579 0.000000 0.996584
vn -0.082579 0.000000 0.996584
vn -0.082579 0.000000 0.996584
vn -0.245485 0.000000 0.969400
vn -0.245485 0.000000 0.969400
vn -0.401695 0.000000 0.915773
vn -0.401695 0.000000 0.915773
vn -0.546948 0.000000 0.837166
vn -0.546948 0.000000 0.837166
vn -0.677282 0.000000 0.735724
vn -0.677282 0.000000 0.735724
vn -0.789141 0.000000 0.614213
vn -0.789141 0.000000 0.614213
vn -0.879474 0.000000 0.475947
vn -0.879474 0.000000 0.475947
vn -0.945817 0.000000 0.324699
vn -0.945817 0.000000 0.324699
vn -0.986361 0.000000 0.164595
vn -0.986361 0.000000 0.164595
vn -1.000000 0.000000 0.000000
vn -1.000000 0.000000 0.000000
vn 0.000000 1.000000 0.000000
vn 0.000000 1.000000 0.000000
vn 0.000000 1.000000 0.000000
vn 0.000000 1.000000 0.000000
vn 0.000000 1.000000 0.000000
vn 0.000000 1.000000 0.000000
vn 0.000000 1.000000 0.000000
vn 0.000000 1.000000 0.000000
vn 0.000000 1.000000 0.000000
vn 0.000000 1.000000 0.000000
vn 0.000000 1.000000 0.000000
vn 0.000000 1.000000 0.000000
vn 0.000000 1.000000 0.000000
vn 0.000000 1.000000 0.000000
vn 0.000000 1.000000 0.000000
vn 0.000000 1.000000 0.000000
vn 0.000000 1.000000 0.000000
vn 0.000000 1.000000 0.000000
vn 0.000000 1.000000 0.000000
vn 0.000000 1.000000 0.000000
vn 0.000000 1.000000 0.000000
vn 0.000000 1.000000 0.000000
vn 0.000000 1.000000 0.000000
vn 0.000000 1.000000 0.000000
vn 0.000000 1.000000 0.000000
vn 0.000000 1.000000 0.000000
vn 0.000000 1.000000 0.000000
vn 0.000000 1.000000 0.000000
vn 0.000000 1.000000 0.000000
vn 0.000000 1.000000 0.000000
vn 0.000000 1.000000 0.000000
vn 0.000000 1.000000 0.000000
vn 0.000000 1.000000 0.000000
vn 0.000000 1.000000 0.000000
vn 0.000000 1.000000 0.000000
vn 0.000000 1.000000 0.000000
vn 0.000000 1.000000 0.000000
vn 0.000000 1.000000 0.000000
vn 0.000000 1.000000 0.000000
vn 0.000000 1.000000 0.000000
vn 0.000000 1.000000 0.000000
vn 0.000000 1.000000 0.000000
vn 0.000000 1.000000 0.000000
vn 0.000000 1.000000 0.000000
vn 0.000000 1.000000 0.000000
vn 0.000000 1.000000 0.000000
vn 0.000000 1.000000 0.000000
vn 0.000000 1.000000 0.000000
vn 0.000000 1.000000 0.000000
vn 0.000000 1.000000 0.000000
vn 0.000000 1.000000 0.000000
vn 0.000000 1.000000 0.000000
vn 0.000000 1.000000 0.000000
vn 0.000000 1.000000 0.000000
vn 0.000000 1.000000 0.000000
vn 0.000000 1.000000 0.000000
vn 0.000000 1.000000 0.000000
vn 0.000000 1.000000 0.000000
vn -0.769850 -0.638224 0.000000
vn -0.769850 -0.638224 0.000000
vn -0.743618 -0.638224 -0.199252
vn -0.743618 -0.638224 -0.199252
vn -0.666710 -0.638224 -0.384925
vn -0.666710 -0.638224 -0.384925
vn -0.544366 -0.638224 -0.544366
vn -0.544366 -0.638224 -0.544366
vn -0.384925 -0.638224 -0.666710
vn -0.384925 -0.638224 -0.666710
vn -0.199252 -0.638224 -0.743618
vn -0.199252 -0.638224 -0.743618
vn -0.000000 -0.638224 -0.769850
vn 0.000000 -0.638224 -0.769850
vn 0.199252 -0.638224 -0.743618
vn 0.199252 -0.638224 -0.743618
vn 0.384925 -0.638224 -0.666710
vn 0.384925 -0.638224 -0.666710
vn 0.544366 -0.638224 -0.544366
vn 0.544366 -0.638224 -0.544366
vn 0.666710 -0.638224 -0.384925
vn 0.666710 -0.638224 -0.384925
vn 0.743618 -0.638224 -0.199252
vn 0.743618 -0.638224 -0.199252
vn 0.769850 -0.638224 -0.000000
vn 0.769850 -0.638224 -0.000000
vn 1.000000 -0.000000 -0.000000
vn 1.000000 -0.000000 -0.000000
vn 0.965926 0.000000 0.258819
vn 0.965926 0.000000 0.258819
vn 0.866025 0.000000 0.500000
vn 0.866025 0.000000 0.500000
vn 0.707107 0.000000 0.707107
vn 0.707107 0.000000 0.707107
vn 0.500000 0.000000 0.866025
vn 0.500000 0.000000 0.866025
vn 0.258819 0.000000 0.965926
vn 0.258819 0.000000 0.965926
vn -0.000000 0.000000 1.000000
vn -0.000000 0.000000 1.000000
vn -0.258819 0.000000 0.965926
vn -0.258819 0.000000 0.965926
vn -0.500000 0.000000 0.866025
vn -0.500000 0.000000 0.866025
vn -0.707107 0.000000 0.707107
vn -0.707107 0.000000 0.707107
vn -0.866025 0.000000 0.500000
vn -0.866025 0.000000 0.500000
vn -0.965926 0.000000 0.258819
vn -0.965926 0.000000 0.258819
vn -1.000000 0.000000 0.000000
vn -1.000000 0.000000 0.000000
vn -0.000000 -1.000000 -0.000000
vn -0.000000 -1.000000 -0.000000
vn -0.000000 -1.000000 -0.000000
vn -0.000000 -1.000000 -0.000000
vn -0.000000 -1.000000 -0.000000
vn -0.000000 -1.000000 -0.000000
vn -0.000000 -1.000000 -0.000000
vn -0.000000 -1.000000 -0.000000
vn -0.000000 -1.000000 -0.000000
vn -0.000000 -1.000000 -0.000000
vn -0.000000 -1.000000 -0.000000
vn -0.000000 -1.000000 -0.000000
vn -0.000000 -1.000000 -0.000000
vn -0.000000 -1.000000 -0.000000
vn -0.000000 -1.000000 -0.000000
vn -0.000000 -1.000000 -0.000000
vn -0.000000 -1.000000 -0.000000
vn -0.000000 -1.000000 -0.000000
vn -0.000000 -1.000000 -0.000000
vn -0.000000 -1.000000 -0.000000
vn -0.000000 -1.000000 -0.000000
vn -0.000000 -1.000000 -0.000000
vn -0.000000 -1.000000 -0.000000
vn -0.000000 -1.000000 -0.000000
vn -0.000000 -1.000000 -0.000000
vn -0.000000 -1.000000 -0.000000
vn -0.000000 -1.000000 -0.000000
vn -0.000000 -1.000000 -0.000000
vn -0.000000 -1.000000 -0.000000
vn -1.000000 0.000000 0.000000
vn -1.000000 0.000000 0.000000
vn -0.978148 0.000000 -0.207912
vn -0.978148 0.000000 -0.207912
vn -0.913545 0.000000 -0.406737
vn -0.913545 0.000000 -0.406737
vn -0.809017 0.000000 -0.587785
vn -0.809017 0.000000 -0.587785
vn -0.669131 0.000000 -0.743145
vn -0.669131 0.000000 -0.743145
vn -0.500000 0.000000 -0.866025
vn -0.500000 0.000000 -0.866025
vn -0.309017 0.000000 -0.951057
vn -0.309017 0.000000 -0.951057
vn -0.104528 0.000000 -0.994522
vn -0.104528 0.000000 -0.994522
vn 0.104528 0.000000 -0.994522
vn 0.104528 0.000000 -0.994522
vn 0.309017 0.000000 -0.951057
vn 0.309017 0.000000 -0.951057
vn 0.500000 0.000000 -0.866025
vn 0.500000 0.000000 -0.866025
vn 0.669131 0.000000 -0.743145
vn 0.669131 0.000000 -0.743145
vn 0.809017 0.000000 -0.587785
vn 0.809017 0.000000 -0.587785
vn 0.913545 0.000000 -0.406737
vn 0.913545 0.000000 -0.406737
vn 0.978148 0.000000 -0.207912
vn 0.978148 0.000000 -0.207912
vn 1.000000 0.000000 -0.000000
vn 1.000000 0.000000 -0.000000
vn -0.000000 -1.000000 -0.000000
vn -0.000000 -1.000000 -0.000000
vn -0.000000 -1.000000 -0.000000
vn -0.000000 -1.000000 -0.000000
vn -0.000000 -1.000000 -0.000000
vn -0.000000 -1.000000 -0.000000
vn -0.000000 -1.000000 -0.000000
vn -0.000000 -1.000000 -0.000000
vn -0.000000 -1.000000 -0.000000
vn -0.000000 -1.000000 -0.000000
vn -0.000000 -1.000000 -0.000000
vn -0.000000 -1.000000 -0.000000
vn -0.000000 -1.000000 -0.000000
vn -0.000000 -1.000000 -0.000000
vn -0.000000 -1.000000 -0.000000
vn -0.000000 -1.000000 -0.000000
vn -0.000000 -1.000000 -0.000000
vn -0.000000 -1.000000 -0.000000
vn -0.000000 -1.000000 -0.000000
vn -0.000000 -1.000000 -0.000000
vn -0.000000 -1.000000 -0.000000
vn -0.000000 -1.000000 -0.000000
vn -0.000000 -1.000000 -0.000000
vn -0.000000 -1.000000 -0.000000
vn -0.000000 -1.000000 -0.000000
vn -0.000000 -1.000000 -0.000000
vn -0.000000 -1.000000 -0.000000
vn -0.000000 -1.000000 -0.000000
vn -0.000000 -1.000000 -0.000000
vn -0.000000 -1.000000 -0.000000
vn -0.000000 -1.000000 -0.000000
vn -0.000000 -1.000000 -0.000000
vn -0.000000 -1.000000 -0.000000
vn -0.000000 -1.000000 -0.000000
vn 1.000000 -0.000000 -0.000000
vn 1.000000 -0.000000 -0.000000
vn 0.982973 0.000000 0.183750
vn 0.982973 0.000000 0.183750
vn 0.932472 0.000000 0.361242
vn 0.932472 0.000000 0.361242
vn 0.850217 0.000000 0.526432
vn 0.850217 0.000000 0.526432
vn 0.739009 0.000000 0.673696
vn 0.739009 0.000000 0.673696
vn 0.602635 0.000000 0.798017
vn 0.602635 0.000000 0.798017
vn 0.445738 0.000000 0.895163
vn 0.445738 0.000000 0.895163
vn 0.273663 0.000000 0.961826
vn 0.273663 0.000000 0.961826
vn 0.092268 0.000000 0.995734
vn 0.092268 0.000000 0.995734
vn -0.092268 0.000000 0.995734
vn -0.092268 0.000000 0.995734
vn -0.273663 0.000000 0.961826
vn -0.273663 0.000000 0.961826
vn -0.445738 0.000000 0.895163
vn -0.445738 0.000000 0.895163
vn -0.602635 0.000000 0.798017
vn -0.602635 0.000000 0.798017
vn -0.739009 0.000000 0.673696
vn -0.739009 0.000000 0.673696
vn -0.850217 0.000000 0.526432
vn -0.850217 0.000000 0.526432
vn -0.932472 0.000000 0.361242
vn -0.932472 0.000000 0.361242
vn -0.982973 0.000000 0.183750
vn -0.982973 0.000000 0.183750
vn -1.000000 0.000000 0.000000
vn -1.000000 0.000000 0.000000
vn -0.000000 -1.000000 -0.000000
vn -0.000000 -1.000000 -0.000000
vn -0.000000 -1.000000 -0.000000
vn -0.000000 -1.000000 -0.000000
vn -0.000000 -1.000000 -0.000000
vn -0.000000 -1.000000 -0.000000
vn -0.000000 -1.000000 -0.000000
vn -0.000000 -1.000000 -0.000000
vn -0.000000 -1.000000 -0.000000
vn -0.000000 -1.000000 -0.000000
vn -0.000000 -1.000000 -0.000000
vn -0.000000 -1.000000 -0.000000
vn -0.000000 -1.000000 -0.000000
vn -0.000000 -1.000000 -0.000000
vn -0.000000 -1.000000 -0.000000
vn -0.000000 -1.000000 -0.000000
vn -0.000000 -1.000000 -0.000000
vn -0.000000 -1.000000 -0.000000
vn -0.000000 -1.000000 -0.000000
vn -0.000000 -1.000000 -0.000000
vn -0.000000 -1.000000 -0.000000
vn -0.000000 -1.000000 -0.000000
vn -0.000000 -1.000000 -0.000000
vn -0.000000 -1.000000 -0.000000
vn -0.000000 -1.000000 -0.000000
vn -0.000000 -1.000000 -0.000000
vn -0.000000 -1.000000 -0.000000
vn -0.000000 -1.000000 -0.000000
vn -0.000000 -1.000000 -0.000000
vn -0.000000 -1.000000 -0.000000
vn -0.000000 -1.000000 -0.000000
vn -0.000000 -1.000000 -0.000000
vn -0.000000 -1.000000 -0.000000
vn -0.000000 -1.000000 -0.000000
vn -0.000000 -1.000000 -0.000000
vn -0.000000 -1.000000 -0.000000
vn -0.000000 -1.000000 -0.000000
vn -0.000000 -1.000000 -0.000000
vn -0.000000 -1.000000 -0.000000
vn -0.000000 -1.000000 -0.000000
vn 1.000000 -0.000000 -0.000000
vn 1.000000 -0.000000 -0.000000
vn 0.988831 0.000000 0.149042
vn 0.988831 0.000000 0.149042
vn 0.955573 0.000000 0.294755
vn 0.955573 0.000000 0.294755
vn 0.900969 0.000000 0.433884
vn 0.900969 0.000000 0.433884
vn 0.826239 0.000000 0.563320
vn 0.826239 0.000000 0.563320
vn 0.733052 0.000000 0.680173
vn 0.733052 0.000000 0.680173
vn 0.623490 0.000000 0.781831
vn 0.623490 0.000000 0.781831
vn 0.500000 0.000000 0.866025
vn 0.500000 0.000000 0.866025
vn 0.365341 0.000000 0.930874
vn 0.365341 0.000000 0.930874
vn 0.222521 0.000000 0.974928
vn 0.222521 0.000000 0.974928
vn 0.074730 0.000000 0.997204
vn 0.074730 0.000000 0.997204
vn -0.074730 0.000000 0.997204
vn -0.074730 0.000000 0.997204
vn -0.222521 0.000000 0.974928
vn -0.222521 0.000000 0.974928
vn -0.365341 0.000000 0.930874
vn -0.365341 0.000000 0.930874
vn -0.500000 0.000000 0.866025
vn -0.500000 0.000000 0.866025
vn -0.623490 0.000000 0.781831
vn -0.623490 0.000000 0.781831
vn -0.733052 0.000000 0.680173
vn -0.733052 0.000000 0.680173
vn -0.826239 0.000000 0.563320
vn -0.826239 0.000000 0.563320
vn -0.900969 0.000000 0.433884
vn -0.900969 0.000000 0.433884
vn -0.955573 0.000000 0.294755
vn -0.955573 0.000000 0.294755
vn -0.988831 0.000000 0.149042
vn -0.988831 0.000000 0.149042
vn -1.000000 0.000000 0.000000
vn -1.000000 0.000000 0.000000
vn -0.131023 0.991379 0.000000
vn -0.131023 0.991379 0.000000
vn -0.126558 0.991379 -0.033911
vn -0.126558 0.991379 -0.033911
vn -0.113469 0.991379 -0.065511
vn -0.113469 0.991379 -0.065511
vn -0.092647 0.991379 -0.092647
vn -0.092647 0.991379 -0.092647
vn -0.065511 0.991379 -0.113469
vn -0.065511 0.991379 -0.113469
vn -0.033911 0.991379 -0.126558
vn -0.033911 0.991379 -0.126558
vn 0.000000 0.991379 -0.131023
vn -0.000000 0.991379 -0.131023
vn 0.033911 0.991379 -0.126558
vn 0.033911 0.991379 -0.126558
vn 0.065511 0.991379 -0.113469
vn 0.065511 0.991379 -0.113469
vn 0.092647 0.991379 -0.092647
vn 0.092647 0.991379 -0.092647
vn 0.113469 0.991379 -0.065511
vn 0.113469 0.991379 -0.065511
vn 0.126558 0.991379 -0.033911
vn 0.126558 0.991379 -0.033911
vn 0.131023 0.991379 -0.000000
vn 0.131023 0.991379 -0.000000
vn -0.245539 0.969387 0.000000
vn -0.356717 0.934213 0.000000
vn -0.291363 0.953422 -0.078070
vn -0.463044 0.886335 0.000000
vn -0.447266 0.886335 -0.119845
vn -0.261229 0.953422 -0.150821
vn -0.401008 0.886335 -0.231522
vn -0.213293 0.953422 -0.213293
vn -0.327422 0.886335 -0.327422
vn -0.150821 0.953422 -0.261229
vn -0.231522 0.886335 -0.401008
vn -0.078070 0.953422 -0.291363
vn -0.119845 0.886335 -0.447266
vn -0.000000 0.953422 -0.301641
vn -0.000000 0.886335 -0.463044
vn 0.078070 0.953422 -0.291363
vn 0.119845 0.886335 -0.447266
vn 0.150821 0.953422 -0.261229
vn 0.231522 0.886335 -0.401008
vn 0.213293 0.953422 -0.213293
vn 0.327422 0.886335 -0.327422
vn 0.261229 0.953422 -0.150821
vn 0.401008 0.886335 -0.231522
vn 0.291363 0.953422 -0.078070
vn 0.447266 0.886335 -0.119845
vn 0.245539 0.969387 -0.000000
vn 0.356717 0.934213 -0.000000
vn 0.463044 0.886335 -0.000000
vn 0.000000 1.000000 0.000000
vn 0.000000 1.000000 0.000000
vn 0.000000 1.000000 0.000000
vn 0.000000 1.000000 0.000000
vn 0.000000 1.000000 0.000000
vn 0.000000 1.000000 0.000000
vn 0.000000 1.000000 0.000000
vn 0.000000 1.000000 0.000000
vn 0.000000 1.000000 0.000000
vn 0.000000 1.000000 0.000000
vn 0.000000 1.000000 0.000000
vn 0.000000 1.000000 0.000000
vn 0.000000 1.000000 0.000000
vn 0.000000 1.000000 0.000000
vn 0.000000 1.000000 0.000000
vn 0.000000 1.000000 0.000000
vn 0.000000 1.000000 0.000000
vn 0.000000 1.000000 0.000000
vn 0.000000 1.000000 0.000000
vn 0.000000 1.000000 0.000000
vn 0.000000 1.000000 0.000000
vn 0.000000 1.000000 0.000000
vn 0.000000 1.000000 0.000000
vn 0.000000 1.000000 0.000000
vn 0.000000 1.000000 0.000000
vn 0.000000 1.000000 0.000000
vn 0.000000 1.000000 0.000000
vn 0.000000 1.000000 0.000000
vn 0.000000 1.000000 0.000000
vn 0.000000 1.000000 0.000000
vn 0.000000 1.000000 0.000000
vn 0.000000 1.000000 0.000000
vn 0.000000 1.000000 0.000000
vn 0.000000 1.000000 0.000000
vn 0.000000 1.000000 0.000000
vn 0.000000 1.000000 0.000000
vn 0.000000 1.000000 0.000000
vn 0.000000 1.000000 0.000000
vn 0.000000 1.000000 0.000000
vn 0.000000 1.000000 0.000000
vn 0.000000 1.000000 0.000000
vn 0.000000 1.000000 0.000000
usemtl Steel_-_Satin
f 1/1/1 2/2/2 4/3/3
f 4/3/3 2/2/2 3/4/4
f 5/5/5 6/6/6 7/7/7
f 7/7/7 6/6/6 4/8/8
f 4/8/8 6/6/6 1/9/9
f 8/10/10 9/11/11 11/12/12
f 11/12/12 9/11/11 10/13/13
f 11/12/12 10/13/13 7/14/14
f 7/14/14 10/13/13 5/15/15
f 12/16/16 13/17/17 21/18/18
f 21/18/18 13/17/17 20/19/19
f 20/19/19 13/17/17 14/20/20
f 20/19/19 14/20/20 19/21/21
f 19/21/21 14/20/20 15/22/22
f 19/21/21 15/22/22 18/23/23
f 18/23/23 15/22/22 16/24/24
f 18/23/23 16/24/24 17/25/25
f 17/25/25 16/24/24 8/26/26
f 17/25/25 8/26/26 11/27/27
f 22/28/28 12/29/29 23/30/30
f 23/30/30 12/29/29 21/31/31
f 49/32/32 24/33/33 48/34/34
f 48/34/34 24/33/33 25/35/35
f 48/34/34 25/35/35 47/36/36
f 47/36/36 25/35/35 46/37/37
f 46/37/37 25/35/35 26/38/38
f 46/37/37 26/38/38 45/39/39
f 45/39/39 26/38/38 27/40/40
f 45/39/39 27/40/40 44/41/41
f 44/41/41 27/40/40 28/42/42
f 44/41/41 28/42/42 43/43/43
f 43/43/43 28/42/42 29/44/44
f 43/43/43 29/44/44 30/45/45
f 30/45/45 31/46/46 43/43/43
f 43/43/43 31/46/46 32/47/47
f 43/43/43 32/47/47 42/48/48
f 42/48/48 32/47/47 33/49/49
f 42/48/48 33/49/49 41/50/50
f 41/50/50 33/49/49 34/51/51
f 41/50/50 34/51/51 40/52/52
f 40/52/52 34/51/51 35/53/53
f 40/52/52 35/53/53 39/54/54
f 39/54/54 35/53/53 38/55/55
f 38/55/55 35/53/53 36/56/56
f 38/55/55 36/56/56 37/57/57
f 12/58/58 22/59/59 55/60/60
f 55/60/60 22/59/59 50/61/61
f 55/60/60 50/61/61 54/62/62
f 54/62/62 50/61/61 51/63/63
f 54/62/62 51/63/63 52/64/64
f 52/64/64 53/65/65 54/62/62
f 8/66/66 16/67/67 57/68/68
f 57/68/68 16/67/67 15/69/69
f 57/68/68 15/69/69 56/70/70
f 56/70/70 15/69/69 14/71/71
f 56/70/70 14/71/71 13/72/72
f 13/72/72 12/73/58 56/70/70
f 1/74/73 58/75/74 2/76/75
f 2/76/75 58/75/74 59/77/76
f 2/76/75 59/77/76 63/78/77
f 63/78/77 59/77/76 62/79/78
f 62/79/78 59/77/76 60/80/79
f 62/79/78 60/80/79 61/81/80
f 5/82/81 10/83/82 65/84/83
f 65/84/83 10/83/82 64/85/84
f 64/85/84 10/83/82 9/86/85
f 64/85/84 9/86/85 8/87/66
f 22/88/86 23/89/87 50/90/88
f 50/90/88 23/89/87 66/91/89
f 50/90/88 66/91/89 67/92/90
f 50/90/88 67/92/90 51/93/91
f 51/93/91 67/92/90 68/94/92
f 51/93/91 68/94/92 52/95/93
f 70/96/94 89/97/95 69/98/96
f 69/98/96 89/97/95 90/99/97
f 69/98/96 90/99/97 124/100/98
f 124/100/98 90/99/97 123/101/99
f 123/101/99 90/99/97 122/102/100
f 122/102/100 90/99/97 91/103/101
f 122/102/100 91/103/101 121/104/102
f 121/104/102 91/103/101 112/105/103
f 121/104/102 112/105/103 118/106/104
f 118/106/104 112/105/103 117/107/105
f 117/107/105 112/105/103 116/108/106
f 116/108/106 112/105/103 115/109/107
f 115/109/107 112/105/103 114/110/108
f 114/110/108 112/105/103 113/111/109
f 70/96/94 71/112/110 89/97/95
f 89/97/95 71/112/110 88/113/111
f 88/113/111 71/112/110 72/114/112
f 88/113/111 72/114/112 81/115/113
f 81/115/113 72/114/112 80/116/114
f 80/116/114 72/114/112 79/117/115
f 79/117/115 72/114/112 78/118/116
f 78/118/116 72/114/112 77/119/117
f 77/119/117 72/114/112 76/120/118
f 76/120/118 72/114/112 75/121/119
f 75/121/119 72/114/112 74/122/120
f 74/122/120 72/114/112 73/123/121
f 88/113/111 81/115/113 87/124/122
f 87/124/122 81/115/113 82/125/123
f 87/124/122 82/125/123 86/126/124
f 86/126/124 82/125/123 83/127/125
f 86/126/124 83/127/125 85/128/126
f 85/128/126 83/127/125 84/129/127
f 112/105/103 91/103/101 111/130/128
f 111/130/128 91/103/101 92/131/129
f 111/130/128 92/131/129 110/132/130
f 110/132/130 92/131/129 3/133/131
f 3/133/131 92/131/129 93/134/132
f 3/133/131 93/134/132 23/135/133
f 23/135/133 93/134/132 66/136/134
f 66/136/134 93/134/132 67/137/135
f 67/137/135 93/134/132 94/138/136
f 67/137/135 94/138/136 68/139/137
f 68/139/137 94/138/136 95/140/138
f 68/139/137 95/140/138 101/141/139
f 101/141/139 95/140/138 100/142/140
f 100/142/140 95/140/138 96/143/141
f 100/142/140 96/143/141 99/144/142
f 99/144/142 96/143/141 97/145/143
f 99/144/142 97/145/143 98/146/144
f 101/141/139 102/147/145 68/139/137
f 68/139/137 102/147/145 103/148/146
f 68/139/137 103/148/146 104/149/147
f 104/149/147 105/150/148 68/139/137
f 68/139/137 105/150/148 106/151/149
f 68/139/137 106/151/149 107/152/150
f 107/152/150 108/153/151 68/139/137
f 68/139/137 108/153/151 109/154/152
f 3/133/131 23/135/133 134/155/153
f 134/155/153 23/135/133 21/156/154
f 134/155/153 21/156/154 20/157/155
f 20/157/155 19/158/156 134/155/153
f 134/155/153 19/158/156 18/159/157
f 134/155/153 18/159/157 17/160/158
f 17/160/158 11/161/159 134/155/153
f 134/155/153 11/161/159 7/162/160
f 134/155/153 7/162/160 4/163/161
f 4/163/161 3/133/131 134/155/153
f 118/106/104 119/164/162 121/104/102
f 121/104/102 119/164/162 120/165/163
f 69/98/96 124/100/98 133/166/164
f 133/166/164 124/100/98 125/167/165
f 133/166/164 125/167/165 126/168/166
f 126/168/166 127/169/167 133/166/164
f 133/166/164 127/169/167 128/170/168
f 133/166/164 128/170/168 129/171/169
f 129/171/169 130/172/170 133/166/164
f 133/166/164 130/172/170 131/173/171
f 133/166/164 131/173/171 132/174/172
f 132/174/172 69/98/96 133/166/164
f 53/175/173 52/176/174 109/177/175
f 109/177/175 52/176/174 68/178/176
f 135/179/177 136/180/178 108/181/179
f 108/181/179 136/180/178 109/182/180
f 109/182/180 136/180/178 53/183/181
f 137/184/182 138/185/183 107/186/184
f 107/186/184 138/185/183 139/187/185
f 107/186/184 139/187/185 108/188/186
f 108/188/186 139/187/185 135/189/187
f 140/190/188 141/191/189 102/192/190
f 102/192/190 141/191/189 103/193/191
f 103/193/191 141/191/189 142/194/192
f 103/193/191 142/194/192 104/195/193
f 104/195/193 142/194/192 143/196/194
f 104/195/193 143/196/194 105/197/195
f 105/197/195 143/196/194 144/198/196
f 105/197/195 144/198/196 106/199/197
f 106/199/197 144/198/196 137/200/198
f 106/199/197 137/200/198 107/201/199
f 145/202/200 140/203/201 101/204/202
f 101/204/202 140/203/201 102/205/203
f 2/206/204 63/207/205 3/208/206
f 3/208/206 63/207/205 110/209/207
f 110/209/207 63/207/205 62/210/208
f 110/209/207 62/210/208 111/211/209
f 111/211/209 62/210/208 112/212/210
f 112/212/210 62/210/208 61/213/211
f 145/214/212 101/215/213 148/216/214
f 148/216/214 101/215/213 100/217/215
f 148/216/214 100/217/215 99/218/216
f 98/219/217 146/220/218 99/218/216
f 99/218/216 146/220/218 147/221/219
f 99/218/216 147/221/219 148/216/214
f 1/222/73 6/223/220 150/224/221
f 150/224/221 6/223/220 149/225/222
f 149/225/222 6/223/220 5/226/81
f 53/227/65 136/228/223 152/229/224
f 152/229/224 136/228/223 151/230/225
f 151/230/225 136/228/223 135/231/226
f 135/231/226 139/232/227 154/233/228
f 154/233/228 139/232/227 153/234/229
f 153/234/229 139/232/227 138/235/230
f 153/234/229 138/235/230 137/236/231
f 140/237/232 145/238/233 157/239/234
f 157/239/234 145/238/233 156/240/235
f 156/240/235 145/238/233 148/241/236
f 156/240/235 148/241/236 147/242/237
f 146/243/238 155/244/239 147/242/237
f 147/242/237 155/244/239 156/240/235
f 158/245/240 159/246/241 80/247/242
f 80/247/242 159/246/241 81/248/243
f 160/249/244 161/250/245 79/251/246
f 79/251/246 161/250/245 80/252/247
f 80/252/247 161/250/245 158/253/248
f 162/254/249 163/255/250 78/256/251
f 78/256/251 163/255/250 164/257/252
f 78/256/251 164/257/252 79/258/253
f 79/258/253 164/257/252 160/259/254
f 165/260/255 166/261/256 73/262/257
f 73/262/257 166/261/256 74/263/258
f 74/263/258 166/261/256 167/264/259
f 74/263/258 167/264/259 75/265/260
f 75/265/260 167/264/259 168/266/261
f 75/265/260 168/266/261 76/267/262
f 76/267/262 168/266/261 169/268/263
f 76/267/262 169/268/263 77/269/264
f 77/269/264 169/268/263 162/270/265
f 77/269/264 162/270/265 78/271/266
f 170/272/267 165/273/268 72/274/269
f 72/274/269 165/273/268 73/275/270
f 165/276/271 170/277/272 176/278/273
f 176/278/273 170/277/272 171/279/274
f 176/278/273 171/279/274 175/280/275
f 175/280/275 171/279/274 172/281/276
f 175/280/275 172/281/276 173/282/277
f 173/282/277 174/283/278 175/280/275
f 162/284/279 169/285/280 178/286/281
f 178/286/281 169/285/280 168/287/282
f 178/286/281 168/287/282 177/288/283
f 177/288/283 168/287/282 167/289/284
f 177/288/283 167/289/284 166/290/285
f 166/290/285 165/291/271 177/288/283
f 158/292/286 179/293/287 159/294/288
f 159/294/288 179/293/287 180/295/289
f 159/294/288 180/295/289 184/296/290
f 184/296/290 180/295/289 183/297/291
f 183/297/291 180/295/289 181/298/292
f 183/297/291 181/298/292 182/299/293
f 160/300/294 164/301/295 186/302/296
f 186/302/296 164/301/295 185/303/297
f 185/303/297 164/301/295 163/304/298
f 185/303/297 163/304/298 162/305/279
f 170/306/299 72/307/300 171/308/301
f 171/308/301 72/307/300 71/309/302
f 171/308/301 71/309/302 70/310/303
f 171/308/301 70/310/303 172/311/304
f 172/311/304 70/310/303 69/312/305
f 172/311/304 69/312/305 173/313/306
f 174/314/307 173/315/308 132/316/309
f 132/316/309 173/315/308 69/317/310
f 187/318/311 188/319/312 131/320/313
f 131/320/313 188/319/312 132/321/314
f 132/321/314 188/319/312 174/322/315
f 189/323/316 190/324/317 130/325/318
f 130/325/318 190/324/317 191/326/319
f 130/325/318 191/326/319 131/327/320
f 131/327/320 191/326/319 187/328/321
f 192/329/322 193/330/323 125/331/324
f 125/331/324 193/330/323 126/332/325
f 126/332/325 193/330/323 194/333/326
f 126/332/325 194/333/326 127/334/327
f 127/334/327 194/333/326 195/335/328
f 127/334/327 195/335/328 128/336/329
f 128/336/329 195/335/328 196/337/330
f 128/336/329 196/337/330 129/338/331
f 129/338/331 196/337/330 189/339/332
f 129/338/331 189/339/332 130/340/333
f 197/341/334 192/342/335 124/343/336
f 124/343/336 192/342/335 125/344/337
f 158/345/286 161/346/338 199/347/339
f 199/347/339 161/346/338 198/348/340
f 198/348/340 161/346/338 160/349/294
f 174/350/278 188/351/341 201/352/342
f 201/352/342 188/351/341 200/353/343
f 200/353/343 188/351/341 187/354/344
f 187/354/344 191/355/345 203/356/346
f 203/356/346 191/355/345 202/357/347
f 202/357/347 191/355/345 190/358/348
f 202/357/347 190/358/348 189/359/349
f 192/360/350 197/361/351 209/362/352
f 209/362/352 197/361/351 208/363/353
f 208/363/353 197/361/351 204/364/354
f 208/363/353 204/364/354 205/365/355
f 206/366/356 207/367/357 205/365/355
f 205/365/355 207/367/357 208/363/353
f 159/368/358 184/369/359 81/370/360
f 81/370/360 184/369/359 82/371/361
f 82/371/361 184/369/359 183/372/362
f 82/371/361 183/372/362 83/373/363
f 83/373/363 183/372/362 84/374/364
f 84/374/364 183/372/362 182/375/365
f 197/376/366 124/377/367 204/378/368
f 204/378/368 124/377/367 123/379/369
f 204/378/368 123/379/369 122/380/370
f 204/378/368 122/380/370 205/381/371
f 205/381/371 122/380/370 121/382/372
f 205/381/371 121/382/372 206/383/373
f 211/384/374 281/385/375 210/386/376
f 210/386/376 281/385/375 282/387/377
f 210/386/376 282/387/377 285/388/378
f 285/388/378 282/387/377 284/389/379
f 284/389/379 282/387/377 283/390/380
f 212/391/381 299/392/382 211/384/374
f 211/384/374 299/392/382 228/393/383
f 211/384/374 228/393/383 278/394/384
f 278/394/384 228/393/383 277/395/385
f 277/395/385 228/393/383 229/396/386
f 277/395/385 229/396/386 269/397/387
f 269/397/387 229/396/386 230/398/388
f 269/397/387 230/398/388 268/399/389
f 268/399/389 230/398/388 231/400/390
f 268/399/389 231/400/390 232/401/391
f 213/402/392 224/403/393 212/391/381
f 212/391/381 224/403/393 225/404/394
f 212/391/381 225/404/394 249/405/395
f 249/405/395 225/404/394 227/406/396
f 249/405/395 227/406/396 248/407/397
f 248/407/397 227/406/396 247/408/398
f 247/408/398 227/406/396 214/409/399
f 247/408/398 214/409/399 295/410/400
f 295/410/400 214/409/399 215/411/401
f 295/410/400 215/411/401 292/412/402
f 292/412/402 215/411/401 289/413/403
f 292/412/402 289/413/403 291/414/404
f 291/414/404 289/413/403 290/415/405
f 210/386/376 288/416/406 213/402/392
f 213/402/392 288/416/406 289/413/403
f 213/402/392 289/413/403 224/403/393
f 224/403/393 289/413/403 223/417/407
f 223/417/407 289/413/403 222/418/408
f 222/418/408 289/413/403 221/419/409
f 221/419/409 289/413/403 220/420/410
f 220/420/410 289/413/403 219/421/411
f 219/421/411 289/413/403 218/422/412
f 218/422/412 289/413/403 217/423/413
f 217/423/413 289/413/403 216/424/414
f 216/424/414 289/413/403 215/411/401
f 225/404/394 226/425/415 227/406/396
f 232/401/391 233/426/416 268/399/389
f 268/399/389 233/426/416 234/427/417
f 268/399/389 234/427/417 235/428/418
f 268/399/389 235/428/418 244/429/419
f 244/429/419 235/428/418 236/430/420
f 244/429/419 236/430/420 243/431/421
f 243/431/421 236/430/420 242/432/422
f 242/432/422 236/430/420 237/433/423
f 242/432/422 237/433/423 241/434/424
f 241/434/424 237/433/423 240/435/425
f 240/435/425 237/433/423 239/436/426
f 239/436/426 237/433/423 238/437/427
f 244/429/419 245/438/428 268/399/389
f 268/399/389 245/438/428 267/439/429
f 267/439/429 245/438/428 266/440/430
f 266/440/430 245/438/428 265/441/431
f 265/441/431 245/438/428 264/442/432
f 264/442/432 245/438/428 263/443/433
f 263/443/433 245/438/428 262/444/434
f 262/444/434 245/438/428 246/445/435
f 262/444/434 246/445/435 261/446/436
f 261/446/436 246/445/435 255/447/437
f 261/446/436 255/447/437 256/448/438
f 247/408/398 296/449/439 246/445/435
f 246/445/435 296/449/439 254/450/440
f 246/445/435 254/450/440 255/447/437
f 249/405/395 250/451/441 212/391/381
f 212/391/381 250/451/441 299/392/382
f 251/452/442 228/393/383 250/451/441
f 250/451/441 228/393/383 299/392/382
f 181/453/443 252/454/444 182/455/445
f 182/455/445 252/454/444 253/456/446
f 182/455/445 253/456/446 24/457/447
f 49/458/448 85/459/449 24/457/447
f 24/457/447 85/459/449 84/460/450
f 24/457/447 84/460/450 182/455/445
f 85/459/449 49/458/448 296/449/439
f 296/449/439 49/458/448 254/450/440
f 256/448/438 257/461/451 261/446/436
f 261/446/436 257/461/451 258/462/452
f 261/446/436 258/462/452 259/463/453
f 259/463/453 260/464/454 261/446/436
f 270/465/455 273/466/456 269/397/387
f 269/397/387 273/466/456 274/467/457
f 269/397/387 274/467/457 275/468/458
f 271/469/459 272/470/460 270/465/455
f 270/465/455 272/470/460 273/466/456
f 275/468/458 276/471/461 269/397/387
f 269/397/387 276/471/461 277/395/385
f 211/384/374 278/394/384 281/385/375
f 281/385/375 278/394/384 279/472/462
f 281/385/375 279/472/462 280/473/463
f 286/474/464 287/475/465 285/388/378
f 285/388/378 287/475/465 288/416/406
f 285/388/378 288/416/406 210/386/376
f 293/476/466 294/477/467 292/412/402
f 292/412/402 294/477/467 295/410/400
f 295/410/400 296/449/439 247/408/398
f 296/449/439 297/478/468 85/459/449
f 85/459/449 297/478/468 298/479/469
f 301/480/470 354/481/471 300/482/472
f 300/482/472 354/481/471 357/483/473
f 300/482/472 357/483/473 360/484/474
f 360/484/474 357/483/473 358/485/475
f 360/484/474 358/485/475 359/486/476
f 302/487/477 307/488/478 301/480/470
f 301/480/470 307/488/478 308/489/479
f 301/480/470 308/489/479 353/490/480
f 353/490/480 308/489/479 309/491/481
f 353/490/480 309/491/481 310/492/482
f 303/493/483 390/494/484 302/487/477
f 302/487/477 390/494/484 320/495/485
f 302/487/477 320/495/485 321/496/486
f 300/482/472 360/484/474 303/493/483
f 303/493/483 360/484/474 361/497/487
f 303/493/483 361/497/487 364/498/488
f 364/498/488 361/497/487 363/499/489
f 363/499/489 361/497/487 362/500/490
f 305/501/491 323/502/492 304/503/493
f 304/503/493 323/502/492 347/504/494
f 304/503/493 347/504/494 317/505/495
f 317/505/495 347/504/494 350/506/496
f 317/505/495 350/506/496 353/490/480
f 353/490/480 350/506/496 351/507/497
f 353/490/480 351/507/497 352/508/498
f 306/509/499 307/488/478 305/501/491
f 305/501/491 307/488/478 321/496/486
f 305/501/491 321/496/486 322/510/500
f 310/492/482 311/511/501 353/490/480
f 353/490/480 311/511/501 312/512/502
f 353/490/480 312/512/502 313/513/503
f 313/513/503 314/514/504 353/490/480
f 353/490/480 314/514/504 315/515/505
f 353/490/480 315/515/505 316/516/506
f 316/516/506 317/505/495 353/490/480
f 319/517/507 320/495/485 318/518/508
f 318/518/508 320/495/485 390/494/484
f 318/518/508 390/494/484 303/493/483
f 322/510/500 323/502/492 305/501/491
f 347/504/494 323/502/492 346/519/509
f 346/519/509 323/502/492 324/520/510
f 346/519/509 324/520/510 388/521/511
f 388/521/511 324/520/510 387/522/512
f 387/522/512 324/520/510 381/523/513
f 387/522/512 381/523/513 386/524/514
f 386/524/514 381/523/513 385/525/515
f 385/525/515 381/523/513 384/526/516
f 384/526/516 381/523/513 383/527/517
f 383/527/517 381/523/513 382/528/518
f 381/523/513 324/520/510 380/529/519
f 380/529/519 324/520/510 325/530/520
f 380/529/519 325/530/520 379/531/521
f 379/531/521 325/530/520 378/532/522
f 378/532/522 325/530/520 377/533/523
f 377/533/523 325/530/520 376/534/524
f 376/534/524 325/530/520 375/535/525
f 375/535/525 325/530/520 374/536/526
f 374/536/526 325/530/520 326/537/527
f 374/536/526 326/537/527 335/538/528
f 335/538/528 326/537/527 334/539/529
f 334/539/529 326/537/527 327/540/530
f 334/539/529 327/540/530 328/541/531
f 334/539/529 328/541/531 333/542/532
f 333/542/532 328/541/531 329/543/533
f 333/542/532 329/543/533 330/544/534
f 330/544/534 331/545/535 333/542/532
f 333/542/532 331/545/535 332/546/536
f 335/538/528 336/547/537 374/536/526
f 374/536/526 336/547/537 337/548/538
f 374/536/526 337/548/538 338/549/539
f 338/549/539 339/550/540 374/536/526
f 374/536/526 339/550/540 389/551/541
f 374/536/526 389/551/541 373/552/542
f 373/552/542 389/551/541 341/553/543
f 373/552/542 341/553/543 365/554/544
f 365/554/544 341/553/543 364/498/488
f 364/498/488 341/553/543 318/518/508
f 364/498/488 318/518/508 303/493/483
f 339/550/540 340/555/545 389/551/541
f 389/551/541 340/555/545 341/553/543
f 342/556/546 146/557/547 36/558/548
f 36/558/548 146/557/547 98/559/549
f 36/558/548 98/559/549 97/560/550
f 342/556/546 343/561/551 146/557/547
f 146/557/547 343/561/551 155/562/552
f 344/563/553 345/564/554 97/560/550
f 97/560/550 345/564/554 346/519/509
f 97/560/550 346/519/509 37/565/555
f 37/565/555 346/519/509 388/521/511
f 347/504/494 348/566/556 350/506/496
f 350/506/496 348/566/556 349/567/557
f 353/490/480 354/481/471 301/480/470
f 355/568/558 356/569/559 354/481/471
f 354/481/471 356/569/559 357/483/473
f 365/554/544 366/570/560 373/552/542
f 373/552/542 366/570/560 367/571/561
f 373/552/542 367/571/561 368/572/562
f 368/572/562 369/573/563 373/552/542
f 373/552/542 369/573/563 372/574/564
f 372/574/564 369/573/563 370/575/565
f 372/574/564 370/575/565 371/576/566
f 37/565/555 36/558/548 97/560/550
f 302/487/477 321/496/486 307/488/478
f 207/577/567 206/578/568 120/579/569
f 120/579/569 206/578/568 121/580/570
f 391/581/571 392/582/572 119/583/573
f 119/583/573 392/582/572 120/584/574
f 120/584/574 392/582/572 207/585/575
f 393/586/576 394/587/577 118/588/578
f 118/588/578 394/587/577 395/589/579
f 118/588/578 395/589/579 119/590/580
f 119/590/580 395/589/579 391/591/581
f 60/592/582 396/593/583 113/594/584
f 113/594/584 396/593/583 114/595/585
f 114/595/585 396/593/583 397/596/586
f 114/595/585 397/596/586 115/597/587
f 115/597/587 397/596/586 398/598/588
f 115/597/587 398/598/588 116/599/589
f 116/599/589 398/598/588 399/600/590
f 116/599/589 399/600/590 117/601/591
f 117/601/591 399/600/590 393/602/592
f 117/601/591 393/602/592 118/603/593
f 61/604/594 60/605/595 112/606/596
f 112/606/596 60/605/595 113/607/597
f 137/608/231 144/609/598 401/610/599
f 401/610/599 144/609/598 143/611/600
f 401/610/599 143/611/600 400/612/601
f 400/612/601 143/611/600 142/613/602
f 400/612/601 142/613/602 141/614/603
f 141/614/603 140/615/232 400/612/601
f 189/616/349 196/617/604 403/618/605
f 403/618/605 196/617/604 195/619/606
f 403/618/605 195/619/606 402/620/607
f 402/620/607 195/619/606 194/621/608
f 402/620/607 194/621/608 193/622/609
f 193/622/609 192/623/350 402/620/607
f 393/624/610 399/625/611 405/626/612
f 405/626/612 399/625/611 398/627/613
f 405/626/612 398/627/613 404/628/614
f 404/628/614 398/627/613 397/629/615
f 404/628/614 397/629/615 396/630/616
f 396/630/616 60/631/79 404/628/614
f 391/632/617 395/633/618 407/634/619
f 407/634/619 395/633/618 406/635/620
f 406/635/620 395/633/618 394/636/621
f 406/635/620 394/636/621 393/637/610
f 253/638/622 252/639/623 436/640/624
f 436/640/624 252/639/623 408/641/625
f 436/640/624 408/641/625 435/642/626
f 435/642/626 408/641/625 409/643/627
f 435/642/626 409/643/627 437/644/628
f 437/644/628 409/643/627 410/645/629
f 437/644/628 410/645/629 411/646/630
f 411/646/630 412/647/631 437/644/628
f 437/644/628 412/647/631 413/648/632
f 437/644/628 413/648/632 414/649/633
f 414/649/633 415/650/634 437/644/628
f 437/644/628 415/650/634 416/651/635
f 437/644/628 416/651/635 438/652/636
f 438/652/636 416/651/635 417/653/637
f 438/652/636 417/653/637 418/654/638
f 418/654/638 419/655/639 438/652/636
f 438/652/636 419/655/639 420/656/640
f 438/652/636 420/656/640 421/657/641
f 421/657/641 422/658/642 438/652/636
f 438/652/636 422/658/642 423/659/643
f 438/652/636 423/659/643 424/660/644
f 438/652/636 424/660/644 427/661/645
f 427/661/645 424/660/644 425/662/646
f 427/661/645 425/662/646 426/663/647
f 426/663/647 425/662/646 343/664/648
f 426/663/647 343/664/648 342/665/649
f 427/661/645 428/666/650 438/652/636
f 438/652/636 428/666/650 429/667/651
f 438/652/636 429/667/651 430/668/652
f 430/668/652 431/669/653 438/652/636
f 438/652/636 431/669/653 437/644/628
f 431/669/653 432/670/654 437/644/628
f 437/644/628 432/670/654 433/671/655
f 437/644/628 433/671/655 434/672/656
f 434/672/656 435/642/626 437/644/628
f 24/673/657 253/674/658 25/675/659
f 25/675/659 253/674/658 436/676/660
f 25/675/659 436/676/660 26/677/661
f 26/677/661 436/676/660 435/678/662
f 26/677/661 435/678/662 27/679/663
f 27/679/663 435/678/662 434/680/664
f 27/679/663 434/680/664 28/681/665
f 28/681/665 434/680/664 433/682/666
f 28/681/665 433/682/666 29/683/667
f 29/683/667 433/682/666 432/684/668
f 29/683/667 432/684/668 30/685/669
f 30/685/669 432/684/668 431/686/670
f 30/685/669 431/686/670 31/687/671
f 31/687/671 431/686/670 430/688/672
f 31/687/671 430/688/672 32/689/673
f 32/689/673 430/688/672 429/690/674
f 32/689/673 429/690/674 33/691/675
f 33/691/675 429/690/674 428/692/676
f 33/691/675 428/692/676 34/693/677
f 34/693/677 428/692/676 427/694/678
f 34/693/677 427/694/678 35/695/679
f 35/695/679 427/694/678 426/696/680
f 35/695/679 426/696/680 36/697/681
f 36/697/681 426/696/680 342/698/682
f 207/699/357 392/700/683 440/701/684
f 440/701/684 392/700/683 439/702/685
f 439/702/685 392/700/683 391/703/617
f 181/704/686 180/705/687 252/706/688
f 252/706/688 180/705/687 408/707/689
f 408/707/689 180/705/687 179/708/690
f 408/707/689 179/708/690 409/709/691
f 409/709/691 179/708/690 158/710/692
f 409/709/691 158/710/692 410/711/693
f 410/711/693 158/710/692 199/712/694
f 410/711/693 199/712/694 198/713/695
f 198/713/695 160/714/696 410/711/693
f 410/711/693 160/714/696 186/715/697
f 410/711/693 186/715/697 185/716/698
f 185/716/698 162/717/699 410/711/693
f 410/711/693 162/717/699 178/718/700
f 410/711/693 178/718/700 177/719/701
f 177/719/701 165/720/702 410/711/693
f 410/711/693 165/720/702 411/721/703
f 411/721/703 165/720/702 176/722/704
f 411/721/703 176/722/704 412/723/705
f 412/723/705 176/722/704 175/724/706
f 412/723/705 175/724/706 413/725/707
f 413/725/707 175/724/706 174/726/708
f 413/725/707 174/726/708 201/727/709
f 201/727/709 200/728/710 413/725/707
f 413/725/707 200/728/710 187/729/711
f 413/725/707 187/729/711 203/730/712
f 203/730/712 202/731/713 413/725/707
f 413/725/707 202/731/713 189/732/714
f 413/725/707 189/732/714 403/733/715
f 403/733/715 402/734/716 413/725/707
f 413/725/707 402/734/716 414/735/717
f 414/735/717 402/734/716 192/736/718
f 414/735/717 192/736/718 209/737/719
f 414/735/717 209/737/719 415/738/720
f 415/738/720 209/737/719 208/739/721
f 415/738/720 208/739/721 416/740/722
f 416/740/722 208/739/721 207/741/723
f 416/740/722 207/741/723 440/742/724
f 440/742/724 439/743/725 416/740/722
f 416/740/722 439/743/725 391/744/726
f 416/740/722 391/744/726 407/745/727
f 407/745/727 406/746/728 416/740/722
f 416/740/722 406/746/728 393/747/729
f 416/740/722 393/747/729 417/748/730
f 417/748/730 393/747/729 405/749/731
f 417/748/730 405/749/731 404/750/732
f 404/750/732 60/751/733 417/748/730
f 417/748/730 60/751/733 59/752/734
f 417/748/730 59/752/734 418/753/735
f 418/753/735 59/752/734 58/754/736
f 418/753/735 58/754/736 419/755/737
f 419/755/737 58/754/736 1/756/738
f 419/755/737 1/756/738 150/757/739
f 150/757/739 149/758/740 419/755/737
f 419/755/737 149/758/740 5/759/741
f 419/755/737 5/759/741 420/760/742
f 420/760/742 5/759/741 65/761/743
f 420/760/742 65/761/743 64/762/744
f 64/762/744 8/763/745 420/760/742
f 420/760/742 8/763/745 57/764/746
f 420/760/742 57/764/746 56/765/747
f 56/765/747 12/766/748 420/760/742
f 420/760/742 12/766/748 55/767/749
f 420/760/742 55/767/749 421/768/750
f 421/768/750 55/767/749 54/769/751
f 421/768/750 54/769/751 422/770/752
f 422/770/752 54/769/751 53/771/753
f 422/770/752 53/771/753 423/772/754
f 423/772/754 53/771/753 152/773/755
f 423/772/754 152/773/755 151/774/756
f 151/774/756 135/775/757 423/772/754
f 423/772/754 135/775/757 154/776/758
f 423/772/754 154/776/758 153/777/759
f 153/777/759 137/778/760 423/772/754
f 423/772/754 137/778/760 401/779/761
f 423/772/754 401/779/761 400/780/762
f 400/780/762 140/781/763 423/772/754
f 423/772/754 140/781/763 424/782/764
f 424/782/764 140/781/763 157/783/765
f 424/782/764 157/783/765 425/784/766
f 425/784/766 157/783/765 156/785/767
f 425/784/766 156/785/767 343/786/768
f 343/786/768 156/785/767 155/787/769
f 254/788/770 49/789/771 451/790/772
f 451/790/772 49/789/771 48/791/773
f 451/790/772 48/791/773 450/792/774
f 450/792/774 48/791/773 47/793/775
f 450/792/774 47/793/775 449/794/776
f 449/794/776 47/793/775 46/795/777
f 449/794/776 46/795/777 448/796/778
f 448/796/778 46/795/777 45/797/779
f 448/796/778 45/797/779 447/798/780
f 447/798/780 45/797/779 44/799/781
f 447/798/780 44/799/781 446/800/782
f 446/800/782 44/799/781 43/801/783
f 446/800/782 43/801/783 445/802/784
f 445/802/784 43/801/783 42/803/785
f 445/802/784 42/803/785 444/804/786
f 444/804/786 42/803/785 41/805/787
f 444/804/786 41/805/787 443/806/788
f 443/806/788 41/805/787 40/807/789
f 443/806/788 40/807/789 442/808/790
f 442/808/790 40/807/789 39/809/791
f 442/808/790 39/809/791 441/810/792
f 441/810/792 39/809/791 38/811/793
f 441/810/792 38/811/793 388/812/794
f 388/812/794 38/811/793 37/813/795
f 344/814/796 97/815/797 462/816/798
f 462/816/798 97/815/797 96/817/799
f 462/816/798 96/817/799 461/818/800
f 461/818/800 96/817/799 95/819/801
f 461/818/800 95/819/801 460/820/802
f 460/820/802 95/819/801 94/821/803
f 460/820/802 94/821/803 459/822/804
f 459/822/804 94/821/803 93/823/805
f 459/822/804 93/823/805 458/824/806
f 458/824/806 93/823/805 92/825/807
f 458/824/806 92/825/807 457/826/808
f 457/826/808 92/825/807 91/827/809
f 457/826/808 91/827/809 456/828/810
f 456/828/810 91/827/809 90/829/811
f 456/828/810 90/829/811 455/830/812
f 455/830/812 90/829/811 89/831/813
f 455/830/812 89/831/813 454/832/814
f 454/832/814 89/831/813 88/833/815
f 454/832/814 88/833/815 453/834/816
f 453/834/816 88/833/815 87/835/817
f 453/834/816 87/835/817 452/836/818
f 452/836/818 87/835/817 86/837/819
f 452/836/818 86/837/819 298/838/820
f 298/838/820 86/837/819 85/839/821
f 278/840/822 277/841/823 496/842/824
f 496/842/824 277/841/823 463/843/825
f 496/842/824 463/843/825 495/844/826
f 495/844/826 463/843/825 464/845/827
f 495/844/826 464/845/827 494/846/828
f 494/846/828 464/845/827 465/847/829
f 494/846/828 465/847/829 493/848/830
f 493/848/830 465/847/829 466/849/831
f 493/848/830 466/849/831 492/850/832
f 492/850/832 466/849/831 467/851/833
f 492/850/832 467/851/833 491/852/834
f 491/852/834 467/851/833 468/853/835
f 491/852/834 468/853/835 490/854/836
f 490/854/836 468/853/835 469/855/837
f 490/854/836 469/855/837 489/856/838
f 489/856/838 469/855/837 470/857/839
f 489/856/838 470/857/839 488/858/840
f 488/858/840 470/857/839 471/859/841
f 488/858/840 471/859/841 487/860/842
f 487/860/842 471/859/841 472/861/843
f 487/860/842 472/861/843 486/862/844
f 486/862/844 472/861/843 473/863/845
f 486/862/844 473/863/845 485/864/846
f 485/864/846 473/863/845 474/865/847
f 485/864/846 474/865/847 484/866/848
f 484/866/848 474/865/847 475/867/849
f 484/866/848 475/867/849 483/868/850
f 483/868/850 475/867/849 476/869/851
f 483/868/850 476/869/851 482/870/852
f 482/870/852 476/869/851 477/871/853
f 482/870/852 477/871/853 481/872/854
f 481/872/854 477/871/853 478/873/855
f 481/872/854 478/873/855 480/874/856
f 480/874/856 478/873/855 479/875/857
f 480/874/856 479/875/857 364/876/858
f 364/876/858 479/875/857 365/877/859
f 318/878/860 341/879/861 528/880/862
f 528/880/862 341/879/861 497/881/863
f 528/880/862 497/881/863 527/882/864
f 527/882/864 497/881/863 498/883/865
f 527/882/864 498/883/865 526/884/866
f 526/884/866 498/883/865 499/885/867
f 526/884/866 499/885/867 525/886/868
f 525/886/868 499/885/867 500/887/869
f 525/886/868 500/887/869 524/888/870
f 524/888/870 500/887/869 501/889/871
f 524/888/870 501/889/871 523/890/872
f 523/890/872 501/889/871 502/891/873
f 523/890/872 502/891/873 522/892/874
f 522/892/874 502/891/873 503/893/875
f 522/892/874 503/893/875 521/894/876
f 521/894/876 503/893/875 504/895/877
f 521/894/876 504/895/877 520/896/878
f 520/896/878 504/895/877 505/897/879
f 520/896/878 505/897/879 519/898/880
f 519/898/880 505/897/879 506/899/881
f 519/898/880 506/899/881 518/900/882
f 518/900/882 506/899/881 507/901/883
f 518/900/882 507/901/883 517/902/884
f 517/902/884 507/901/883 508/903/885
f 517/902/884 508/903/885 516/904/886
f 516/904/886 508/903/885 509/905/887
f 516/904/886 509/905/887 515/906/888
f 515/906/888 509/905/887 510/907/889
f 515/906/888 510/907/889 514/908/890
f 514/908/890 510/907/889 511/909/891
f 514/908/890 511/909/891 513/910/892
f 513/910/892 511/909/891 512/911/893
f 513/910/892 512/911/893 228/912/894
f 228/912/894 512/911/893 229/913/895
f 278/914/896 496/915/897 279/916/898
f 279/916/898 496/915/897 547/917/899
f 547/917/899 496/915/897 495/918/900
f 547/917/899 495/918/900 546/919/901
f 546/919/901 495/918/900 494/920/902
f 546/919/901 494/920/902 545/921/903
f 545/921/903 494/920/902 544/922/904
f 544/922/904 494/920/902 493/923/905
f 544/922/904 493/923/905 543/924/906
f 543/924/906 493/923/905 492/925/907
f 543/924/906 492/925/907 542/926/908
f 542/926/908 492/925/907 491/927/909
f 542/926/908 491/927/909 541/928/910
f 541/928/910 491/927/909 490/929/911
f 541/928/910 490/929/911 540/930/912
f 540/930/912 490/929/911 489/931/913
f 540/930/912 489/931/913 539/932/914
f 539/932/914 489/931/913 488/933/915
f 539/932/914 488/933/915 538/934/916
f 538/934/916 488/933/915 537/935/917
f 537/935/917 488/933/915 487/936/918
f 537/935/917 487/936/918 536/937/919
f 536/937/919 487/936/918 486/938/920
f 536/937/919 486/938/920 535/939/921
f 535/939/921 486/938/920 485/940/922
f 535/939/921 485/940/922 534/941/923
f 534/941/923 485/940/922 484/942/924
f 534/941/923 484/942/924 533/943/925
f 533/943/925 484/942/924 483/944/926
f 533/943/925 483/944/926 532/945/927
f 532/945/927 483/944/926 482/946/928
f 532/945/927 482/946/928 531/947/929
f 531/947/929 482/946/928 530/948/930
f 530/948/930 482/946/928 481/949/931
f 530/948/930 481/949/931 529/950/932
f 529/950/932 481/949/931 480/951/933
f 529/950/932 480/951/933 363/952/934
f 363/952/934 480/951/933 364/953/935
f 318/954/936 528/955/937 319/956/938
f 319/956/938 528/955/937 561/957/939
f 561/957/939 528/955/937 527/958/940
f 561/957/939 527/958/940 560/959/941
f 560/959/941 527/958/940 526/960/942
f 560/959/941 526/960/942 559/961/943
f 559/961/943 526/960/942 525/962/944
f 559/961/943 525/962/944 558/963/945
f 558/963/945 525/962/944 524/964/946
f 558/963/945 524/964/946 557/965/947
f 557/965/947 524/964/946 523/966/948
f 557/965/947 523/966/948 556/967/949
f 556/967/949 523/966/948 522/968/950
f 556/967/949 522/968/950 555/969/951
f 555/969/951 522/968/950 521/970/952
f 555/969/951 521/970/952 520/971/953
f 555/969/951 520/971/953 554/972/954
f 554/972/954 520/971/953 519/973/955
f 554/972/954 519/973/955 553/974/956
f 553/974/956 519/973/955 518/975/957
f 553/974/956 518/975/957 552/976/958
f 552/976/958 518/975/957 517/977/959
f 552/976/958 517/977/959 551/978/960
f 551/978/960 517/977/959 516/979/961
f 551/978/960 516/979/961 550/980/962
f 550/980/962 516/979/961 515/981/963
f 550/980/962 515/981/963 549/982/964
f 549/982/964 515/981/963 514/983/965
f 549/982/964 514/983/965 548/984/966
f 548/984/966 514/983/965 513/985/967
f 548/984/966 513/985/967 251/986/968
f 251/986/968 513/985/967 228/987/969
f 229/988/970 512/989/971 230/990/972
f 230/990/972 512/989/971 574/991/973
f 574/991/973 512/989/971 511/992/974
f 574/991/973 511/992/974 573/993/975
f 573/993/975 511/992/974 510/994/976
f 573/993/975 510/994/976 572/995/977
f 572/995/977 510/994/976 509/996/978
f 572/995/977 509/996/978 571/997/979
f 571/997/979 509/996/978 508/998/980
f 571/997/979 508/998/980 570/999/981
f 570/999/981 508/998/980 507/1000/982
f 570/999/981 507/1000/982 506/1001/983
f 570/999/981 506/1001/983 569/1002/984
f 569/1002/984 506/1001/983 505/1003/985
f 569/1002/984 505/1003/985 568/1004/986
f 568/1004/986 505/1003/985 504/1005/987
f 568/1004/986 504/1005/987 567/1006/988
f 567/1006/988 504/1005/987 503/1007/989
f 567/1006/988 503/1007/989 566/1008/990
f 566/1008/990 503/1007/989 502/1009/991
f 566/1008/990 502/1009/991 501/1010/992
f 566/1008/990 501/1010/992 565/1011/993
f 565/1011/993 501/1010/992 500/1012/994
f 565/1011/993 500/1012/994 564/1013/995
f 564/1013/995 500/1012/994 499/1014/996
f 564/1013/995 499/1014/996 563/1015/997
f 563/1015/997 499/1014/996 498/1016/998
f 563/1015/997 498/1016/998 562/1017/999
f 562/1017/999 498/1016/998 497/1018/1000
f 562/1017/999 497/1018/1000 340/1019/1001
f 340/1019/1001 497/1018/1000 341/1020/1002
f 325/1021/1003 324/1022/1004 596/1023/1005
f 596/1023/1005 324/1022/1004 575/1024/1006
f 596/1023/1005 575/1024/1006 595/1025/1007
f 595/1025/1007 575/1024/1006 576/1026/1008
f 595/1025/1007 576/1026/1008 594/1027/1009
f 594/1027/1009 576/1026/1008 577/1028/1010
f 594/1027/1009 577/1028/1010 593/1029/1011
f 593/1029/1011 577/1028/1010 578/1030/1012
f 593/1029/1011 578/1030/1012 592/1031/1013
f 592/1031/1013 578/1030/1012 579/1032/1014
f 592/1031/1013 579/1032/1014 591/1033/1015
f 591/1033/1015 579/1032/1014 580/1034/1016
f 591/1033/1015 580/1034/1016 590/1035/1017
f 590/1035/1017 580/1034/1016 581/1036/1018
f 590/1035/1017 581/1036/1018 589/1037/1019
f 589/1037/1019 581/1036/1018 582/1038/1020
f 589/1037/1019 582/1038/1020 588/1039/1021
f 588/1039/1021 582/1038/1020 583/1040/1022
f 588/1039/1021 583/1040/1022 587/1041/1023
f 587/1041/1023 583/1040/1022 584/1042/1024
f 587/1041/1023 584/1042/1024 586/1043/1025
f 586/1043/1025 584/1042/1024 585/1044/1026
f 586/1043/1025 585/1044/1026 245/1045/1027
f 245/1045/1027 585/1044/1026 246/1046/1028
f 326/1047/1029 325/1048/1030 609/1049/1031
f 609/1049/1031 325/1048/1030 596/1050/1032
f 609/1049/1031 596/1050/1032 608/1051/1033
f 608/1051/1033 596/1050/1032 595/1052/1034
f 608/1051/1033 595/1052/1034 607/1053/1035
f 607/1053/1035 595/1052/1034 594/1054/1036
f 607/1053/1035 594/1054/1036 606/1055/1037
f 606/1055/1037 594/1054/1036 593/1056/1038
f 606/1055/1037 593/1056/1038 605/1057/1039
f 605/1057/1039 593/1056/1038 592/1058/1040
f 605/1057/1039 592/1058/1040 604/1059/1041
f 604/1059/1041 592/1058/1040 591/1060/1042
f 604/1059/1041 591/1060/1042 603/1061/1043
f 603/1061/1043 591/1060/1042 602/1062/1044
f 602/1062/1044 591/1060/1042 590/1063/1045
f 602/1062/1044 590/1063/1045 601/1064/1046
f 601/1064/1046 590/1063/1045 589/1065/1047
f 601/1064/1046 589/1065/1047 600/1066/1048
f 600/1066/1048 589/1065/1047 588/1067/1049
f 600/1066/1048 588/1067/1049 599/1068/1050
f 599/1068/1050 588/1067/1049 587/1069/1051
f 599/1068/1050 587/1069/1051 598/1070/1052
f 598/1070/1052 587/1069/1051 586/1071/1053
f 598/1070/1052 586/1071/1053 597/1072/1054
f 597/1072/1054 586/1071/1053 245/1073/1055
f 597/1072/1054 245/1073/1055 244/1074/1056
f 622/1075/1057 333/1076/1058 644/1077/1059
f 644/1077/1059 333/1076/1058 332/1078/1060
f 644/1077/1059 332/1078/1060 331/1079/1061
f 644/1077/1059 331/1079/1061 643/1080/1062
f 643/1080/1062 331/1079/1061 330/1081/1063
f 643/1080/1062 330/1081/1063 642/1082/1064
f 642/1082/1064 330/1081/1063 329/1083/1065
f 642/1082/1064 329/1083/1065 641/1084/1066
f 641/1084/1066 329/1083/1065 328/1085/1067
f 641/1084/1066 328/1085/1067 640/1086/1068
f 640/1086/1068 328/1085/1067 327/1087/1069
f 640/1086/1068 327/1087/1069 639/1088/1070
f 639/1088/1070 327/1087/1069 326/1089/1071
f 639/1088/1070 326/1089/1071 609/1090/1072
f 639/1088/1070 609/1090/1072 624/1091/1073
f 624/1091/1073 609/1090/1072 608/1092/1074
f 624/1091/1073 608/1092/1074 660/1093/1075
f 660/1093/1075 608/1092/1074 649/1094/1076
f 660/1093/1075 649/1094/1076 650/1095/1077
f 650/1095/1077 649/1094/1076 662/1096/1078
f 650/1095/1077 662/1096/1078 663/1097/1079
f 663/1097/1079 662/1096/1078 673/1098/1080
f 663/1097/1079 673/1098/1080 672/1099/1081
f 672/1099/1081 673/1098/1080 669/1100/1082
f 672/1099/1081 669/1100/1082 670/1101/1083
f 670/1101/1083 669/1100/1082 682/1102/1084
f 670/1101/1083 682/1102/1084 681/1103/1085
f 681/1103/1085 682/1102/1084 680/1104/1086
f 681/1103/1085 680/1104/1086 618/1105/1087
f 618/1105/1087 680/1104/1086 617/1106/1088
f 617/1106/1088 680/1104/1086 692/1107/1089
f 617/1106/1088 692/1107/1089 629/1108/1090
f 629/1108/1090 692/1107/1089 691/1109/1091
f 629/1108/1090 691/1109/1091 697/1110/1092
f 697/1110/1092 691/1109/1091 690/1111/1093
f 697/1110/1092 690/1111/1093 698/1112/1094
f 698/1112/1094 690/1111/1093 689/1113/1095
f 698/1112/1094 689/1113/1095 699/1114/1096
f 699/1114/1096 689/1113/1095 688/1115/1097
f 699/1114/1096 688/1115/1097 700/1116/1098
f 700/1116/1098 688/1115/1097 687/1117/1099
f 700/1116/1098 687/1117/1099 630/1118/1100
f 630/1118/1100 687/1117/1099 604/1119/1101
f 630/1118/1100 604/1119/1101 603/1120/1102
f 608/1092/1074 607/1121/1103 649/1094/1076
f 649/1094/1076 607/1121/1103 661/1122/1104
f 649/1094/1076 661/1122/1104 662/1096/1078
f 662/1096/1078 661/1122/1104 674/1123/1105
f 662/1096/1078 674/1123/1105 673/1098/1080
f 673/1098/1080 674/1123/1105 668/1124/1106
f 673/1098/1080 668/1124/1106 669/1100/1082
f 669/1100/1082 668/1124/1106 683/1125/1107
f 669/1100/1082 683/1125/1107 682/1102/1084
f 682/1102/1084 683/1125/1107 679/1126/1108
f 682/1102/1084 679/1126/1108 680/1104/1086
f 680/1104/1086 679/1126/1108 692/1107/1089
f 661/1122/1104 607/1121/1103 626/1127/1109
f 626/1127/1109 607/1121/1103 606/1128/1110
f 626/1127/1109 606/1128/1110 628/1129/1111
f 628/1129/1111 606/1128/1110 605/1130/1112
f 628/1129/1111 605/1130/1112 686/1131/1113
f 686/1131/1113 605/1130/1112 675/1132/1114
f 686/1131/1113 675/1132/1114 676/1133/1115
f 676/1133/1115 675/1132/1114 688/1115/1097
f 676/1133/1115 688/1115/1097 689/1113/1095
f 605/1130/1112 604/1119/1101 675/1132/1114
f 675/1132/1114 604/1119/1101 687/1117/1099
f 675/1132/1114 687/1117/1099 688/1115/1097
f 630/1118/1100 603/1120/1102 632/1134/1116
f 632/1134/1116 603/1120/1102 602/1135/1117
f 632/1134/1116 602/1135/1117 712/1136/1118
f 712/1136/1118 602/1135/1117 701/1137/1119
f 712/1136/1118 701/1137/1119 702/1138/1120
f 702/1138/1120 701/1137/1119 714/1139/1121
f 702/1138/1120 714/1139/1121 715/1140/1122
f 715/1140/1122 714/1139/1121 725/1141/1123
f 715/1140/1122 725/1141/1123 724/1142/1124
f 724/1142/1124 725/1141/1123 721/1143/1125
f 724/1142/1124 721/1143/1125 722/1144/1126
f 722/1144/1126 721/1143/1125 734/1145/1127
f 722/1144/1126 734/1145/1127 733/1146/1128
f 733/1146/1128 734/1145/1127 732/1147/1129
f 733/1146/1128 732/1147/1129 612/1148/1130
f 612/1148/1130 732/1147/1129 611/1149/1131
f 611/1149/1131 732/1147/1129 744/1150/1132
f 611/1149/1131 744/1150/1132 637/1151/1133
f 637/1151/1133 744/1150/1132 743/1152/1134
f 637/1151/1133 743/1152/1134 751/1153/1135
f 751/1153/1135 743/1152/1134 742/1154/1136
f 751/1153/1135 742/1154/1136 752/1155/1137
f 752/1155/1137 742/1154/1136 741/1156/1138
f 752/1155/1137 741/1156/1138 753/1157/1139
f 753/1157/1139 741/1156/1138 740/1158/1140
f 753/1157/1139 740/1158/1140 754/1159/1141
f 754/1159/1141 740/1158/1140 739/1160/1142
f 754/1159/1141 739/1160/1142 638/1161/1143
f 638/1161/1143 739/1160/1142 598/1162/1144
f 638/1161/1143 598/1162/1144 597/1163/1145
f 602/1135/1117 601/1164/1146 701/1137/1119
f 701/1137/1119 601/1164/1146 713/1165/1147
f 701/1137/1119 713/1165/1147 714/1139/1121
f 714/1139/1121 713/1165/1147 726/1166/1148
f 714/1139/1121 726/1166/1148 725/1141/1123
f 725/1141/1123 726/1166/1148 720/1167/1149
f 725/1141/1123 720/1167/1149 721/1143/1125
f 721/1143/1125 720/1167/1149 735/1168/1150
f 721/1143/1125 735/1168/1150 734/1145/1127
f 734/1145/1127 735/1168/1150 731/1169/1151
f 734/1145/1127 731/1169/1151 732/1147/1129
f 732/1147/1129 731/1169/1151 744/1150/1132
f 713/1165/1147 601/1164/1146 634/1170/1152
f 634/1170/1152 601/1164/1146 600/1171/1153
f 634/1170/1152 600/1171/1153 636/1172/1154
f 636/1172/1154 600/1171/1153 599/1173/1155
f 636/1172/1154 599/1173/1155 738/1174/1156
f 738/1174/1156 599/1173/1155 727/1175/1157
f 738/1174/1156 727/1175/1157 728/1176/1158
f 728/1176/1158 727/1175/1157 740/1158/1140
f 728/1176/1158 740/1158/1140 741/1156/1138
f 599/1173/1155 598/1162/1144 727/1175/1157
f 727/1175/1157 598/1162/1144 739/1160/1142
f 727/1175/1157 739/1160/1142 740/1158/1140
f 638/1161/1143 597/1163/1145 745/1177/1159
f 745/1177/1159 597/1163/1145 244/1178/1160
f 745/1177/1159 244/1178/1160 243/1179/1161
f 243/1179/1161 242/1180/1162 745/1177/1159
f 745/1177/1159 242/1180/1162 746/1181/1163
f 745/1177/1159 746/1181/1163 638/1161/1143
f 638/1161/1143 746/1181/1163 754/1159/1141
f 242/1180/1162 241/1182/1164 746/1181/1163
f 746/1181/1163 241/1182/1164 747/1183/1165
f 746/1181/1163 747/1183/1165 754/1159/1141
f 754/1159/1141 747/1183/1165 753/1157/1139
f 241/1182/1164 240/1184/1166 747/1183/1165
f 747/1183/1165 240/1184/1166 748/1185/1167
f 747/1183/1165 748/1185/1167 753/1157/1139
f 753/1157/1139 748/1185/1167 752/1155/1137
f 240/1184/1166 239/1186/1168 748/1185/1167
f 748/1185/1167 239/1186/1168 749/1187/1169
f 748/1185/1167 749/1187/1169 752/1155/1137
f 752/1155/1137 749/1187/1169 751/1153/1135
f 239/1186/1168 238/1188/1170 749/1187/1169
f 749/1187/1169 238/1188/1170 750/1189/1171
f 749/1187/1169 750/1189/1171 751/1153/1135
f 751/1153/1135 750/1189/1171 637/1151/1133
f 238/1188/1170 237/1190/1172 750/1189/1171
f 750/1189/1171 237/1190/1172 610/1191/1173
f 750/1189/1171 610/1191/1173 637/1151/1133
f 637/1151/1133 610/1191/1173 611/1149/1131
f 733/1146/1128 612/1148/1130 635/1192/1174
f 635/1192/1174 612/1148/1130 613/1193/1175
f 635/1192/1174 613/1193/1175 633/1194/1176
f 633/1194/1176 613/1193/1175 614/1195/1177
f 633/1194/1176 614/1195/1177 718/1196/1178
f 718/1196/1178 614/1195/1177 706/1197/1179
f 718/1196/1178 706/1197/1179 705/1198/1180
f 705/1198/1180 706/1197/1179 708/1199/1181
f 705/1198/1180 708/1199/1181 709/1200/1182
f 709/1200/1182 708/1199/1181 695/1201/1183
f 709/1200/1182 695/1201/1183 694/1202/1184
f 694/1202/1184 695/1201/1183 699/1114/1096
f 694/1202/1184 699/1114/1096 700/1116/1098
f 614/1195/1177 615/1203/1185 706/1197/1179
f 706/1197/1179 615/1203/1185 707/1204/1186
f 706/1197/1179 707/1204/1186 708/1199/1181
f 708/1199/1181 707/1204/1186 696/1205/1187
f 708/1199/1181 696/1205/1187 695/1201/1183
f 695/1201/1183 696/1205/1187 698/1112/1094
f 695/1201/1183 698/1112/1094 699/1114/1096
f 707/1204/1186 615/1203/1185 631/1206/1188
f 631/1206/1188 615/1203/1185 616/1207/1189
f 631/1206/1188 616/1207/1189 629/1108/1090
f 629/1108/1090 616/1207/1189 617/1106/1088
f 681/1103/1085 618/1105/1087 627/1208/1190
f 627/1208/1190 618/1105/1087 619/1209/1191
f 627/1208/1190 619/1209/1191 625/1210/1192
f 625/1210/1192 619/1209/1191 620/1211/1193
f 625/1210/1192 620/1211/1193 666/1212/1194
f 666/1212/1194 620/1211/1193 654/1213/1195
f 666/1212/1194 654/1213/1195 653/1214/1196
f 653/1214/1196 654/1213/1195 656/1215/1197
f 653/1214/1196 656/1215/1197 657/1216/1198
f 657/1216/1198 656/1215/1197 647/1217/1199
f 657/1216/1198 647/1217/1199 646/1218/1200
f 646/1218/1200 647/1217/1199 641/1084/1066
f 646/1218/1200 641/1084/1066 640/1086/1068
f 620/1211/1193 621/1219/1201 654/1213/1195
f 654/1213/1195 621/1219/1201 655/1220/1202
f 654/1213/1195 655/1220/1202 656/1215/1197
f 656/1215/1197 655/1220/1202 648/1221/1203
f 656/1215/1197 648/1221/1203 647/1217/1199
f 647/1217/1199 648/1221/1203 642/1082/1064
f 647/1217/1199 642/1082/1064 641/1084/1066
f 655/1220/1202 621/1219/1201 623/1222/1204
f 623/1222/1204 621/1219/1201 622/1075/1057
f 623/1222/1204 622/1075/1057 644/1077/1059
f 640/1086/1068 639/1088/1070 645/1223/1205
f 645/1223/1205 639/1088/1070 624/1091/1073
f 645/1223/1205 624/1091/1073 659/1224/1206
f 659/1224/1206 624/1091/1073 660/1093/1075
f 659/1224/1206 660/1093/1075 650/1095/1077
f 623/1222/1204 644/1077/1059 643/1080/1062
f 623/1222/1204 643/1080/1062 648/1221/1203
f 648/1221/1203 643/1080/1062 642/1082/1064
f 640/1086/1068 645/1223/1205 646/1218/1200
f 646/1218/1200 645/1223/1205 658/1225/1207
f 646/1218/1200 658/1225/1207 657/1216/1198
f 657/1216/1198 658/1225/1207 652/1226/1208
f 657/1216/1198 652/1226/1208 653/1214/1196
f 653/1214/1196 652/1226/1208 665/1227/1209
f 653/1214/1196 665/1227/1209 666/1212/1194
f 666/1212/1194 665/1227/1209 625/1210/1192
f 658/1225/1207 645/1223/1205 659/1224/1206
f 655/1220/1202 623/1222/1204 648/1221/1203
f 658/1225/1207 659/1224/1206 651/1228/1210
f 651/1228/1210 659/1224/1206 650/1095/1077
f 651/1228/1210 650/1095/1077 663/1097/1079
f 658/1225/1207 651/1228/1210 652/1226/1208
f 652/1226/1208 651/1228/1210 664/1229/1211
f 652/1226/1208 664/1229/1211 665/1227/1209
f 665/1227/1209 664/1229/1211 671/1230/1212
f 665/1227/1209 671/1230/1212 625/1210/1192
f 625/1210/1192 671/1230/1212 627/1208/1190
f 664/1229/1211 651/1228/1210 663/1097/1079
f 671/1230/1212 664/1229/1211 672/1099/1081
f 672/1099/1081 664/1229/1211 663/1097/1079
f 628/1129/1111 667/1231/1213 626/1127/1109
f 626/1127/1109 667/1231/1213 674/1123/1105
f 626/1127/1109 674/1123/1105 661/1122/1104
f 674/1123/1105 667/1231/1213 668/1124/1106
f 668/1124/1106 667/1231/1213 684/1232/1214
f 668/1124/1106 684/1232/1214 683/1125/1107
f 683/1125/1107 684/1232/1214 678/1233/1215
f 683/1125/1107 678/1233/1215 679/1126/1108
f 679/1126/1108 678/1233/1215 691/1109/1091
f 679/1126/1108 691/1109/1091 692/1107/1089
f 667/1231/1213 628/1129/1111 685/1234/1216
f 685/1234/1216 628/1129/1111 686/1131/1113
f 685/1234/1216 686/1131/1113 676/1133/1115
f 671/1230/1212 672/1099/1081 670/1101/1083
f 681/1103/1085 627/1208/1190 670/1101/1083
f 670/1101/1083 627/1208/1190 671/1230/1212
f 676/1133/1115 677/1235/1217 685/1234/1216
f 685/1234/1216 677/1235/1217 684/1232/1214
f 685/1234/1216 684/1232/1214 667/1231/1213
f 684/1232/1214 677/1235/1217 678/1233/1215
f 678/1233/1215 677/1235/1217 690/1111/1093
f 678/1233/1215 690/1111/1093 691/1109/1091
f 690/1111/1093 677/1235/1217 689/1113/1095
f 689/1113/1095 677/1235/1217 676/1133/1115
f 700/1116/1098 630/1118/1100 693/1236/1218
f 693/1236/1218 630/1118/1100 632/1134/1116
f 693/1236/1218 632/1134/1116 711/1237/1219
f 711/1237/1219 632/1134/1116 712/1136/1118
f 711/1237/1219 712/1136/1118 702/1138/1120
f 700/1116/1098 693/1236/1218 694/1202/1184
f 694/1202/1184 693/1236/1218 710/1238/1220
f 694/1202/1184 710/1238/1220 709/1200/1182
f 709/1200/1182 710/1238/1220 704/1239/1221
f 709/1200/1182 704/1239/1221 705/1198/1180
f 705/1198/1180 704/1239/1221 717/1240/1222
f 705/1198/1180 717/1240/1222 718/1196/1178
f 718/1196/1178 717/1240/1222 633/1194/1176
f 710/1238/1220 693/1236/1218 711/1237/1219
f 697/1110/1092 698/1112/1094 696/1205/1187
f 629/1108/1090 697/1110/1092 631/1206/1188
f 631/1206/1188 697/1110/1092 696/1205/1187
f 631/1206/1188 696/1205/1187 707/1204/1186
f 710/1238/1220 711/1237/1219 703/1241/1223
f 703/1241/1223 711/1237/1219 702/1138/1120
f 703/1241/1223 702/1138/1120 715/1140/1122
f 710/1238/1220 703/1241/1223 704/1239/1221
f 704/1239/1221 703/1241/1223 716/1242/1224
f 704/1239/1221 716/1242/1224 717/1240/1222
f 717/1240/1222 716/1242/1224 723/1243/1225
f 717/1240/1222 723/1243/1225 633/1194/1176
f 633/1194/1176 723/1243/1225 635/1192/1174
f 716/1242/1224 703/1241/1223 715/1140/1122
f 723/1243/1225 716/1242/1224 724/1142/1124
f 724/1142/1124 716/1242/1224 715/1140/1122
f 636/1172/1154 719/1244/1226 634/1170/1152
f 634/1170/1152 719/1244/1226 726/1166/1148
f 634/1170/1152 726/1166/1148 713/1165/1147
f 726/1166/1148 719/1244/1226 720/1167/1149
f 720/1167/1149 719/1244/1226 736/1245/1227
f 720/1167/1149 736/1245/1227 735/1168/1150
f 735/1168/1150 736/1245/1227 730/1246/1228
f 735/1168/1150 730/1246/1228 731/1169/1151
f 731/1169/1151 730/1246/1228 743/1152/1134
f 731/1169/1151 743/1152/1134 744/1150/1132
f 719/1244/1226 636/1172/1154 737/1247/1229
f 737/1247/1229 636/1172/1154 738/1174/1156
f 737/1247/1229 738/1174/1156 728/1176/1158
f 723/1243/1225 724/1142/1124 722/1144/1126
f 733/1146/1128 635/1192/1174 722/1144/1126
f 722/1144/1126 635/1192/1174 723/1243/1225
f 728/1176/1158 729/1248/1230 737/1247/1229
f 737/1247/1229 729/1248/1230 736/1245/1227
f 737/1247/1229 736/1245/1227 719/1244/1226
f 736/1245/1227 729/1248/1230 730/1246/1228
f 730/1246/1228 729/1248/1230 742/1154/1136
f 730/1246/1228 742/1154/1136 743/1152/1134
f 742/1154/1136 729/1248/1230 741/1156/1138
f 741/1156/1138 729/1248/1230 728/1176/1158
f 562/1249/999 340/1250/1001 760/1251/1231
f 760/1251/1231 340/1250/1001 339/1252/1232
f 760/1251/1231 339/1252/1232 338/1253/1233
f 760/1251/1231 338/1253/1233 759/1254/1234
f 759/1254/1234 338/1253/1233 337/1255/1235
f 759/1254/1234 337/1255/1235 758/1256/1236
f 758/1256/1236 337/1255/1235 336/1257/1237
f 758/1256/1236 336/1257/1237 757/1258/1238
f 757/1258/1238 336/1257/1237 335/1259/1239
f 757/1258/1238 335/1259/1239 756/1260/1240
f 756/1260/1240 335/1259/1239 334/1261/1241
f 756/1260/1240 334/1261/1241 755/1262/1242
f 755/1262/1242 334/1261/1241 333/1263/1243
f 755/1262/1242 333/1263/1243 622/1264/1244
f 755/1262/1242 622/1264/1244 761/1265/1245
f 761/1265/1245 622/1264/1244 621/1266/1246
f 761/1265/1245 621/1266/1246 767/1267/1247
f 767/1267/1247 621/1266/1246 620/1268/1248
f 767/1267/1247 620/1268/1248 773/1269/1249
f 773/1269/1249 620/1268/1248 619/1270/1250
f 773/1269/1249 619/1270/1250 779/1271/1251
f 779/1271/1251 619/1270/1250 618/1272/1252
f 779/1271/1251 618/1272/1252 785/1273/1253
f 785/1273/1253 618/1272/1252 617/1274/1254
f 785/1273/1253 617/1274/1254 791/1275/1255
f 791/1275/1255 617/1274/1254 616/1276/1256
f 791/1275/1255 616/1276/1256 808/1277/1257
f 808/1277/1257 616/1276/1256 797/1278/1258
f 808/1277/1257 797/1278/1258 798/1279/1259
f 798/1279/1259 797/1278/1258 810/1280/1260
f 798/1279/1259 810/1280/1260 811/1281/1261
f 811/1281/1261 810/1280/1260 817/1282/1262
f 811/1281/1261 817/1282/1262 818/1283/1263
f 818/1283/1263 817/1282/1262 824/1284/1264
f 818/1283/1263 824/1284/1264 825/1285/1265
f 825/1285/1265 824/1284/1264 831/1286/1266
f 825/1285/1265 831/1286/1266 832/1287/1267
f 832/1287/1267 831/1286/1266 838/1288/1268
f 832/1287/1267 838/1288/1268 573/1289/975
f 573/1289/975 838/1288/1268 574/1290/973
f 574/1290/973 838/1288/1268 844/1291/1269
f 574/1290/973 844/1291/1269 230/1292/972
f 230/1292/972 844/1291/1269 231/1293/1270
f 231/1293/1270 844/1291/1269 843/1294/1271
f 231/1293/1270 843/1294/1271 232/1295/1272
f 232/1295/1272 843/1294/1271 842/1296/1273
f 232/1295/1272 842/1296/1273 233/1297/1274
f 233/1297/1274 842/1296/1273 841/1298/1275
f 233/1297/1274 841/1298/1275 234/1299/1276
f 234/1299/1276 841/1298/1275 840/1300/1277
f 234/1299/1276 840/1300/1277 235/1301/1278
f 235/1301/1278 840/1300/1277 839/1302/1279
f 235/1301/1278 839/1302/1279 236/1303/1280
f 236/1303/1280 839/1302/1279 237/1304/1281
f 237/1304/1281 839/1302/1279 610/1305/1282
f 610/1305/1282 839/1302/1279 833/1306/1283
f 610/1305/1282 833/1306/1283 611/1307/1284
f 611/1307/1284 833/1306/1283 827/1308/1285
f 611/1307/1284 827/1308/1285 612/1309/1286
f 612/1309/1286 827/1308/1285 821/1310/1287
f 612/1309/1286 821/1310/1287 613/1311/1288
f 613/1311/1288 821/1310/1287 815/1312/1289
f 613/1311/1288 815/1312/1289 614/1313/1290
f 614/1313/1290 815/1312/1289 809/1314/1291
f 614/1313/1290 809/1314/1291 615/1315/1292
f 615/1315/1292 809/1314/1291 797/1278/1258
f 615/1315/1292 797/1278/1258 616/1276/1256
f 573/1289/975 572/1316/977 832/1287/1267
f 832/1287/1267 572/1316/977 826/1317/1293
f 832/1287/1267 826/1317/1293 825/1285/1265
f 825/1285/1265 826/1317/1293 819/1318/1294
f 825/1285/1265 819/1318/1294 818/1283/1263
f 818/1283/1263 819/1318/1294 812/1319/1295
f 818/1283/1263 812/1319/1295 811/1281/1261
f 811/1281/1261 812/1319/1295 799/1320/1296
f 811/1281/1261 799/1320/1296 798/1279/1259
f 798/1279/1259 799/1320/1296 807/1321/1297
f 798/1279/1259 807/1321/1297 808/1277/1257
f 808/1277/1257 807/1321/1297 791/1275/1255
f 572/1316/977 571/1322/979 826/1317/1293
f 826/1317/1293 571/1322/979 820/1323/1298
f 826/1317/1293 820/1323/1298 819/1318/1294
f 819/1318/1294 820/1323/1298 813/1324/1299
f 819/1318/1294 813/1324/1299 812/1319/1295
f 812/1319/1295 813/1324/1299 800/1325/1300
f 812/1319/1295 800/1325/1300 799/1320/1296
f 799/1320/1296 800/1325/1300 806/1326/1301
f 799/1320/1296 806/1326/1301 807/1321/1297
f 807/1321/1297 806/1326/1301 792/1327/1302
f 807/1321/1297 792/1327/1302 791/1275/1255
f 791/1275/1255 792/1327/1302 785/1273/1253
f 571/1322/979 570/1328/981 820/1323/1298
f 820/1323/1298 570/1328/981 814/1329/1303
f 820/1323/1298 814/1329/1303 813/1324/1299
f 813/1324/1299 814/1329/1303 801/1330/1304
f 813/1324/1299 801/1330/1304 800/1325/1300
f 800/1325/1300 801/1330/1304 805/1331/1305
f 800/1325/1300 805/1331/1305 806/1326/1301
f 806/1326/1301 805/1331/1305 793/1332/1306
f 806/1326/1301 793/1332/1306 792/1327/1302
f 792/1327/1302 793/1332/1306 786/1333/1307
f 792/1327/1302 786/1333/1307 785/1273/1253
f 785/1273/1253 786/1333/1307 779/1271/1251
f 570/1328/981 569/1334/984 814/1329/1303
f 814/1329/1303 569/1334/984 802/1335/1308
f 814/1329/1303 802/1335/1308 801/1330/1304
f 801/1330/1304 802/1335/1308 804/1336/1309
f 801/1330/1304 804/1336/1309 805/1331/1305
f 805/1331/1305 804/1336/1309 794/1337/1310
f 805/1331/1305 794/1337/1310 793/1332/1306
f 793/1332/1306 794/1337/1310 787/1338/1311
f 793/1332/1306 787/1338/1311 786/1333/1307
f 786/1333/1307 787/1338/1311 780/1339/1312
f 786/1333/1307 780/1339/1312 779/1271/1251
f 779/1271/1251 780/1339/1312 773/1269/1249
f 569/1334/984 568/1340/986 802/1335/1308
f 802/1335/1308 568/1340/986 803/1341/1313
f 802/1335/1308 803/1341/1313 804/1336/1309
f 804/1336/1309 803/1341/1313 795/1342/1314
f 804/1336/1309 795/1342/1314 794/1337/1310
f 794/1337/1310 795/1342/1314 788/1343/1315
f 794/1337/1310 788/1343/1315 787/1338/1311
f 787/1338/1311 788/1343/1315 781/1344/1316
f 787/1338/1311 781/1344/1316 780/1339/1312
f 780/1339/1312 781/1344/1316 774/1345/1317
f 780/1339/1312 774/1345/1317 773/1269/1249
f 773/1269/1249 774/1345/1317 767/1267/1247
f 803/1341/1313 568/1340/986 796/1346/1318
f 796/1346/1318 568/1340/986 567/1347/988
f 796/1346/1318 567/1347/988 790/1348/1319
f 790/1348/1319 567/1347/988 566/1349/990
f 790/1348/1319 566/1349/990 784/1350/1320
f 784/1350/1320 566/1349/990 565/1351/993
f 784/1350/1320 565/1351/993 778/1352/1321
f 778/1352/1321 565/1351/993 564/1353/995
f 778/1352/1321 564/1353/995 772/1354/1322
f 772/1354/1322 564/1353/995 563/1355/997
f 772/1354/1322 563/1355/997 766/1356/1323
f 766/1356/1323 563/1355/997 562/1249/999
f 766/1356/1323 562/1249/999 760/1251/1231
f 756/1260/1240 755/1262/1242 762/1357/1324
f 762/1357/1324 755/1262/1242 761/1265/1245
f 762/1357/1324 761/1265/1245 768/1358/1325
f 768/1358/1325 761/1265/1245 767/1267/1247
f 768/1358/1325 767/1267/1247 774/1345/1317
f 757/1258/1238 756/1260/1240 763/1359/1326
f 763/1359/1326 756/1260/1240 762/1357/1324
f 763/1359/1326 762/1357/1324 769/1360/1327
f 769/1360/1327 762/1357/1324 768/1358/1325
f 769/1360/1327 768/1358/1325 775/1361/1328
f 775/1361/1328 768/1358/1325 774/1345/1317
f 775/1361/1328 774/1345/1317 781/1344/1316
f 758/1256/1236 757/1258/1238 764/1362/1329
f 764/1362/1329 757/1258/1238 763/1359/1326
f 764/1362/1329 763/1359/1326 770/1363/1330
f 770/1363/1330 763/1359/1326 769/1360/1327
f 770/1363/1330 769/1360/1327 776/1364/1331
f 776/1364/1331 769/1360/1327 775/1361/1328
f 776/1364/1331 775/1361/1328 782/1365/1332
f 782/1365/1332 775/1361/1328 781/1344/1316
f 782/1365/1332 781/1344/1316 788/1343/1315
f 766/1356/1323 760/1251/1231 759/1254/1234
f 759/1254/1234 758/1256/1236 765/1366/1333
f 765/1366/1333 758/1256/1236 764/1362/1329
f 765/1366/1333 764/1362/1329 771/1367/1334
f 771/1367/1334 764/1362/1329 770/1363/1330
f 771/1367/1334 770/1363/1330 777/1368/1335
f 777/1368/1335 770/1363/1330 776/1364/1331
f 777/1368/1335 776/1364/1331 783/1369/1336
f 783/1369/1336 776/1364/1331 782/1365/1332
f 783/1369/1336 782/1365/1332 789/1370/1337
f 789/1370/1337 782/1365/1332 788/1343/1315
f 789/1370/1337 788/1343/1315 795/1342/1314
f 772/1354/1322 766/1356/1323 765/1366/1333
f 765/1366/1333 766/1356/1323 759/1254/1234
f 772/1354/1322 765/1366/1333 771/1367/1334
f 778/1352/1321 772/1354/1322 771/1367/1334
f 778/1352/1321 771/1367/1334 777/1368/1335
f 784/1350/1320 778/1352/1321 777/1368/1335
f 784/1350/1320 777/1368/1335 783/1369/1336
f 790/1348/1319 784/1350/1320 783/1369/1336
f 790/1348/1319 783/1369/1336 789/1370/1337
f 796/1346/1318 790/1348/1319 789/1370/1337
f 796/1346/1318 789/1370/1337 795/1342/1314
f 803/1341/1313 796/1346/1318 795/1342/1314
f 797/1278/1258 809/1314/1291 810/1280/1260
f 810/1280/1260 809/1314/1291 816/1371/1338
f 810/1280/1260 816/1371/1338 817/1282/1262
f 817/1282/1262 816/1371/1338 823/1372/1339
f 817/1282/1262 823/1372/1339 824/1284/1264
f 824/1284/1264 823/1372/1339 830/1373/1340
f 824/1284/1264 830/1373/1340 831/1286/1266
f 831/1286/1266 830/1373/1340 837/1374/1341
f 831/1286/1266 837/1374/1341 838/1288/1268
f 838/1288/1268 837/1374/1341 844/1291/1269
f 809/1314/1291 815/1312/1289 816/1371/1338
f 816/1371/1338 815/1312/1289 822/1375/1342
f 816/1371/1338 822/1375/1342 823/1372/1339
f 823/1372/1339 822/1375/1342 829/1376/1343
f 823/1372/1339 829/1376/1343 830/1373/1340
f 830/1373/1340 829/1376/1343 836/1377/1344
f 830/1373/1340 836/1377/1344 837/1374/1341
f 837/1374/1341 836/1377/1344 843/1294/1271
f 837/1374/1341 843/1294/1271 844/1291/1269
f 815/1312/1289 821/1310/1287 822/1375/1342
f 822/1375/1342 821/1310/1287 828/1378/1345
f 822/1375/1342 828/1378/1345 829/1376/1343
f 829/1376/1343 828/1378/1345 835/1379/1346
f 829/1376/1343 835/1379/1346 836/1377/1344
f 836/1377/1344 835/1379/1346 842/1296/1273
f 836/1377/1344 842/1296/1273 843/1294/1271
f 821/1310/1287 827/1308/1285 828/1378/1345
f 828/1378/1345 827/1308/1285 834/1380/1347
f 828/1378/1345 834/1380/1347 835/1379/1346
f 835/1379/1346 834/1380/1347 841/1298/1275
f 835/1379/1346 841/1298/1275 842/1296/1273
f 827/1308/1285 833/1306/1283 834/1380/1347
f 834/1380/1347 833/1306/1283 840/1300/1277
f 834/1380/1347 840/1300/1277 841/1298/1275
f 839/1302/1279 840/1300/1277 833/1306/1283
f 366/1381/1348 365/1382/1349 861/1383/1350
f 861/1383/1350 365/1382/1349 479/1384/1351
f 861/1383/1350 479/1384/1351 860/1385/1352
f 860/1385/1352 479/1384/1351 478/1386/1353
f 860/1385/1352 478/1386/1353 859/1387/1354
f 859/1387/1354 478/1386/1353 477/1388/1355
f 859/1387/1354 477/1388/1355 858/1389/1356
f 858/1389/1356 477/1388/1355 476/1390/1357
f 858/1389/1356 476/1390/1357 857/1391/1358
f 857/1391/1358 476/1390/1357 475/1392/1359
f 857/1391/1358 475/1392/1359 856/1393/1360
f 856/1393/1360 475/1392/1359 474/1394/1361
f 856/1393/1360 474/1394/1361 855/1395/1362
f 855/1395/1362 474/1394/1361 473/1396/1363
f 855/1395/1362 473/1396/1363 854/1397/1364
f 854/1397/1364 473/1396/1363 472/1398/1365
f 854/1397/1364 472/1398/1365 853/1399/1366
f 853/1399/1366 472/1398/1365 471/1400/1367
f 853/1399/1366 471/1400/1367 470/1401/1368
f 853/1399/1366 470/1401/1368 852/1402/1369
f 852/1402/1369 470/1401/1368 469/1403/1370
f 852/1402/1369 469/1403/1370 851/1404/1371
f 851/1404/1371 469/1403/1370 468/1405/1372
f 851/1404/1371 468/1405/1372 850/1406/1373
f 850/1406/1373 468/1405/1372 467/1407/1374
f 850/1406/1373 467/1407/1374 849/1408/1375
f 849/1408/1375 467/1407/1374 466/1409/1376
f 849/1408/1375 466/1409/1376 848/1410/1377
f 848/1410/1377 466/1409/1376 465/1411/1378
f 848/1410/1377 465/1411/1378 847/1412/1379
f 847/1412/1379 465/1411/1378 464/1413/1380
f 847/1412/1379 464/1413/1380 846/1414/1381
f 846/1414/1381 464/1413/1380 463/1415/1382
f 846/1414/1381 463/1415/1382 845/1416/1383
f 845/1416/1383 463/1415/1382 277/1417/1384
f 845/1416/1383 277/1417/1384 276/1418/1385
f 372/1419/1386 371/1420/1387 879/1421/1388
f 879/1421/1388 371/1420/1387 884/1422/1389
f 879/1421/1388 884/1422/1389 878/1423/1390
f 878/1423/1390 884/1422/1389 889/1424/1391
f 878/1423/1390 889/1424/1391 877/1425/1392
f 877/1425/1392 889/1424/1391 894/1426/1393
f 877/1425/1392 894/1426/1393 876/1427/1394
f 876/1427/1394 894/1426/1393 899/1428/1395
f 876/1427/1394 899/1428/1395 875/1429/1396
f 875/1429/1396 899/1428/1395 904/1430/1397
f 875/1429/1396 904/1430/1397 874/1431/1398
f 874/1431/1398 904/1430/1397 909/1432/1399
f 874/1431/1398 909/1432/1399 873/1433/1400
f 873/1433/1400 909/1432/1399 914/1434/1401
f 873/1433/1400 914/1434/1401 872/1435/1402
f 872/1435/1402 914/1434/1401 919/1436/1403
f 872/1435/1402 919/1436/1403 871/1437/1404
f 871/1437/1404 919/1436/1403 924/1438/1405
f 871/1437/1404 924/1438/1405 870/1439/1406
f 870/1439/1406 924/1438/1405 929/1440/1407
f 870/1439/1406 929/1440/1407 869/1441/1408
f 869/1441/1408 929/1440/1407 934/1442/1409
f 869/1441/1408 934/1442/1409 868/1443/1410
f 868/1443/1410 934/1442/1409 939/1444/1411
f 868/1443/1410 939/1444/1411 867/1445/1412
f 867/1445/1412 939/1444/1411 944/1446/1413
f 867/1445/1412 944/1446/1413 866/1447/1414
f 866/1447/1414 944/1446/1413 949/1448/1415
f 866/1447/1414 949/1448/1415 865/1449/1416
f 865/1449/1416 949/1448/1415 954/1450/1417
f 865/1449/1416 954/1450/1417 864/1451/1418
f 864/1451/1418 954/1450/1417 959/1452/1419
f 864/1451/1418 959/1452/1419 863/1453/1420
f 863/1453/1420 959/1452/1419 964/1454/1421
f 863/1453/1420 964/1454/1421 862/1455/1422
f 862/1455/1422 964/1454/1421 969/1456/1423
f 862/1455/1422 969/1456/1423 270/1457/1424
f 270/1457/1424 969/1456/1423 271/1458/1425
f 271/1458/1425 969/1456/1423 968/1459/1426
f 271/1458/1425 968/1459/1426 272/1460/1427
f 272/1460/1427 968/1459/1426 967/1461/1428
f 272/1460/1427 967/1461/1428 273/1462/1429
f 273/1462/1429 967/1461/1428 966/1463/1430
f 273/1462/1429 966/1463/1430 274/1464/1431
f 274/1464/1431 966/1463/1430 965/1465/1432
f 274/1464/1431 965/1465/1432 275/1466/1433
f 275/1466/1433 965/1465/1432 276/1467/1385
f 276/1467/1385 965/1465/1432 845/1468/1383
f 845/1468/1383 965/1465/1432 960/1469/1434
f 845/1468/1383 960/1469/1434 846/1470/1381
f 846/1470/1381 960/1469/1434 955/1471/1435
f 846/1470/1381 955/1471/1435 847/1472/1379
f 847/1472/1379 955/1471/1435 950/1473/1436
f 847/1472/1379 950/1473/1436 848/1474/1377
f 848/1474/1377 950/1473/1436 945/1475/1437
f 848/1474/1377 945/1475/1437 849/1476/1375
f 849/1476/1375 945/1475/1437 940/1477/1438
f 849/1476/1375 940/1477/1438 850/1478/1373
f 850/1478/1373 940/1477/1438 935/1479/1439
f 850/1478/1373 935/1479/1439 851/1480/1371
f 851/1480/1371 935/1479/1439 930/1481/1440
f 851/1480/1371 930/1481/1440 852/1482/1369
f 852/1482/1369 930/1481/1440 925/1483/1441
f 852/1482/1369 925/1483/1441 853/1484/1366
f 853/1484/1366 925/1483/1441 920/1485/1442
f 853/1484/1366 920/1485/1442 854/1486/1364
f 854/1486/1364 920/1485/1442 915/1487/1443
f 854/1486/1364 915/1487/1443 855/1488/1362
f 855/1488/1362 915/1487/1443 910/1489/1444
f 855/1488/1362 910/1489/1444 856/1490/1360
f 856/1490/1360 910/1489/1444 905/1491/1445
f 856/1490/1360 905/1491/1445 857/1492/1358
f 857/1492/1358 905/1491/1445 900/1493/1446
f 857/1492/1358 900/1493/1446 858/1494/1356
f 858/1494/1356 900/1493/1446 895/1495/1447
f 858/1494/1356 895/1495/1447 859/1496/1354
f 859/1496/1354 895/1495/1447 890/1497/1448
f 859/1496/1354 890/1497/1448 860/1498/1352
f 860/1498/1352 890/1497/1448 885/1499/1449
f 860/1498/1352 885/1499/1449 861/1500/1350
f 861/1500/1350 885/1499/1449 880/1501/1450
f 861/1500/1350 880/1501/1450 366/1502/1348
f 366/1502/1348 880/1501/1450 367/1503/1451
f 367/1503/1451 880/1501/1450 881/1504/1452
f 367/1503/1451 881/1504/1452 368/1505/1453
f 368/1505/1453 881/1504/1452 882/1506/1454
f 368/1505/1453 882/1506/1454 369/1507/1455
f 369/1507/1455 882/1506/1454 883/1508/1456
f 369/1507/1455 883/1508/1456 370/1509/1457
f 370/1509/1457 883/1508/1456 884/1422/1389
f 370/1509/1457 884/1422/1389 371/1420/1387
f 881/1504/1452 880/1501/1450 886/1510/1458
f 886/1510/1458 880/1501/1450 885/1499/1449
f 886/1510/1458 885/1499/1449 891/1511/1459
f 891/1511/1459 885/1499/1449 890/1497/1448
f 891/1511/1459 890/1497/1448 896/1512/1460
f 896/1512/1460 890/1497/1448 895/1495/1447
f 896/1512/1460 895/1495/1447 901/1513/1461
f 901/1513/1461 895/1495/1447 900/1493/1446
f 901/1513/1461 900/1493/1446 906/1514/1462
f 906/1514/1462 900/1493/1446 905/1491/1445
f 906/1514/1462 905/1491/1445 911/1515/1463
f 911/1515/1463 905/1491/1445 910/1489/1444
f 911/1515/1463 910/1489/1444 916/1516/1464
f 916/1516/1464 910/1489/1444 915/1487/1443
f 916/1516/1464 915/1487/1443 921/1517/1465
f 921/1517/1465 915/1487/1443 920/1485/1442
f 921/1517/1465 920/1485/1442 926/1518/1466
f 926/1518/1466 920/1485/1442 925/1483/1441
f 926/1518/1466 925/1483/1441 931/1519/1467
f 931/1519/1467 925/1483/1441 930/1481/1440
f 931/1519/1467 930/1481/1440 936/1520/1468
f 936/1520/1468 930/1481/1440 935/1479/1439
f 936/1520/1468 935/1479/1439 941/1521/1469
f 941/1521/1469 935/1479/1439 940/1477/1438
f 941/1521/1469 940/1477/1438 946/1522/1470
f 946/1522/1470 940/1477/1438 945/1475/1437
f 946/1522/1470 945/1475/1437 951/1523/1471
f 951/1523/1471 945/1475/1437 950/1473/1436
f 951/1523/1471 950/1473/1436 956/1524/1472
f 956/1524/1472 950/1473/1436 955/1471/1435
f 956/1524/1472 955/1471/1435 961/1525/1473
f 961/1525/1473 955/1471/1435 960/1469/1434
f 961/1525/1473 960/1469/1434 966/1463/1430
f 966/1463/1430 960/1469/1434 965/1465/1432
f 882/1506/1454 881/1504/1452 887/1526/1474
f 887/1526/1474 881/1504/1452 886/1510/1458
f 887/1526/1474 886/1510/1458 892/1527/1475
f 892/1527/1475 886/1510/1458 891/1511/1459
f 892/1527/1475 891/1511/1459 897/1528/1476
f 897/1528/1476 891/1511/1459 896/1512/1460
f 897/1528/1476 896/1512/1460 902/1529/1477
f 902/1529/1477 896/1512/1460 901/1513/1461
f 902/1529/1477 901/1513/1461 907/1530/1478
f 907/1530/1478 901/1513/1461 906/1514/1462
f 907/1530/1478 906/1514/1462 912/1531/1479
f 912/1531/1479 906/1514/1462 911/1515/1463
f 912/1531/1479 911/1515/1463 917/1532/1480
f 917/1532/1480 911/1515/1463 916/1516/1464
f 917/1532/1480 916/1516/1464 922/1533/1481
f 922/1533/1481 916/1516/1464 921/1517/1465
f 922/1533/1481 921/1517/1465 927/1534/1482
f 927/1534/1482 921/1517/1465 926/1518/1466
f 927/1534/1482 926/1518/1466 932/1535/1483
f 932/1535/1483 926/1518/1466 931/1519/1467
f 932/1535/1483 931/1519/1467 937/1536/1484
f 937/1536/1484 931/1519/1467 936/1520/1468
f 937/1536/1484 936/1520/1468 942/1537/1485
f 942/1537/1485 936/1520/1468 941/1521/1469
f 942/1537/1485 941/1521/1469 947/1538/1486
f 947/1538/1486 941/1521/1469 946/1522/1470
f 947/1538/1486 946/1522/1470 952/1539/1487
f 952/1539/1487 946/1522/1470 951/1523/1471
f 952/1539/1487 951/1523/1471 957/1540/1488
f 957/1540/1488 951/1523/1471 956/1524/1472
f 957/1540/1488 956/1524/1472 962/1541/1489
f 962/1541/1489 956/1524/1472 961/1525/1473
f 962/1541/1489 961/1525/1473 967/1461/1428
f 967/1461/1428 961/1525/1473 966/1463/1430
f 889/1424/1391 884/1422/1389 883/1508/1456
f 883/1508/1456 882/1506/1454 888/1542/1490
f 888/1542/1490 882/1506/1454 887/1526/1474
f 888/1542/1490 887/1526/1474 893/1543/1491
f 893/1543/1491 887/1526/1474 892/1527/1475
f 893/1543/1491 892/1527/1475 898/1544/1492
f 898/1544/1492 892/1527/1475 897/1528/1476
f 898/1544/1492 897/1528/1476 903/1545/1493
f 903/1545/1493 897/1528/1476 902/1529/1477
f 903/1545/1493 902/1529/1477 908/1546/1494
f 908/1546/1494 902/1529/1477 907/1530/1478
f 908/1546/1494 907/1530/1478 913/1547/1495
f 913/1547/1495 907/1530/1478 912/1531/1479
f 913/1547/1495 912/1531/1479 918/1548/1496
f 918/1548/1496 912/1531/1479 917/1532/1480
f 918/1548/1496 917/1532/1480 923/1549/1497
f 923/1549/1497 917/1532/1480 922/1533/1481
f 923/1549/1497 922/1533/1481 928/1550/1498
f 928/1550/1498 922/1533/1481 927/1534/1482
f 928/1550/1498 927/1534/1482 933/1551/1499
f 933/1551/1499 927/1534/1482 932/1535/1483
f 933/1551/1499 932/1535/1483 938/1552/1500
f 938/1552/1500 932/1535/1483 937/1536/1484
f 938/1552/1500 937/1536/1484 943/1553/1501
f 943/1553/1501 937/1536/1484 942/1537/1485
f 943/1553/1501 942/1537/1485 948/1554/1502
f 948/1554/1502 942/1537/1485 947/1538/1486
f 948/1554/1502 947/1538/1486 953/1555/1503
f 953/1555/1503 947/1538/1486 952/1539/1487
f 953/1555/1503 952/1539/1487 958/1556/1504
f 958/1556/1504 952/1539/1487 957/1540/1488
f 958/1556/1504 957/1540/1488 963/1557/1505
f 963/1557/1505 957/1540/1488 962/1541/1489
f 963/1557/1505 962/1541/1489 968/1459/1426
f 968/1459/1426 962/1541/1489 967/1461/1428
f 894/1426/1393 889/1424/1391 888/1542/1490
f 888/1542/1490 889/1424/1391 883/1508/1456
f 894/1426/1393 888/1542/1490 893/1543/1491
f 899/1428/1395 894/1426/1393 893/1543/1491
f 899/1428/1395 893/1543/1491 898/1544/1492
f 904/1430/1397 899/1428/1395 898/1544/1492
f 904/1430/1397 898/1544/1492 903/1545/1493
f 909/1432/1399 904/1430/1397 903/1545/1493
f 909/1432/1399 903/1545/1493 908/1546/1494
f 914/1434/1401 909/1432/1399 908/1546/1494
f 914/1434/1401 908/1546/1494 913/1547/1495
f 919/1436/1403 914/1434/1401 913/1547/1495
f 919/1436/1403 913/1547/1495 918/1548/1496
f 924/1438/1405 919/1436/1403 918/1548/1496
f 924/1438/1405 918/1548/1496 923/1549/1497
f 929/1440/1407 924/1438/1405 923/1549/1497
f 929/1440/1407 923/1549/1497 928/1550/1498
f 934/1442/1409 929/1440/1407 928/1550/1498
f 934/1442/1409 928/1550/1498 933/1551/1499
f 939/1444/1411 934/1442/1409 933/1551/1499
f 939/1444/1411 933/1551/1499 938/1552/1500
f 944/1446/1413 939/1444/1411 938/1552/1500
f 944/1446/1413 938/1552/1500 943/1553/1501
f 949/1448/1415 944/1446/1413 943/1553/1501
f 949/1448/1415 943/1553/1501 948/1554/1502
f 954/1450/1417 949/1448/1415 948/1554/1502
f 954/1450/1417 948/1554/1502 953/1555/1503
f 959/1452/1419 954/1450/1417 953/1555/1503
f 959/1452/1419 953/1555/1503 958/1556/1504
f 964/1454/1421 959/1452/1419 958/1556/1504
f 964/1454/1421 958/1556/1504 963/1557/1505
f 969/1456/1423 964/1454/1421 963/1557/1505
f 969/1456/1423 963/1557/1505 968/1459/1426
f 373/1558/1506 372/1559/1386 987/1560/1507
f 987/1560/1507 372/1559/1386 879/1561/1388
f 987/1560/1507 879/1561/1388 986/1562/1508
f 986/1562/1508 879/1561/1388 878/1563/1390
f 986/1562/1508 878/1563/1390 985/1564/1509
f 985/1564/1509 878/1563/1390 877/1565/1392
f 985/1564/1509 877/1565/1392 984/1566/1510
f 984/1566/1510 877/1565/1392 876/1567/1394
f 984/1566/1510 876/1567/1394 983/1568/1511
f 983/1568/1511 876/1567/1394 875/1569/1396
f 983/1568/1511 875/1569/1396 982/1570/1512
f 982/1570/1512 875/1569/1396 874/1571/1398
f 982/1570/1512 874/1571/1398 981/1572/1513
f 981/1572/1513 874/1571/1398 873/1573/1400
f 981/1572/1513 873/1573/1400 980/1574/1514
f 980/1574/1514 873/1573/1400 872/1575/1402
f 980/1574/1514 872/1575/1402 979/1576/1515
f 979/1576/1515 872/1575/1402 871/1577/1404
f 979/1576/1515 871/1577/1404 978/1578/1516
f 978/1578/1516 871/1577/1404 870/1579/1406
f 978/1578/1516 870/1579/1406 977/1580/1517
f 977/1580/1517 870/1579/1406 869/1581/1408
f 977/1580/1517 869/1581/1408 976/1582/1518
f 976/1582/1518 869/1581/1408 868/1583/1410
f 976/1582/1518 868/1583/1410 975/1584/1519
f 975/1584/1519 868/1583/1410 867/1585/1412
f 975/1584/1519 867/1585/1412 974/1586/1520
f 974/1586/1520 867/1585/1412 866/1587/1414
f 974/1586/1520 866/1587/1414 973/1588/1521
f 973/1588/1521 866/1587/1414 865/1589/1416
f 973/1588/1521 865/1589/1416 972/1590/1522
f 972/1590/1522 865/1589/1416 864/1591/1418
f 972/1590/1522 864/1591/1418 971/1592/1523
f 971/1592/1523 864/1591/1418 863/1593/1420
f 971/1592/1523 863/1593/1420 970/1594/1524
f 970/1594/1524 863/1593/1420 862/1595/1422
f 970/1594/1524 862/1595/1422 269/1596/1525
f 269/1596/1525 862/1595/1422 270/1597/1424
f 373/1598/1526 987/1599/1527 374/1600/1528
f 374/1600/1528 987/1599/1527 998/1601/1529
f 998/1601/1529 987/1599/1527 986/1602/1530
f 998/1601/1529 986/1602/1530 997/1603/1531
f 997/1603/1531 986/1602/1530 985/1604/1532
f 997/1603/1531 985/1604/1532 999/1605/1533
f 999/1605/1533 985/1604/1532 984/1606/1534
f 999/1605/1533 984/1606/1534 983/1607/1535
f 983/1607/1535 982/1608/1536 999/1605/1533
f 999/1605/1533 982/1608/1536 981/1609/1537
f 999/1605/1533 981/1609/1537 980/1610/1538
f 980/1610/1538 979/1611/1539 999/1605/1533
f 999/1605/1533 979/1611/1539 978/1612/1540
f 999/1605/1533 978/1612/1540 993/1613/1541
f 993/1613/1541 978/1612/1540 1000/1614/1542
f 993/1613/1541 1000/1614/1542 992/1615/1543
f 992/1615/1543 1000/1614/1542 991/1616/1544
f 991/1616/1544 1000/1614/1542 990/1617/1545
f 990/1617/1545 1000/1614/1542 989/1618/1546
f 989/1618/1546 1000/1614/1542 972/1619/1547
f 989/1618/1546 972/1619/1547 971/1620/1548
f 978/1612/1540 977/1621/1549 1000/1614/1542
f 1000/1614/1542 977/1621/1549 976/1622/1550
f 1000/1614/1542 976/1622/1550 975/1623/1551
f 975/1623/1551 974/1624/1552 1000/1614/1542
f 1000/1614/1542 974/1624/1552 973/1625/1553
f 1000/1614/1542 973/1625/1553 972/1619/1547
f 989/1618/1546 971/1620/1548 988/1626/1554
f 988/1626/1554 971/1620/1548 970/1627/1555
f 988/1626/1554 970/1627/1555 268/1628/1556
f 268/1628/1556 970/1627/1555 269/1629/1557
f 993/1613/1541 994/1630/1558 999/1605/1533
f 999/1605/1533 994/1630/1558 995/1631/1559
f 999/1605/1533 995/1631/1559 996/1632/1560
f 996/1632/1560 997/1603/1531 999/1605/1533
f 1011/1633/1561 380/1634/1562 1016/1635/1563
f 1016/1635/1563 380/1634/1562 379/1636/1564
f 1016/1635/1563 379/1636/1564 378/1637/1565
f 1016/1635/1563 378/1637/1565 1015/1638/1566
f 1015/1638/1566 378/1637/1565 377/1639/1567
f 1015/1638/1566 377/1639/1567 1014/1640/1568
f 1014/1640/1568 377/1639/1567 376/1641/1569
f 1014/1640/1568 376/1641/1569 1013/1642/1570
f 1013/1642/1570 376/1641/1569 375/1643/1571
f 1013/1642/1570 375/1643/1571 1012/1644/1572
f 1012/1644/1572 375/1643/1571 374/1645/1528
f 1012/1644/1572 374/1645/1528 998/1646/1529
f 1012/1644/1572 998/1646/1529 1017/1647/1573
f 1017/1647/1573 998/1646/1529 997/1648/1531
f 1017/1647/1573 997/1648/1531 1022/1649/1574
f 1022/1649/1574 997/1648/1531 996/1650/1560
f 1022/1649/1574 996/1650/1560 1027/1651/1575
f 1027/1651/1575 996/1650/1560 995/1652/1559
f 1027/1651/1575 995/1652/1559 1032/1653/1576
f 1032/1653/1576 995/1652/1559 994/1654/1558
f 1032/1653/1576 994/1654/1558 1037/1655/1577
f 1037/1655/1577 994/1654/1558 993/1656/1541
f 1037/1655/1577 993/1656/1541 1042/1657/1578
f 1042/1657/1578 993/1656/1541 992/1658/1543
f 1042/1657/1578 992/1658/1543 1047/1659/1579
f 1047/1659/1579 992/1658/1543 991/1660/1544
f 1047/1659/1579 991/1660/1544 1052/1661/1580
f 1052/1661/1580 991/1660/1544 990/1662/1545
f 1052/1661/1580 990/1662/1545 1057/1663/1581
f 1057/1663/1581 990/1662/1545 989/1664/1546
f 1057/1663/1581 989/1664/1546 1062/1665/1582
f 1062/1665/1582 989/1664/1546 988/1666/1554
f 1062/1665/1582 988/1666/1554 1067/1667/1583
f 1067/1667/1583 988/1666/1554 268/1668/1556
f 1067/1667/1583 268/1668/1556 267/1669/1584
f 267/1669/1584 266/1670/1585 1067/1667/1583
f 1067/1667/1583 266/1670/1585 1068/1671/1586
f 1067/1667/1583 1068/1671/1586 1062/1665/1582
f 1062/1665/1582 1068/1671/1586 1063/1672/1587
f 1062/1665/1582 1063/1672/1587 1057/1663/1581
f 1057/1663/1581 1063/1672/1587 1058/1673/1588
f 1057/1663/1581 1058/1673/1588 1052/1661/1580
f 1052/1661/1580 1058/1673/1588 1053/1674/1589
f 1052/1661/1580 1053/1674/1589 1047/1659/1579
f 1047/1659/1579 1053/1674/1589 1048/1675/1590
f 1047/1659/1579 1048/1675/1590 1042/1657/1578
f 1042/1657/1578 1048/1675/1590 1043/1676/1591
f 1042/1657/1578 1043/1676/1591 1037/1655/1577
f 1037/1655/1577 1043/1676/1591 1038/1677/1592
f 1037/1655/1577 1038/1677/1592 1032/1653/1576
f 1032/1653/1576 1038/1677/1592 1033/1678/1593
f 1032/1653/1576 1033/1678/1593 1027/1651/1575
f 1027/1651/1575 1033/1678/1593 1028/1679/1594
f 1027/1651/1575 1028/1679/1594 1022/1649/1574
f 1022/1649/1574 1028/1679/1594 1023/1680/1595
f 1022/1649/1574 1023/1680/1595 1017/1647/1573
f 1017/1647/1573 1023/1680/1595 1018/1681/1596
f 1017/1647/1573 1018/1681/1596 1012/1644/1572
f 1012/1644/1572 1018/1681/1596 1013/1642/1570
f 266/1670/1585 265/1682/1597 1068/1671/1586
f 1068/1671/1586 265/1682/1597 1069/1683/1598
f 1068/1671/1586 1069/1683/1598 1063/1672/1587
f 1063/1672/1587 1069/1683/1598 1064/1684/1599
f 1063/1672/1587 1064/1684/1599 1058/1673/1588
f 1058/1673/1588 1064/1684/1599 1059/1685/1600
f 1058/1673/1588 1059/1685/1600 1053/1674/1589
f 1053/1674/1589 1059/1685/1600 1054/1686/1601
f 1053/1674/1589 1054/1686/1601 1048/1675/1590
f 1048/1675/1590 1054/1686/1601 1049/1687/1602
f 1048/1675/1590 1049/1687/1602 1043/1676/1591
f 1043/1676/1591 1049/1687/1602 1044/1688/1603
f 1043/1676/1591 1044/1688/1603 1038/1677/1592
f 1038/1677/1592 1044/1688/1603 1039/1689/1604
f 1038/1677/1592 1039/1689/1604 1033/1678/1593
f 1033/1678/1593 1039/1689/1604 1034/1690/1605
f 1033/1678/1593 1034/1690/1605 1028/1679/1594
f 1028/1679/1594 1034/1690/1605 1029/1691/1606
f 1028/1679/1594 1029/1691/1606 1023/1680/1595
f 1023/1680/1595 1029/1691/1606 1024/1692/1607
f 1023/1680/1595 1024/1692/1607 1018/1681/1596
f 1018/1681/1596 1024/1692/1607 1019/1693/1608
f 1018/1681/1596 1019/1693/1608 1013/1642/1570
f 1013/1642/1570 1019/1693/1608 1014/1640/1568
f 265/1682/1597 264/1694/1609 1069/1683/1598
f 1069/1683/1598 264/1694/1609 1070/1695/1610
f 1069/1683/1598 1070/1695/1610 1064/1684/1599
f 1064/1684/1599 1070/1695/1610 1065/1696/1611
f 1064/1684/1599 1065/1696/1611 1059/1685/1600
f 1059/1685/1600 1065/1696/1611 1060/1697/1612
f 1059/1685/1600 1060/1697/1612 1054/1686/1601
f 1054/1686/1601 1060/1697/1612 1055/1698/1613
f 1054/1686/1601 1055/1698/1613 1049/1687/1602
f 1049/1687/1602 1055/1698/1613 1050/1699/1614
f 1049/1687/1602 1050/1699/1614 1044/1688/1603
f 1044/1688/1603 1050/1699/1614 1045/1700/1615
f 1044/1688/1603 1045/1700/1615 1039/1689/1604
f 1039/1689/1604 1045/1700/1615 1040/1701/1616
f 1039/1689/1604 1040/1701/1616 1034/1690/1605
f 1034/1690/1605 1040/1701/1616 1035/1702/1617
f 1034/1690/1605 1035/1702/1617 1029/1691/1606
f 1029/1691/1606 1035/1702/1617 1030/1703/1618
f 1029/1691/1606 1030/1703/1618 1024/1692/1607
f 1024/1692/1607 1030/1703/1618 1025/1704/1619
f 1024/1692/1607 1025/1704/1619 1019/1693/1608
f 1019/1693/1608 1025/1704/1619 1020/1705/1620
f 1019/1693/1608 1020/1705/1620 1014/1640/1568
f 1014/1640/1568 1020/1705/1620 1015/1638/1566
f 264/1694/1609 263/1706/1621 1070/1695/1610
f 1070/1695/1610 263/1706/1621 1071/1707/1622
f 1070/1695/1610 1071/1707/1622 1065/1696/1611
f 1065/1696/1611 1071/1707/1622 1066/1708/1623
f 1065/1696/1611 1066/1708/1623 1060/1697/1612
f 1060/1697/1612 1066/1708/1623 1061/1709/1624
f 1060/1697/1612 1061/1709/1624 1055/1698/1613
f 1055/1698/1613 1061/1709/1624 1056/1710/1625
f 1055/1698/1613 1056/1710/1625 1050/1699/1614
f 1050/1699/1614 1056/1710/1625 1051/1711/1626
f 1050/1699/1614 1051/1711/1626 1045/1700/1615
f 1045/1700/1615 1051/1711/1626 1046/1712/1627
f 1045/1700/1615 1046/1712/1627 1040/1701/1616
f 1040/1701/1616 1046/1712/1627 1041/1713/1628
f 1040/1701/1616 1041/1713/1628 1035/1702/1617
f 1035/1702/1617 1041/1713/1628 1036/1714/1629
f 1035/1702/1617 1036/1714/1629 1030/1703/1618
f 1030/1703/1618 1036/1714/1629 1031/1715/1630
f 1030/1703/1618 1031/1715/1630 1025/1704/1619
f 1025/1704/1619 1031/1715/1630 1026/1716/1631
f 1025/1704/1619 1026/1716/1631 1020/1705/1620
f 1020/1705/1620 1026/1716/1631 1021/1717/1632
f 1020/1705/1620 1021/1717/1632 1015/1638/1566
f 1015/1638/1566 1021/1717/1632 1016/1635/1563
f 263/1706/1621 262/1718/1633 1071/1707/1622
f 1071/1707/1622 262/1718/1633 1001/1719/1634
f 1071/1707/1622 1001/1719/1634 1066/1708/1623
f 1066/1708/1623 1001/1719/1634 1002/1720/1635
f 1066/1708/1623 1002/1720/1635 1061/1709/1624
f 1061/1709/1624 1002/1720/1635 1003/1721/1636
f 1061/1709/1624 1003/1721/1636 1056/1710/1625
f 1056/1710/1625 1003/1721/1636 1004/1722/1637
f 1056/1710/1625 1004/1722/1637 1051/1711/1626
f 1051/1711/1626 1004/1722/1637 1005/1723/1638
f 1051/1711/1626 1005/1723/1638 1046/1712/1627
f 1046/1712/1627 1005/1723/1638 1006/1724/1639
f 1046/1712/1627 1006/1724/1639 1041/1713/1628
f 1041/1713/1628 1006/1724/1639 1007/1725/1640
f 1041/1713/1628 1007/1725/1640 1036/1714/1629
f 1036/1714/1629 1007/1725/1640 1008/1726/1641
f 1036/1714/1629 1008/1726/1641 1031/1715/1630
f 1031/1715/1630 1008/1726/1641 1009/1727/1642
f 1031/1715/1630 1009/1727/1642 1026/1716/1631
f 1026/1716/1631 1009/1727/1642 1010/1728/1643
f 1026/1716/1631 1010/1728/1643 1021/1717/1632
f 1021/1717/1632 1010/1728/1643 1011/1633/1561
f 1021/1717/1632 1011/1633/1561 1016/1635/1563
f 381/1729/1644 380/1730/1562 1082/1731/1645
f 1082/1731/1645 380/1730/1562 1011/1732/1561
f 1082/1731/1645 1011/1732/1561 1081/1733/1646
f 1081/1733/1646 1011/1732/1561 1010/1734/1643
f 1081/1733/1646 1010/1734/1643 1080/1735/1647
f 1080/1735/1647 1010/1734/1643 1009/1736/1642
f 1080/1735/1647 1009/1736/1642 1079/1737/1648
f 1079/1737/1648 1009/1736/1642 1008/1738/1641
f 1079/1737/1648 1008/1738/1641 1078/1739/1649
f 1078/1739/1649 1008/1738/1641 1007/1740/1640
f 1078/1739/1649 1007/1740/1640 1077/1741/1650
f 1077/1741/1650 1007/1740/1640 1006/1742/1639
f 1077/1741/1650 1006/1742/1639 1076/1743/1651
f 1076/1743/1651 1006/1742/1639 1005/1744/1638
f 1076/1743/1651 1005/1744/1638 1075/1745/1652
f 1075/1745/1652 1005/1744/1638 1004/1746/1637
f 1075/1745/1652 1004/1746/1637 1074/1747/1653
f 1074/1747/1653 1004/1746/1637 1003/1748/1636
f 1074/1747/1653 1003/1748/1636 1073/1749/1654
f 1073/1749/1654 1003/1748/1636 1002/1750/1635
f 1073/1749/1654 1002/1750/1635 1072/1751/1655
f 1072/1751/1655 1002/1750/1635 1001/1752/1634
f 1072/1751/1655 1001/1752/1634 261/1753/1656
f 261/1753/1656 1001/1752/1634 262/1754/1633
f 387/1755/1657 386/1756/1658 1093/1757/1659
f 1093/1757/1659 386/1756/1658 1098/1758/1660
f 1093/1757/1659 1098/1758/1660 1092/1759/1661
f 1092/1759/1661 1098/1758/1660 1103/1760/1662
f 1092/1759/1661 1103/1760/1662 1091/1761/1663
f 1091/1761/1663 1103/1760/1662 1108/1762/1664
f 1091/1761/1663 1108/1762/1664 1090/1763/1665
f 1090/1763/1665 1108/1762/1664 1113/1764/1666
f 1090/1763/1665 1113/1764/1666 1089/1765/1667
f 1089/1765/1667 1113/1764/1666 1118/1766/1668
f 1089/1765/1667 1118/1766/1668 1088/1767/1669
f 1088/1767/1669 1118/1766/1668 1123/1768/1670
f 1088/1767/1669 1123/1768/1670 1087/1769/1671
f 1087/1769/1671 1123/1768/1670 1128/1770/1672
f 1087/1769/1671 1128/1770/1672 1086/1771/1673
f 1086/1771/1673 1128/1770/1672 1133/1772/1674
f 1086/1771/1673 1133/1772/1674 1085/1773/1675
f 1085/1773/1675 1133/1772/1674 1138/1774/1676
f 1085/1773/1675 1138/1774/1676 1084/1775/1677
f 1084/1775/1677 1138/1774/1676 1143/1776/1678
f 1084/1775/1677 1143/1776/1678 1083/1777/1679
f 1083/1777/1679 1143/1776/1678 1148/1778/1680
f 1083/1777/1679 1148/1778/1680 255/1779/1681
f 255/1779/1681 1148/1778/1680 256/1780/1682
f 256/1780/1682 1148/1778/1680 1147/1781/1683
f 256/1780/1682 1147/1781/1683 257/1782/1684
f 257/1782/1684 1147/1781/1683 1146/1783/1685
f 257/1782/1684 1146/1783/1685 258/1784/1686
f 258/1784/1686 1146/1783/1685 1145/1785/1687
f 258/1784/1686 1145/1785/1687 259/1786/1688
f 259/1786/1688 1145/1785/1687 1144/1787/1689
f 259/1786/1688 1144/1787/1689 260/1788/1690
f 260/1788/1690 1144/1787/1689 1072/1789/1655
f 260/1788/1690 1072/1789/1655 261/1790/1656
f 386/1756/1658 385/1791/1691 1098/1758/1660
f 1098/1758/1660 385/1791/1691 1097/1792/1692
f 1098/1758/1660 1097/1792/1692 1103/1760/1662
f 1103/1760/1662 1097/1792/1692 1102/1793/1693
f 1103/1760/1662 1102/1793/1693 1108/1762/1664
f 1108/1762/1664 1102/1793/1693 1107/1794/1694
f 1108/1762/1664 1107/1794/1694 1113/1764/1666
f 1113/1764/1666 1107/1794/1694 1112/1795/1695
f 1113/1764/1666 1112/1795/1695 1118/1766/1668
f 1118/1766/1668 1112/1795/1695 1117/1796/1696
f 1118/1766/1668 1117/1796/1696 1123/1768/1670
f 1123/1768/1670 1117/1796/1696 1122/1797/1697
f 1123/1768/1670 1122/1797/1697 1128/1770/1672
f 1128/1770/1672 1122/1797/1697 1127/1798/1698
f 1128/1770/1672 1127/1798/1698 1133/1772/1674
f 1133/1772/1674 1127/1798/1698 1132/1799/1699
f 1133/1772/1674 1132/1799/1699 1138/1774/1676
f 1138/1774/1676 1132/1799/1699 1137/1800/1700
f 1138/1774/1676 1137/1800/1700 1143/1776/1678
f 1143/1776/1678 1137/1800/1700 1142/1801/1701
f 1143/1776/1678 1142/1801/1701 1148/1778/1680
f 1148/1778/1680 1142/1801/1701 1147/1781/1683
f 385/1791/1691 384/1802/1702 1097/1792/1692
f 1097/1792/1692 384/1802/1702 1096/1803/1703
f 1097/1792/1692 1096/1803/1703 1102/1793/1693
f 1102/1793/1693 1096/1803/1703 1101/1804/1704
f 1102/1793/1693 1101/1804/1704 1107/1794/1694
f 1107/1794/1694 1101/1804/1704 1106/1805/1705
f 1107/1794/1694 1106/1805/1705 1112/1795/1695
f 1112/1795/1695 1106/1805/1705 1111/1806/1706
f 1112/1795/1695 1111/1806/1706 1117/1796/1696
f 1117/1796/1696 1111/1806/1706 1116/1807/1707
f 1117/1796/1696 1116/1807/1707 1122/1797/1697
f 1122/1797/1697 1116/1807/1707 1121/1808/1708
f 1122/1797/1697 1121/1808/1708 1127/1798/1698
f 1127/1798/1698 1121/1808/1708 1126/1809/1709
f 1127/1798/1698 1126/1809/1709 1132/1799/1699
f 1132/1799/1699 1126/1809/1709 1131/1810/1710
f 1132/1799/1699 1131/1810/1710 1137/1800/1700
f 1137/1800/1700 1131/1810/1710 1136/1811/1711
f 1137/1800/1700 1136/1811/1711 1142/1801/1701
f 1142/1801/1701 1136/1811/1711 1141/1812/1712
f 1142/1801/1701 1141/1812/1712 1147/1781/1683
f 1147/1781/1683 1141/1812/1712 1146/1783/1685
f 384/1802/1702 383/1813/1713 1096/1803/1703
f 1096/1803/1703 383/1813/1713 1095/1814/1714
f 1096/1803/1703 1095/1814/1714 1101/1804/1704
f 1101/1804/1704 1095/1814/1714 1100/1815/1715
f 1101/1804/1704 1100/1815/1715 1106/1805/1705
f 1106/1805/1705 1100/1815/1715 1105/1816/1716
f 1106/1805/1705 1105/1816/1716 1111/1806/1706
f 1111/1806/1706 1105/1816/1716 1110/1817/1717
f 1111/1806/1706 1110/1817/1717 1116/1807/1707
f 1116/1807/1707 1110/1817/1717 1115/1818/1718
f 1116/1807/1707 1115/1818/1718 1121/1808/1708
f 1121/1808/1708 1115/1818/1718 1120/1819/1719
f 1121/1808/1708 1120/1819/1719 1126/1809/1709
f 1126/1809/1709 1120/1819/1719 1125/1820/1720
f 1126/1809/1709 1125/1820/1720 1131/1810/1710
f 1131/1810/1710 1125/1820/1720 1130/1821/1721
f 1131/1810/1710 1130/1821/1721 1136/1811/1711
f 1136/1811/1711 1130/1821/1721 1135/1822/1722
f 1136/1811/1711 1135/1822/1722 1141/1812/1712
f 1141/1812/1712 1135/1822/1722 1140/1823/1723
f 1141/1812/1712 1140/1823/1723 1146/1783/1685
f 1146/1783/1685 1140/1823/1723 1145/1785/1687
f 383/1813/1713 382/1824/1724 1095/1814/1714
f 1095/1814/1714 382/1824/1724 1094/1825/1725
f 1095/1814/1714 1094/1825/1725 1100/1815/1715
f 1100/1815/1715 1094/1825/1725 1099/1826/1726
f 1100/1815/1715 1099/1826/1726 1105/1816/1716
f 1105/1816/1716 1099/1826/1726 1104/1827/1727
f 1105/1816/1716 1104/1827/1727 1110/1817/1717
f 1110/1817/1717 1104/1827/1727 1109/1828/1728
f 1110/1817/1717 1109/1828/1728 1115/1818/1718
f 1115/1818/1718 1109/1828/1728 1114/1829/1729
f 1115/1818/1718 1114/1829/1729 1120/1819/1719
f 1120/1819/1719 1114/1829/1729 1119/1830/1730
f 1120/1819/1719 1119/1830/1730 1125/1820/1720
f 1125/1820/1720 1119/1830/1730 1124/1831/1731
f 1125/1820/1720 1124/1831/1731 1130/1821/1721
f 1130/1821/1721 1124/1831/1731 1129/1832/1732
f 1130/1821/1721 1129/1832/1732 1135/1822/1722
f 1135/1822/1722 1129/1832/1732 1134/1833/1733
f 1135/1822/1722 1134/1833/1733 1140/1823/1723
f 1140/1823/1723 1134/1833/1733 1139/1834/1734
f 1140/1823/1723 1139/1834/1734 1145/1785/1687
f 1145/1785/1687 1139/1834/1734 1144/1787/1689
f 382/1824/1724 381/1835/1644 1094/1825/1725
f 1094/1825/1725 381/1835/1644 1082/1836/1645
f 1094/1825/1725 1082/1836/1645 1099/1826/1726
f 1099/1826/1726 1082/1836/1645 1081/1837/1646
f 1099/1826/1726 1081/1837/1646 1104/1827/1727
f 1104/1827/1727 1081/1837/1646 1080/1838/1647
f 1104/1827/1727 1080/1838/1647 1109/1828/1728
f 1109/1828/1728 1080/1838/1647 1079/1839/1648
f 1109/1828/1728 1079/1839/1648 1114/1829/1729
f 1114/1829/1729 1079/1839/1648 1078/1840/1649
f 1114/1829/1729 1078/1840/1649 1119/1830/1730
f 1119/1830/1730 1078/1840/1649 1077/1841/1650
f 1119/1830/1730 1077/1841/1650 1124/1831/1731
f 1124/1831/1731 1077/1841/1650 1076/1842/1651
f 1124/1831/1731 1076/1842/1651 1129/1832/1732
f 1129/1832/1732 1076/1842/1651 1075/1843/1652
f 1129/1832/1732 1075/1843/1652 1134/1833/1733
f 1134/1833/1733 1075/1843/1652 1074/1844/1653
f 1134/1833/1733 1074/1844/1653 1139/1834/1734
f 1139/1834/1734 1074/1844/1653 1073/1845/1654
f 1139/1834/1734 1073/1845/1654 1144/1787/1689
f 1144/1787/1689 1073/1845/1654 1072/1789/1655
f 254/1846/1735 451/1847/1736 255/1848/1681
f 255/1848/1681 451/1847/1736 1083/1849/1679
f 1083/1849/1679 451/1847/1736 450/1850/1737
f 1083/1849/1679 450/1850/1737 1084/1851/1677
f 1084/1851/1677 450/1850/1737 449/1852/1738
f 1084/1851/1677 449/1852/1738 1085/1853/1675
f 1085/1853/1675 449/1852/1738 448/1854/1739
f 1085/1853/1675 448/1854/1739 1086/1855/1673
f 1086/1855/1673 448/1854/1739 447/1856/1740
f 1086/1855/1673 447/1856/1740 1087/1857/1671
f 1087/1857/1671 447/1856/1740 446/1858/1741
f 1087/1857/1671 446/1858/1741 1088/1859/1669
f 1088/1859/1669 446/1858/1741 1089/1860/1667
f 1089/1860/1667 446/1858/1741 445/1861/1742
f 1089/1860/1667 445/1861/1742 1090/1862/1665
f 1090/1862/1665 445/1861/1742 444/1863/1743
f 1090/1862/1665 444/1863/1743 1091/1864/1663
f 1091/1864/1663 444/1863/1743 443/1865/1744
f 1091/1864/1663 443/1865/1744 1092/1866/1661
f 1092/1866/1661 443/1865/1744 442/1867/1745
f 1092/1866/1661 442/1867/1745 1093/1868/1659
f 1093/1868/1659 442/1867/1745 441/1869/1746
f 1093/1868/1659 441/1869/1746 387/1870/1657
f 387/1870/1657 441/1869/1746 388/1871/1747
f 247/1872/1748 246/1873/1749 1159/1874/1750
f 1159/1874/1750 246/1873/1749 585/1875/1751
f 1159/1874/1750 585/1875/1751 1158/1876/1752
f 1158/1876/1752 585/1875/1751 584/1877/1753
f 1158/1876/1752 584/1877/1753 1157/1878/1754
f 1157/1878/1754 584/1877/1753 583/1879/1755
f 1157/1878/1754 583/1879/1755 1156/1880/1756
f 1156/1880/1756 583/1879/1755 582/1881/1757
f 1156/1880/1756 582/1881/1757 1155/1882/1758
f 1155/1882/1758 582/1881/1757 581/1883/1759
f 1155/1882/1758 581/1883/1759 1154/1884/1760
f 1154/1884/1760 581/1883/1759 580/1885/1761
f 1154/1884/1760 580/1885/1761 1153/1886/1762
f 1153/1886/1762 580/1885/1761 579/1887/1763
f 1153/1886/1762 579/1887/1763 1152/1888/1764
f 1152/1888/1764 579/1887/1763 578/1889/1765
f 1152/1888/1764 578/1889/1765 1151/1890/1766
f 1151/1890/1766 578/1889/1765 577/1891/1767
f 1151/1890/1766 577/1891/1767 1150/1892/1768
f 1150/1892/1768 577/1891/1767 576/1893/1769
f 1150/1892/1768 576/1893/1769 1149/1894/1770
f 1149/1894/1770 576/1893/1769 575/1895/1771
f 1149/1894/1770 575/1895/1771 323/1896/1772
f 323/1896/1772 575/1895/1771 324/1897/1773
f 297/1898/1774 1160/1899/1775 298/1900/1776
f 298/1900/1776 1160/1899/1775 452/1901/1777
f 452/1901/1777 1160/1899/1775 1161/1902/1778
f 452/1901/1777 1161/1902/1778 453/1903/1779
f 453/1903/1779 1161/1902/1778 1162/1904/1780
f 453/1903/1779 1162/1904/1780 454/1905/1781
f 454/1905/1781 1162/1904/1780 1163/1906/1782
f 454/1905/1781 1163/1906/1782 455/1907/1783
f 455/1907/1783 1163/1906/1782 1164/1908/1784
f 455/1907/1783 1164/1908/1784 456/1909/1785
f 456/1909/1785 1164/1908/1784 1165/1910/1786
f 456/1909/1785 1165/1910/1786 457/1911/1787
f 457/1911/1787 1165/1910/1786 458/1912/1788
f 458/1912/1788 1165/1910/1786 1166/1913/1789
f 458/1912/1788 1166/1913/1789 459/1914/1790
f 459/1914/1790 1166/1913/1789 1167/1915/1791
f 459/1914/1790 1167/1915/1791 460/1916/1792
f 460/1916/1792 1167/1915/1791 1168/1917/1793
f 460/1916/1792 1168/1917/1793 461/1918/1794
f 461/1918/1794 1168/1917/1793 1169/1919/1795
f 461/1918/1794 1169/1919/1795 462/1920/1796
f 462/1920/1796 1169/1919/1795 1170/1921/1797
f 462/1920/1796 1170/1921/1797 344/1922/1798
f 344/1922/1798 1170/1921/1797 345/1923/1799
f 1181/1924/1800 348/1925/1801 1184/1926/1802
f 1184/1926/1802 348/1925/1801 347/1927/1803
f 1184/1926/1802 347/1927/1803 1183/1928/1804
f 1183/1928/1804 347/1927/1803 346/1929/1805
f 1183/1928/1804 346/1929/1805 1182/1930/1806
f 1182/1930/1806 346/1929/1805 345/1931/1807
f 1182/1930/1806 345/1931/1807 1170/1932/1808
f 1182/1930/1806 1170/1932/1808 1185/1933/1809
f 1185/1933/1809 1170/1932/1808 1169/1934/1810
f 1185/1933/1809 1169/1934/1810 1188/1935/1811
f 1188/1935/1811 1169/1934/1810 1168/1936/1812
f 1188/1935/1811 1168/1936/1812 1191/1937/1813
f 1191/1937/1813 1168/1936/1812 1167/1938/1814
f 1191/1937/1813 1167/1938/1814 1194/1939/1815
f 1194/1939/1815 1167/1938/1814 1166/1940/1816
f 1194/1939/1815 1166/1940/1816 1197/1941/1817
f 1197/1941/1817 1166/1940/1816 1165/1942/1818
f 1197/1941/1817 1165/1942/1818 1200/1943/1819
f 1200/1943/1819 1165/1942/1818 1164/1944/1820
f 1200/1943/1819 1164/1944/1820 1203/1945/1821
f 1203/1945/1821 1164/1944/1820 1163/1946/1822
f 1203/1945/1821 1163/1946/1822 1206/1947/1823
f 1206/1947/1823 1163/1946/1822 1162/1948/1824
f 1206/1947/1823 1162/1948/1824 1209/1949/1825
f 1209/1949/1825 1162/1948/1824 1161/1950/1826
f 1209/1949/1825 1161/1950/1826 1212/1951/1827
f 1212/1951/1827 1161/1950/1826 1160/1952/1828
f 1212/1951/1827 1160/1952/1828 297/1953/1829
f 297/1953/1829 296/1954/1830 1212/1951/1827
f 1212/1951/1827 296/1954/1830 1213/1955/1831
f 1212/1951/1827 1213/1955/1831 1209/1949/1825
f 1209/1949/1825 1213/1955/1831 1210/1956/1832
f 1209/1949/1825 1210/1956/1832 1206/1947/1823
f 1206/1947/1823 1210/1956/1832 1207/1957/1833
f 1206/1947/1823 1207/1957/1833 1203/1945/1821
f 1203/1945/1821 1207/1957/1833 1204/1958/1834
f 1203/1945/1821 1204/1958/1834 1200/1943/1819
f 1200/1943/1819 1204/1958/1834 1201/1959/1835
f 1200/1943/1819 1201/1959/1835 1197/1941/1817
f 1197/1941/1817 1201/1959/1835 1198/1960/1836
f 1197/1941/1817 1198/1960/1836 1194/1939/1815
f 1194/1939/1815 1198/1960/1836 1195/1961/1837
f 1194/1939/1815 1195/1961/1837 1191/1937/1813
f 1191/1937/1813 1195/1961/1837 1192/1962/1838
f 1191/1937/1813 1192/1962/1838 1188/1935/1811
f 1188/1935/1811 1192/1962/1838 1189/1963/1839
f 1188/1935/1811 1189/1963/1839 1185/1933/1809
f 1185/1933/1809 1189/1963/1839 1186/1964/1840
f 1185/1933/1809 1186/1964/1840 1182/1930/1806
f 1182/1930/1806 1186/1964/1840 1183/1928/1804
f 296/1954/1830 295/1965/1841 1213/1955/1831
f 1213/1955/1831 295/1965/1841 1214/1966/1842
f 1213/1955/1831 1214/1966/1842 1210/1956/1832
f 1210/1956/1832 1214/1966/1842 1211/1967/1843
f 1210/1956/1832 1211/1967/1843 1207/1957/1833
f 1207/1957/1833 1211/1967/1843 1208/1968/1844
f 1207/1957/1833 1208/1968/1844 1204/1958/1834
f 1204/1958/1834 1208/1968/1844 1205/1969/1845
f 1204/1958/1834 1205/1969/1845 1201/1959/1835
f 1201/1959/1835 1205/1969/1845 1202/1970/1846
f 1201/1959/1835 1202/1970/1846 1198/1960/1836
f 1198/1960/1836 1202/1970/1846 1199/1971/1847
f 1198/1960/1836 1199/1971/1847 1195/1961/1837
f 1195/1961/1837 1199/1971/1847 1196/1972/1848
f 1195/1961/1837 1196/1972/1848 1192/1962/1838
f 1192/1962/1838 1196/1972/1848 1193/1973/1849
f 1192/1962/1838 1193/1973/1849 1189/1963/1839
f 1189/1963/1839 1193/1973/1849 1190/1974/1850
f 1189/1963/1839 1190/1974/1850 1186/1964/1840
f 1186/1964/1840 1190/1974/1850 1187/1975/1851
f 1186/1964/1840 1187/1975/1851 1183/1928/1804
f 1183/1928/1804 1187/1975/1851 1184/1926/1802
f 295/1965/1841 294/1976/1852 1214/1966/1842
f 1214/1966/1842 294/1976/1852 1171/1977/1853
f 1214/1966/1842 1171/1977/1853 1211/1967/1843
f 1211/1967/1843 1171/1977/1853 1172/1978/1854
f 1211/1967/1843 1172/1978/1854 1208/1968/1844
f 1208/1968/1844 1172/1978/1854 1173/1979/1855
f 1208/1968/1844 1173/1979/1855 1205/1969/1845
f 1205/1969/1845 1173/1979/1855 1174/1980/1856
f 1205/1969/1845 1174/1980/1856 1202/1970/1846
f 1202/1970/1846 1174/1980/1856 1175/1981/1857
f 1202/1970/1846 1175/1981/1857 1199/1971/1847
f 1199/1971/1847 1175/1981/1857 1176/1982/1858
f 1199/1971/1847 1176/1982/1858 1196/1972/1848
f 1196/1972/1848 1176/1982/1858 1177/1983/1859
f 1196/1972/1848 1177/1983/1859 1193/1973/1849
f 1193/1973/1849 1177/1983/1859 1178/1984/1860
f 1193/1973/1849 1178/1984/1860 1190/1974/1850
f 1190/1974/1850 1178/1984/1860 1179/1985/1861
f 1190/1974/1850 1179/1985/1861 1187/1975/1851
f 1187/1975/1851 1179/1985/1861 1180/1986/1862
f 1187/1975/1851 1180/1986/1862 1184/1926/1802
f 1184/1926/1802 1180/1986/1862 1181/1924/1800
f 293/1987/1863 292/1988/1864 1236/1989/1865
f 1236/1989/1865 292/1988/1864 1215/1990/1866
f 1236/1989/1865 1215/1990/1866 1235/1991/1867
f 1235/1991/1867 1215/1990/1866 1216/1992/1868
f 1235/1991/1867 1216/1992/1868 1234/1993/1869
f 1234/1993/1869 1216/1992/1868 1217/1994/1870
f 1234/1993/1869 1217/1994/1870 1233/1995/1871
f 1233/1995/1871 1217/1994/1870 1218/1996/1872
f 1233/1995/1871 1218/1996/1872 1232/1997/1873
f 1232/1997/1873 1218/1996/1872 1219/1998/1874
f 1232/1997/1873 1219/1998/1874 1231/1999/1875
f 1231/1999/1875 1219/1998/1874 1220/2000/1876
f 1231/1999/1875 1220/2000/1876 1230/2001/1877
f 1230/2001/1877 1220/2000/1876 1221/2002/1878
f 1230/2001/1877 1221/2002/1878 1229/2003/1879
f 1229/2003/1879 1221/2002/1878 1222/2004/1880
f 1229/2003/1879 1222/2004/1880 1228/2005/1881
f 1228/2005/1881 1222/2004/1880 1223/2006/1882
f 1228/2005/1881 1223/2006/1882 1227/2007/1883
f 1227/2007/1883 1223/2006/1882 1224/2008/1884
f 1227/2007/1883 1224/2008/1884 1226/2009/1885
f 1226/2009/1885 1224/2008/1884 1225/2010/1886
f 1226/2009/1885 1225/2010/1886 349/2011/1887
f 349/2011/1887 1225/2010/1886 350/2012/1888
f 215/2013/1889 214/2014/1890 1258/2015/1891
f 1258/2015/1891 214/2014/1890 1237/2016/1892
f 1258/2015/1891 1237/2016/1892 1257/2017/1893
f 1257/2017/1893 1237/2016/1892 1238/2018/1894
f 1257/2017/1893 1238/2018/1894 1256/2019/1895
f 1256/2019/1895 1238/2018/1894 1239/2020/1896
f 1256/2019/1895 1239/2020/1896 1255/2021/1897
f 1255/2021/1897 1239/2020/1896 1240/2022/1898
f 1255/2021/1897 1240/2022/1898 1254/2023/1899
f 1254/2023/1899 1240/2022/1898 1241/2024/1900
f 1254/2023/1899 1241/2024/1900 1253/2025/1901
f 1253/2025/1901 1241/2024/1900 1242/2026/1902
f 1253/2025/1901 1242/2026/1902 1252/2027/1903
f 1252/2027/1903 1242/2026/1902 1243/2028/1904
f 1252/2027/1903 1243/2028/1904 1251/2029/1905
f 1251/2029/1905 1243/2028/1904 1244/2030/1906
f 1251/2029/1905 1244/2030/1906 1250/2031/1907
f 1250/2031/1907 1244/2030/1906 1245/2032/1908
f 1250/2031/1907 1245/2032/1908 1249/2033/1909
f 1249/2033/1909 1245/2032/1908 1246/2034/1910
f 1249/2033/1909 1246/2034/1910 1248/2035/1911
f 1248/2035/1911 1246/2034/1910 1247/2036/1912
f 1248/2035/1911 1247/2036/1912 317/2037/1913
f 317/2037/1913 1247/2036/1912 304/2038/1914
f 294/2039/1915 293/2040/1916 1171/2041/1917
f 1171/2041/1917 293/2040/1916 1236/2042/1918
f 1171/2041/1917 1236/2042/1918 1172/2043/1919
f 1172/2043/1919 1236/2042/1918 1235/2044/1920
f 1172/2043/1919 1235/2044/1920 1173/2045/1921
f 1173/2045/1921 1235/2044/1920 1234/2046/1922
f 1173/2045/1921 1234/2046/1922 1174/2047/1923
f 1174/2047/1923 1234/2046/1922 1233/2048/1924
f 1174/2047/1923 1233/2048/1924 1175/2049/1925
f 1175/2049/1925 1233/2048/1924 1232/2050/1926
f 1175/2049/1925 1232/2050/1926 1176/2051/1927
f 1176/2051/1927 1232/2050/1926 1231/2052/1928
f 1176/2051/1927 1231/2052/1928 1230/2053/1929
f 1176/2051/1927 1230/2053/1929 1177/2054/1930
f 1177/2054/1930 1230/2053/1929 1229/2055/1931
f 1177/2054/1930 1229/2055/1931 1178/2056/1932
f 1178/2056/1932 1229/2055/1931 1228/2057/1933
f 1178/2056/1932 1228/2057/1933 1179/2058/1934
f 1179/2058/1934 1228/2057/1933 1227/2059/1935
f 1179/2058/1934 1227/2059/1935 1180/2060/1936
f 1180/2060/1936 1227/2059/1935 1226/2061/1937
f 1180/2060/1936 1226/2061/1937 1181/2062/1938
f 1181/2062/1938 1226/2061/1937 349/2063/1939
f 1181/2062/1938 349/2063/1939 348/2064/1940
f 304/2065/1941 1247/2066/1942 305/2067/1943
f 305/2067/1943 1247/2066/1942 1269/2068/1944
f 1269/2068/1944 1247/2066/1942 1246/2069/1945
f 1269/2068/1944 1246/2069/1945 1268/2070/1946
f 1268/2070/1946 1246/2069/1945 1245/2071/1947
f 1268/2070/1946 1245/2071/1947 1244/2072/1948
f 1268/2070/1946 1244/2072/1948 1267/2073/1949
f 1267/2073/1949 1244/2072/1948 1243/2074/1950
f 1267/2073/1949 1243/2074/1950 1266/2075/1951
f 1266/2075/1951 1243/2074/1950 1242/2076/1952
f 1266/2075/1951 1242/2076/1952 1265/2077/1953
f 1265/2077/1953 1242/2076/1952 1264/2078/1954
f 1264/2078/1954 1242/2076/1952 1263/2079/1955
f 1263/2079/1955 1242/2076/1952 1262/2080/1956
f 1262/2080/1956 1242/2076/1952 1241/2081/1957
f 1262/2080/1956 1241/2081/1957 1261/2082/1958
f 1261/2082/1958 1241/2081/1957 1240/2083/1959
f 1261/2082/1958 1240/2083/1959 1260/2084/1960
f 1260/2084/1960 1240/2083/1959 1239/2085/1961
f 1260/2084/1960 1239/2085/1961 1238/2086/1962
f 1260/2084/1960 1238/2086/1962 1259/2087/1963
f 1259/2087/1963 1238/2086/1962 1237/2088/1964
f 1259/2087/1963 1237/2088/1964 227/2089/1965
f 227/2089/1965 1237/2088/1964 214/2090/1966
f 247/2091/1967 1159/2092/1968 248/2093/1969
f 248/2093/1969 1159/2092/1968 1281/2094/1970
f 1281/2094/1970 1159/2092/1968 1158/2095/1971
f 1281/2094/1970 1158/2095/1971 1157/2096/1972
f 1281/2094/1970 1157/2096/1972 1280/2097/1973
f 1280/2097/1973 1157/2096/1972 1156/2098/1974
f 1280/2097/1973 1156/2098/1974 1155/2099/1975
f 1280/2097/1973 1155/2099/1975 1279/2100/1976
f 1279/2100/1976 1155/2099/1975 1154/2101/1977
f 1279/2100/1976 1154/2101/1977 1278/2102/1978
f 1278/2102/1978 1154/2101/1977 1277/2103/1979
f 1277/2103/1979 1154/2101/1977 1276/2104/1980
f 1276/2104/1980 1154/2101/1977 1275/2105/1981
f 1275/2105/1981 1154/2101/1977 1274/2106/1982
f 1274/2106/1982 1154/2101/1977 1273/2107/1983
f 1273/2107/1983 1154/2101/1977 1272/2108/1984
f 1272/2108/1984 1154/2101/1977 1153/2109/1985
f 1272/2108/1984 1153/2109/1985 1271/2110/1986
f 1271/2110/1986 1153/2109/1985 1152/2111/1987
f 1271/2110/1986 1152/2111/1987 1151/2112/1988
f 1271/2110/1986 1151/2112/1988 1270/2113/1989
f 1270/2113/1989 1151/2112/1988 1150/2114/1990
f 1270/2113/1989 1150/2114/1990 1149/2115/1991
f 323/2116/1992 322/2117/1993 1149/2115/1991
f 1149/2115/1991 322/2117/1993 1270/2113/1989
f 351/2118/1994 350/2119/1995 1292/2120/1996
f 1292/2120/1996 350/2119/1995 1225/2121/1997
f 1292/2120/1996 1225/2121/1997 1291/2122/1998
f 1291/2122/1998 1225/2121/1997 1224/2123/1999
f 1291/2122/1998 1224/2123/1999 1290/2124/2000
f 1290/2124/2000 1224/2123/1999 1223/2125/2001
f 1290/2124/2000 1223/2125/2001 1289/2126/2002
f 1289/2126/2002 1223/2125/2001 1222/2127/2003
f 1289/2126/2002 1222/2127/2003 1288/2128/2004
f 1288/2128/2004 1222/2127/2003 1221/2129/2005
f 1288/2128/2004 1221/2129/2005 1287/2130/2006
f 1287/2130/2006 1221/2129/2005 1220/2131/2007
f 1287/2130/2006 1220/2131/2007 1286/2132/2008
f 1286/2132/2008 1220/2131/2007 1219/2133/2009
f 1286/2132/2008 1219/2133/2009 1285/2134/2010
f 1285/2134/2010 1219/2133/2009 1218/2135/2011
f 1285/2134/2010 1218/2135/2011 1284/2136/2012
f 1284/2136/2012 1218/2135/2011 1217/2137/2013
f 1284/2136/2012 1217/2137/2013 1283/2138/2014
f 1283/2138/2014 1217/2137/2013 1216/2139/2015
f 1283/2138/2014 1216/2139/2015 1282/2140/2016
f 1282/2140/2016 1216/2139/2015 1215/2141/2017
f 1282/2140/2016 1215/2141/2017 291/2142/2018
f 291/2142/2018 1215/2141/2017 292/2143/2019
f 216/2144/2020 215/2145/2021 1303/2146/2022
f 1303/2146/2022 215/2145/2021 1258/2147/2023
f 1303/2146/2022 1258/2147/2023 1302/2148/2024
f 1302/2148/2024 1258/2147/2023 1257/2149/2025
f 1302/2148/2024 1257/2149/2025 1301/2150/2026
f 1301/2150/2026 1257/2149/2025 1256/2151/2027
f 1301/2150/2026 1256/2151/2027 1300/2152/2028
f 1300/2152/2028 1256/2151/2027 1255/2153/2029
f 1300/2152/2028 1255/2153/2029 1299/2154/2030
f 1299/2154/2030 1255/2153/2029 1254/2155/2031
f 1299/2154/2030 1254/2155/2031 1298/2156/2032
f 1298/2156/2032 1254/2155/2031 1253/2157/2033
f 1298/2156/2032 1253/2157/2033 1297/2158/2034
f 1297/2158/2034 1253/2157/2033 1252/2159/2035
f 1297/2158/2034 1252/2159/2035 1296/2160/2036
f 1296/2160/2036 1252/2159/2035 1251/2161/2037
f 1296/2160/2036 1251/2161/2037 1295/2162/2038
f 1295/2162/2038 1251/2161/2037 1250/2163/2039
f 1295/2162/2038 1250/2163/2039 1294/2164/2040
f 1294/2164/2040 1250/2163/2039 1249/2165/2041
f 1294/2164/2040 1249/2165/2041 1293/2166/2042
f 1293/2166/2042 1249/2165/2041 1248/2167/2043
f 1293/2166/2042 1248/2167/2043 314/2168/2044
f 314/2168/2044 1248/2167/2043 315/2169/2045
f 315/2169/2045 1248/2167/2043 316/2170/2046
f 316/2170/2046 1248/2167/2043 317/2171/2047
f 218/2172/2048 217/2173/2049 1303/2146/2022
f 1303/2146/2022 217/2173/2049 216/2144/2020
f 362/2174/2050 361/2175/2051 1340/2176/2052
f 1340/2176/2052 361/2175/2051 1304/2177/2053
f 1340/2176/2052 1304/2177/2053 1339/2178/2054
f 1339/2178/2054 1304/2177/2053 1305/2179/2055
f 1339/2178/2054 1305/2179/2055 1338/2180/2056
f 1338/2180/2056 1305/2179/2055 1306/2181/2057
f 1338/2180/2056 1306/2181/2057 1337/2182/2058
f 1337/2182/2058 1306/2181/2057 1307/2183/2059
f 1337/2182/2058 1307/2183/2059 1336/2184/2060
f 1336/2184/2060 1307/2183/2059 1308/2185/2061
f 1336/2184/2060 1308/2185/2061 1335/2186/2062
f 1335/2186/2062 1308/2185/2061 1309/2187/2063
f 1335/2186/2062 1309/2187/2063 1334/2188/2064
f 1334/2188/2064 1309/2187/2063 1310/2189/2065
f 1334/2188/2064 1310/2189/2065 1333/2190/2066
f 1333/2190/2066 1310/2189/2065 1311/2191/2067
f 1333/2190/2066 1311/2191/2067 1332/2192/2068
f 1332/2192/2068 1311/2191/2067 1312/2193/2069
f 1332/2192/2068 1312/2193/2069 1331/2194/2070
f 1331/2194/2070 1312/2193/2069 1313/2195/2071
f 1331/2194/2070 1313/2195/2071 1330/2196/2072
f 1330/2196/2072 1313/2195/2071 1314/2197/2073
f 1330/2196/2072 1314/2197/2073 1329/2198/2074
f 1329/2198/2074 1314/2197/2073 1315/2199/2075
f 1329/2198/2074 1315/2199/2075 1328/2200/2076
f 1328/2200/2076 1315/2199/2075 1316/2201/2077
f 1328/2200/2076 1316/2201/2077 1327/2202/2078
f 1327/2202/2078 1316/2201/2077 1317/2203/2079
f 1327/2202/2078 1317/2203/2079 1326/2204/2080
f 1326/2204/2080 1317/2203/2079 1318/2205/2081
f 1326/2204/2080 1318/2205/2081 1325/2206/2082
f 1325/2206/2082 1318/2205/2081 1319/2207/2083
f 1325/2206/2082 1319/2207/2083 1324/2208/2084
f 1324/2208/2084 1319/2207/2083 1320/2209/2085
f 1324/2208/2084 1320/2209/2085 1323/2210/2086
f 1323/2210/2086 1320/2209/2085 1321/2211/2087
f 1323/2210/2086 1321/2211/2087 1322/2212/2088
f 1322/2212/2088 1321/2211/2087 281/2213/2089
f 1322/2212/2088 281/2213/2089 280/2214/2090
f 226/2215/2091 225/2216/2092 1362/2217/2093
f 1362/2217/2093 225/2216/2092 1341/2218/2094
f 1362/2217/2093 1341/2218/2094 1361/2219/2095
f 1361/2219/2095 1341/2218/2094 1342/2220/2096
f 1361/2219/2095 1342/2220/2096 1360/2221/2097
f 1360/2221/2097 1342/2220/2096 1343/2222/2098
f 1360/2221/2097 1343/2222/2098 1359/2223/2099
f 1359/2223/2099 1343/2222/2098 1344/2224/2100
f 1359/2223/2099 1344/2224/2100 1358/2225/2101
f 1358/2225/2101 1344/2224/2100 1345/2226/2102
f 1358/2225/2101 1345/2226/2102 1357/2227/2103
f 1357/2227/2103 1345/2226/2102 1346/2228/2104
f 1357/2227/2103 1346/2228/2104 1347/2229/2105
f 1357/2227/2103 1347/2229/2105 1356/2230/2106
f 1356/2230/2106 1347/2229/2105 1348/2231/2107
f 1356/2230/2106 1348/2231/2107 1355/2232/2108
f 1355/2232/2108 1348/2231/2107 1349/2233/2109
f 1355/2232/2108 1349/2233/2109 1354/2234/2110
f 1354/2234/2110 1349/2233/2109 1350/2235/2111
f 1354/2234/2110 1350/2235/2111 1353/2236/2112
f 1353/2236/2112 1350/2235/2111 1351/2237/2113
f 1353/2236/2112 1351/2237/2113 1352/2238/2114
f 1352/2238/2114 1351/2237/2113 307/2239/2115
f 1352/2238/2114 307/2239/2115 306/2240/2116
f 303/2241/2117 302/2242/2118 1390/2243/2119
f 1390/2243/2119 302/2242/2118 1363/2244/2120
f 1390/2243/2119 1363/2244/2120 1389/2245/2121
f 1389/2245/2121 1363/2244/2120 1364/2246/2122
f 1389/2245/2121 1364/2246/2122 1388/2247/2123
f 1388/2247/2123 1364/2246/2122 1365/2248/2124
f 1388/2247/2123 1365/2248/2124 1387/2249/2125
f 1387/2249/2125 1365/2248/2124 1386/2250/2126
f 1386/2250/2126 1365/2248/2124 1366/2251/2127
f 1386/2250/2126 1366/2251/2127 1385/2252/2128
f 1385/2252/2128 1366/2251/2127 1367/2253/2129
f 1385/2252/2128 1367/2253/2129 1384/2254/2130
f 1384/2254/2130 1367/2253/2129 1368/2255/2131
f 1384/2254/2130 1368/2255/2131 1383/2256/2132
f 1383/2256/2132 1368/2255/2131 1369/2257/2133
f 1383/2256/2132 1369/2257/2133 1382/2258/2134
f 1382/2258/2134 1369/2257/2133 1381/2259/2135
f 1381/2259/2135 1369/2257/2133 1370/2260/2136
f 1381/2259/2135 1370/2260/2136 1380/2261/2137
f 1380/2261/2137 1370/2260/2136 1371/2262/2138
f 1380/2261/2137 1371/2262/2138 1379/2263/2139
f 1379/2263/2139 1371/2262/2138 1372/2264/2140
f 1379/2263/2139 1372/2264/2140 1378/2265/2141
f 1378/2265/2141 1372/2264/2140 1377/2266/2142
f 1377/2266/2142 1372/2264/2140 1373/2267/2143
f 1377/2266/2142 1373/2267/2143 1376/2268/2144
f 1376/2268/2144 1373/2267/2143 1374/2269/2145
f 1376/2268/2144 1374/2269/2145 1375/2270/2146
f 1375/2270/2146 1374/2269/2145 212/2271/2147
f 1375/2270/2146 212/2271/2147 211/2272/2148
f 249/2273/2149 248/2274/2150 1402/2275/2151
f 1402/2275/2151 248/2274/2150 1281/2276/2152
f 1402/2275/2151 1281/2276/2152 1401/2277/2153
f 1401/2277/2153 1281/2276/2152 1280/2278/2154
f 1401/2277/2153 1280/2278/2154 1400/2279/2155
f 1400/2279/2155 1280/2278/2154 1279/2280/2156
f 1400/2279/2155 1279/2280/2156 1399/2281/2157
f 1399/2281/2157 1279/2280/2156 1278/2282/2158
f 1399/2281/2157 1278/2282/2158 1398/2283/2159
f 1398/2283/2159 1278/2282/2158 1277/2284/2160
f 1398/2283/2159 1277/2284/2160 1397/2285/2161
f 1397/2285/2161 1277/2284/2160 1276/2286/2162
f 1397/2285/2161 1276/2286/2162 1396/2287/2163
f 1396/2287/2163 1276/2286/2162 1275/2288/2164
f 1396/2287/2163 1275/2288/2164 1395/2289/2165
f 1395/2289/2165 1275/2288/2164 1274/2290/2166
f 1395/2289/2165 1274/2290/2166 1394/2291/2167
f 1394/2291/2167 1274/2290/2166 1273/2292/2168
f 1394/2291/2167 1273/2292/2168 1393/2293/2169
f 1393/2293/2169 1273/2292/2168 1272/2294/2170
f 1393/2293/2169 1272/2294/2170 1392/2295/2171
f 1392/2295/2171 1272/2294/2170 1271/2296/2172
f 1392/2295/2171 1271/2296/2172 1391/2297/2173
f 1391/2297/2173 1271/2296/2172 1270/2298/2174
f 1391/2297/2173 1270/2298/2174 321/2299/2175
f 321/2299/2175 1270/2298/2174 322/2300/2176
f 250/2301/2177 249/2302/2178 1416/2303/2179
f 1416/2303/2179 249/2302/2178 1402/2304/2180
f 1416/2303/2179 1402/2304/2180 1415/2305/2181
f 1415/2305/2181 1402/2304/2180 1401/2306/2182
f 1415/2305/2181 1401/2306/2182 1414/2307/2183
f 1414/2307/2183 1401/2306/2182 1400/2308/2184
f 1414/2307/2183 1400/2308/2184 1413/2309/2185
f 1413/2309/2185 1400/2308/2184 1399/2310/2186
f 1413/2309/2185 1399/2310/2186 1412/2311/2187
f 1412/2311/2187 1399/2310/2186 1398/2312/2188
f 1412/2311/2187 1398/2312/2188 1411/2313/2189
f 1411/2313/2189 1398/2312/2188 1397/2314/2190
f 1411/2313/2189 1397/2314/2190 1410/2315/2191
f 1410/2315/2191 1397/2314/2190 1396/2316/2192
f 1410/2315/2191 1396/2316/2192 1409/2317/2193
f 1409/2317/2193 1396/2316/2192 1408/2318/2194
f 1408/2318/2194 1396/2316/2192 1395/2319/2195
f 1408/2318/2194 1395/2319/2195 1407/2320/2196
f 1407/2320/2196 1395/2319/2195 1394/2321/2197
f 1407/2320/2196 1394/2321/2197 1406/2322/2198
f 1406/2322/2198 1394/2321/2197 1393/2323/2199
f 1406/2322/2198 1393/2323/2199 1405/2324/2200
f 1405/2324/2200 1393/2323/2199 1392/2325/2201
f 1405/2324/2200 1392/2325/2201 1404/2326/2202
f 1404/2326/2202 1392/2325/2201 1391/2327/2203
f 1404/2326/2202 1391/2327/2203 1403/2328/2204
f 1403/2328/2204 1391/2327/2203 321/2329/2205
f 1403/2328/2204 321/2329/2205 320/2330/2206
f 251/2331/2207 250/2332/2208 548/2333/2209
f 548/2333/2209 250/2332/2208 1416/2334/2210
f 548/2333/2209 1416/2334/2210 549/2335/2211
f 549/2335/2211 1416/2334/2210 1415/2336/2212
f 549/2335/2211 1415/2336/2212 550/2337/2213
f 550/2337/2213 1415/2336/2212 1414/2338/2214
f 550/2337/2213 1414/2338/2214 551/2339/2215
f 551/2339/2215 1414/2338/2214 1413/2340/2216
f 551/2339/2215 1413/2340/2216 552/2341/2217
f 552/2341/2217 1413/2340/2216 1412/2342/2218
f 552/2341/2217 1412/2342/2218 553/2343/2219
f 553/2343/2219 1412/2342/2218 1411/2344/2220
f 553/2343/2219 1411/2344/2220 554/2345/2221
f 554/2345/2221 1411/2344/2220 1410/2346/2222
f 554/2345/2221 1410/2346/2222 555/2347/2223
f 555/2347/2223 1410/2346/2222 1409/2348/2224
f 555/2347/2223 1409/2348/2224 556/2349/2225
f 556/2349/2225 1409/2348/2224 1408/2350/2226
f 556/2349/2225 1408/2350/2226 557/2351/2227
f 557/2351/2227 1408/2350/2226 1407/2352/2228
f 557/2351/2227 1407/2352/2228 558/2353/2229
f 558/2353/2229 1407/2352/2228 1406/2354/2230
f 558/2353/2229 1406/2354/2230 559/2355/2231
f 559/2355/2231 1406/2354/2230 1405/2356/2232
f 559/2355/2231 1405/2356/2232 560/2357/2233
f 560/2357/2233 1405/2356/2232 1404/2358/2234
f 560/2357/2233 1404/2358/2234 561/2359/2235
f 561/2359/2235 1404/2358/2234 1403/2360/2236
f 561/2359/2235 1403/2360/2236 319/2361/2237
f 319/2361/2237 1403/2360/2236 320/2362/2238
f 280/2363/2239 279/2364/2240 1322/2365/2241
f 1322/2365/2241 279/2364/2240 547/2366/2242
f 1322/2365/2241 547/2366/2242 1323/2367/2243
f 1323/2367/2243 547/2366/2242 546/2368/2244
f 1323/2367/2243 546/2368/2244 1324/2369/2245
f 1324/2369/2245 546/2368/2244 545/2370/2246
f 1324/2369/2245 545/2370/2246 1325/2371/2247
f 1325/2371/2247 545/2370/2246 544/2372/2248
f 1325/2371/2247 544/2372/2248 1326/2373/2249
f 1326/2373/2249 544/2372/2248 543/2374/2250
f 1326/2373/2249 543/2374/2250 1327/2375/2251
f 1327/2375/2251 543/2374/2250 542/2376/2252
f 1327/2375/2251 542/2376/2252 1328/2377/2253
f 1328/2377/2253 542/2376/2252 541/2378/2254
f 1328/2377/2253 541/2378/2254 1329/2379/2255
f 1329/2379/2255 541/2378/2254 540/2380/2256
f 1329/2379/2255 540/2380/2256 1330/2381/2257
f 1330/2381/2257 540/2380/2256 539/2382/2258
f 1330/2381/2257 539/2382/2258 1331/2383/2259
f 1331/2383/2259 539/2382/2258 538/2384/2260
f 1331/2383/2259 538/2384/2260 1332/2385/2261
f 1332/2385/2261 538/2384/2260 537/2386/2262
f 1332/2385/2261 537/2386/2262 1333/2387/2263
f 1333/2387/2263 537/2386/2262 536/2388/2264
f 1333/2387/2263 536/2388/2264 1334/2389/2265
f 1334/2389/2265 536/2388/2264 535/2390/2266
f 1334/2389/2265 535/2390/2266 1335/2391/2267
f 1335/2391/2267 535/2390/2266 534/2392/2268
f 1335/2391/2267 534/2392/2268 1336/2393/2269
f 1336/2393/2269 534/2392/2268 533/2394/2270
f 1336/2393/2269 533/2394/2270 1337/2395/2271
f 1337/2395/2271 533/2394/2270 532/2396/2272
f 1337/2395/2271 532/2396/2272 1338/2397/2273
f 1338/2397/2273 532/2396/2272 531/2398/2274
f 1338/2397/2273 531/2398/2274 1339/2399/2275
f 1339/2399/2275 531/2398/2274 530/2400/2276
f 1339/2399/2275 530/2400/2276 1340/2401/2277
f 1340/2401/2277 530/2400/2276 529/2402/2278
f 1340/2401/2277 529/2402/2278 362/2403/2279
f 362/2403/2279 529/2402/2278 363/2404/2280
f 227/2405/2281 226/2406/2282 1259/2407/2283
f 1259/2407/2283 226/2406/2282 1362/2408/2284
f 1259/2407/2283 1362/2408/2284 1260/2409/2285
f 1260/2409/2285 1362/2408/2284 1361/2410/2286
f 1260/2409/2285 1361/2410/2286 1261/2411/2287
f 1261/2411/2287 1361/2410/2286 1360/2412/2288
f 1261/2411/2287 1360/2412/2288 1262/2413/2289
f 1262/2413/2289 1360/2412/2288 1359/2414/2290
f 1262/2413/2289 1359/2414/2290 1263/2415/2291
f 1263/2415/2291 1359/2414/2290 1358/2416/2292
f 1263/2415/2291 1358/2416/2292 1264/2417/2293
f 1264/2417/2293 1358/2416/2292 1357/2418/2294
f 1264/2417/2293 1357/2418/2294 1265/2419/2295
f 1265/2419/2295 1357/2418/2294 1356/2420/2296
f 1265/2419/2295 1356/2420/2296 1266/2421/2297
f 1266/2421/2297 1356/2420/2296 1355/2422/2298
f 1266/2421/2297 1355/2422/2298 1267/2423/2299
f 1267/2423/2299 1355/2422/2298 1354/2424/2300
f 1267/2423/2299 1354/2424/2300 1268/2425/2301
f 1268/2425/2301 1354/2424/2300 1353/2426/2302
f 1268/2425/2301 1353/2426/2302 1269/2427/2303
f 1269/2427/2303 1353/2426/2302 1352/2428/2304
f 1269/2427/2303 1352/2428/2304 305/2429/2305
f 305/2429/2305 1352/2428/2304 306/2430/2306
f 213/2431/2307 212/2432/2308 1428/2433/2309
f 1428/2433/2309 212/2432/2308 1374/2434/2310
f 1428/2433/2309 1374/2434/2310 1427/2435/2311
f 1427/2435/2311 1374/2434/2310 1373/2436/2312
f 1427/2435/2311 1373/2436/2312 1426/2437/2313
f 1426/2437/2313 1373/2436/2312 1372/2438/2314
f 1426/2437/2313 1372/2438/2314 1425/2439/2315
f 1425/2439/2315 1372/2438/2314 1371/2440/2316
f 1425/2439/2315 1371/2440/2316 1424/2441/2317
f 1424/2441/2317 1371/2440/2316 1370/2442/2318
f 1424/2441/2317 1370/2442/2318 1423/2443/2319
f 1423/2443/2319 1370/2442/2318 1369/2444/2320
f 1423/2443/2319 1369/2444/2320 1422/2445/2321
f 1422/2445/2321 1369/2444/2320 1368/2446/2322
f 1422/2445/2321 1368/2446/2322 1421/2447/2323
f 1421/2447/2323 1368/2446/2322 1367/2448/2324
f 1421/2447/2323 1367/2448/2324 1420/2449/2325
f 1420/2449/2325 1367/2448/2324 1366/2450/2326
f 1420/2449/2325 1366/2450/2326 1419/2451/2327
f 1419/2451/2327 1366/2450/2326 1365/2452/2328
f 1419/2451/2327 1365/2452/2328 1418/2453/2329
f 1418/2453/2329 1365/2452/2328 1364/2454/2330
f 1418/2453/2329 1364/2454/2330 1417/2455/2331
f 1417/2455/2331 1364/2454/2330 1363/2456/2332
f 1417/2455/2331 1363/2456/2332 301/2457/2333
f 301/2457/2333 1363/2456/2332 302/2458/2334
f 225/2459/2335 224/2460/2336 1341/2461/2337
f 1341/2461/2337 224/2460/2336 1429/2462/2338
f 1341/2461/2337 1429/2462/2338 1342/2463/2339
f 1342/2463/2339 1429/2462/2338 1430/2464/2340
f 1342/2463/2339 1430/2464/2340 1343/2465/2341
f 1343/2465/2341 1430/2464/2340 1431/2466/2342
f 1343/2465/2341 1431/2466/2342 1344/2467/2343
f 1344/2467/2343 1431/2466/2342 1432/2468/2344
f 1344/2467/2343 1432/2468/2344 1345/2469/2345
f 1345/2469/2345 1432/2468/2344 1433/2470/2346
f 1345/2469/2345 1433/2470/2346 1346/2471/2347
f 1346/2471/2347 1433/2470/2346 1434/2472/2348
f 1346/2471/2347 1434/2472/2348 1347/2473/2349
f 1347/2473/2349 1434/2472/2348 1435/2474/2350
f 1347/2473/2349 1435/2474/2350 1348/2475/2351
f 1348/2475/2351 1435/2474/2350 1436/2476/2352
f 1348/2475/2351 1436/2476/2352 1349/2477/2353
f 1349/2477/2353 1436/2476/2352 1437/2478/2354
f 1349/2477/2353 1437/2478/2354 1350/2479/2355
f 1350/2479/2355 1437/2478/2354 1438/2480/2356
f 1350/2479/2355 1438/2480/2356 1351/2481/2357
f 1351/2481/2357 1438/2480/2356 1439/2482/2358
f 1351/2481/2357 1439/2482/2358 307/2483/2359
f 307/2483/2359 1439/2482/2358 308/2484/2360
f 211/2485/2361 210/2486/2362 1375/2487/2363
f 1375/2487/2363 210/2486/2362 1440/2488/2364
f 1375/2487/2363 1440/2488/2364 1376/2489/2365
f 1376/2489/2365 1440/2488/2364 1441/2490/2366
f 1376/2489/2365 1441/2490/2366 1377/2491/2367
f 1377/2491/2367 1441/2490/2366 1442/2492/2368
f 1377/2491/2367 1442/2492/2368 1378/2493/2369
f 1378/2493/2369 1442/2492/2368 1443/2494/2370
f 1378/2493/2369 1443/2494/2370 1379/2495/2371
f 1379/2495/2371 1443/2494/2370 1444/2496/2372
f 1379/2495/2371 1444/2496/2372 1380/2497/2373
f 1380/2497/2373 1444/2496/2372 1445/2498/2374
f 1380/2497/2373 1445/2498/2374 1381/2499/2375
f 1381/2499/2375 1445/2498/2374 1446/2500/2376
f 1381/2499/2375 1446/2500/2376 1382/2501/2377
f 1382/2501/2377 1446/2500/2376 1447/2502/2378
f 1382/2501/2377 1447/2502/2378 1383/2503/2379
f 1383/2503/2379 1447/2502/2378 1448/2504/2380
f 1383/2503/2379 1448/2504/2380 1384/2505/2381
f 1384/2505/2381 1448/2504/2380 1449/2506/2382
f 1384/2505/2381 1449/2506/2382 1385/2507/2383
f 1385/2507/2383 1449/2506/2382 1450/2508/2384
f 1385/2507/2383 1450/2508/2384 1386/2509/2385
f 1386/2509/2385 1450/2508/2384 1451/2510/2386
f 1386/2509/2385 1451/2510/2386 1387/2511/2387
f 1387/2511/2387 1451/2510/2386 1452/2512/2388
f 1387/2511/2387 1452/2512/2388 1388/2513/2389
f 1388/2513/2389 1452/2512/2388 1453/2514/2390
f 1388/2513/2389 1453/2514/2390 1389/2515/2391
f 1389/2515/2391 1453/2514/2390 1454/2516/2392
f 1389/2515/2391 1454/2516/2392 1390/2517/2393
f 1390/2517/2393 1454/2516/2392 1455/2518/2394
f 1390/2517/2393 1455/2518/2394 303/2519/2395
f 303/2519/2395 1455/2518/2394 300/2520/2396
f 282/2521/2397 281/2522/2398 1473/2523/2399
f 1473/2523/2399 281/2522/2398 1321/2524/2400
f 1473/2523/2399 1321/2524/2400 1472/2525/2401
f 1472/2525/2401 1321/2524/2400 1320/2526/2402
f 1472/2525/2401 1320/2526/2402 1471/2527/2403
f 1471/2527/2403 1320/2526/2402 1319/2528/2404
f 1471/2527/2403 1319/2528/2404 1470/2529/2405
f 1470/2529/2405 1319/2528/2404 1318/2530/2406
f 1470/2529/2405 1318/2530/2406 1469/2531/2407
f 1469/2531/2407 1318/2530/2406 1317/2532/2408
f 1469/2531/2407 1317/2532/2408 1468/2533/2409
f 1468/2533/2409 1317/2532/2408 1316/2534/2410
f 1468/2533/2409 1316/2534/2410 1467/2535/2411
f 1467/2535/2411 1316/2534/2410 1315/2536/2412
f 1467/2535/2411 1315/2536/2412 1466/2537/2413
f 1466/2537/2413 1315/2536/2412 1314/2538/2414
f 1466/2537/2413 1314/2538/2414 1465/2539/2415
f 1465/2539/2415 1314/2538/2414 1313/2540/2416
f 1465/2539/2415 1313/2540/2416 1464/2541/2417
f 1464/2541/2417 1313/2540/2416 1312/2542/2418
f 1464/2541/2417 1312/2542/2418 1463/2543/2419
f 1463/2543/2419 1312/2542/2418 1311/2544/2420
f 1463/2543/2419 1311/2544/2420 1462/2545/2421
f 1462/2545/2421 1311/2544/2420 1310/2546/2422
f 1462/2545/2421 1310/2546/2422 1461/2547/2423
f 1461/2547/2423 1310/2546/2422 1309/2548/2424
f 1461/2547/2423 1309/2548/2424 1460/2549/2425
f 1460/2549/2425 1309/2548/2424 1308/2550/2426
f 1460/2549/2425 1308/2550/2426 1459/2551/2427
f 1459/2551/2427 1308/2550/2426 1307/2552/2428
f 1459/2551/2427 1307/2552/2428 1458/2553/2429
f 1458/2553/2429 1307/2552/2428 1306/2554/2430
f 1458/2553/2429 1306/2554/2430 1457/2555/2431
f 1457/2555/2431 1306/2554/2430 1305/2556/2432
f 1457/2555/2431 1305/2556/2432 1456/2557/2433
f 1456/2557/2433 1305/2556/2432 1304/2558/2434
f 1456/2557/2433 1304/2558/2434 360/2559/2435
f 360/2559/2435 1304/2558/2434 361/2560/2436
f 309/2561/2437 308/2562/2438 1484/2563/2439
f 1484/2563/2439 308/2562/2438 1439/2564/2440
f 1484/2563/2439 1439/2564/2440 1483/2565/2441
f 1483/2565/2441 1439/2564/2440 1438/2566/2442
f 1483/2565/2441 1438/2566/2442 1482/2567/2443
f 1482/2567/2443 1438/2566/2442 1481/2568/2444
f 1481/2568/2444 1438/2566/2442 1437/2569/2445
f 1481/2568/2444 1437/2569/2445 1480/2570/2446
f 1480/2570/2446 1437/2569/2445 1436/2571/2447
f 1480/2570/2446 1436/2571/2447 1479/2572/2448
f 1479/2572/2448 1436/2571/2447 1435/2573/2449
f 1479/2572/2448 1435/2573/2449 1434/2574/2450
f 1434/2574/2450 1433/2575/2451 1479/2572/2448
f 1479/2572/2448 1433/2575/2451 1432/2576/2452
f 1479/2572/2448 1432/2576/2452 1478/2577/2453
f 1478/2577/2453 1432/2576/2452 1431/2578/2454
f 1478/2577/2453 1431/2578/2454 1477/2579/2455
f 1477/2579/2455 1431/2578/2454 1430/2580/2456
f 1477/2579/2455 1430/2580/2456 1476/2581/2457
f 1476/2581/2457 1430/2580/2456 1475/2582/2458
f 1475/2582/2458 1430/2580/2456 1429/2583/2459
f 1475/2582/2458 1429/2583/2459 1474/2584/2460
f 1474/2584/2460 1429/2583/2459 224/2585/2461
f 1474/2584/2460 224/2585/2461 223/2586/2462
f 300/2587/2463 1455/2588/2464 301/2589/2465
f 301/2589/2465 1455/2588/2464 1417/2590/2466
f 1417/2590/2466 1455/2588/2464 1454/2591/2467
f 1417/2590/2466 1454/2591/2467 1418/2592/2468
f 1418/2592/2468 1454/2591/2467 1453/2593/2469
f 1418/2592/2468 1453/2593/2469 1419/2594/2470
f 1419/2594/2470 1453/2593/2469 1452/2595/2471
f 1419/2594/2470 1452/2595/2471 1451/2596/2472
f 1419/2594/2470 1451/2596/2472 1420/2597/2473
f 1420/2597/2473 1451/2596/2472 1450/2598/2474
f 1420/2597/2473 1450/2598/2474 1421/2599/2475
f 1421/2599/2475 1450/2598/2474 1449/2600/2476
f 1421/2599/2475 1449/2600/2476 1422/2601/2477
f 1422/2601/2477 1449/2600/2476 1448/2602/2478
f 1422/2601/2477 1448/2602/2478 1447/2603/2479
f 1422/2601/2477 1447/2603/2479 1423/2604/2480
f 1423/2604/2480 1447/2603/2479 1446/2605/2481
f 1423/2604/2480 1446/2605/2481 1424/2606/2482
f 1424/2606/2482 1446/2605/2481 1445/2607/2483
f 1424/2606/2482 1445/2607/2483 1425/2608/2484
f 1425/2608/2484 1445/2607/2483 1444/2609/2485
f 1425/2608/2484 1444/2609/2485 1426/2610/2486
f 1426/2610/2486 1444/2609/2485 1443/2611/2487
f 1426/2610/2486 1443/2611/2487 1442/2612/2488
f 1426/2610/2486 1442/2612/2488 1427/2613/2489
f 1427/2613/2489 1442/2612/2488 1441/2614/2490
f 1427/2613/2489 1441/2614/2490 1428/2615/2491
f 1428/2615/2491 1441/2614/2490 1440/2616/2492
f 1428/2615/2491 1440/2616/2492 213/2617/2493
f 213/2617/2493 1440/2616/2492 210/2618/2494
f 291/2619/2495 290/2620/2496 1282/2621/2497
f 1282/2621/2497 290/2620/2496 1485/2622/2498
f 1282/2621/2497 1485/2622/2498 1283/2623/2499
f 1283/2623/2499 1485/2622/2498 1486/2624/2500
f 1283/2623/2499 1486/2624/2500 1284/2625/2501
f 1284/2625/2501 1486/2624/2500 1487/2626/2502
f 1284/2625/2501 1487/2626/2502 1285/2627/2503
f 1285/2627/2503 1487/2626/2502 1488/2628/2504
f 1285/2627/2503 1488/2628/2504 1286/2629/2505
f 1286/2629/2505 1488/2628/2504 1489/2630/2506
f 1286/2629/2505 1489/2630/2506 1287/2631/2507
f 1287/2631/2507 1489/2630/2506 1490/2632/2508
f 1287/2631/2507 1490/2632/2508 1288/2633/2509
f 1288/2633/2509 1490/2632/2508 1491/2634/2510
f 1288/2633/2509 1491/2634/2510 1289/2635/2511
f 1289/2635/2511 1491/2634/2510 1492/2636/2512
f 1289/2635/2511 1492/2636/2512 1290/2637/2513
f 1290/2637/2513 1492/2636/2512 1493/2638/2514
f 1290/2637/2513 1493/2638/2514 1291/2639/2515
f 1291/2639/2515 1493/2638/2514 1494/2640/2516
f 1291/2639/2515 1494/2640/2516 1292/2641/2517
f 1292/2641/2517 1494/2640/2516 1495/2642/2518
f 1292/2641/2517 1495/2642/2518 351/2643/2519
f 351/2643/2519 1495/2642/2518 352/2644/2520
f 290/2645/2521 289/2646/2522 1485/2647/2523
f 1485/2647/2523 289/2646/2522 1496/2648/2524
f 1485/2647/2523 1496/2648/2524 1486/2649/2525
f 1486/2649/2525 1496/2648/2524 1497/2650/2526
f 1486/2649/2525 1497/2650/2526 1487/2651/2527
f 1487/2651/2527 1497/2650/2526 1498/2652/2528
f 1487/2651/2527 1498/2652/2528 1488/2653/2529
f 1488/2653/2529 1498/2652/2528 1499/2654/2530
f 1488/2653/2529 1499/2654/2530 1489/2655/2531
f 1489/2655/2531 1499/2654/2530 1500/2656/2532
f 1489/2655/2531 1500/2656/2532 1490/2657/2533
f 1490/2657/2533 1500/2656/2532 1501/2658/2534
f 1490/2657/2533 1501/2658/2534 1491/2659/2535
f 1491/2659/2535 1501/2658/2534 1502/2660/2536
f 1491/2659/2535 1502/2660/2536 1492/2661/2537
f 1492/2661/2537 1502/2660/2536 1503/2662/2538
f 1492/2661/2537 1503/2662/2538 1493/2663/2539
f 1493/2663/2539 1503/2662/2538 1504/2664/2540
f 1493/2663/2539 1504/2664/2540 1494/2665/2541
f 1494/2665/2541 1504/2664/2540 1505/2666/2542
f 1494/2665/2541 1505/2666/2542 1495/2667/2543
f 1495/2667/2543 1505/2666/2542 1506/2668/2544
f 1495/2667/2543 1506/2668/2544 352/2669/2545
f 352/2669/2545 1506/2668/2544 353/2670/2546
f 288/2671/2547 1507/2672/2548 289/2673/2549
f 289/2673/2549 1507/2672/2548 1496/2674/2550
f 1496/2674/2550 1507/2672/2548 1508/2675/2551
f 1496/2674/2550 1508/2675/2551 1497/2676/2552
f 1497/2676/2552 1508/2675/2551 1509/2677/2553
f 1497/2676/2552 1509/2677/2553 1498/2678/2554
f 1498/2678/2554 1509/2677/2553 1510/2679/2555
f 1498/2678/2554 1510/2679/2555 1499/2680/2556
f 1499/2680/2556 1510/2679/2555 1511/2681/2557
f 1499/2680/2556 1511/2681/2557 1512/2682/2558
f 1499/2680/2556 1512/2682/2558 1500/2683/2559
f 1500/2683/2559 1512/2682/2558 1513/2684/2560
f 1500/2683/2559 1513/2684/2560 1501/2685/2561
f 1501/2685/2561 1513/2684/2560 1514/2686/2562
f 1501/2685/2561 1514/2686/2562 1502/2687/2563
f 1502/2687/2563 1514/2686/2562 1515/2688/2564
f 1502/2687/2563 1515/2688/2564 1503/2689/2565
f 1503/2689/2565 1515/2688/2564 1516/2690/2566
f 1503/2689/2565 1516/2690/2566 1517/2691/2567
f 1503/2689/2565 1517/2691/2567 1504/2692/2568
f 1504/2692/2568 1517/2691/2567 1518/2693/2569
f 1504/2692/2568 1518/2693/2569 1505/2694/2570
f 1505/2694/2570 1518/2693/2569 1519/2695/2571
f 1505/2694/2570 1519/2695/2571 1506/2696/2572
f 1506/2696/2572 1519/2695/2571 1520/2697/2573
f 1506/2696/2572 1520/2697/2573 353/2698/2574
f 353/2698/2574 1520/2697/2573 354/2699/2575
f 288/2700/2576 287/2701/2577 1507/2702/2578
f 1507/2702/2578 287/2701/2577 1521/2703/2579
f 1507/2702/2578 1521/2703/2579 1522/2704/2580
f 1507/2702/2578 1522/2704/2580 1508/2705/2581
f 1508/2705/2581 1522/2704/2580 1523/2706/2582
f 1508/2705/2581 1523/2706/2582 1509/2707/2583
f 1509/2707/2583 1523/2706/2582 1524/2708/2584
f 1509/2707/2583 1524/2708/2584 1510/2709/2585
f 1510/2709/2585 1524/2708/2584 1525/2710/2586
f 1510/2709/2585 1525/2710/2586 1511/2711/2587
f 1511/2711/2587 1525/2710/2586 1526/2712/2588
f 1511/2711/2587 1526/2712/2588 1512/2713/2589
f 1512/2713/2589 1526/2712/2588 1527/2714/2590
f 1512/2713/2589 1527/2714/2590 1513/2715/2591
f 1513/2715/2591 1527/2714/2590 1528/2716/2592
f 1513/2715/2591 1528/2716/2592 1514/2717/2593
f 1514/2717/2593 1528/2716/2592 1529/2718/2594
f 1514/2717/2593 1529/2718/2594 1515/2719/2595
f 1515/2719/2595 1529/2718/2594 1530/2720/2596
f 1515/2719/2595 1530/2720/2596 1516/2721/2597
f 1516/2721/2597 1530/2720/2596 1531/2722/2598
f 1516/2721/2597 1531/2722/2598 1517/2723/2599
f 1517/2723/2599 1531/2722/2598 1532/2724/2600
f 1517/2723/2599 1532/2724/2600 1518/2725/2601
f 1518/2725/2601 1532/2724/2600 1533/2726/2602
f 1518/2725/2601 1533/2726/2602 1519/2727/2603
f 1519/2727/2603 1533/2726/2602 1534/2728/2604
f 1519/2727/2603 1534/2728/2604 1520/2729/2605
f 1520/2729/2605 1534/2728/2604 354/2730/2606
f 354/2730/2606 1534/2728/2604 355/2731/2607
f 286/2732/2608 1535/2733/2609 287/2734/2610
f 287/2734/2610 1535/2733/2609 1521/2735/2611
f 1521/2735/2611 1535/2733/2609 1536/2736/2612
f 1521/2735/2611 1536/2736/2612 1522/2737/2613
f 1522/2737/2613 1536/2736/2612 1537/2738/2614
f 1522/2737/2613 1537/2738/2614 1523/2739/2615
f 1523/2739/2615 1537/2738/2614 1538/2740/2616
f 1523/2739/2615 1538/2740/2616 1524/2741/2617
f 1524/2741/2617 1538/2740/2616 1539/2742/2618
f 1524/2741/2617 1539/2742/2618 1525/2743/2619
f 1525/2743/2619 1539/2742/2618 1540/2744/2620
f 1525/2743/2619 1540/2744/2620 1526/2745/2621
f 1526/2745/2621 1540/2744/2620 1541/2746/2622
f 1526/2745/2621 1541/2746/2622 1527/2747/2623
f 1527/2747/2623 1541/2746/2622 1542/2748/2624
f 1527/2747/2623 1542/2748/2624 1543/2749/2625
f 1527/2747/2623 1543/2749/2625 1528/2750/2626
f 1528/2750/2626 1543/2749/2625 1544/2751/2627
f 1528/2750/2626 1544/2751/2627 1529/2752/2628
f 1529/2752/2628 1544/2751/2627 1545/2753/2629
f 1529/2752/2628 1545/2753/2629 1530/2754/2630
f 1530/2754/2630 1545/2753/2629 1546/2755/2631
f 1530/2754/2630 1546/2755/2631 1531/2756/2632
f 1531/2756/2632 1546/2755/2631 1547/2757/2633
f 1531/2756/2632 1547/2757/2633 1532/2758/2634
f 1532/2758/2634 1547/2757/2633 1548/2759/2635
f 1532/2758/2634 1548/2759/2635 1533/2760/2636
f 1533/2760/2636 1548/2759/2635 1549/2761/2637
f 1533/2760/2636 1549/2761/2637 1534/2762/2638
f 1534/2762/2638 1549/2761/2637 1550/2763/2639
f 1534/2762/2638 1550/2763/2639 355/2764/2640
f 355/2764/2640 1550/2763/2639 356/2765/2641
f 286/2766/2642 285/2767/2643 1535/2768/2644
f 1535/2768/2644 285/2767/2643 1551/2769/2645
f 1535/2768/2644 1551/2769/2645 1536/2770/2646
f 1536/2770/2646 1551/2769/2645 1552/2771/2647
f 1536/2770/2646 1552/2771/2647 1537/2772/2648
f 1537/2772/2648 1552/2771/2647 1553/2773/2649
f 1537/2772/2648 1553/2773/2649 1538/2774/2650
f 1538/2774/2650 1553/2773/2649 1554/2775/2651
f 1538/2774/2650 1554/2775/2651 1539/2776/2652
f 1539/2776/2652 1554/2775/2651 1555/2777/2653
f 1539/2776/2652 1555/2777/2653 1540/2778/2654
f 1540/2778/2654 1555/2777/2653 1556/2779/2655
f 1540/2778/2654 1556/2779/2655 1541/2780/2656
f 1541/2780/2656 1556/2779/2655 1557/2781/2657
f 1541/2780/2656 1557/2781/2657 1542/2782/2658
f 1542/2782/2658 1557/2781/2657 1558/2783/2659
f 1542/2782/2658 1558/2783/2659 1543/2784/2660
f 1543/2784/2660 1558/2783/2659 1559/2785/2661
f 1543/2784/2660 1559/2785/2661 1544/2786/2662
f 1544/2786/2662 1559/2785/2661 1560/2787/2663
f 1544/2786/2662 1560/2787/2663 1545/2788/2664
f 1545/2788/2664 1560/2787/2663 1561/2789/2665
f 1545/2788/2664 1561/2789/2665 1546/2790/2666
f 1546/2790/2666 1561/2789/2665 1562/2791/2667
f 1546/2790/2666 1562/2791/2667 1547/2792/2668
f 1547/2792/2668 1562/2791/2667 1563/2793/2669
f 1547/2792/2668 1563/2793/2669 1548/2794/2670
f 1548/2794/2670 1563/2793/2669 1564/2795/2671
f 1548/2794/2670 1564/2795/2671 1549/2796/2672
f 1549/2796/2672 1564/2795/2671 1565/2797/2673
f 1549/2796/2672 1565/2797/2673 1550/2798/2674
f 1550/2798/2674 1565/2797/2673 1566/2799/2675
f 1550/2798/2674 1566/2799/2675 356/2800/2676
f 356/2800/2676 1566/2799/2675 357/2801/2677
f 284/2802/2678 1567/2803/2679 285/2804/2680
f 285/2804/2680 1567/2803/2679 1551/2805/2681
f 1551/2805/2681 1567/2803/2679 1568/2806/2682
f 1551/2805/2681 1568/2806/2682 1552/2807/2683
f 1552/2807/2683 1568/2806/2682 1569/2808/2684
f 1552/2807/2683 1569/2808/2684 1553/2809/2685
f 1553/2809/2685 1569/2808/2684 1570/2810/2686
f 1553/2809/2685 1570/2810/2686 1554/2811/2687
f 1554/2811/2687 1570/2810/2686 1571/2812/2688
f 1554/2811/2687 1571/2812/2688 1555/2813/2689
f 1555/2813/2689 1571/2812/2688 1572/2814/2690
f 1555/2813/2689 1572/2814/2690 1556/2815/2691
f 1556/2815/2691 1572/2814/2690 1573/2816/2692
f 1556/2815/2691 1573/2816/2692 1557/2817/2693
f 1557/2817/2693 1573/2816/2692 1574/2818/2694
f 1557/2817/2693 1574/2818/2694 1575/2819/2695
f 1557/2817/2693 1575/2819/2695 1558/2820/2696
f 1558/2820/2696 1575/2819/2695 1576/2821/2697
f 1558/2820/2696 1576/2821/2697 1577/2822/2698
f 1558/2820/2696 1577/2822/2698 1559/2823/2699
f 1559/2823/2699 1577/2822/2698 1578/2824/2700
f 1559/2823/2699 1578/2824/2700 1560/2825/2701
f 1560/2825/2701 1578/2824/2700 1579/2826/2702
f 1560/2825/2701 1579/2826/2702 1580/2827/2703
f 1560/2825/2701 1580/2827/2703 1561/2828/2704
f 1561/2828/2704 1580/2827/2703 1581/2829/2705
f 1561/2828/2704 1581/2829/2705 1562/2830/2706
f 1562/2830/2706 1581/2829/2705 1582/2831/2707
f 1562/2830/2706 1582/2831/2707 1563/2832/2708
f 1563/2832/2708 1582/2831/2707 1583/2833/2709
f 1563/2832/2708 1583/2833/2709 1564/2834/2710
f 1564/2834/2710 1583/2833/2709 1584/2835/2711
f 1564/2834/2710 1584/2835/2711 1565/2836/2712
f 1565/2836/2712 1584/2835/2711 1585/2837/2713
f 1565/2836/2712 1585/2837/2713 1566/2838/2714
f 1566/2838/2714 1585/2837/2713 1586/2839/2715
f 1566/2838/2714 1586/2839/2715 357/2840/2716
f 357/2840/2716 1586/2839/2715 358/2841/2717
f 284/2842/2718 283/2843/2719 1567/2844/2720
f 1567/2844/2720 283/2843/2719 1587/2845/2721
f 1567/2844/2720 1587/2845/2721 1568/2846/2722
f 1568/2846/2722 1587/2845/2721 1588/2847/2723
f 1568/2846/2722 1588/2847/2723 1569/2848/2724
f 1569/2848/2724 1588/2847/2723 1589/2849/2725
f 1569/2848/2724 1589/2849/2725 1570/2850/2726
f 1570/2850/2726 1589/2849/2725 1590/2851/2727
f 1570/2850/2726 1590/2851/2727 1571/2852/2728
f 1571/2852/2728 1590/2851/2727 1591/2853/2729
f 1571/2852/2728 1591/2853/2729 1572/2854/2730
f 1572/2854/2730 1591/2853/2729 1592/2855/2731
f 1572/2854/2730 1592/2855/2731 1573/2856/2732
f 1573/2856/2732 1592/2855/2731 1593/2857/2733
f 1573/2856/2732 1593/2857/2733 1574/2858/2734
f 1574/2858/2734 1593/2857/2733 1594/2859/2735
f 1574/2858/2734 1594/2859/2735 1575/2860/2736
f 1575/2860/2736 1594/2859/2735 1595/2861/2737
f 1575/2860/2736 1595/2861/2737 1576/2862/2738
f 1576/2862/2738 1595/2861/2737 1596/2863/2739
f 1576/2862/2738 1596/2863/2739 1577/2864/2740
f 1577/2864/2740 1596/2863/2739 1597/2865/2741
f 1577/2864/2740 1597/2865/2741 1578/2866/2742
f 1578/2866/2742 1597/2865/2741 1598/2867/2743
f 1578/2866/2742 1598/2867/2743 1579/2868/2744
f 1579/2868/2744 1598/2867/2743 1599/2869/2745
f 1579/2868/2744 1599/2869/2745 1580/2870/2746
f 1580/2870/2746 1599/2869/2745 1600/2871/2747
f 1580/2870/2746 1600/2871/2747 1581/2872/2748
f 1581/2872/2748 1600/2871/2747 1601/2873/2749
f 1581/2872/2748 1601/2873/2749 1582/2874/2750
f 1582/2874/2750 1601/2873/2749 1602/2875/2751
f 1582/2874/2750 1602/2875/2751 1583/2876/2752
f 1583/2876/2752 1602/2875/2751 1603/2877/2753
f 1583/2876/2752 1603/2877/2753 1584/2878/2754
f 1584/2878/2754 1603/2877/2753 1604/2879/2755
f 1584/2878/2754 1604/2879/2755 1585/2880/2756
f 1585/2880/2756 1604/2879/2755 1605/2881/2757
f 1585/2880/2756 1605/2881/2757 1586/2882/2758
f 1586/2882/2758 1605/2881/2757 1606/2883/2759
f 1586/2882/2758 1606/2883/2759 358/2884/2760
f 358/2884/2760 1606/2883/2759 359/2885/2761
f 223/2886/2762 222/2887/2763 1474/2888/2764
f 1474/2888/2764 222/2887/2763 1607/2889/2765
f 1474/2888/2764 1607/2889/2765 1475/2890/2766
f 1475/2890/2766 1607/2889/2765 1608/2891/2767
f 1475/2890/2766 1608/2891/2767 1476/2892/2768
f 1476/2892/2768 1608/2891/2767 1609/2893/2769
f 1476/2892/2768 1609/2893/2769 1477/2894/2770
f 1477/2894/2770 1609/2893/2769 1610/2895/2771
f 1477/2894/2770 1610/2895/2771 1478/2896/2772
f 1478/2896/2772 1610/2895/2771 1611/2897/2773
f 1478/2896/2772 1611/2897/2773 1479/2898/2774
f 1479/2898/2774 1611/2897/2773 1612/2899/2775
f 1479/2898/2774 1612/2899/2775 1480/2900/2776
f 1480/2900/2776 1612/2899/2775 1613/2901/2777
f 1480/2900/2776 1613/2901/2777 1481/2902/2778
f 1481/2902/2778 1613/2901/2777 1614/2903/2779
f 1481/2902/2778 1614/2903/2779 1482/2904/2780
f 1482/2904/2780 1614/2903/2779 1615/2905/2781
f 1482/2904/2780 1615/2905/2781 1483/2906/2782
f 1483/2906/2782 1615/2905/2781 1616/2907/2783
f 1483/2906/2782 1616/2907/2783 1484/2908/2784
f 1484/2908/2784 1616/2907/2783 1617/2909/2785
f 1484/2908/2784 1617/2909/2785 309/2910/2786
f 309/2910/2786 1617/2909/2785 310/2911/2787
f 222/2912/2763 221/2913/2788 1607/2914/2765
f 1607/2914/2765 221/2913/2788 220/2915/2789
f 1607/2914/2765 220/2915/2789 1629/2916/2790
f 1629/2916/2790 220/2915/2789 219/2917/2791
f 1629/2916/2790 219/2917/2791 1618/2918/2792
f 1629/2916/2790 1618/2918/2792 1630/2919/2793
f 1630/2919/2793 1618/2918/2792 1619/2920/2794
f 1630/2919/2793 1619/2920/2794 1631/2921/2795
f 1631/2921/2795 1619/2920/2794 1620/2922/2796
f 1631/2921/2795 1620/2922/2796 1632/2923/2797
f 1632/2923/2797 1620/2922/2796 1621/2924/2798
f 1632/2923/2797 1621/2924/2798 1633/2925/2799
f 1633/2925/2799 1621/2924/2798 1622/2926/2800
f 1633/2925/2799 1622/2926/2800 1634/2927/2801
f 1634/2927/2801 1622/2926/2800 1623/2928/2802
f 1634/2927/2801 1623/2928/2802 1635/2929/2803
f 1635/2929/2803 1623/2928/2802 1624/2930/2804
f 1635/2929/2803 1624/2930/2804 1636/2931/2805
f 1636/2931/2805 1624/2930/2804 1625/2932/2806
f 1636/2931/2805 1625/2932/2806 1637/2933/2807
f 1637/2933/2807 1625/2932/2806 1626/2934/2808
f 1637/2933/2807 1626/2934/2808 1638/2935/2809
f 1638/2935/2809 1626/2934/2808 1627/2936/2810
f 1638/2935/2809 1627/2936/2810 1639/2937/2811
f 1639/2937/2811 1627/2936/2810 1628/2938/2812
f 1639/2937/2811 1628/2938/2812 311/2939/2813
f 311/2939/2813 1628/2938/2812 312/2940/2814
f 312/2940/2814 1628/2938/2812 313/2941/2815
f 311/2939/2813 310/2942/2787 1639/2937/2811
f 1639/2937/2811 310/2942/2787 1617/2943/2785
f 1639/2937/2811 1617/2943/2785 1638/2935/2809
f 1638/2935/2809 1617/2943/2785 1616/2944/2783
f 1638/2935/2809 1616/2944/2783 1637/2933/2807
f 1637/2933/2807 1616/2944/2783 1615/2945/2781
f 1637/2933/2807 1615/2945/2781 1636/2931/2805
f 1636/2931/2805 1615/2945/2781 1614/2946/2779
f 1636/2931/2805 1614/2946/2779 1635/2929/2803
f 1635/2929/2803 1614/2946/2779 1613/2947/2777
f 1635/2929/2803 1613/2947/2777 1634/2927/2801
f 1634/2927/2801 1613/2947/2777 1612/2948/2775
f 1634/2927/2801 1612/2948/2775 1633/2925/2799
f 1633/2925/2799 1612/2948/2775 1611/2949/2773
f 1633/2925/2799 1611/2949/2773 1632/2923/2797
f 1632/2923/2797 1611/2949/2773 1610/2950/2771
f 1632/2923/2797 1610/2950/2771 1631/2921/2795
f 1631/2921/2795 1610/2950/2771 1609/2951/2769
f 1631/2921/2795 1609/2951/2769 1630/2919/2793
f 1630/2919/2793 1609/2951/2769 1608/2952/2767
f 1630/2919/2793 1608/2952/2767 1629/2916/2790
f 1629/2916/2790 1608/2952/2767 1607/2914/2765
f 219/2953/2791 218/2954/2048 1618/2955/2792
f 1618/2955/2792 218/2954/2048 1303/2956/2022
f 1618/2955/2792 1303/2956/2022 1619/2957/2794
f 1619/2957/2794 1303/2956/2022 1302/2958/2024
f 1619/2957/2794 1302/2958/2024 1620/2959/2796
f 1620/2959/2796 1302/2958/2024 1301/2960/2026
f 1620/2959/2796 1301/2960/2026 1621/2961/2798
f 1621/2961/2798 1301/2960/2026 1300/2962/2028
f 1621/2961/2798 1300/2962/2028 1622/2963/2800
f 1622/2963/2800 1300/2962/2028 1299/2964/2030
f 1622/2963/2800 1299/2964/2030 1623/2965/2802
f 1623/2965/2802 1299/2964/2030 1298/2966/2032
f 1623/2965/2802 1298/2966/2032 1624/2967/2804
f 1624/2967/2804 1298/2966/2032 1297/2968/2034
f 1624/2967/2804 1297/2968/2034 1625/2969/2806
f 1625/2969/2806 1297/2968/2034 1296/2970/2036
f 1625/2969/2806 1296/2970/2036 1626/2971/2808
f 1626/2971/2808 1296/2970/2036 1295/2972/2038
f 1626/2971/2808 1295/2972/2038 1627/2973/2810
f 1627/2973/2810 1295/2972/2038 1294/2974/2040
f 1627/2973/2810 1294/2974/2040 1628/2975/2812
f 1628/2975/2812 1294/2974/2040 1293/2976/2042
f 1628/2975/2812 1293/2976/2042 313/2977/2815
f 313/2977/2815 1293/2976/2042 314/2978/2044
f 283/2979/2816 282/2980/2817 1587/2981/2818
f 1587/2981/2818 282/2980/2817 1473/2982/2819
f 1587/2981/2818 1473/2982/2819 1588/2983/2820
f 1588/2983/2820 1473/2982/2819 1472/2984/2821
f 1588/2983/2820 1472/2984/2821 1589/2985/2822
f 1589/2985/2822 1472/2984/2821 1471/2986/2823
f 1589/2985/2822 1471/2986/2823 1590/2987/2824
f 1590/2987/2824 1471/2986/2823 1470/2988/2825
f 1590/2987/2824 1470/2988/2825 1591/2989/2826
f 1591/2989/2826 1470/2988/2825 1469/2990/2827
f 1591/2989/2826 1469/2990/2827 1592/2991/2828
f 1592/2991/2828 1469/2990/2827 1468/2992/2829
f 1592/2991/2828 1468/2992/2829 1593/2993/2830
f 1593/2993/2830 1468/2992/2829 1467/2994/2831
f 1593/2993/2830 1467/2994/2831 1594/2995/2832
f 1594/2995/2832 1467/2994/2831 1466/2996/2833
f 1594/2995/2832 1466/2996/2833 1595/2997/2834
f 1595/2997/2834 1466/2996/2833 1465/2998/2835
f 1595/2997/2834 1465/2998/2835 1596/2999/2836
f 1596/2999/2836 1465/2998/2835 1597/3000/2837
f 1597/3000/2837 1465/2998/2835 1464/3001/2838
f 1597/3000/2837 1464/3001/2838 1598/3002/2839
f 1598/3002/2839 1464/3001/2838 1463/3003/2840
f 1598/3002/2839 1463/3003/2840 1599/3004/2841
f 1599/3004/2841 1463/3003/2840 1462/3005/2842
f 1599/3004/2841 1462/3005/2842 1600/3006/2843
f 1600/3006/2843 1462/3005/2842 1461/3007/2844
f 1600/3006/2843 1461/3007/2844 1601/3008/2845
f 1601/3008/2845 1461/3007/2844 1460/3009/2846
f 1601/3008/2845 1460/3009/2846 1602/3010/2847
f 1602/3010/2847 1460/3009/2846 1459/3011/2848
f 1602/3010/2847 1459/3011/2848 1603/3012/2849
f 1603/3012/2849 1459/3011/2848 1458/3013/2850
f 1603/3012/2849 1458/3013/2850 1604/3014/2851
f 1604/3014/2851 1458/3013/2850 1457/3015/2852
f 1604/3014/2851 1457/3015/2852 1605/3016/2853
f 1605/3016/2853 1457/3015/2852 1456/3017/2854
f 1605/3016/2853 1456/3017/2854 1606/3018/2855
f 1606/3018/2855 1456/3017/2854 360/3019/2856
f 1606/3018/2855 360/3019/2856 359/3020/2857
g Body3

v 7.024289 17.356925 0.000000
v 7.161470 16.791054 0.000000
v 7.039532 16.791054 1.315917
v 6.677872 16.791054 2.587021
v 6.088804 16.791054 3.770028
v 5.292390 16.791054 4.824651
v 4.315750 16.791054 5.714976
v 3.192142 16.791054 6.410685
v 1.959829 16.791054 6.888085
v 0.660777 16.791054 7.130920
v -0.660777 16.791054 7.130920
v -1.959829 16.791054 6.888085
v -3.192142 16.791054 6.410685
v -4.315750 16.791054 5.714976
v -5.292390 16.791054 4.824651
v -6.088804 16.791054 3.770028
v -6.677872 16.791054 2.587021
v -7.039532 16.791054 1.315917
v -7.161470 16.791054 0.000000
v -7.024289 17.356925 0.000000
v -6.904687 17.356925 1.290710
v -6.549955 17.356925 2.537466
v -5.972171 17.356925 3.697812
v -5.191012 17.356925 4.732233
v -4.233080 17.356925 5.605504
v -3.130995 17.356925 6.287886
v -1.922288 17.356925 6.756141
v -0.648120 17.356925 6.994325
v 0.648120 17.356925 6.994325
v 1.922288 17.356925 6.756141
v 3.130995 17.356925 6.287886
v 4.233080 17.356925 5.605504
v 5.191012 17.356925 4.732233
v 5.972171 17.356925 3.697812
v 6.549955 17.356925 2.537466
v 6.904687 17.356925 1.290710
v 7.080620 17.994799 0.000000
v 7.015426 17.787979 0.000000
v 6.996351 17.571969 0.000000
v -6.996351 17.571969 0.000000
v -7.015426 17.787979 0.000000
v -7.080620 17.994799 0.000000
v -6.960059 17.994799 1.301060
v -6.602481 17.994799 2.557815
v -6.020064 17.994799 3.727466
v -5.232641 17.994799 4.770183
v -4.267027 17.994799 5.650457
v -3.156104 17.994799 6.338311
v -1.937704 17.994799 6.810322
v -0.653317 17.994799 7.050415
v 0.653317 17.994799 7.050415
v 1.937704 17.994799 6.810322
v 3.156104 17.994799 6.338311
v 4.267027 17.994799 5.650457
v 5.232641 17.994799 4.770183
v 6.020064 17.994799 3.727466
v 6.602481 17.994799 2.557815
v 6.960059 17.994799 1.301060
v -0.579329 17.787979 6.991465
v 0.577754 17.571969 6.972454
v 6.900929 17.571969 1.151561
v 6.919745 17.787979 1.154701
v 6.617269 17.571969 2.271711
v 6.635311 17.787979 2.277905
v 6.153107 17.571969 3.329895
v 6.169883 17.787979 3.338974
v 5.521104 17.571969 4.297247
v 5.536157 17.787979 4.308964
v 4.738499 17.571969 5.147382
v 4.751419 17.787979 5.161417
v 3.826641 17.571969 5.857110
v 3.837075 17.787979 5.873080
v 2.810402 17.571969 6.407071
v 2.818065 17.787979 6.424540
v 1.717503 17.571969 6.782264
v 1.722185 17.787979 6.800756
v 0.579329 17.787979 6.991465
v -1.717503 17.571969 6.782264
v -1.722185 17.787979 6.800756
v -0.577754 17.571969 6.972454
v -2.810402 17.571969 6.407071
v -2.818065 17.787979 6.424540
v -3.826641 17.571969 5.857110
v -3.837075 17.787979 5.873080
v -4.738499 17.571969 5.147382
v -4.751419 17.787979 5.161417
v -5.521104 17.571969 4.297247
v -5.536157 17.787979 4.308964
v -6.153107 17.571969 3.329895
v -6.169883 17.787979 3.338974
v -6.617269 17.571969 2.271711
v -6.635311 17.787979 2.277905
v -6.900929 17.571969 1.151561
v -6.919745 17.787979 1.154701
v 7.434121 18.799320 0.000000
v -7.434121 18.799320 0.000000
v -7.307541 18.799320 1.366016
v -6.932112 18.799320 2.685514
v -6.320617 18.799320 3.913561
v -5.493882 18.799320 5.008335
v -4.480059 18.799320 5.932557
v -3.313673 18.799320 6.654753
v -2.034444 18.799320 7.150329
v -0.685934 18.799320 7.402409
v 0.685934 18.799320 7.402409
v 2.034444 18.799320 7.150329
v 3.313673 18.799320 6.654753
v 4.480059 18.799320 5.932557
v 5.493882 18.799320 5.008335
v 6.320617 18.799320 3.913561
v 6.932112 18.799320 2.685514
v 7.307541 18.799320 1.366016
v 8.516745 19.997116 0.000000
v -8.516745 19.997116 0.000000
v -8.400588 19.997116 1.401810
v -8.055284 19.997116 2.765383
v -7.490254 19.997116 4.053522
v -6.720908 19.997116 5.231093
v -5.768234 19.997116 6.265973
v -4.658218 19.997116 7.129933
v -3.421137 19.997116 7.799408
v -2.090737 19.997116 8.256135
v -0.703307 19.997116 8.487656
v 0.703307 19.997116 8.487656
v 2.090737 19.997116 8.256135
v 3.421137 19.997116 7.799408
v 4.658218 19.997116 7.129933
v 5.768234 19.997116 6.265973
v 6.720908 19.997116 5.231093
v 7.490254 19.997116 4.053522
v 8.055284 19.997116 2.765383
v 8.400588 19.997116 1.401810
v 14.088244 19.997116 0.000000
v -14.088244 19.997116 0.000000
v -13.967717 19.997116 1.838885
v -13.608199 19.997116 3.646306
v -13.015840 19.997116 5.391338
v -12.200777 19.997116 7.044122
v -11.176955 19.997116 8.576379
v -9.961893 19.997116 9.961893
v -8.576379 19.997116 11.176955
v -7.044122 19.997116 12.200777
v -5.391338 19.997116 13.015840
v -3.646306 19.997116 13.608199
v -1.838885 19.997116 13.967717
v 0.000000 19.997116 14.088244
v 1.838885 19.997116 13.967717
v 3.646306 19.997116 13.608199
v 5.391338 19.997116 13.015840
v 7.044122 19.997116 12.200777
v 8.576379 19.997116 11.176955
v 9.961893 19.997116 9.961893
v 11.176955 19.997116 8.576379
v 12.200777 19.997116 7.044122
v 13.015840 19.997116 5.391338
v 13.608199 19.997116 3.646306
v 13.967717 19.997116 1.838885
v 14.088244 18.325606 0.000000
v -14.088244 18.325606 0.000000
v -13.967717 18.325606 1.838885
v -13.608199 18.325606 3.646306
v -13.015840 18.325606 5.391338
v -12.200777 18.325606 7.044122
v -11.176955 18.325606 8.576379
v -9.961893 18.325606 9.961893
v -8.576379 18.325606 11.176955
v -7.044122 18.325606 12.200777
v -5.391338 18.325606 13.015840
v -3.646306 18.325606 13.608199
v -1.838885 18.325606 13.967717
v 0.000000 18.325606 14.088244
v 1.838885 18.325606 13.967717
v 3.646306 18.325606 13.608199
v 5.391338 18.325606 13.015840
v 7.044122 18.325606 12.200777
v 8.576379 18.325606 11.176955
v 9.961893 18.325606 9.961893
v 11.176955 18.325606 8.576379
v 12.200777 18.325606 7.044122
v 13.015840 18.325606 5.391338
v 13.608199 18.325606 3.646306
v 13.967717 18.325606 1.838885
v 11.866969 18.325606 0.000000
v -11.866969 18.325606 0.000000
v -11.746180 18.325606 1.688846
v -11.386273 18.325606 3.343311
v -10.794574 18.325606 4.929717
v -9.983129 18.325606 6.415768
v -8.968457 18.325606 7.771212
v -7.771212 18.325606 8.968457
v -6.415768 18.325606 9.983129
v -4.929717 18.325606 10.794574
v -3.343311 18.325606 11.386273
v -1.688846 18.325606 11.746180
v -0.000000 18.325606 11.866969
v 1.688846 18.325606 11.746180
v 3.343311 18.325606 11.386273
v 4.929717 18.325606 10.794574
v 6.415768 18.325606 9.983129
v 7.771212 18.325606 8.968457
v 8.968457 18.325606 7.771212
v 9.983129 18.325606 6.415768
v 10.794574 18.325606 4.929717
v 11.386273 18.325606 3.343311
v 11.746180 18.325606 1.688846
v 11.866969 17.573539 0.000000
v -11.866969 17.573539 0.000000
v -11.746180 17.573539 1.688846
v -11.386273 17.573539 3.343311
v -10.794574 17.573539 4.929717
v -9.983129 17.573539 6.415768
v -8.968457 17.573539 7.771212
v -7.771212 17.573539 8.968457
v -6.415768 17.573539 9.983129
v -4.929717 17.573539 10.794574
v -3.343311 17.573539 11.386273
v -1.688846 17.573539 11.746180
v -0.000000 17.573539 11.866969
v 1.688846 17.573539 11.746180
v 3.343311 17.573539 11.386273
v 4.929717 17.573539 10.794574
v 6.415768 17.573539 9.983129
v 7.771212 17.573539 8.968457
v 8.968457 17.573539 7.771212
v 9.983129 17.573539 6.415768
v 10.794574 17.573539 4.929717
v 11.386273 17.573539 3.343311
v 11.746180 17.573539 1.688846
v 11.000000 17.573539 0.000000
v -11.000000 17.573539 0.000000
v -10.877139 17.573539 1.639465
v -10.511301 17.573539 3.242307
v -9.910658 17.573539 4.772721
v -9.088627 17.573539 6.196521
v -8.063571 17.573539 7.481900
v -6.858388 17.573539 8.600146
v -5.500000 17.573539 9.526279
v -4.018751 17.573539 10.239611
v -2.447730 17.573539 10.724207
v -0.822031 17.573539 10.969242
v 0.822031 17.573539 10.969242
v 2.447730 17.573539 10.724207
v 4.018751 17.573539 10.239611
v 5.500000 17.573539 9.526279
v 6.858388 17.573539 8.600146
v 8.063571 17.573539 7.481900
v 9.088627 17.573539 6.196521
v 9.910658 17.573539 4.772721
v 10.511301 17.573539 3.242307
v 10.877139 17.573539 1.639465
v 11.000000 18.404627 0.000000
v -11.000000 18.404627 0.000000
v -10.877139 18.404627 1.639465
v -10.511301 18.404627 3.242307
v -9.910658 18.404627 4.772721
v -9.088627 18.404627 6.196521
v -8.063571 18.404627 7.481900
v -6.858388 18.404627 8.600146
v -5.500000 18.404627 9.526279
v -4.018751 18.404627 10.239611
v -2.447730 18.404627 10.724207
v -0.822031 18.404627 10.969242
v 0.822031 18.404627 10.969242
v 2.447730 18.404627 10.724207
v 4.018751 18.404627 10.239611
v 5.500000 18.404627 9.526279
v 6.858388 18.404627 8.600146
v 8.063571 18.404627 7.481900
v 9.088627 18.404627 6.196521
v 9.910658 18.404627 4.772721
v 10.511301 18.404627 3.242307
v 10.877139 18.404627 1.639465
v 8.703378 18.404627 0.000000
v -8.703378 18.404627 0.000000
v -8.584676 18.404627 1.432529
v -8.231805 18.404627 2.825982
v -7.654393 18.404627 4.142350
v -6.868188 18.404627 5.345726
v -5.894638 18.404627 6.403284
v -4.760297 18.404627 7.286177
v -3.496107 18.404627 7.970322
v -2.136553 18.404627 8.437057
v -0.718719 18.404627 8.673652
v 0.718719 18.404627 8.673652
v 2.136553 18.404627 8.437057
v 3.496107 18.404627 7.970322
v 4.760297 18.404627 7.286177
v 5.894638 18.404627 6.403284
v 6.868188 18.404627 5.345726
v 7.654393 18.404627 4.142350
v 8.231805 18.404627 2.825982
v 8.584676 18.404627 1.432529
v 8.703378 15.970420 0.000000
v -8.703378 15.970420 0.000000
v -8.584676 15.970420 1.432529
v -8.231805 15.970420 2.825982
v -7.654393 15.970420 4.142350
v -6.868188 15.970420 5.345726
v -5.894638 15.970420 6.403284
v -4.760297 15.970420 7.286177
v -3.496107 15.970420 7.970322
v -2.136553 15.970420 8.437057
v -0.718719 15.970420 8.673652
v 0.718719 15.970420 8.673652
v 2.136553 15.970420 8.437057
v 3.496107 15.970420 7.970322
v 4.760297 15.970420 7.286177
v 5.894638 15.970420 6.403284
v 6.868188 15.970420 5.345726
v 7.654393 15.970420 4.142350
v 8.231805 15.970420 2.825982
v 8.584676 15.970420 1.432529
v 8.093685 16.005805 0.000000
v -8.093685 16.005805 0.000000
v -7.970723 16.005805 1.405454
v -7.605576 16.005805 2.768203
v -7.009336 16.005805 4.046842
v -6.200122 16.005805 5.202520
v -5.202520 16.005805 6.200122
v -4.046842 16.005805 7.009336
v -2.768203 16.005805 7.605576
v -1.405454 16.005805 7.970723
v 0.000000 16.005805 8.093685
v 1.405454 16.005805 7.970723
v 2.768203 16.005805 7.605576
v 4.046842 16.005805 7.009336
v 5.202520 16.005805 6.200122
v 6.200122 16.005805 5.202520
v 7.009336 16.005805 4.046842
v 7.605576 16.005805 2.768203
v 7.970723 16.005805 1.405454
v 7.375511 16.373533 0.000000
v 7.522168 16.227089 0.000000
v 7.695864 16.114023 0.000000
v 7.889137 16.039190 0.000000
v -7.889137 16.039190 0.000000
v -7.695864 16.114023 0.000000
v -7.522168 16.227089 0.000000
v -7.375511 16.373533 0.000000
v -7.249928 16.373533 1.355246
v -6.877459 16.373533 2.664342
v -6.270785 16.373533 3.882706
v -5.450568 16.373533 4.968849
v -4.444738 16.373533 5.885784
v -3.287548 16.373533 6.602286
v -2.018404 16.373533 7.093955
v -0.680526 16.373533 7.344048
v 0.680526 16.373533 7.344048
v 2.018404 16.373533 7.093955
v 3.287548 16.373533 6.602286
v 4.444738 16.373533 5.885784
v 5.450568 16.373533 4.968849
v 6.270785 16.373533 3.882706
v 6.877459 16.373533 2.664342
v 7.249928 16.373533 1.355246
v -0.621176 16.227089 7.496476
v 7.781539 16.039190 1.298509
v 7.590903 16.114023 1.266698
v 7.419576 16.227089 1.238108
v 7.461682 16.039190 2.561599
v 7.278881 16.114023 2.498843
v 7.114597 16.227089 2.442444
v 6.938289 16.039190 3.754814
v 6.768311 16.114023 3.662827
v 6.615550 16.227089 3.580156
v 6.225638 16.039190 4.845608
v 6.073118 16.114023 4.726898
v 5.936048 16.227089 4.620212
v 5.343167 16.039190 5.804227
v 5.212267 16.114023 5.662031
v 5.094626 16.227089 5.534239
v 4.314949 16.039190 6.604521
v 4.209239 16.114023 6.442720
v 4.114236 16.227089 6.297307
v 3.169030 16.039190 7.224661
v 3.091393 16.114023 7.047667
v 3.021621 16.227089 6.888601
v 1.936669 16.039190 7.647731
v 1.889223 16.114023 7.460373
v 1.846583 16.227089 7.291992
v 0.651480 16.039190 7.862192
v 0.635519 16.114023 7.669579
v 0.621176 16.227089 7.496476
v -0.651480 16.039190 7.862192
v -0.635519 16.114023 7.669579
v -1.936669 16.039190 7.647731
v -1.889223 16.114023 7.460373
v -1.846583 16.227089 7.291992
v -3.169030 16.039190 7.224661
v -3.091393 16.114023 7.047667
v -3.021621 16.227089 6.888601
v -4.314949 16.039190 6.604521
v -4.209239 16.114023 6.442720
v -4.114236 16.227089 6.297307
v -5.343167 16.039190 5.804227
v -5.212267 16.114023 5.662031
v -5.094626 16.227089 5.534239
v -6.225638 16.039190 4.845608
v -6.073118 16.114023 4.726898
v -5.936048 16.227089 4.620212
v -6.938289 16.039190 3.754814
v -6.768311 16.114023 3.662827
v -6.615550 16.227089 3.580156
v -7.461682 16.039190 2.561599
v -7.278881 16.114023 2.498843
v -7.114597 16.227089 2.442444
v -7.781539 16.039190 1.298509
v -7.590903 16.114023 1.266698
v -7.419576 16.227089 1.238108
v 7.357206 16.396061 0.000000
v -7.357206 16.396061 0.000000
v -7.231936 16.396061 1.351883
v -6.860390 16.396061 2.657729
v -6.255223 16.396061 3.873070
v -5.437041 16.396061 4.956518
v -4.433707 16.396061 5.871177
v -3.279389 16.396061 6.585901
v -2.013395 16.396061 7.076349
v -0.678837 16.396061 7.325822
v 0.678837 16.396061 7.325822
v 2.013395 16.396061 7.076349
v 3.279389 16.396061 6.585901
v 4.433707 16.396061 5.871177
v 5.437041 16.396061 4.956518
v 6.255223 16.396061 3.873070
v 6.860390 16.396061 2.657729
v 7.231936 16.396061 1.351883
v 7.206896 16.650172 0.000000
v 7.272622 16.517539 0.000000
v -7.272622 16.517539 0.000000
v -7.206896 16.650172 0.000000
v -0.597652 16.582638 7.212582
v 0.597652 16.582638 7.212582
v 6.845164 16.582638 2.349948
v 7.138594 16.582638 1.191221
v 6.365017 16.582638 3.444575
v 5.711248 16.582638 4.445243
v 4.901691 16.582638 5.324656
v 3.958429 16.582638 6.058826
v 2.907191 16.582638 6.627728
v 1.776652 16.582638 7.015842
v -1.776652 16.582638 7.015842
v -2.907191 16.582638 6.627728
v -3.958429 16.582638 6.058826
v -4.901691 16.582638 5.324656
v -5.711248 16.582638 4.445243
v -6.365017 16.582638 3.444575
v -6.845164 16.582638 2.349948
v -7.138594 16.582638 1.191221
vt -0.291131 0.000000 0.000000
vt 0.291131 0.000000 0.000000
vt -0.291131 1.310761 0.000000
vt 0.291131 1.310761 0.000000
vt -0.291131 2.621522 0.000000
vt 0.291131 2.621522 0.000000
vt -0.291131 3.932283 0.000000
vt 0.291131 3.932283 0.000000
vt -0.291131 5.243044 0.000000
vt 0.291131 5.243044 0.000000
vt -0.291131 6.553805 0.000000
vt 0.291131 6.553805 0.000000
vt -0.291131 7.864566 0.000000
vt 0.291131 7.864566 0.000000
vt -0.291131 9.175328 0.000000
vt 0.291131 9.175328 0.000000
vt -0.291131 10.486089 0.000000
vt 0.291131 10.486089 0.000000
vt -0.291131 11.796850 0.000000
vt 0.291131 11.796850 0.000000
vt -0.291131 13.107611 0.000000
vt 0.291131 13.107611 0.000000
vt -0.291131 14.418372 0.000000
vt 0.291131 14.418372 0.000000
vt -0.291131 15.729133 0.000000
vt 0.291131 15.729133 0.000000
vt -0.291131 17.039894 0.000000
vt 0.291131 17.039894 0.000000
vt -0.291131 18.350655 0.000000
vt 0.291131 18.350655 0.000000
vt -0.291131 19.661416 0.000000
vt 0.291131 19.661416 0.000000
vt -0.291131 20.972177 0.000000
vt 0.291131 20.972177 0.000000
vt -0.291131 22.282938 0.000000
vt 0.291131 22.282938 0.000000
vt 2.727594 12.289199 0.000000
vt 2.727594 10.995599 0.000000
vt 2.944872 12.153031 0.000000
vt 2.944872 10.995599 0.000000
vt 3.162150 10.995599 0.000000
vt 3.162150 12.153031 0.000000
vt 3.379429 10.995599 0.000000
vt 3.379429 12.289199 0.000000
vt 3.162150 13.310462 0.000000
vt 3.379429 13.582799 0.000000
vt 3.162150 14.467894 0.000000
vt 3.379429 14.876399 0.000000
vt 3.162150 15.625325 0.000000
vt 3.379429 16.169999 0.000000
vt 3.162150 16.782757 0.000000
vt 3.379429 17.463599 0.000000
vt 3.162150 17.940188 0.000000
vt 3.379429 18.757199 0.000000
vt 3.162150 19.097620 0.000000
vt 3.379429 20.050799 0.000000
vt 3.162150 20.255051 0.000000
vt 3.379429 21.344399 0.000000
vt 3.162150 21.412483 0.000000
vt 3.379429 22.637998 0.000000
vt 3.162150 22.569914 0.000000
vt 3.162150 23.727346 0.000000
vt 2.944872 23.727346 0.000000
vt 2.944872 24.884777 0.000000
vt 2.727594 23.931598 0.000000
vt 2.727594 25.225198 0.000000
vt 2.944872 26.042209 0.000000
vt 2.727594 26.518798 0.000000
vt 2.944872 27.199640 0.000000
vt 2.727594 27.812398 0.000000
vt 2.944872 28.357072 0.000000
vt 2.727594 29.105998 0.000000
vt 2.944872 29.514503 0.000000
vt 2.727594 30.399598 0.000000
vt 2.944872 30.671935 0.000000
vt 2.727594 31.693198 0.000000
vt 2.944872 31.829366 0.000000
vt 2.727594 32.986798 0.000000
vt 2.944872 32.986798 0.000000
vt 3.162150 31.829366 0.000000
vt 3.162150 32.986798 0.000000
vt 3.379429 32.986798 0.000000
vt 3.379429 31.693198 0.000000
vt 3.162150 30.671935 0.000000
vt 3.379429 30.399598 0.000000
vt 3.162150 29.514503 0.000000
vt 3.379429 29.105998 0.000000
vt 3.162150 28.357072 0.000000
vt 3.379429 27.812398 0.000000
vt 3.162150 27.199640 0.000000
vt 3.379429 26.518798 0.000000
vt 3.162150 26.042209 0.000000
vt 3.379429 25.225198 0.000000
vt 3.162150 24.884777 0.000000
vt 3.379429 23.931598 0.000000
vt 2.727594 22.637998 0.000000
vt 2.944872 22.569914 0.000000
vt 2.727594 21.344399 0.000000
vt 2.944872 21.412483 0.000000
vt 2.944872 20.255051 0.000000
vt 2.727594 20.050799 0.000000
vt 2.944872 19.097620 0.000000
vt 2.727594 18.757199 0.000000
vt 2.944872 17.940188 0.000000
vt 2.727594 17.463599 0.000000
vt 2.944872 16.782757 0.000000
vt 2.727594 16.169999 0.000000
vt 2.944872 15.625325 0.000000
vt 2.727594 14.876399 0.000000
vt 2.944872 14.467894 0.000000
vt 2.727594 13.582799 0.000000
vt 2.944872 13.310462 0.000000
vt -0.439379 0.000000 0.000000
vt 0.439379 0.000000 0.000000
vt -0.439379 1.341159 0.000000
vt 0.439379 1.341159 0.000000
vt -0.439379 2.682318 0.000000
vt 0.439379 2.682318 0.000000
vt -0.439379 4.023477 0.000000
vt 0.439379 4.023477 0.000000
vt -0.439379 5.364636 0.000000
vt 0.439379 5.364636 0.000000
vt -0.439379 6.705795 0.000000
vt 0.439379 6.705795 0.000000
vt -0.439379 8.046954 0.000000
vt 0.439379 8.046954 0.000000
vt -0.439379 9.388113 0.000000
vt 0.439379 9.388113 0.000000
vt -0.439379 10.729272 0.000000
vt 0.439379 10.729272 0.000000
vt -0.439379 12.070431 0.000000
vt 0.439379 12.070431 0.000000
vt -0.439379 13.411589 0.000000
vt 0.439379 13.411589 0.000000
vt -0.439379 14.752748 0.000000
vt 0.439379 14.752748 0.000000
vt -0.439379 16.093907 0.000000
vt 0.439379 16.093907 0.000000
vt -0.439379 17.435066 0.000000
vt 0.439379 17.435066 0.000000
vt -0.439379 18.776225 0.000000
vt 0.439379 18.776225 0.000000
vt -0.439379 20.117384 0.000000
vt 0.439379 20.117384 0.000000
vt -0.439379 21.458543 0.000000
vt 0.439379 21.458543 0.000000
vt -0.439379 22.799702 0.000000
vt 0.439379 22.799702 0.000000
vt -0.807278 0.000000 0.000000
vt 0.807278 0.000000 0.000000
vt -0.807278 1.318714 0.000000
vt 0.807278 1.473857 0.000000
vt -0.807278 2.637428 0.000000
vt 0.807278 2.947713 0.000000
vt -0.807278 3.956141 0.000000
vt 0.807278 4.421570 0.000000
vt -0.807278 5.274855 0.000000
vt 0.807278 5.895426 0.000000
vt -0.807278 6.593569 0.000000
vt 0.807278 7.369283 0.000000
vt -0.807278 7.912283 0.000000
vt 0.807278 8.843140 0.000000
vt -0.807278 9.230997 0.000000
vt 0.807278 10.316996 0.000000
vt -0.807278 10.549710 0.000000
vt 0.807278 11.790853 0.000000
vt -0.807278 11.868424 0.000000
vt 0.807278 13.264709 0.000000
vt -0.807278 13.187138 0.000000
vt -0.807278 14.505852 0.000000
vt 0.807278 14.738566 0.000000
vt -0.807278 15.824565 0.000000
vt 0.807278 16.212422 0.000000
vt -0.807278 17.143279 0.000000
vt 0.807278 17.686279 0.000000
vt -0.807278 18.461993 0.000000
vt 0.807278 19.160136 0.000000
vt -0.807278 19.780707 0.000000
vt 0.807278 20.633992 0.000000
vt -0.807278 21.099421 0.000000
vt 0.807278 22.107849 0.000000
vt -0.807278 22.418134 0.000000
vt 0.807278 23.581705 0.000000
vt -0.807278 23.736848 0.000000
vt 0.807278 25.055562 0.000000
vt -0.807278 25.055562 0.000000
vt 0.000000 0.000000 0.000000
vt 0.000000 -5.571499 0.000000
vt 1.838885 -0.120527 0.000000
vt 1.401810 -5.687656 0.000000
vt 3.646306 -0.480045 0.000000
vt 2.765383 -6.032960 0.000000
vt 5.391338 -1.072404 0.000000
vt 4.053522 -6.597990 0.000000
vt 7.044122 -1.887467 0.000000
vt 5.231093 -7.367336 0.000000
vt 8.576379 -2.911289 0.000000
vt 6.265973 -8.320010 0.000000
vt 9.961893 -4.126351 0.000000
vt 7.129933 -9.430026 0.000000
vt 11.176955 -5.511864 0.000000
vt 7.799408 -10.667106 0.000000
vt 12.200777 -7.044122 0.000000
vt 13.015840 -8.696906 0.000000
vt 8.256135 -11.997507 0.000000
vt 13.608199 -10.441938 0.000000
vt 8.487656 -13.384937 0.000000
vt 13.967717 -12.249359 0.000000
vt 14.088244 -14.088244 0.000000
vt 8.487656 -14.791551 0.000000
vt 13.967717 -15.927129 0.000000
vt 13.608199 -17.734550 0.000000
vt 8.256135 -16.178981 0.000000
vt 13.015840 -19.479581 0.000000
vt 7.799408 -17.509381 0.000000
vt 12.200777 -21.132366 0.000000
vt 11.176955 -22.664623 0.000000
vt 7.129933 -18.746462 0.000000
vt 9.961893 -24.050137 0.000000
vt 6.265973 -19.856478 0.000000
vt 8.576379 -25.265199 0.000000
vt 5.231093 -20.809152 0.000000
vt 7.044122 -26.289021 0.000000
vt 4.053522 -21.578497 0.000000
vt 5.391338 -27.104084 0.000000
vt 2.765383 -22.143528 0.000000
vt 3.646306 -27.696442 0.000000
vt 1.401810 -22.488831 0.000000
vt 1.838885 -28.055961 0.000000
vt 0.000000 -22.604989 0.000000
vt 0.000000 -28.176488 0.000000
vt -0.835755 0.000000 0.000000
vt 0.835755 0.000000 0.000000
vt -0.835755 1.844147 0.000000
vt 0.835755 1.844147 0.000000
vt -0.835755 3.688294 0.000000
vt 0.835755 3.688294 0.000000
vt -0.835755 5.532440 0.000000
vt 0.835755 5.532440 0.000000
vt -0.835755 7.376587 0.000000
vt 0.835755 7.376587 0.000000
vt -0.835755 9.220734 0.000000
vt 0.835755 9.220734 0.000000
vt -0.835755 11.064881 0.000000
vt 0.835755 11.064881 0.000000
vt -0.835755 12.909028 0.000000
vt 0.835755 12.909028 0.000000
vt -0.835755 14.753174 0.000000
vt 0.835755 14.753174 0.000000
vt -0.835755 16.597321 0.000000
vt 0.835755 16.597321 0.000000
vt -0.835755 18.441468 0.000000
vt 0.835755 18.441468 0.000000
vt -0.835755 20.285615 0.000000
vt 0.835755 20.285615 0.000000
vt -0.835755 22.129762 0.000000
vt 0.835755 22.129762 0.000000
vt -0.835755 23.973909 0.000000
vt 0.835755 23.973909 0.000000
vt -0.835755 25.818055 0.000000
vt 0.835755 25.818055 0.000000
vt -0.835755 27.662202 0.000000
vt 0.835755 27.662202 0.000000
vt -0.835755 29.506349 0.000000
vt 0.835755 29.506349 0.000000
vt -0.835755 31.350496 0.000000
vt 0.835755 31.350496 0.000000
vt -0.835755 33.194643 0.000000
vt 0.835755 33.194643 0.000000
vt -0.835755 35.038789 0.000000
vt 0.835755 35.038789 0.000000
vt -0.835755 36.882936 0.000000
vt 0.835755 36.882936 0.000000
vt -0.835755 38.727083 0.000000
vt 0.835755 38.727083 0.000000
vt -0.835755 40.571230 0.000000
vt 0.835755 40.571230 0.000000
vt -0.835755 42.415377 0.000000
vt 0.835755 42.415377 0.000000
vt -0.835755 44.259523 0.000000
vt 0.835755 44.259523 0.000000
vt 0.000000 2.221275 0.000000
vt -1.838885 2.100748 0.000000
vt 0.000000 0.000000 0.000000
vt -1.688846 -0.120789 0.000000
vt -3.646306 1.741230 0.000000
vt -3.343311 -0.480696 0.000000
vt -5.391338 1.148871 0.000000
vt -4.929717 -1.072394 0.000000
vt -7.044122 0.333808 0.000000
vt -6.415768 -1.883839 0.000000
vt -8.576379 -0.690013 0.000000
vt -7.771212 -2.898512 0.000000
vt -9.961893 -1.905076 0.000000
vt -8.968457 -4.095757 0.000000
vt -11.176955 -3.290589 0.000000
vt -9.983129 -5.451201 0.000000
vt -12.200777 -4.822847 0.000000
vt -10.794574 -6.937252 0.000000
vt -13.015840 -6.475631 0.000000
vt -11.386273 -8.523657 0.000000
vt -13.608199 -8.220663 0.000000
vt -11.746180 -10.178123 0.000000
vt -13.967717 -10.028084 0.000000
vt -11.866969 -11.866969 0.000000
vt -14.088244 -11.866969 0.000000
vt -13.967717 -13.705854 0.000000
vt -11.746180 -13.555814 0.000000
vt -13.608199 -15.513275 0.000000
vt -11.386273 -15.210280 0.000000
vt -13.015840 -17.258306 0.000000
vt -10.794574 -16.796686 0.000000
vt -12.200777 -18.911091 0.000000
vt -9.983129 -18.282736 0.000000
vt -11.176955 -20.443348 0.000000
vt -8.968457 -19.638181 0.000000
vt -9.961893 -21.828862 0.000000
vt -7.771212 -20.835425 0.000000
vt -8.576379 -23.043924 0.000000
vt -6.415768 -21.850098 0.000000
vt -7.044122 -24.067746 0.000000
vt -4.929717 -22.661543 0.000000
vt -5.391338 -24.882809 0.000000
vt -3.343311 -23.253242 0.000000
vt -3.646306 -25.475167 0.000000
vt -1.688846 -23.613149 0.000000
vt -1.838885 -25.834686 0.000000
vt -0.000000 -23.733937 0.000000
vt -0.000000 -25.955213 0.000000
vt -0.376033 0.000000 0.000000
vt 0.376033 0.000000 0.000000
vt -0.376033 1.694599 0.000000
vt 0.376033 1.694599 0.000000
vt -0.376033 3.389198 0.000000
vt 0.376033 3.389198 0.000000
vt -0.376033 5.083798 0.000000
vt 0.376033 5.083798 0.000000
vt -0.376033 6.778397 0.000000
vt 0.376033 6.778397 0.000000
vt -0.376033 8.472996 0.000000
vt 0.376033 8.472996 0.000000
vt -0.376033 10.167595 0.000000
vt 0.376033 10.167595 0.000000
vt -0.376033 11.862194 0.000000
vt 0.376033 11.862194 0.000000
vt -0.376033 13.556793 0.000000
vt 0.376033 13.556793 0.000000
vt -0.376033 15.251393 0.000000
vt 0.376033 15.251393 0.000000
vt -0.376033 16.945992 0.000000
vt 0.376033 16.945992 0.000000
vt -0.376033 18.640591 0.000000
vt 0.376033 18.640591 0.000000
vt -0.376033 20.335190 0.000000
vt 0.376033 20.335190 0.000000
vt -0.376033 22.029789 0.000000
vt 0.376033 22.029789 0.000000
vt -0.376033 23.724388 0.000000
vt 0.376033 23.724388 0.000000
vt -0.376033 25.418988 0.000000
vt 0.376033 25.418988 0.000000
vt -0.376033 27.113587 0.000000
vt 0.376033 27.113587 0.000000
vt -0.376033 28.808186 0.000000
vt 0.376033 28.808186 0.000000
vt -0.376033 30.502785 0.000000
vt 0.376033 30.502785 0.000000
vt -0.376033 32.197384 0.000000
vt 0.376033 32.197384 0.000000
vt -0.376033 33.891983 0.000000
vt 0.376033 33.891983 0.000000
vt -0.376033 35.586583 0.000000
vt 0.376033 35.586583 0.000000
vt -0.376033 37.281182 0.000000
vt 0.376033 37.281182 0.000000
vt 0.000000 0.866969 0.000000
vt -1.688846 0.746180 0.000000
vt 0.000000 0.000000 0.000000
vt -1.639465 -0.122861 0.000000
vt -3.343311 0.386273 0.000000
vt -3.242307 -0.488699 0.000000
vt -4.929717 -0.205426 0.000000
vt -4.772721 -1.089342 0.000000
vt -6.415768 -1.016871 0.000000
vt -6.196521 -1.911373 0.000000
vt -7.771212 -2.031543 0.000000
vt -7.481900 -2.936429 0.000000
vt -8.968457 -3.228788 0.000000
vt -8.600146 -4.141612 0.000000
vt -9.983129 -4.584232 0.000000
vt -9.526279 -5.500000 0.000000
vt -10.794574 -6.070283 0.000000
vt -10.239611 -6.981249 0.000000
vt -11.386273 -7.656689 0.000000
vt -10.724207 -8.552270 0.000000
vt -11.746180 -9.311154 0.000000
vt -10.969242 -10.177969 0.000000
vt -11.866969 -11.000000 0.000000
vt -10.969242 -11.822031 0.000000
vt -11.746180 -12.688846 0.000000
vt -10.724207 -13.447730 0.000000
vt -11.386273 -14.343311 0.000000
vt -10.239611 -15.018751 0.000000
vt -10.794574 -15.929717 0.000000
vt -9.526279 -16.500000 0.000000
vt -9.983129 -17.415768 0.000000
vt -8.600146 -17.858388 0.000000
vt -8.968457 -18.771212 0.000000
vt -7.481900 -19.063571 0.000000
vt -7.771212 -19.968457 0.000000
vt -6.196521 -20.088627 0.000000
vt -6.415768 -20.983129 0.000000
vt -4.772721 -20.910658 0.000000
vt -4.929717 -21.794574 0.000000
vt -3.242307 -21.511301 0.000000
vt -3.343311 -22.386273 0.000000
vt -1.639465 -21.877139 0.000000
vt -1.688846 -22.746180 0.000000
vt -0.000000 -22.000000 0.000000
vt -0.000000 -22.866969 0.000000
vt -0.415544 0.000000 0.000000
vt 0.415544 0.000000 0.000000
vt -0.415544 1.645596 0.000000
vt 0.415544 1.645596 0.000000
vt -0.415544 3.291192 0.000000
vt 0.415544 3.291192 0.000000
vt -0.415544 4.936788 0.000000
vt 0.415544 4.936788 0.000000
vt -0.415544 6.582385 0.000000
vt 0.415544 6.582385 0.000000
vt -0.415544 8.227981 0.000000
vt 0.415544 8.227981 0.000000
vt -0.415544 9.873577 0.000000
vt 0.415544 9.873577 0.000000
vt -0.415544 11.519173 0.000000
vt 0.415544 11.519173 0.000000
vt -0.415544 13.164769 0.000000
vt 0.415544 13.164769 0.000000
vt -0.415544 14.810365 0.000000
vt 0.415544 14.810365 0.000000
vt -0.415544 16.455962 0.000000
vt 0.415544 16.455962 0.000000
vt -0.415544 18.101558 0.000000
vt 0.415544 18.101558 0.000000
vt -0.415544 19.747154 0.000000
vt 0.415544 19.747154 0.000000
vt -0.415544 21.392750 0.000000
vt 0.415544 21.392750 0.000000
vt -0.415544 23.038346 0.000000
vt 0.415544 23.038346 0.000000
vt -0.415544 24.683942 0.000000
vt 0.415544 24.683942 0.000000
vt -0.415544 26.329538 0.000000
vt 0.415544 26.329538 0.000000
vt -0.415544 27.975135 0.000000
vt 0.415544 27.975135 0.000000
vt -0.415544 29.620731 0.000000
vt 0.415544 29.620731 0.000000
vt -0.415544 31.266327 0.000000
vt 0.415544 31.266327 0.000000
vt -0.415544 32.911923 0.000000
vt 0.415544 32.911923 0.000000
vt -0.415544 34.557519 0.000000
vt 0.415544 34.557519 0.000000
vt 0.000000 2.296622 0.000000
vt -1.639465 2.173761 0.000000
vt 0.000000 0.000000 0.000000
vt -1.432529 -0.118703 0.000000
vt -3.242307 1.807923 0.000000
vt -2.825982 -0.471573 0.000000
vt -4.772721 1.207279 0.000000
vt -4.142350 -1.048986 0.000000
vt -6.196521 0.385248 0.000000
vt -5.345726 -1.835190 0.000000
vt -7.481900 -0.639808 0.000000
vt -6.403284 -2.808741 0.000000
vt -8.600146 -1.844991 0.000000
vt -7.286177 -3.943082 0.000000
vt -9.526279 -3.203378 0.000000
vt -7.970322 -5.207271 0.000000
vt -10.239611 -4.684627 0.000000
vt -8.437057 -6.566825 0.000000
vt -10.724207 -6.255648 0.000000
vt -8.673652 -7.984659 0.000000
vt -10.969242 -7.881347 0.000000
vt -10.969242 -9.525409 0.000000
vt -8.673652 -9.422098 0.000000
vt -10.724207 -11.151109 0.000000
vt -8.437057 -10.839931 0.000000
vt -10.239611 -12.722130 0.000000
vt -7.970322 -12.199486 0.000000
vt -9.526279 -14.203378 0.000000
vt -7.286177 -13.463675 0.000000
vt -8.600146 -15.561766 0.000000
vt -6.403284 -14.598016 0.000000
vt -7.481900 -16.766949 0.000000
vt -5.345726 -15.571567 0.000000
vt -6.196521 -17.792005 0.000000
vt -4.142350 -16.357771 0.000000
vt -4.772721 -18.614036 0.000000
vt -2.825982 -16.935184 0.000000
vt -3.242307 -19.214679 0.000000
vt -1.432529 -17.288054 0.000000
vt -1.639465 -19.580517 0.000000
vt -0.000000 -17.406757 0.000000
vt -0.000000 -19.703378 0.000000
vt -1.217103 0.000000 0.000000
vt 1.217103 0.000000 0.000000
vt -1.217103 1.439077 0.000000
vt 1.217103 1.439077 0.000000
vt -1.217103 2.878155 0.000000
vt 1.217103 2.878155 0.000000
vt -1.217103 4.317232 0.000000
vt 1.217103 4.317232 0.000000
vt -1.217103 5.756309 0.000000
vt 1.217103 5.756309 0.000000
vt -1.217103 7.195387 0.000000
vt 1.217103 7.195387 0.000000
vt -1.217103 8.634464 0.000000
vt 1.217103 8.634464 0.000000
vt -1.217103 10.073541 0.000000
vt 1.217103 10.073541 0.000000
vt -1.217103 11.512619 0.000000
vt 1.217103 11.512619 0.000000
vt -1.217103 12.951696 0.000000
vt 1.217103 12.951696 0.000000
vt -1.217103 14.390773 0.000000
vt 1.217103 14.390773 0.000000
vt -1.217103 15.829851 0.000000
vt 1.217103 15.829851 0.000000
vt -1.217103 17.268928 0.000000
vt 1.217103 17.268928 0.000000
vt -1.217103 18.708005 0.000000
vt 1.217103 18.708005 0.000000
vt -1.217103 20.147083 0.000000
vt 1.217103 20.147083 0.000000
vt -1.217103 21.586160 0.000000
vt 1.217103 21.586160 0.000000
vt -1.217103 23.025237 0.000000
vt 1.217103 23.025237 0.000000
vt -1.217103 24.464315 0.000000
vt 1.217103 24.464315 0.000000
vt -1.217103 25.903392 0.000000
vt 1.217103 25.903392 0.000000
vt -1.217103 27.342469 0.000000
vt 1.217103 27.342469 0.000000
vt 0.305360 0.000000 0.000000
vt 0.305360 1.388672 0.000000
vt -0.305360 0.000000 0.000000
vt -0.305360 1.465820 0.000000
vt 0.305360 2.777344 0.000000
vt -0.305360 2.931641 0.000000
vt 0.305360 4.166015 0.000000
vt -0.305360 4.397461 0.000000
vt 0.305360 5.554687 0.000000
vt -0.305360 5.863281 0.000000
vt 0.305360 6.943359 0.000000
vt -0.305360 7.329101 0.000000
vt 0.305360 8.332031 0.000000
vt -0.305360 8.794922 0.000000
vt 0.305360 9.720703 0.000000
vt -0.305360 10.260742 0.000000
vt 0.305360 11.109375 0.000000
vt -0.305360 11.726562 0.000000
vt 0.305360 12.498046 0.000000
vt -0.305360 13.192382 0.000000
vt 0.305360 13.886718 0.000000
vt -0.305360 14.658203 0.000000
vt 0.305360 15.275390 0.000000
vt -0.305360 16.124023 0.000000
vt 0.305360 16.664062 0.000000
vt -0.305360 17.589843 0.000000
vt 0.305360 18.052734 0.000000
vt -0.305360 19.055663 0.000000
vt 0.305360 19.441406 0.000000
vt -0.305360 20.521484 0.000000
vt 0.305360 20.830077 0.000000
vt -0.305360 21.987304 0.000000
vt 0.305360 22.218749 0.000000
vt -0.305360 23.453124 0.000000
vt 0.305360 23.607421 0.000000
vt -0.305360 24.918944 0.000000
vt 0.305360 24.996093 0.000000
vt -0.305360 26.384765 0.000000
vt 0.305360 26.384765 0.000000
vt -2.459276 13.510828 0.000000
vt -2.459276 12.088635 0.000000
vt -2.251649 13.361123 0.000000
vt -2.251649 12.088635 0.000000
vt -2.044022 12.088635 0.000000
vt -2.044022 13.361123 0.000000
vt -1.836396 12.088635 0.000000
vt -1.836396 13.361123 0.000000
vt -1.628769 12.088635 0.000000
vt -1.628769 13.431817 0.000000
vt -1.836396 14.633611 0.000000
vt -1.628769 14.774999 0.000000
vt -1.836396 15.906099 0.000000
vt -1.628769 16.118181 0.000000
vt -1.836396 17.178587 0.000000
vt -1.628769 17.461362 0.000000
vt -1.836396 18.451075 0.000000
vt -1.628769 18.804544 0.000000
vt -1.836396 19.723563 0.000000
vt -1.628769 20.147726 0.000000
vt -1.836396 20.996051 0.000000
vt -1.628769 21.490907 0.000000
vt -1.836396 22.268539 0.000000
vt -1.628769 22.834089 0.000000
vt -1.836396 23.541027 0.000000
vt -1.628769 24.177271 0.000000
vt -1.836396 24.813515 0.000000
vt -1.628769 25.520452 0.000000
vt -1.836396 26.086003 0.000000
vt -1.628769 26.863634 0.000000
vt -1.836396 27.358491 0.000000
vt -1.628769 28.206816 0.000000
vt -1.836396 28.630979 0.000000
vt -1.628769 29.549998 0.000000
vt -1.836396 29.903466 0.000000
vt -1.628769 30.893179 0.000000
vt -1.836396 31.175954 0.000000
vt -1.628769 32.236361 0.000000
vt -1.836396 32.448442 0.000000
vt -1.628769 33.579543 0.000000
vt -1.836396 33.720930 0.000000
vt -1.628769 34.922724 0.000000
vt -1.836396 34.993418 0.000000
vt -1.628769 36.265906 0.000000
vt -1.836396 36.265906 0.000000
vt -2.044022 36.265906 0.000000
vt -2.044022 34.993418 0.000000
vt -2.044022 33.720930 0.000000
vt -2.044022 32.448442 0.000000
vt -2.044022 31.175954 0.000000
vt -2.044022 29.903466 0.000000
vt -2.044022 28.630979 0.000000
vt -2.044022 27.358491 0.000000
vt -2.044022 26.086003 0.000000
vt -2.044022 24.813515 0.000000
vt -2.044022 23.541027 0.000000
vt -2.044022 22.268539 0.000000
vt -2.044022 20.996051 0.000000
vt -2.044022 19.723563 0.000000
vt -2.044022 18.451075 0.000000
vt -2.044022 17.178587 0.000000
vt -2.044022 15.906099 0.000000
vt -2.044022 14.633611 0.000000
vt -2.251649 36.265906 0.000000
vt -2.251649 34.993418 0.000000
vt -2.251649 33.720930 0.000000
vt -2.251649 32.448442 0.000000
vt -2.251649 31.175954 0.000000
vt -2.251649 29.903466 0.000000
vt -2.251649 28.630979 0.000000
vt -2.251649 27.358491 0.000000
vt -2.251649 26.086003 0.000000
vt -2.251649 24.813515 0.000000
vt -2.251649 23.541027 0.000000
vt -2.251649 22.268539 0.000000
vt -2.251649 20.996051 0.000000
vt -2.251649 19.723563 0.000000
vt -2.251649 18.451075 0.000000
vt -2.251649 17.178587 0.000000
vt -2.251649 15.906099 0.000000
vt -2.251649 14.633611 0.000000
vt -2.459276 36.265906 0.000000
vt -2.459276 34.843714 0.000000
vt -2.459276 33.421521 0.000000
vt -2.459276 31.999329 0.000000
vt -2.459276 30.577137 0.000000
vt -2.459276 29.154944 0.000000
vt -2.459276 27.732752 0.000000
vt -2.459276 26.310559 0.000000
vt -2.459276 24.888367 0.000000
vt -2.459276 23.466175 0.000000
vt -2.459276 22.043982 0.000000
vt -2.459276 20.621790 0.000000
vt -2.459276 19.199597 0.000000
vt -2.459276 17.777405 0.000000
vt -2.459276 16.355213 0.000000
vt -2.459276 14.933020 0.000000
vt 0.014514 0.000000 0.000000
vt 0.014514 1.361300 0.000000
vt -0.014514 0.000000 0.000000
vt -0.014514 1.361300 0.000000
vt 0.014514 2.722600 0.000000
vt -0.014514 2.722600 0.000000
vt 0.014514 4.083899 0.000000
vt -0.014514 4.083899 0.000000
vt 0.014514 5.445199 0.000000
vt -0.014514 5.445199 0.000000
vt 0.014514 6.806499 0.000000
vt -0.014514 6.806499 0.000000
vt 0.014514 8.167799 0.000000
vt -0.014514 8.167799 0.000000
vt 0.014514 9.529099 0.000000
vt -0.014514 9.529099 0.000000
vt 0.014514 10.890399 0.000000
vt -0.014514 10.890399 0.000000
vt 0.014514 12.251698 0.000000
vt -0.014514 12.251698 0.000000
vt 0.014514 13.612998 0.000000
vt -0.014514 13.612998 0.000000
vt 0.014514 14.974298 0.000000
vt -0.014514 14.974298 0.000000
vt 0.014514 16.335598 0.000000
vt -0.014514 16.335598 0.000000
vt 0.014514 17.696898 0.000000
vt -0.014514 17.696898 0.000000
vt 0.014514 19.058198 0.000000
vt -0.014514 19.058198 0.000000
vt 0.014514 20.419497 0.000000
vt -0.014514 20.419497 0.000000
vt 0.014514 21.780797 0.000000
vt -0.014514 21.780797 0.000000
vt 0.014514 23.142097 0.000000
vt -0.014514 23.142097 0.000000
vt -2.903757 11.368327 0.000000
vt -2.755597 11.368327 0.000000
vt -2.903757 12.705777 0.000000
vt -2.681516 12.564992 0.000000
vt -2.681516 13.761658 0.000000
vt -2.459276 12.705777 0.000000
vt -2.459276 14.043227 0.000000
vt -2.607436 11.368327 0.000000
vt -2.459276 11.368327 0.000000
vt -2.681516 14.958324 0.000000
vt -2.459276 15.380677 0.000000
vt -2.681516 16.154990 0.000000
vt -2.459276 16.718127 0.000000
vt -2.681516 17.351656 0.000000
vt -2.459276 18.055577 0.000000
vt -2.681516 18.548322 0.000000
vt -2.459276 19.393028 0.000000
vt -2.681516 19.744988 0.000000
vt -2.459276 20.730478 0.000000
vt -2.681516 20.941654 0.000000
vt -2.459276 22.067928 0.000000
vt -2.681516 22.138320 0.000000
vt -2.459276 23.405378 0.000000
vt -2.681516 23.334986 0.000000
vt -2.681516 24.531652 0.000000
vt -2.903757 23.405378 0.000000
vt -2.903757 24.742828 0.000000
vt -2.681516 25.728318 0.000000
vt -2.903757 26.080278 0.000000
vt -2.681516 26.924984 0.000000
vt -2.903757 27.417729 0.000000
vt -2.681516 28.121650 0.000000
vt -2.903757 28.755179 0.000000
vt -2.681516 29.318316 0.000000
vt -2.903757 30.092629 0.000000
vt -2.681516 30.514982 0.000000
vt -2.903757 31.430079 0.000000
vt -2.681516 31.711648 0.000000
vt -2.903757 32.767529 0.000000
vt -2.681516 32.908314 0.000000
vt -2.903757 34.104980 0.000000
vt -2.755597 34.104980 0.000000
vt -2.607436 34.104980 0.000000
vt -2.459276 32.767529 0.000000
vt -2.459276 34.104980 0.000000
vt -2.459276 24.742828 0.000000
vt -2.459276 26.080278 0.000000
vt -2.459276 27.417729 0.000000
vt -2.459276 28.755179 0.000000
vt -2.459276 30.092629 0.000000
vt -2.459276 31.430079 0.000000
vt -2.903757 22.067928 0.000000
vt -2.903757 20.730478 0.000000
vt -2.903757 19.393028 0.000000
vt -2.903757 18.055577 0.000000
vt -2.903757 16.718127 0.000000
vt -2.903757 15.380677 0.000000
vt -2.903757 14.043227 0.000000
vt -3.335295 -1.333596 0.000000
vt -1.838813 -2.013348 0.000000
vt -3.380722 -1.192714 0.000000
vt -1.838813 0.420859 0.000000
vt -3.517902 -0.626843 0.000000
vt -3.545841 -0.411799 0.000000
vt -3.526765 -0.195789 0.000000
vt -3.461572 0.011031 0.000000
vt -3.108070 0.815552 0.000000
vt -2.025447 2.013348 0.000000
vt 0.457808 0.420859 0.000000
vt 3.546052 2.013348 0.000000
vt 1.324777 0.341837 0.000000
vt 3.546052 0.341837 0.000000
vt -3.269570 -1.466229 0.000000
vt -3.184985 -1.587707 0.000000
vt -3.166681 -1.610235 0.000000
vt -3.020023 -1.756679 0.000000
vt -2.448507 -1.977963 0.000000
vt -2.846327 -1.869745 0.000000
vt -2.653055 -1.944578 0.000000
vt 0.457808 -0.410229 0.000000
vt 1.324777 -0.410229 0.000000
vt 3.166681 -1.610235 0.000000
vt 3.184985 -1.587707 0.000000
vt 1.838813 -2.013348 0.000000
vt 3.269570 -1.466229 0.000000
vt 3.335295 -1.333596 0.000000
vt 3.380722 -1.192714 0.000000
vt 1.838813 0.420859 0.000000
vt 3.517902 -0.626843 0.000000
vt 3.545841 -0.411799 0.000000
vt 3.526765 -0.195789 0.000000
vt 3.461572 0.011031 0.000000
vt 3.108070 0.815552 0.000000
vt 2.025447 2.013348 0.000000
vt -0.457808 0.420859 0.000000
vt -3.546052 2.013348 0.000000
vt -1.324777 0.341837 0.000000
vt -3.546052 0.341837 0.000000
vt -1.324777 -0.410229 0.000000
vt -0.457808 -0.410229 0.000000
vt 3.020023 -1.756679 0.000000
vt 2.448507 -1.977963 0.000000
vt 2.846327 -1.869745 0.000000
vt 2.653055 -1.944578 0.000000
vn -0.971850 -0.235600 0.000000
vn -0.971850 -0.235600 0.000000
vn -0.955303 -0.235600 -0.178577
vn -0.955303 -0.235600 -0.178577
vn -0.906223 -0.235600 -0.351073
vn -0.906223 -0.235600 -0.351073
vn -0.826284 -0.235600 -0.511613
vn -0.826284 -0.235600 -0.511613
vn -0.718206 -0.235600 -0.654731
vn -0.718206 -0.235600 -0.654731
vn -0.585671 -0.235600 -0.775553
vn -0.585671 -0.235600 -0.775553
vn -0.433191 -0.235600 -0.869965
vn -0.433191 -0.235600 -0.869965
vn -0.265959 -0.235600 -0.934750
vn -0.265959 -0.235600 -0.934750
vn -0.089671 -0.235600 -0.967704
vn -0.089671 -0.235600 -0.967704
vn 0.089671 -0.235600 -0.967704
vn 0.089671 -0.235600 -0.967704
vn 0.265959 -0.235600 -0.934750
vn 0.265959 -0.235600 -0.934750
vn 0.433191 -0.235600 -0.869965
vn 0.433191 -0.235600 -0.869965
vn 0.585671 -0.235600 -0.775553
vn 0.585671 -0.235600 -0.775553
vn 0.718206 -0.235600 -0.654731
vn 0.718206 -0.235600 -0.654731
vn 0.826284 -0.235600 -0.511613
vn 0.826284 -0.235600 -0.511613
vn 0.906223 -0.235600 -0.351073
vn 0.906223 -0.235600 -0.351073
vn 0.955303 -0.235600 -0.178577
vn 0.955303 -0.235600 -0.178577
vn 0.971850 -0.235600 -0.000000
vn 0.971850 -0.235600 -0.000000
vn -0.899931 0.402274 -0.168226
vn -0.915519 0.402274 0.000000
vn -0.967337 0.195454 -0.161420
vn -0.980713 0.195454 0.000000
vn -0.999789 -0.020556 0.000000
vn -0.986153 -0.020556 -0.164560
vn -0.945617 -0.020556 -0.324631
vn -0.879288 -0.020556 -0.475847
vn -0.788974 -0.020556 -0.614083
vn -0.677138 -0.020556 -0.735568
vn -0.546833 -0.020556 -0.836990
vn -0.401611 -0.020556 -0.915580
vn -0.245434 -0.020556 -0.969195
vn -0.082562 -0.020556 -0.996374
vn 0.082562 -0.020556 -0.996374
vn 0.245434 -0.020556 -0.969195
vn 0.240751 0.195454 -0.950703
vn 0.393948 0.195454 -0.898111
vn 0.250544 0.402274 -0.880570
vn 0.408082 0.402274 -0.819539
vn 0.536399 0.195454 -0.821020
vn 0.551724 0.402274 -0.730600
vn 0.664219 0.195454 -0.721534
vn 0.676577 0.402274 -0.616781
vn 0.773920 0.195454 -0.602366
vn 0.778390 0.402274 -0.481959
vn 0.862511 0.195454 -0.466768
vn 0.853696 0.402274 -0.330724
vn 0.927575 0.195454 -0.318437
vn 0.899931 0.402274 -0.168226
vn 0.967337 0.195454 -0.161420
vn 0.915519 0.402274 -0.000000
vn 0.980713 0.195454 -0.000000
vn 0.986153 -0.020556 -0.164560
vn 0.999789 -0.020556 -0.000000
vn 0.945617 -0.020556 -0.324631
vn 0.879288 -0.020556 -0.475847
vn 0.788974 -0.020556 -0.614083
vn 0.677138 -0.020556 -0.735568
vn 0.546833 -0.020556 -0.836990
vn 0.401611 -0.020556 -0.915580
vn 0.084473 0.402274 -0.911614
vn 0.080987 0.195454 -0.977363
vn -0.084473 0.402274 -0.911614
vn -0.080987 0.195454 -0.977363
vn -0.240751 0.195454 -0.950703
vn -0.250544 0.402274 -0.880570
vn -0.393948 0.195454 -0.898111
vn -0.408082 0.402274 -0.819539
vn -0.536399 0.195454 -0.821020
vn -0.551724 0.402274 -0.730600
vn -0.664219 0.195454 -0.721534
vn -0.676577 0.402274 -0.616781
vn -0.773920 0.195454 -0.602366
vn -0.778390 0.402274 -0.481959
vn -0.862511 0.195454 -0.466768
vn -0.853696 0.402274 -0.330724
vn -0.927575 0.195454 -0.318437
vn -0.915519 0.402274 0.000000
vn -0.899931 0.402274 -0.168226
vn -0.853696 0.402274 -0.330724
vn -0.778390 0.402274 -0.481959
vn -0.676577 0.402274 -0.616781
vn -0.551724 0.402274 -0.730600
vn -0.408082 0.402274 -0.819539
vn -0.250544 0.402274 -0.880570
vn -0.084473 0.402274 -0.911614
vn 0.084473 0.402274 -0.911614
vn 0.250544 0.402274 -0.880570
vn 0.408082 0.402274 -0.819539
vn 0.551724 0.402274 -0.730600
vn 0.676577 0.402274 -0.616781
vn 0.778390 0.402274 -0.481959
vn 0.853696 0.402274 -0.330724
vn 0.899931 0.402274 -0.168226
vn 0.915519 0.402274 -0.000000
vn -0.741874 0.670540 0.000000
vn -0.741874 0.670540 0.000000
vn -0.731755 0.670540 -0.122108
vn -0.729242 0.670540 -0.136319
vn -0.701677 0.670540 -0.240886
vn -0.691777 0.670540 -0.267996
vn -0.652458 0.670540 -0.353093
vn -0.630754 0.670540 -0.390546
vn -0.585443 0.670540 -0.455668
vn -0.548251 0.670540 -0.499797
vn -0.502457 0.670540 -0.545814
vn -0.447079 0.670540 -0.592028
vn -0.405766 0.670540 -0.621072
vn -0.330682 0.670540 -0.664098
vn -0.298007 0.670540 -0.679388
vn -0.203023 0.670540 -0.713553
vn -0.182119 0.670540 -0.719173
vn -0.068451 0.670540 -0.738709
vn -0.061263 0.670540 -0.739340
vn 0.068451 0.670540 -0.738709
vn 0.061263 0.670540 -0.739340
vn 0.182119 0.670540 -0.719173
vn 0.203023 0.670540 -0.713553
vn 0.298007 0.670540 -0.679388
vn 0.330682 0.670540 -0.664098
vn 0.405766 0.670540 -0.621072
vn 0.447079 0.670540 -0.592028
vn 0.502457 0.670540 -0.545814
vn 0.548251 0.670540 -0.499797
vn 0.585443 0.670540 -0.455668
vn 0.630754 0.670540 -0.390546
vn 0.652458 0.670540 -0.353093
vn 0.691777 0.670540 -0.267996
vn 0.701677 0.670540 -0.240886
vn 0.729242 0.670540 -0.136319
vn 0.731755 0.670540 -0.122108
vn 0.741874 0.670540 -0.000000
vn 0.741874 0.670540 -0.000000
vn 0.000000 1.000000 0.000000
vn 0.000000 1.000000 0.000000
vn 0.000000 1.000000 0.000000
vn 0.000000 1.000000 0.000000
vn 0.000000 1.000000 0.000000
vn 0.000000 1.000000 0.000000
vn 0.000000 1.000000 0.000000
vn 0.000000 1.000000 0.000000
vn 0.000000 1.000000 0.000000
vn 0.000000 1.000000 0.000000
vn 0.000000 1.000000 0.000000
vn 0.000000 1.000000 0.000000
vn 0.000000 1.000000 0.000000
vn 0.000000 1.000000 0.000000
vn 0.000000 1.000000 0.000000
vn 0.000000 1.000000 0.000000
vn 0.000000 1.000000 0.000000
vn 0.000000 1.000000 0.000000
vn 0.000000 1.000000 0.000000
vn 0.000000 1.000000 0.000000
vn 0.000000 1.000000 0.000000
vn 0.000000 1.000000 0.000000
vn 0.000000 1.000000 0.000000
vn 0.000000 1.000000 0.000000
vn 0.000000 1.000000 0.000000
vn 0.000000 1.000000 0.000000
vn 0.000000 1.000000 0.000000
vn 0.000000 1.000000 0.000000
vn 0.000000 1.000000 0.000000
vn 0.000000 1.000000 0.000000
vn 0.000000 1.000000 0.000000
vn 0.000000 1.000000 0.000000
vn 0.000000 1.000000 0.000000
vn 0.000000 1.000000 0.000000
vn 0.000000 1.000000 0.000000
vn 0.000000 1.000000 0.000000
vn 0.000000 1.000000 0.000000
vn 0.000000 1.000000 0.000000
vn 0.000000 1.000000 0.000000
vn 0.000000 1.000000 0.000000
vn 0.000000 1.000000 0.000000
vn 0.000000 1.000000 0.000000
vn 0.000000 1.000000 0.000000
vn 0.000000 1.000000 0.000000
vn 0.000000 1.000000 0.000000
vn 1.000000 -0.000000 -0.000000
vn 1.000000 -0.000000 -0.000000
vn 0.991445 0.000000 0.130526
vn 0.991445 0.000000 0.130526
vn 0.965926 0.000000 0.258819
vn 0.965926 0.000000 0.258819
vn 0.923880 0.000000 0.382683
vn 0.923880 0.000000 0.382683
vn 0.866025 0.000000 0.500000
vn 0.866025 0.000000 0.500000
vn 0.793353 0.000000 0.608761
vn 0.793353 0.000000 0.608761
vn 0.707107 0.000000 0.707107
vn 0.707107 0.000000 0.707107
vn 0.608761 0.000000 0.793353
vn 0.608761 0.000000 0.793353
vn 0.500000 0.000000 0.866025
vn 0.500000 0.000000 0.866025
vn 0.382683 0.000000 0.923880
vn 0.382683 0.000000 0.923880
vn 0.258819 0.000000 0.965926
vn 0.258819 0.000000 0.965926
vn 0.130526 0.000000 0.991445
vn 0.130526 0.000000 0.991445
vn 0.000000 0.000000 1.000000
vn 0.000000 0.000000 1.000000
vn -0.130526 0.000000 0.991445
vn -0.130526 0.000000 0.991445
vn -0.258819 0.000000 0.965926
vn -0.258819 0.000000 0.965926
vn -0.382683 0.000000 0.923880
vn -0.382683 0.000000 0.923880
vn -0.500000 0.000000 0.866025
vn -0.500000 0.000000 0.866025
vn -0.608761 0.000000 0.793353
vn -0.608761 0.000000 0.793353
vn -0.707107 0.000000 0.707107
vn -0.707107 0.000000 0.707107
vn -0.793353 0.000000 0.608761
vn -0.793353 0.000000 0.608761
vn -0.866025 0.000000 0.500000
vn -0.866025 0.000000 0.500000
vn -0.923880 0.000000 0.382683
vn -0.923880 0.000000 0.382683
vn -0.965926 0.000000 0.258819
vn -0.965926 0.000000 0.258819
vn -0.991445 0.000000 0.130526
vn -0.991445 0.000000 0.130526
vn -1.000000 0.000000 0.000000
vn -1.000000 0.000000 0.000000
vn -0.000000 -1.000000 -0.000000
vn -0.000000 -1.000000 -0.000000
vn -0.000000 -1.000000 -0.000000
vn -0.000000 -1.000000 -0.000000
vn -0.000000 -1.000000 -0.000000
vn -0.000000 -1.000000 -0.000000
vn -0.000000 -1.000000 -0.000000
vn -0.000000 -1.000000 -0.000000
vn -0.000000 -1.000000 -0.000000
vn -0.000000 -1.000000 -0.000000
vn -0.000000 -1.000000 -0.000000
vn -0.000000 -1.000000 -0.000000
vn -0.000000 -1.000000 -0.000000
vn -0.000000 -1.000000 -0.000000
vn -0.000000 -1.000000 -0.000000
vn -0.000000 -1.000000 -0.000000
vn -0.000000 -1.000000 -0.000000
vn -0.000000 -1.000000 -0.000000
vn -0.000000 -1.000000 -0.000000
vn -0.000000 -1.000000 -0.000000
vn -0.000000 -1.000000 -0.000000
vn -0.000000 -1.000000 -0.000000
vn -0.000000 -1.000000 -0.000000
vn -0.000000 -1.000000 -0.000000
vn -0.000000 -1.000000 -0.000000
vn -0.000000 -1.000000 -0.000000
vn -0.000000 -1.000000 -0.000000
vn -0.000000 -1.000000 -0.000000
vn -0.000000 -1.000000 -0.000000
vn -0.000000 -1.000000 -0.000000
vn -0.000000 -1.000000 -0.000000
vn -0.000000 -1.000000 -0.000000
vn -0.000000 -1.000000 -0.000000
vn -0.000000 -1.000000 -0.000000
vn -0.000000 -1.000000 -0.000000
vn -0.000000 -1.000000 -0.000000
vn -0.000000 -1.000000 -0.000000
vn -0.000000 -1.000000 -0.000000
vn -0.000000 -1.000000 -0.000000
vn -0.000000 -1.000000 -0.000000
vn -0.000000 -1.000000 -0.000000
vn -0.000000 -1.000000 -0.000000
vn -0.000000 -1.000000 -0.000000
vn -0.000000 -1.000000 -0.000000
vn -0.000000 -1.000000 -0.000000
vn -0.000000 -1.000000 -0.000000
vn -0.000000 -1.000000 -0.000000
vn -0.000000 -1.000000 -0.000000
vn 1.000000 -0.000000 -0.000000
vn 1.000000 -0.000000 -0.000000
vn 0.989821 0.000000 0.142315
vn 0.989821 0.000000 0.142315
vn 0.959493 0.000000 0.281733
vn 0.959493 0.000000 0.281733
vn 0.909632 0.000000 0.415415
vn 0.909632 0.000000 0.415415
vn 0.841254 0.000000 0.540641
vn 0.841254 0.000000 0.540641
vn 0.755750 0.000000 0.654861
vn 0.755750 0.000000 0.654861
vn 0.654861 0.000000 0.755750
vn 0.654861 0.000000 0.755750
vn 0.540641 0.000000 0.841254
vn 0.540641 0.000000 0.841254
vn 0.415415 0.000000 0.909632
vn 0.415415 0.000000 0.909632
vn 0.281733 0.000000 0.959493
vn 0.281733 0.000000 0.959493
vn 0.142315 0.000000 0.989821
vn 0.142315 0.000000 0.989821
vn -0.000000 0.000000 1.000000
vn -0.000000 0.000000 1.000000
vn -0.142315 0.000000 0.989821
vn -0.142315 0.000000 0.989821
vn -0.281733 0.000000 0.959493
vn -0.281733 0.000000 0.959493
vn -0.415415 0.000000 0.909632
vn -0.415415 0.000000 0.909632
vn -0.540641 0.000000 0.841254
vn -0.540641 0.000000 0.841254
vn -0.654861 0.000000 0.755750
vn -0.654861 0.000000 0.755750
vn -0.755750 0.000000 0.654861
vn -0.755750 0.000000 0.654861
vn -0.841254 0.000000 0.540641
vn -0.841254 0.000000 0.540641
vn -0.909632 0.000000 0.415415
vn -0.909632 0.000000 0.415415
vn -0.959493 0.000000 0.281733
vn -0.959493 0.000000 0.281733
vn -0.989821 0.000000 0.142315
vn -0.989821 0.000000 0.142315
vn -1.000000 0.000000 0.000000
vn -1.000000 0.000000 0.000000
vn -0.000000 -1.000000 -0.000000
vn -0.000000 -1.000000 -0.000000
vn -0.000000 -1.000000 -0.000000
vn -0.000000 -1.000000 -0.000000
vn -0.000000 -1.000000 -0.000000
vn -0.000000 -1.000000 -0.000000
vn -0.000000 -1.000000 -0.000000
vn -0.000000 -1.000000 -0.000000
vn -0.000000 -1.000000 -0.000000
vn -0.000000 -1.000000 -0.000000
vn -0.000000 -1.000000 -0.000000
vn -0.000000 -1.000000 -0.000000
vn -0.000000 -1.000000 -0.000000
vn -0.000000 -1.000000 -0.000000
vn -0.000000 -1.000000 -0.000000
vn -0.000000 -1.000000 -0.000000
vn -0.000000 -1.000000 -0.000000
vn -0.000000 -1.000000 -0.000000
vn -0.000000 -1.000000 -0.000000
vn -0.000000 -1.000000 -0.000000
vn -0.000000 -1.000000 -0.000000
vn -0.000000 -1.000000 -0.000000
vn -0.000000 -1.000000 -0.000000
vn -0.000000 -1.000000 -0.000000
vn -0.000000 -1.000000 -0.000000
vn -0.000000 -1.000000 -0.000000
vn -0.000000 -1.000000 -0.000000
vn -0.000000 -1.000000 -0.000000
vn -0.000000 -1.000000 -0.000000
vn -0.000000 -1.000000 -0.000000
vn -0.000000 -1.000000 -0.000000
vn -0.000000 -1.000000 -0.000000
vn -0.000000 -1.000000 -0.000000
vn -0.000000 -1.000000 -0.000000
vn -0.000000 -1.000000 -0.000000
vn -0.000000 -1.000000 -0.000000
vn -0.000000 -1.000000 -0.000000
vn -0.000000 -1.000000 -0.000000
vn -0.000000 -1.000000 -0.000000
vn -0.000000 -1.000000 -0.000000
vn -0.000000 -1.000000 -0.000000
vn -0.000000 -1.000000 -0.000000
vn -0.000000 -1.000000 -0.000000
vn -0.000000 -1.000000 -0.000000
vn -0.000000 -1.000000 -0.000000
vn -1.000000 0.000000 0.000000
vn -1.000000 0.000000 0.000000
vn -0.988831 0.000000 -0.149042
vn -0.988831 0.000000 -0.149042
vn -0.955573 0.000000 -0.294755
vn -0.955573 0.000000 -0.294755
vn -0.900969 0.000000 -0.433884
vn -0.900969 0.000000 -0.433884
vn -0.826239 0.000000 -0.563320
vn -0.826239 0.000000 -0.563320
vn -0.733052 0.000000 -0.680173
vn -0.733052 0.000000 -0.680173
vn -0.623490 0.000000 -0.781831
vn -0.623490 0.000000 -0.781831
vn -0.500000 0.000000 -0.866025
vn -0.500000 0.000000 -0.866025
vn -0.365341 0.000000 -0.930874
vn -0.365341 0.000000 -0.930874
vn -0.222521 0.000000 -0.974928
vn -0.222521 0.000000 -0.974928
vn -0.074730 0.000000 -0.997204
vn -0.074730 0.000000 -0.997204
vn 0.074730 0.000000 -0.997204
vn 0.074730 0.000000 -0.997204
vn 0.222521 0.000000 -0.974928
vn 0.222521 0.000000 -0.974928
vn 0.365341 0.000000 -0.930874
vn 0.365341 0.000000 -0.930874
vn 0.500000 0.000000 -0.866025
vn 0.500000 0.000000 -0.866025
vn 0.623490 0.000000 -0.781831
vn 0.623490 0.000000 -0.781831
vn 0.733052 0.000000 -0.680173
vn 0.733052 0.000000 -0.680173
vn 0.826239 0.000000 -0.563320
vn 0.826239 0.000000 -0.563320
vn 0.900969 0.000000 -0.433884
vn 0.900969 0.000000 -0.433884
vn 0.955573 0.000000 -0.294755
vn 0.955573 0.000000 -0.294755
vn 0.988831 0.000000 -0.149042
vn 0.988831 0.000000 -0.149042
vn 1.000000 0.000000 -0.000000
vn 1.000000 0.000000 -0.000000
vn -0.000000 -1.000000 -0.000000
vn -0.000000 -1.000000 -0.000000
vn -0.000000 -1.000000 -0.000000
vn -0.000000 -1.000000 -0.000000
vn -0.000000 -1.000000 -0.000000
vn -0.000000 -1.000000 -0.000000
vn -0.000000 -1.000000 -0.000000
vn -0.000000 -1.000000 -0.000000
vn -0.000000 -1.000000 -0.000000
vn -0.000000 -1.000000 -0.000000
vn -0.000000 -1.000000 -0.000000
vn -0.000000 -1.000000 -0.000000
vn -0.000000 -1.000000 -0.000000
vn -0.000000 -1.000000 -0.000000
vn -0.000000 -1.000000 -0.000000
vn -0.000000 -1.000000 -0.000000
vn -0.000000 -1.000000 -0.000000
vn -0.000000 -1.000000 -0.000000
vn -0.000000 -1.000000 -0.000000
vn -0.000000 -1.000000 -0.000000
vn -0.000000 -1.000000 -0.000000
vn -0.000000 -1.000000 -0.000000
vn -0.000000 -1.000000 -0.000000
vn -0.000000 -1.000000 -0.000000
vn -0.000000 -1.000000 -0.000000
vn -0.000000 -1.000000 -0.000000
vn -0.000000 -1.000000 -0.000000
vn -0.000000 -1.000000 -0.000000
vn -0.000000 -1.000000 -0.000000
vn -0.000000 -1.000000 -0.000000
vn -0.000000 -1.000000 -0.000000
vn -0.000000 -1.000000 -0.000000
vn -0.000000 -1.000000 -0.000000
vn -0.000000 -1.000000 -0.000000
vn -0.000000 -1.000000 -0.000000
vn -0.000000 -1.000000 -0.000000
vn -0.000000 -1.000000 -0.000000
vn -0.000000 -1.000000 -0.000000
vn -0.000000 -1.000000 -0.000000
vn -0.000000 -1.000000 -0.000000
vn -0.000000 -1.000000 -0.000000
vn -0.000000 -1.000000 -0.000000
vn 1.000000 -0.000000 -0.000000
vn 1.000000 -0.000000 -0.000000
vn 0.986361 0.000000 0.164595
vn 0.986361 0.000000 0.164595
vn 0.945817 0.000000 0.324699
vn 0.945817 0.000000 0.324699
vn 0.879474 0.000000 0.475947
vn 0.879474 0.000000 0.475947
vn 0.789141 0.000000 0.614213
vn 0.789141 0.000000 0.614213
vn 0.677282 0.000000 0.735724
vn 0.677282 0.000000 0.735724
vn 0.546948 0.000000 0.837166
vn 0.546948 0.000000 0.837166
vn 0.401695 0.000000 0.915773
vn 0.401695 0.000000 0.915773
vn 0.245485 0.000000 0.969400
vn 0.245485 0.000000 0.969400
vn 0.082579 0.000000 0.996584
vn 0.082579 0.000000 0.996584
vn -0.082579 0.000000 0.996584
vn -0.082579 0.000000 0.996584
vn -0.245485 0.000000 0.969400
vn -0.245485 0.000000 0.969400
vn -0.401695 0.000000 0.915773
vn -0.401695 0.000000 0.915773
vn -0.546948 0.000000 0.837166
vn -0.546948 0.000000 0.837166
vn -0.677282 0.000000 0.735724
vn -0.677282 0.000000 0.735724
vn -0.789141 0.000000 0.614213
vn -0.789141 0.000000 0.614213
vn -0.879474 0.000000 0.475947
vn -0.879474 0.000000 0.475947
vn -0.945817 0.000000 0.324699
vn -0.945817 0.000000 0.324699
vn -0.986361 0.000000 0.164595
vn -0.986361 0.000000 0.164595
vn -1.000000 0.000000 0.000000
vn -1.000000 0.000000 0.000000
vn -0.057940 -0.998320 0.000000
vn -0.057150 -0.998320 -0.009537
vn -0.057940 -0.998320 0.000000
vn -0.057060 -0.998320 -0.010061
vn -0.054801 -0.998320 -0.018813
vn -0.054446 -0.998320 -0.019817
vn -0.050957 -0.998320 -0.027576
vn -0.050177 -0.998320 -0.028970
vn -0.045723 -0.998320 -0.035587
vn -0.044385 -0.998320 -0.037243
vn -0.039242 -0.998320 -0.042628
vn -0.037243 -0.998320 -0.044385
vn -0.031690 -0.998320 -0.048505
vn -0.028970 -0.998320 -0.050177
vn -0.023274 -0.998320 -0.053060
vn -0.019817 -0.998320 -0.054446
vn -0.014223 -0.998320 -0.056167
vn -0.010061 -0.998320 -0.057060
vn -0.004785 -0.998320 -0.057742
vn -0.000000 -0.998320 -0.057940
vn 0.004785 -0.998320 -0.057742
vn 0.010061 -0.998320 -0.057060
vn 0.014223 -0.998320 -0.056167
vn 0.019817 -0.998320 -0.054446
vn 0.023274 -0.998320 -0.053060
vn 0.028970 -0.998320 -0.050177
vn 0.031690 -0.998320 -0.048505
vn 0.037243 -0.998320 -0.044385
vn 0.039242 -0.998320 -0.042628
vn 0.044385 -0.998320 -0.037243
vn 0.045723 -0.998320 -0.035587
vn 0.050177 -0.998320 -0.028970
vn 0.050957 -0.998320 -0.027576
vn 0.054446 -0.998320 -0.019817
vn 0.054801 -0.998320 -0.018813
vn 0.057060 -0.998320 -0.010061
vn 0.057150 -0.998320 -0.009537
vn 0.057940 -0.998320 -0.000000
vn 0.057940 -0.998320 -0.000000
vn -0.762899 -0.630593 -0.142611
vn -0.776114 -0.630593 0.000000
vn -0.620871 -0.777036 -0.103605
vn -0.629456 -0.777036 0.000000
vn -0.455760 -0.890103 0.000000
vn -0.449544 -0.890103 -0.075016
vn -0.262488 -0.964935 0.000000
vn -0.258908 -0.964935 -0.043204
vn -0.248265 -0.964935 -0.085230
vn -0.230851 -0.964935 -0.124930
vn -0.207140 -0.964935 -0.161223
vn -0.177778 -0.964935 -0.193118
vn -0.143567 -0.964935 -0.219746
vn -0.105440 -0.964935 -0.240379
vn -0.064437 -0.964935 -0.254455
vn -0.021676 -0.964935 -0.261591
vn 0.021676 -0.964935 -0.261591
vn 0.064437 -0.964935 -0.254455
vn 0.105440 -0.964935 -0.240379
vn 0.143567 -0.964935 -0.219746
vn 0.177778 -0.964935 -0.193118
vn 0.207140 -0.964935 -0.161223
vn 0.230851 -0.964935 -0.124930
vn 0.248265 -0.964935 -0.085230
vn 0.258908 -0.964935 -0.043204
vn 0.262488 -0.964935 -0.000000
vn 0.455760 -0.890103 -0.000000
vn 0.449544 -0.890103 -0.075016
vn 0.431066 -0.890103 -0.147985
vn 0.400829 -0.890103 -0.216918
vn 0.359659 -0.890103 -0.279934
vn 0.308678 -0.890103 -0.335314
vn 0.249277 -0.890103 -0.381547
vn 0.183077 -0.890103 -0.417373
vn 0.111883 -0.890103 -0.441814
vn 0.037636 -0.890103 -0.454204
vn -0.037636 -0.890103 -0.454204
vn -0.111883 -0.890103 -0.441814
vn -0.183077 -0.890103 -0.417373
vn -0.249277 -0.890103 -0.381547
vn -0.308678 -0.890103 -0.335314
vn -0.359659 -0.890103 -0.279934
vn -0.400829 -0.890103 -0.216918
vn -0.431066 -0.890103 -0.147985
vn 0.629456 -0.777036 -0.000000
vn 0.620871 -0.777036 -0.103605
vn 0.595350 -0.777036 -0.204384
vn 0.553590 -0.777036 -0.299588
vn 0.496729 -0.777036 -0.386620
vn 0.426319 -0.777036 -0.463106
vn 0.344280 -0.777036 -0.526959
vn 0.252850 -0.777036 -0.576439
vn 0.154522 -0.777036 -0.610195
vn 0.051980 -0.777036 -0.627306
vn -0.051980 -0.777036 -0.627306
vn -0.154522 -0.777036 -0.610195
vn -0.252850 -0.777036 -0.576439
vn -0.344280 -0.777036 -0.526959
vn -0.426319 -0.777036 -0.463106
vn -0.496729 -0.777036 -0.386620
vn -0.553590 -0.777036 -0.299588
vn -0.595350 -0.777036 -0.204384
vn 0.776114 -0.630593 -0.000000
vn 0.762899 -0.630593 -0.142611
vn 0.723705 -0.630593 -0.280365
vn 0.659865 -0.630593 -0.408571
vn 0.573555 -0.630593 -0.522865
vn 0.467713 -0.630593 -0.619352
vn 0.345944 -0.630593 -0.694749
vn 0.212394 -0.630593 -0.746486
vn 0.071611 -0.630593 -0.772803
vn -0.071611 -0.630593 -0.772803
vn -0.212394 -0.630593 -0.746486
vn -0.345944 -0.630593 -0.694749
vn -0.467713 -0.630593 -0.619352
vn -0.573555 -0.630593 -0.522865
vn -0.659865 -0.630593 -0.408571
vn -0.723705 -0.630593 -0.280365
vn -0.776114 -0.630593 0.000000
vn -0.762899 -0.630593 -0.142611
vn -0.723705 -0.630593 -0.280365
vn -0.659865 -0.630593 -0.408571
vn -0.573555 -0.630593 -0.522865
vn -0.467713 -0.630593 -0.619352
vn -0.345944 -0.630593 -0.694749
vn -0.212394 -0.630593 -0.746486
vn -0.071611 -0.630593 -0.772803
vn 0.071611 -0.630593 -0.772803
vn 0.212394 -0.630593 -0.746486
vn 0.345944 -0.630593 -0.694749
vn 0.467713 -0.630593 -0.619352
vn 0.573555 -0.630593 -0.522865
vn 0.659865 -0.630593 -0.408571
vn 0.723705 -0.630593 -0.280365
vn 0.762899 -0.630593 -0.142611
vn 0.776114 -0.630593 -0.000000
vn -0.926424 -0.376482 0.000000
vn -0.883798 -0.444016 -0.147480
vn -0.847470 -0.444016 -0.290937
vn -0.860698 -0.509115 0.000000
vn -0.788025 -0.444016 -0.426458
vn -0.707085 -0.444016 -0.550346
vn -0.606857 -0.444016 -0.659222
vn -0.490076 -0.444016 -0.750117
vn -0.359927 -0.444016 -0.820550
vn -0.219960 -0.444016 -0.868601
vn -0.073993 -0.444016 -0.892958
vn 0.073993 -0.444016 -0.892958
vn 0.219960 -0.444016 -0.868601
vn 0.359927 -0.444016 -0.820550
vn 0.490076 -0.444016 -0.750117
vn 0.606857 -0.444016 -0.659222
vn 0.707085 -0.444016 -0.550346
vn 0.788025 -0.444016 -0.426458
vn 0.847470 -0.444016 -0.290937
vn 0.883798 -0.444016 -0.147480
vn 0.926424 -0.376482 -0.000000
vn 0.860698 -0.509115 -0.000000
vn -0.000000 0.000000 -1.000000
vn -0.000000 0.000000 -1.000000
vn -0.000000 0.000000 -1.000000
vn -0.000000 0.000000 -1.000000
vn -0.000000 0.000000 -1.000000
vn -0.000000 0.000000 -1.000000
vn -0.000000 0.000000 -1.000000
vn -0.000000 0.000000 -1.000000
vn -0.000000 0.000000 -1.000000
vn -0.000000 0.000000 -1.000000
vn -0.000000 0.000000 -1.000000
vn -0.000000 0.000000 -1.000000
vn -0.000000 0.000000 -1.000000
vn -0.000000 0.000000 -1.000000
vn -0.000000 0.000000 -1.000000
vn -0.000000 0.000000 -1.000000
vn -0.000000 0.000000 -1.000000
vn -0.000000 0.000000 -1.000000
vn -0.000000 0.000000 -1.000000
vn -0.000000 0.000000 -1.000000
vn -0.000000 0.000000 -1.000000
vn -0.000000 0.000000 -1.000000
vn -0.000000 0.000000 -1.000000
vn -0.000000 0.000000 -1.000000
vn -0.000000 0.000000 -1.000000
vn -0.000000 0.000000 -1.000000
vn -0.000000 0.000000 -1.000000
vn -0.000000 0.000000 -1.000000
vn -0.000000 0.000000 -1.000000
vn -0.000000 0.000000 -1.000000
vn -0.000000 0.000000 -1.000000
vn -0.000000 0.000000 -1.000000
vn -0.000000 0.000000 -1.000000
vn -0.000000 0.000000 -1.000000
vn -0.000000 0.000000 -1.000000
vn -0.000000 0.000000 -1.000000
vn -0.000000 0.000000 -1.000000
vn -0.000000 0.000000 -1.000000
vn -0.000000 0.000000 -1.000000
vn -0.000000 0.000000 -1.000000
vn -0.000000 0.000000 -1.000000
vn -0.000000 0.000000 -1.000000
vn -0.000000 0.000000 -1.000000
vn -0.000000 0.000000 -1.000000
vn -0.000000 0.000000 -1.000000
vn -0.000000 0.000000 -1.000000
f 1640/3021/2858 1641/3022/2859 1675/3023/2860
f 1675/3023/2860 1641/3022/2859 1642/3024/2861
f 1675/3023/2860 1642/3024/2861 1674/3025/2862
f 1674/3025/2862 1642/3024/2861 1643/3026/2863
f 1674/3025/2862 1643/3026/2863 1673/3027/2864
f 1673/3027/2864 1643/3026/2863 1644/3028/2865
f 1673/3027/2864 1644/3028/2865 1672/3029/2866
f 1672/3029/2866 1644/3028/2865 1645/3030/2867
f 1672/3029/2866 1645/3030/2867 1671/3031/2868
f 1671/3031/2868 1645/3030/2867 1646/3032/2869
f 1671/3031/2868 1646/3032/2869 1670/3033/2870
f 1670/3033/2870 1646/3032/2869 1647/3034/2871
f 1670/3033/2870 1647/3034/2871 1669/3035/2872
f 1669/3035/2872 1647/3034/2871 1648/3036/2873
f 1669/3035/2872 1648/3036/2873 1668/3037/2874
f 1668/3037/2874 1648/3036/2873 1649/3038/2875
f 1668/3037/2874 1649/3038/2875 1667/3039/2876
f 1667/3039/2876 1649/3038/2875 1650/3040/2877
f 1667/3039/2876 1650/3040/2877 1666/3041/2878
f 1666/3041/2878 1650/3040/2877 1651/3042/2879
f 1666/3041/2878 1651/3042/2879 1665/3043/2880
f 1665/3043/2880 1651/3042/2879 1652/3044/2881
f 1665/3043/2880 1652/3044/2881 1664/3045/2882
f 1664/3045/2882 1652/3044/2881 1653/3046/2883
f 1664/3045/2882 1653/3046/2883 1663/3047/2884
f 1663/3047/2884 1653/3046/2883 1654/3048/2885
f 1663/3047/2884 1654/3048/2885 1662/3049/2886
f 1662/3049/2886 1654/3048/2885 1655/3050/2887
f 1662/3049/2886 1655/3050/2887 1661/3051/2888
f 1661/3051/2888 1655/3050/2887 1656/3052/2889
f 1661/3051/2888 1656/3052/2889 1660/3053/2890
f 1660/3053/2890 1656/3052/2889 1657/3054/2891
f 1660/3053/2890 1657/3054/2891 1659/3055/2892
f 1659/3055/2892 1657/3054/2891 1658/3056/2893
f 1697/3057/2894 1676/3058/2895 1701/3059/2896
f 1701/3059/2896 1676/3058/2895 1677/3060/2897
f 1701/3059/2896 1677/3060/2897 1678/3061/2898
f 1701/3059/2896 1678/3061/2898 1700/3062/2899
f 1700/3062/2899 1678/3061/2898 1640/3063/2858
f 1700/3062/2899 1640/3063/2858 1675/3064/2860
f 1700/3062/2899 1675/3064/2860 1702/3065/2900
f 1702/3065/2900 1675/3064/2860 1674/3066/2862
f 1702/3065/2900 1674/3066/2862 1704/3067/2901
f 1704/3067/2901 1674/3066/2862 1673/3068/2864
f 1704/3067/2901 1673/3068/2864 1706/3069/2902
f 1706/3069/2902 1673/3068/2864 1672/3070/2866
f 1706/3069/2902 1672/3070/2866 1708/3071/2903
f 1708/3071/2903 1672/3070/2866 1671/3072/2868
f 1708/3071/2903 1671/3072/2868 1710/3073/2904
f 1710/3073/2904 1671/3072/2868 1670/3074/2870
f 1710/3073/2904 1670/3074/2870 1712/3075/2905
f 1712/3075/2905 1670/3074/2870 1669/3076/2872
f 1712/3075/2905 1669/3076/2872 1714/3077/2906
f 1714/3077/2906 1669/3076/2872 1668/3078/2874
f 1714/3077/2906 1668/3078/2874 1699/3079/2907
f 1699/3079/2907 1668/3078/2874 1667/3080/2876
f 1699/3079/2907 1667/3080/2876 1719/3081/2908
f 1719/3081/2908 1667/3080/2876 1717/3082/2909
f 1719/3081/2908 1717/3082/2909 1718/3083/2910
f 1718/3083/2910 1717/3082/2909 1721/3084/2911
f 1718/3083/2910 1721/3084/2911 1688/3085/2912
f 1688/3085/2912 1721/3084/2911 1687/3086/2913
f 1687/3086/2913 1721/3084/2911 1723/3087/2914
f 1687/3086/2913 1723/3087/2914 1686/3088/2915
f 1686/3088/2915 1723/3087/2914 1725/3089/2916
f 1686/3088/2915 1725/3089/2916 1685/3090/2917
f 1685/3090/2917 1725/3089/2916 1727/3091/2918
f 1685/3090/2917 1727/3091/2918 1684/3092/2919
f 1684/3092/2919 1727/3091/2918 1729/3093/2920
f 1684/3092/2919 1729/3093/2920 1683/3094/2921
f 1683/3094/2921 1729/3093/2920 1731/3095/2922
f 1683/3094/2921 1731/3095/2922 1682/3096/2923
f 1682/3096/2923 1731/3095/2922 1733/3097/2924
f 1682/3096/2923 1733/3097/2924 1681/3098/2925
f 1681/3098/2925 1733/3097/2924 1680/3099/2926
f 1680/3099/2926 1733/3097/2924 1732/3100/2927
f 1680/3099/2926 1732/3100/2927 1679/3101/2928
f 1679/3101/2928 1732/3100/2927 1659/3102/2892
f 1659/3102/2892 1732/3100/2927 1660/3103/2890
f 1660/3103/2890 1732/3100/2927 1730/3104/2929
f 1660/3103/2890 1730/3104/2929 1661/3105/2888
f 1661/3105/2888 1730/3104/2929 1728/3106/2930
f 1661/3105/2888 1728/3106/2930 1662/3107/2886
f 1662/3107/2886 1728/3106/2930 1726/3108/2931
f 1662/3107/2886 1726/3108/2931 1663/3109/2884
f 1663/3109/2884 1726/3108/2931 1724/3110/2932
f 1663/3109/2884 1724/3110/2932 1664/3111/2882
f 1664/3111/2882 1724/3110/2932 1722/3112/2933
f 1664/3111/2882 1722/3112/2933 1665/3113/2880
f 1665/3113/2880 1722/3112/2933 1720/3114/2934
f 1665/3113/2880 1720/3114/2934 1666/3115/2878
f 1666/3115/2878 1720/3114/2934 1717/3082/2909
f 1666/3115/2878 1717/3082/2909 1667/3080/2876
f 1688/3085/2912 1689/3116/2935 1718/3083/2910
f 1718/3083/2910 1689/3116/2935 1698/3117/2936
f 1718/3083/2910 1698/3117/2936 1719/3081/2908
f 1719/3081/2908 1698/3117/2936 1699/3079/2907
f 1689/3116/2935 1690/3118/2937 1698/3117/2936
f 1698/3117/2936 1690/3118/2937 1716/3119/2938
f 1698/3117/2936 1716/3119/2938 1699/3079/2907
f 1699/3079/2907 1716/3119/2938 1714/3077/2906
f 1716/3119/2938 1690/3118/2937 1715/3120/2939
f 1715/3120/2939 1690/3118/2937 1691/3121/2940
f 1715/3120/2939 1691/3121/2940 1713/3122/2941
f 1713/3122/2941 1691/3121/2940 1692/3123/2942
f 1713/3122/2941 1692/3123/2942 1711/3124/2943
f 1711/3124/2943 1692/3123/2942 1693/3125/2944
f 1711/3124/2943 1693/3125/2944 1709/3126/2945
f 1709/3126/2945 1693/3125/2944 1694/3127/2946
f 1709/3126/2945 1694/3127/2946 1707/3128/2947
f 1707/3128/2947 1694/3127/2946 1695/3129/2948
f 1707/3128/2947 1695/3129/2948 1705/3130/2949
f 1705/3130/2949 1695/3129/2948 1696/3131/2950
f 1705/3130/2949 1696/3131/2950 1703/3132/2951
f 1703/3132/2951 1696/3131/2950 1697/3057/2894
f 1703/3132/2951 1697/3057/2894 1701/3059/2896
f 1703/3132/2951 1701/3059/2896 1700/3062/2899
f 1705/3130/2949 1703/3132/2951 1702/3065/2900
f 1702/3065/2900 1703/3132/2951 1700/3062/2899
f 1707/3128/2947 1705/3130/2949 1704/3067/2901
f 1704/3067/2901 1705/3130/2949 1702/3065/2900
f 1709/3126/2945 1707/3128/2947 1706/3069/2902
f 1706/3069/2902 1707/3128/2947 1704/3067/2901
f 1711/3124/2943 1709/3126/2945 1708/3071/2903
f 1708/3071/2903 1709/3126/2945 1706/3069/2902
f 1713/3122/2941 1711/3124/2943 1710/3073/2904
f 1710/3073/2904 1711/3124/2943 1708/3071/2903
f 1715/3120/2939 1713/3122/2941 1712/3075/2905
f 1712/3075/2905 1713/3122/2941 1710/3073/2904
f 1716/3119/2938 1715/3120/2939 1714/3077/2906
f 1714/3077/2906 1715/3120/2939 1712/3075/2905
f 1723/3087/2914 1721/3084/2911 1720/3114/2934
f 1720/3114/2934 1721/3084/2911 1717/3082/2909
f 1725/3089/2916 1723/3087/2914 1722/3112/2933
f 1722/3112/2933 1723/3087/2914 1720/3114/2934
f 1727/3091/2918 1725/3089/2916 1724/3110/2932
f 1724/3110/2932 1725/3089/2916 1722/3112/2933
f 1729/3093/2920 1727/3091/2918 1726/3108/2931
f 1726/3108/2931 1727/3091/2918 1724/3110/2932
f 1731/3095/2922 1729/3093/2920 1728/3106/2930
f 1728/3106/2930 1729/3093/2920 1726/3108/2931
f 1733/3097/2924 1731/3095/2922 1730/3104/2929
f 1730/3104/2929 1731/3095/2922 1728/3106/2930
f 1732/3100/2927 1733/3097/2924 1730/3104/2929
f 1734/3133/2952 1676/3134/2895 1751/3135/2953
f 1751/3135/2953 1676/3134/2895 1697/3136/2894
f 1751/3135/2953 1697/3136/2894 1750/3137/2954
f 1750/3137/2954 1697/3136/2894 1696/3138/2950
f 1750/3137/2954 1696/3138/2950 1749/3139/2955
f 1749/3139/2955 1696/3138/2950 1695/3140/2948
f 1749/3139/2955 1695/3140/2948 1748/3141/2956
f 1748/3141/2956 1695/3140/2948 1694/3142/2946
f 1748/3141/2956 1694/3142/2946 1747/3143/2957
f 1747/3143/2957 1694/3142/2946 1693/3144/2944
f 1747/3143/2957 1693/3144/2944 1746/3145/2958
f 1746/3145/2958 1693/3144/2944 1692/3146/2942
f 1746/3145/2958 1692/3146/2942 1745/3147/2959
f 1745/3147/2959 1692/3146/2942 1691/3148/2940
f 1745/3147/2959 1691/3148/2940 1744/3149/2960
f 1744/3149/2960 1691/3148/2940 1690/3150/2937
f 1744/3149/2960 1690/3150/2937 1743/3151/2961
f 1743/3151/2961 1690/3150/2937 1689/3152/2935
f 1743/3151/2961 1689/3152/2935 1742/3153/2962
f 1742/3153/2962 1689/3152/2935 1688/3154/2912
f 1742/3153/2962 1688/3154/2912 1741/3155/2963
f 1741/3155/2963 1688/3154/2912 1687/3156/2913
f 1741/3155/2963 1687/3156/2913 1740/3157/2964
f 1740/3157/2964 1687/3156/2913 1686/3158/2915
f 1740/3157/2964 1686/3158/2915 1739/3159/2965
f 1739/3159/2965 1686/3158/2915 1685/3160/2917
f 1739/3159/2965 1685/3160/2917 1738/3161/2966
f 1738/3161/2966 1685/3160/2917 1684/3162/2919
f 1738/3161/2966 1684/3162/2919 1737/3163/2967
f 1737/3163/2967 1684/3162/2919 1683/3164/2921
f 1737/3163/2967 1683/3164/2921 1736/3165/2968
f 1736/3165/2968 1683/3164/2921 1682/3166/2923
f 1736/3165/2968 1682/3166/2923 1735/3167/2969
f 1735/3167/2969 1682/3166/2923 1681/3168/2925
f 1752/3169/2970 1734/3170/2971 1771/3171/2972
f 1771/3171/2972 1734/3170/2971 1751/3172/2973
f 1771/3171/2972 1751/3172/2973 1770/3173/2974
f 1770/3173/2974 1751/3172/2973 1750/3174/2975
f 1770/3173/2974 1750/3174/2975 1769/3175/2976
f 1769/3175/2976 1750/3174/2975 1749/3176/2977
f 1769/3175/2976 1749/3176/2977 1768/3177/2978
f 1768/3177/2978 1749/3176/2977 1748/3178/2979
f 1768/3177/2978 1748/3178/2979 1767/3179/2980
f 1767/3179/2980 1748/3178/2979 1747/3180/2981
f 1767/3179/2980 1747/3180/2981 1766/3181/2982
f 1766/3181/2982 1747/3180/2981 1746/3182/2983
f 1766/3181/2982 1746/3182/2983 1765/3183/2984
f 1765/3183/2984 1746/3182/2983 1745/3184/2985
f 1765/3183/2984 1745/3184/2985 1764/3185/2986
f 1764/3185/2986 1745/3184/2985 1744/3186/2987
f 1764/3185/2986 1744/3186/2987 1763/3187/2988
f 1763/3187/2988 1744/3186/2987 1743/3188/2989
f 1763/3187/2988 1743/3188/2989 1762/3189/2990
f 1762/3189/2990 1743/3188/2989 1761/3190/2991
f 1761/3190/2991 1743/3188/2989 1742/3191/2992
f 1761/3190/2991 1742/3191/2992 1760/3192/2993
f 1760/3192/2993 1742/3191/2992 1741/3193/2994
f 1760/3192/2993 1741/3193/2994 1759/3194/2995
f 1759/3194/2995 1741/3193/2994 1740/3195/2996
f 1759/3194/2995 1740/3195/2996 1758/3196/2997
f 1758/3196/2997 1740/3195/2996 1739/3197/2998
f 1758/3196/2997 1739/3197/2998 1757/3198/2999
f 1757/3198/2999 1739/3197/2998 1738/3199/3000
f 1757/3198/2999 1738/3199/3000 1756/3200/3001
f 1756/3200/3001 1738/3199/3000 1737/3201/3002
f 1756/3200/3001 1737/3201/3002 1755/3202/3003
f 1755/3202/3003 1737/3201/3002 1736/3203/3004
f 1755/3202/3003 1736/3203/3004 1754/3204/3005
f 1754/3204/3005 1736/3203/3004 1735/3205/3006
f 1754/3204/3005 1735/3205/3006 1753/3206/3007
f 1772/3207/3008 1752/3208/3009 1796/3209/3010
f 1796/3209/3010 1752/3208/3009 1771/3210/3011
f 1796/3209/3010 1771/3210/3011 1795/3211/3012
f 1795/3211/3012 1771/3210/3011 1770/3212/3013
f 1795/3211/3012 1770/3212/3013 1794/3213/3014
f 1794/3213/3014 1770/3212/3013 1769/3214/3015
f 1794/3213/3014 1769/3214/3015 1793/3215/3016
f 1793/3215/3016 1769/3214/3015 1768/3216/3017
f 1793/3215/3016 1768/3216/3017 1792/3217/3018
f 1792/3217/3018 1768/3216/3017 1767/3218/3019
f 1792/3217/3018 1767/3218/3019 1791/3219/3020
f 1791/3219/3020 1767/3218/3019 1766/3220/3021
f 1791/3219/3020 1766/3220/3021 1790/3221/3022
f 1790/3221/3022 1766/3220/3021 1765/3222/3023
f 1790/3221/3022 1765/3222/3023 1789/3223/3024
f 1789/3223/3024 1765/3222/3023 1788/3224/3025
f 1788/3224/3025 1765/3222/3023 1764/3225/3026
f 1788/3224/3025 1764/3225/3026 1787/3226/3027
f 1787/3226/3027 1764/3225/3026 1763/3227/3028
f 1787/3226/3027 1763/3227/3028 1786/3228/3029
f 1786/3228/3029 1763/3227/3028 1785/3229/3030
f 1785/3229/3030 1763/3227/3028 1762/3230/3031
f 1785/3229/3030 1762/3230/3031 1784/3231/3032
f 1784/3231/3032 1762/3230/3031 1783/3232/3033
f 1783/3232/3033 1762/3230/3031 1761/3233/3034
f 1783/3232/3033 1761/3233/3034 1782/3234/3035
f 1782/3234/3035 1761/3233/3034 1760/3235/3036
f 1782/3234/3035 1760/3235/3036 1781/3236/3037
f 1781/3236/3037 1760/3235/3036 1780/3237/3038
f 1780/3237/3038 1760/3235/3036 1759/3238/3039
f 1780/3237/3038 1759/3238/3039 1779/3239/3040
f 1779/3239/3040 1759/3238/3039 1758/3240/3041
f 1779/3239/3040 1758/3240/3041 1778/3241/3042
f 1778/3241/3042 1758/3240/3041 1757/3242/3043
f 1778/3241/3042 1757/3242/3043 1777/3243/3044
f 1777/3243/3044 1757/3242/3043 1756/3244/3045
f 1777/3243/3044 1756/3244/3045 1776/3245/3046
f 1776/3245/3046 1756/3244/3045 1755/3246/3047
f 1776/3245/3046 1755/3246/3047 1775/3247/3048
f 1775/3247/3048 1755/3246/3047 1754/3248/3049
f 1775/3247/3048 1754/3248/3049 1774/3249/3050
f 1774/3249/3050 1754/3248/3049 1753/3250/3051
f 1774/3249/3050 1753/3250/3051 1773/3251/3052
f 1797/3252/3053 1772/3253/3054 1821/3254/3055
f 1821/3254/3055 1772/3253/3054 1796/3255/3056
f 1821/3254/3055 1796/3255/3056 1820/3256/3057
f 1820/3256/3057 1796/3255/3056 1795/3257/3058
f 1820/3256/3057 1795/3257/3058 1819/3258/3059
f 1819/3258/3059 1795/3257/3058 1794/3259/3060
f 1819/3258/3059 1794/3259/3060 1818/3260/3061
f 1818/3260/3061 1794/3259/3060 1793/3261/3062
f 1818/3260/3061 1793/3261/3062 1817/3262/3063
f 1817/3262/3063 1793/3261/3062 1792/3263/3064
f 1817/3262/3063 1792/3263/3064 1816/3264/3065
f 1816/3264/3065 1792/3263/3064 1791/3265/3066
f 1816/3264/3065 1791/3265/3066 1815/3266/3067
f 1815/3266/3067 1791/3265/3066 1790/3267/3068
f 1815/3266/3067 1790/3267/3068 1814/3268/3069
f 1814/3268/3069 1790/3267/3068 1789/3269/3070
f 1814/3268/3069 1789/3269/3070 1813/3270/3071
f 1813/3270/3071 1789/3269/3070 1788/3271/3072
f 1813/3270/3071 1788/3271/3072 1812/3272/3073
f 1812/3272/3073 1788/3271/3072 1787/3273/3074
f 1812/3272/3073 1787/3273/3074 1811/3274/3075
f 1811/3274/3075 1787/3273/3074 1786/3275/3076
f 1811/3274/3075 1786/3275/3076 1810/3276/3077
f 1810/3276/3077 1786/3275/3076 1785/3277/3078
f 1810/3276/3077 1785/3277/3078 1809/3278/3079
f 1809/3278/3079 1785/3277/3078 1784/3279/3080
f 1809/3278/3079 1784/3279/3080 1808/3280/3081
f 1808/3280/3081 1784/3279/3080 1783/3281/3082
f 1808/3280/3081 1783/3281/3082 1807/3282/3083
f 1807/3282/3083 1783/3281/3082 1782/3283/3084
f 1807/3282/3083 1782/3283/3084 1806/3284/3085
f 1806/3284/3085 1782/3283/3084 1781/3285/3086
f 1806/3284/3085 1781/3285/3086 1805/3286/3087
f 1805/3286/3087 1781/3285/3086 1780/3287/3088
f 1805/3286/3087 1780/3287/3088 1804/3288/3089
f 1804/3288/3089 1780/3287/3088 1779/3289/3090
f 1804/3288/3089 1779/3289/3090 1803/3290/3091
f 1803/3290/3091 1779/3289/3090 1778/3291/3092
f 1803/3290/3091 1778/3291/3092 1802/3292/3093
f 1802/3292/3093 1778/3291/3092 1777/3293/3094
f 1802/3292/3093 1777/3293/3094 1801/3294/3095
f 1801/3294/3095 1777/3293/3094 1776/3295/3096
f 1801/3294/3095 1776/3295/3096 1800/3296/3097
f 1800/3296/3097 1776/3295/3096 1775/3297/3098
f 1800/3296/3097 1775/3297/3098 1799/3298/3099
f 1799/3298/3099 1775/3297/3098 1774/3299/3100
f 1799/3298/3099 1774/3299/3100 1798/3300/3101
f 1798/3300/3101 1774/3299/3100 1773/3301/3102
f 1797/3302/3103 1821/3303/3104 1822/3304/3105
f 1822/3304/3105 1821/3303/3104 1844/3305/3106
f 1844/3305/3106 1821/3303/3104 1820/3306/3107
f 1844/3305/3106 1820/3306/3107 1843/3307/3108
f 1843/3307/3108 1820/3306/3107 1819/3308/3109
f 1843/3307/3108 1819/3308/3109 1842/3309/3110
f 1842/3309/3110 1819/3308/3109 1818/3310/3111
f 1842/3309/3110 1818/3310/3111 1841/3311/3112
f 1841/3311/3112 1818/3310/3111 1817/3312/3113
f 1841/3311/3112 1817/3312/3113 1840/3313/3114
f 1840/3313/3114 1817/3312/3113 1816/3314/3115
f 1840/3313/3114 1816/3314/3115 1839/3315/3116
f 1839/3315/3116 1816/3314/3115 1815/3316/3117
f 1839/3315/3116 1815/3316/3117 1838/3317/3118
f 1838/3317/3118 1815/3316/3117 1814/3318/3119
f 1838/3317/3118 1814/3318/3119 1837/3319/3120
f 1837/3319/3120 1814/3318/3119 1813/3320/3121
f 1837/3319/3120 1813/3320/3121 1836/3321/3122
f 1836/3321/3122 1813/3320/3121 1812/3322/3123
f 1836/3321/3122 1812/3322/3123 1835/3323/3124
f 1835/3323/3124 1812/3322/3123 1811/3324/3125
f 1835/3323/3124 1811/3324/3125 1834/3325/3126
f 1834/3325/3126 1811/3324/3125 1810/3326/3127
f 1834/3325/3126 1810/3326/3127 1809/3327/3128
f 1834/3325/3126 1809/3327/3128 1833/3328/3129
f 1833/3328/3129 1809/3327/3128 1808/3329/3130
f 1833/3328/3129 1808/3329/3130 1832/3330/3131
f 1832/3330/3131 1808/3329/3130 1807/3331/3132
f 1832/3330/3131 1807/3331/3132 1831/3332/3133
f 1831/3332/3133 1807/3331/3132 1806/3333/3134
f 1831/3332/3133 1806/3333/3134 1830/3334/3135
f 1830/3334/3135 1806/3333/3134 1805/3335/3136
f 1830/3334/3135 1805/3335/3136 1829/3336/3137
f 1829/3336/3137 1805/3335/3136 1804/3337/3138
f 1829/3336/3137 1804/3337/3138 1828/3338/3139
f 1828/3338/3139 1804/3337/3138 1803/3339/3140
f 1828/3338/3139 1803/3339/3140 1827/3340/3141
f 1827/3340/3141 1803/3339/3140 1802/3341/3142
f 1827/3340/3141 1802/3341/3142 1826/3342/3143
f 1826/3342/3143 1802/3341/3142 1801/3343/3144
f 1826/3342/3143 1801/3343/3144 1825/3344/3145
f 1825/3344/3145 1801/3343/3144 1800/3345/3146
f 1825/3344/3145 1800/3345/3146 1824/3346/3147
f 1824/3346/3147 1800/3345/3146 1799/3347/3148
f 1824/3346/3147 1799/3347/3148 1823/3348/3149
f 1823/3348/3149 1799/3347/3148 1798/3349/3150
f 1845/3350/3151 1822/3351/3152 1867/3352/3153
f 1867/3352/3153 1822/3351/3152 1844/3353/3154
f 1867/3352/3153 1844/3353/3154 1866/3354/3155
f 1866/3354/3155 1844/3353/3154 1843/3355/3156
f 1866/3354/3155 1843/3355/3156 1865/3356/3157
f 1865/3356/3157 1843/3355/3156 1842/3357/3158
f 1865/3356/3157 1842/3357/3158 1864/3358/3159
f 1864/3358/3159 1842/3357/3158 1841/3359/3160
f 1864/3358/3159 1841/3359/3160 1863/3360/3161
f 1863/3360/3161 1841/3359/3160 1840/3361/3162
f 1863/3360/3161 1840/3361/3162 1862/3362/3163
f 1862/3362/3163 1840/3361/3162 1839/3363/3164
f 1862/3362/3163 1839/3363/3164 1861/3364/3165
f 1861/3364/3165 1839/3363/3164 1838/3365/3166
f 1861/3364/3165 1838/3365/3166 1860/3366/3167
f 1860/3366/3167 1838/3365/3166 1837/3367/3168
f 1860/3366/3167 1837/3367/3168 1859/3368/3169
f 1859/3368/3169 1837/3367/3168 1836/3369/3170
f 1859/3368/3169 1836/3369/3170 1858/3370/3171
f 1858/3370/3171 1836/3369/3170 1835/3371/3172
f 1858/3370/3171 1835/3371/3172 1857/3372/3173
f 1857/3372/3173 1835/3371/3172 1834/3373/3174
f 1857/3372/3173 1834/3373/3174 1856/3374/3175
f 1856/3374/3175 1834/3373/3174 1833/3375/3176
f 1856/3374/3175 1833/3375/3176 1855/3376/3177
f 1855/3376/3177 1833/3375/3176 1832/3377/3178
f 1855/3376/3177 1832/3377/3178 1854/3378/3179
f 1854/3378/3179 1832/3377/3178 1831/3379/3180
f 1854/3378/3179 1831/3379/3180 1853/3380/3181
f 1853/3380/3181 1831/3379/3180 1830/3381/3182
f 1853/3380/3181 1830/3381/3182 1852/3382/3183
f 1852/3382/3183 1830/3381/3182 1829/3383/3184
f 1852/3382/3183 1829/3383/3184 1851/3384/3185
f 1851/3384/3185 1829/3383/3184 1828/3385/3186
f 1851/3384/3185 1828/3385/3186 1850/3386/3187
f 1850/3386/3187 1828/3385/3186 1827/3387/3188
f 1850/3386/3187 1827/3387/3188 1849/3388/3189
f 1849/3388/3189 1827/3387/3188 1826/3389/3190
f 1849/3388/3189 1826/3389/3190 1848/3390/3191
f 1848/3390/3191 1826/3389/3190 1825/3391/3192
f 1848/3390/3191 1825/3391/3192 1847/3392/3193
f 1847/3392/3193 1825/3391/3192 1824/3393/3194
f 1847/3392/3193 1824/3393/3194 1846/3394/3195
f 1846/3394/3195 1824/3393/3194 1823/3395/3196
f 1845/3396/3197 1867/3397/3198 1868/3398/3199
f 1868/3398/3199 1867/3397/3198 1889/3399/3200
f 1889/3399/3200 1867/3397/3198 1866/3400/3201
f 1889/3399/3200 1866/3400/3201 1888/3401/3202
f 1888/3401/3202 1866/3400/3201 1865/3402/3203
f 1888/3401/3202 1865/3402/3203 1887/3403/3204
f 1887/3403/3204 1865/3402/3203 1864/3404/3205
f 1887/3403/3204 1864/3404/3205 1886/3405/3206
f 1886/3405/3206 1864/3404/3205 1863/3406/3207
f 1886/3405/3206 1863/3406/3207 1885/3407/3208
f 1885/3407/3208 1863/3406/3207 1862/3408/3209
f 1885/3407/3208 1862/3408/3209 1884/3409/3210
f 1884/3409/3210 1862/3408/3209 1861/3410/3211
f 1884/3409/3210 1861/3410/3211 1883/3411/3212
f 1883/3411/3212 1861/3410/3211 1860/3412/3213
f 1883/3411/3212 1860/3412/3213 1882/3413/3214
f 1882/3413/3214 1860/3412/3213 1859/3414/3215
f 1882/3413/3214 1859/3414/3215 1881/3415/3216
f 1881/3415/3216 1859/3414/3215 1858/3416/3217
f 1881/3415/3216 1858/3416/3217 1880/3417/3218
f 1880/3417/3218 1858/3416/3217 1857/3418/3219
f 1880/3417/3218 1857/3418/3219 1879/3419/3220
f 1879/3419/3220 1857/3418/3219 1856/3420/3221
f 1879/3419/3220 1856/3420/3221 1878/3421/3222
f 1878/3421/3222 1856/3420/3221 1855/3422/3223
f 1878/3421/3222 1855/3422/3223 1877/3423/3224
f 1877/3423/3224 1855/3422/3223 1854/3424/3225
f 1877/3423/3224 1854/3424/3225 1876/3425/3226
f 1876/3425/3226 1854/3424/3225 1853/3426/3227
f 1876/3425/3226 1853/3426/3227 1875/3427/3228
f 1875/3427/3228 1853/3426/3227 1852/3428/3229
f 1875/3427/3228 1852/3428/3229 1874/3429/3230
f 1874/3429/3230 1852/3428/3229 1851/3430/3231
f 1874/3429/3230 1851/3430/3231 1873/3431/3232
f 1873/3431/3232 1851/3430/3231 1850/3432/3233
f 1873/3431/3232 1850/3432/3233 1872/3433/3234
f 1872/3433/3234 1850/3432/3233 1849/3434/3235
f 1872/3433/3234 1849/3434/3235 1871/3435/3236
f 1871/3435/3236 1849/3434/3235 1848/3436/3237
f 1871/3435/3236 1848/3436/3237 1870/3437/3238
f 1870/3437/3238 1848/3436/3237 1847/3438/3239
f 1870/3437/3238 1847/3438/3239 1869/3439/3240
f 1869/3439/3240 1847/3438/3239 1846/3440/3241
f 1890/3441/3242 1868/3442/3243 1911/3443/3244
f 1911/3443/3244 1868/3442/3243 1889/3444/3245
f 1911/3443/3244 1889/3444/3245 1910/3445/3246
f 1910/3445/3246 1889/3444/3245 1888/3446/3247
f 1910/3445/3246 1888/3446/3247 1909/3447/3248
f 1909/3447/3248 1888/3446/3247 1887/3448/3249
f 1909/3447/3248 1887/3448/3249 1908/3449/3250
f 1908/3449/3250 1887/3448/3249 1886/3450/3251
f 1908/3449/3250 1886/3450/3251 1907/3451/3252
f 1907/3451/3252 1886/3450/3251 1885/3452/3253
f 1907/3451/3252 1885/3452/3253 1906/3453/3254
f 1906/3453/3254 1885/3452/3253 1884/3454/3255
f 1906/3453/3254 1884/3454/3255 1905/3455/3256
f 1905/3455/3256 1884/3454/3255 1883/3456/3257
f 1905/3455/3256 1883/3456/3257 1904/3457/3258
f 1904/3457/3258 1883/3456/3257 1882/3458/3259
f 1904/3457/3258 1882/3458/3259 1903/3459/3260
f 1903/3459/3260 1882/3458/3259 1881/3460/3261
f 1903/3459/3260 1881/3460/3261 1902/3461/3262
f 1902/3461/3262 1881/3460/3261 1880/3462/3263
f 1902/3461/3262 1880/3462/3263 1901/3463/3264
f 1901/3463/3264 1880/3462/3263 1879/3464/3265
f 1901/3463/3264 1879/3464/3265 1900/3465/3266
f 1900/3465/3266 1879/3464/3265 1878/3466/3267
f 1900/3465/3266 1878/3466/3267 1899/3467/3268
f 1899/3467/3268 1878/3466/3267 1877/3468/3269
f 1899/3467/3268 1877/3468/3269 1898/3469/3270
f 1898/3469/3270 1877/3468/3269 1876/3470/3271
f 1898/3469/3270 1876/3470/3271 1897/3471/3272
f 1897/3471/3272 1876/3470/3271 1875/3472/3273
f 1897/3471/3272 1875/3472/3273 1896/3473/3274
f 1896/3473/3274 1875/3472/3273 1874/3474/3275
f 1896/3473/3274 1874/3474/3275 1895/3475/3276
f 1895/3475/3276 1874/3474/3275 1873/3476/3277
f 1895/3475/3276 1873/3476/3277 1894/3477/3278
f 1894/3477/3278 1873/3476/3277 1872/3478/3279
f 1894/3477/3278 1872/3478/3279 1893/3479/3280
f 1893/3479/3280 1872/3478/3279 1871/3480/3281
f 1893/3479/3280 1871/3480/3281 1892/3481/3282
f 1892/3481/3282 1871/3480/3281 1870/3482/3283
f 1892/3481/3282 1870/3482/3283 1891/3483/3284
f 1891/3483/3284 1870/3482/3283 1869/3484/3285
f 1890/3485/3286 1911/3486/3287 1912/3487/3288
f 1912/3487/3288 1911/3486/3287 1931/3488/3289
f 1931/3488/3289 1911/3486/3287 1910/3489/3290
f 1931/3488/3289 1910/3489/3290 1930/3490/3291
f 1930/3490/3291 1910/3489/3290 1909/3491/3292
f 1930/3490/3291 1909/3491/3292 1929/3492/3293
f 1929/3492/3293 1909/3491/3292 1908/3493/3294
f 1929/3492/3293 1908/3493/3294 1928/3494/3295
f 1928/3494/3295 1908/3493/3294 1907/3495/3296
f 1928/3494/3295 1907/3495/3296 1927/3496/3297
f 1927/3496/3297 1907/3495/3296 1906/3497/3298
f 1927/3496/3297 1906/3497/3298 1926/3498/3299
f 1926/3498/3299 1906/3497/3298 1905/3499/3300
f 1926/3498/3299 1905/3499/3300 1925/3500/3301
f 1925/3500/3301 1905/3499/3300 1904/3501/3302
f 1925/3500/3301 1904/3501/3302 1924/3502/3303
f 1924/3502/3303 1904/3501/3302 1903/3503/3304
f 1924/3502/3303 1903/3503/3304 1923/3504/3305
f 1923/3504/3305 1903/3503/3304 1902/3505/3306
f 1923/3504/3305 1902/3505/3306 1901/3506/3307
f 1923/3504/3305 1901/3506/3307 1922/3507/3308
f 1922/3507/3308 1901/3506/3307 1900/3508/3309
f 1922/3507/3308 1900/3508/3309 1921/3509/3310
f 1921/3509/3310 1900/3508/3309 1899/3510/3311
f 1921/3509/3310 1899/3510/3311 1920/3511/3312
f 1920/3511/3312 1899/3510/3311 1898/3512/3313
f 1920/3511/3312 1898/3512/3313 1919/3513/3314
f 1919/3513/3314 1898/3512/3313 1897/3514/3315
f 1919/3513/3314 1897/3514/3315 1918/3515/3316
f 1918/3515/3316 1897/3514/3315 1896/3516/3317
f 1918/3515/3316 1896/3516/3317 1917/3517/3318
f 1917/3517/3318 1896/3516/3317 1895/3518/3319
f 1917/3517/3318 1895/3518/3319 1916/3519/3320
f 1916/3519/3320 1895/3518/3319 1894/3520/3321
f 1916/3519/3320 1894/3520/3321 1915/3521/3322
f 1915/3521/3322 1894/3520/3321 1893/3522/3323
f 1915/3521/3322 1893/3522/3323 1914/3523/3324
f 1914/3523/3324 1893/3522/3323 1892/3524/3325
f 1914/3523/3324 1892/3524/3325 1913/3525/3326
f 1913/3525/3326 1892/3524/3325 1891/3526/3327
f 1932/3527/3328 1912/3528/3329 1951/3529/3330
f 1951/3529/3330 1912/3528/3329 1931/3530/3331
f 1951/3529/3330 1931/3530/3331 1950/3531/3332
f 1950/3531/3332 1931/3530/3331 1930/3532/3333
f 1950/3531/3332 1930/3532/3333 1949/3533/3334
f 1949/3533/3334 1930/3532/3333 1929/3534/3335
f 1949/3533/3334 1929/3534/3335 1948/3535/3336
f 1948/3535/3336 1929/3534/3335 1928/3536/3337
f 1948/3535/3336 1928/3536/3337 1947/3537/3338
f 1947/3537/3338 1928/3536/3337 1927/3538/3339
f 1947/3537/3338 1927/3538/3339 1946/3539/3340
f 1946/3539/3340 1927/3538/3339 1926/3540/3341
f 1946/3539/3340 1926/3540/3341 1945/3541/3342
f 1945/3541/3342 1926/3540/3341 1925/3542/3343
f 1945/3541/3342 1925/3542/3343 1944/3543/3344
f 1944/3543/3344 1925/3542/3343 1924/3544/3345
f 1944/3543/3344 1924/3544/3345 1943/3545/3346
f 1943/3545/3346 1924/3544/3345 1923/3546/3347
f 1943/3545/3346 1923/3546/3347 1942/3547/3348
f 1942/3547/3348 1923/3546/3347 1922/3548/3349
f 1942/3547/3348 1922/3548/3349 1941/3549/3350
f 1941/3549/3350 1922/3548/3349 1921/3550/3351
f 1941/3549/3350 1921/3550/3351 1940/3551/3352
f 1940/3551/3352 1921/3550/3351 1920/3552/3353
f 1940/3551/3352 1920/3552/3353 1939/3553/3354
f 1939/3553/3354 1920/3552/3353 1919/3554/3355
f 1939/3553/3354 1919/3554/3355 1938/3555/3356
f 1938/3555/3356 1919/3554/3355 1918/3556/3357
f 1938/3555/3356 1918/3556/3357 1937/3557/3358
f 1937/3557/3358 1918/3556/3357 1917/3558/3359
f 1937/3557/3358 1917/3558/3359 1936/3559/3360
f 1936/3559/3360 1917/3558/3359 1916/3560/3361
f 1936/3559/3360 1916/3560/3361 1935/3561/3362
f 1935/3561/3362 1916/3560/3361 1915/3562/3363
f 1935/3561/3362 1915/3562/3363 1934/3563/3364
f 1934/3563/3364 1915/3562/3363 1914/3564/3365
f 1934/3563/3364 1914/3564/3365 1933/3565/3366
f 1933/3565/3366 1914/3564/3365 1913/3566/3367
f 1932/3567/3368 1951/3568/3369 1952/3569/3370
f 1952/3569/3370 1951/3568/3369 1970/3570/3371
f 1970/3570/3371 1951/3568/3369 1950/3571/3372
f 1970/3570/3371 1950/3571/3372 1969/3572/3373
f 1969/3572/3373 1950/3571/3372 1949/3573/3374
f 1969/3572/3373 1949/3573/3374 1968/3574/3375
f 1968/3574/3375 1949/3573/3374 1948/3575/3376
f 1968/3574/3375 1948/3575/3376 1967/3576/3377
f 1967/3576/3377 1948/3575/3376 1947/3577/3378
f 1967/3576/3377 1947/3577/3378 1966/3578/3379
f 1966/3578/3379 1947/3577/3378 1946/3579/3380
f 1966/3578/3379 1946/3579/3380 1965/3580/3381
f 1965/3580/3381 1946/3579/3380 1945/3581/3382
f 1965/3580/3381 1945/3581/3382 1964/3582/3383
f 1964/3582/3383 1945/3581/3382 1944/3583/3384
f 1964/3582/3383 1944/3583/3384 1963/3584/3385
f 1963/3584/3385 1944/3583/3384 1943/3585/3386
f 1963/3584/3385 1943/3585/3386 1962/3586/3387
f 1962/3586/3387 1943/3585/3386 1942/3587/3388
f 1962/3586/3387 1942/3587/3388 1961/3588/3389
f 1961/3588/3389 1942/3587/3388 1941/3589/3390
f 1961/3588/3389 1941/3589/3390 1960/3590/3391
f 1960/3590/3391 1941/3589/3390 1940/3591/3392
f 1960/3590/3391 1940/3591/3392 1959/3592/3393
f 1959/3592/3393 1940/3591/3392 1939/3593/3394
f 1959/3592/3393 1939/3593/3394 1958/3594/3395
f 1958/3594/3395 1939/3593/3394 1938/3595/3396
f 1958/3594/3395 1938/3595/3396 1957/3596/3397
f 1957/3596/3397 1938/3595/3396 1937/3597/3398
f 1957/3596/3397 1937/3597/3398 1956/3598/3399
f 1956/3598/3399 1937/3597/3398 1936/3599/3400
f 1956/3598/3399 1936/3599/3400 1955/3600/3401
f 1955/3600/3401 1936/3599/3400 1935/3601/3402
f 1955/3600/3401 1935/3601/3402 1954/3602/3403
f 1954/3602/3403 1935/3601/3402 1934/3603/3404
f 1954/3602/3403 1934/3603/3404 1953/3604/3405
f 1953/3604/3405 1934/3603/3404 1933/3605/3406
f 1994/3606/3407 1971/3607/3408 1998/3608/3409
f 1998/3608/3409 1971/3607/3408 1972/3609/3410
f 1998/3608/3409 1972/3609/3410 1973/3610/3411
f 1998/3608/3409 1973/3610/3411 1997/3611/3412
f 1997/3611/3412 1973/3610/3411 1974/3612/3413
f 1997/3611/3412 1974/3612/3413 1996/3613/3414
f 1996/3613/3414 1974/3612/3413 1952/3614/3370
f 1996/3613/3414 1952/3614/3370 1970/3615/3371
f 1996/3613/3414 1970/3615/3371 1999/3616/3415
f 1999/3616/3415 1970/3615/3371 1969/3617/3373
f 1999/3616/3415 1969/3617/3373 2002/3618/3416
f 2002/3618/3416 1969/3617/3373 1968/3619/3375
f 2002/3618/3416 1968/3619/3375 2005/3620/3417
f 2005/3620/3417 1968/3619/3375 1967/3621/3377
f 2005/3620/3417 1967/3621/3377 2008/3622/3418
f 2008/3622/3418 1967/3621/3377 1966/3623/3379
f 2008/3622/3418 1966/3623/3379 2011/3624/3419
f 2011/3624/3419 1966/3623/3379 1965/3625/3381
f 2011/3624/3419 1965/3625/3381 2014/3626/3420
f 2014/3626/3420 1965/3625/3381 1964/3627/3383
f 2014/3626/3420 1964/3627/3383 2017/3628/3421
f 2017/3628/3421 1964/3627/3383 1963/3629/3385
f 2017/3628/3421 1963/3629/3385 2020/3630/3422
f 2020/3630/3422 1963/3629/3385 1962/3631/3387
f 2020/3630/3422 1962/3631/3387 2023/3632/3423
f 2023/3632/3423 1962/3631/3387 1961/3633/3389
f 2023/3632/3423 1961/3633/3389 2025/3634/3424
f 2025/3634/3424 1961/3633/3389 1960/3635/3391
f 2025/3634/3424 1960/3635/3391 2028/3636/3425
f 2028/3636/3425 1960/3635/3391 1959/3637/3393
f 2028/3636/3425 1959/3637/3393 2031/3638/3426
f 2031/3638/3426 1959/3637/3393 1958/3639/3395
f 2031/3638/3426 1958/3639/3395 2034/3640/3427
f 2034/3640/3427 1958/3639/3395 1957/3641/3397
f 2034/3640/3427 1957/3641/3397 2037/3642/3428
f 2037/3642/3428 1957/3641/3397 1956/3643/3399
f 2037/3642/3428 1956/3643/3399 2040/3644/3429
f 2040/3644/3429 1956/3643/3399 1955/3645/3401
f 2040/3644/3429 1955/3645/3401 2043/3646/3430
f 2043/3646/3430 1955/3645/3401 1954/3647/3403
f 2043/3646/3430 1954/3647/3403 2046/3648/3431
f 2046/3648/3431 1954/3647/3403 1953/3649/3405
f 2046/3648/3431 1953/3649/3405 1975/3650/3432
f 1975/3650/3432 1976/3651/3433 2046/3648/3431
f 2046/3648/3431 1976/3651/3433 2047/3652/3434
f 2046/3648/3431 2047/3652/3434 2043/3646/3430
f 2043/3646/3430 2047/3652/3434 2044/3653/3435
f 2043/3646/3430 2044/3653/3435 2040/3644/3429
f 2040/3644/3429 2044/3653/3435 2041/3654/3436
f 2040/3644/3429 2041/3654/3436 2037/3642/3428
f 2037/3642/3428 2041/3654/3436 2038/3655/3437
f 2037/3642/3428 2038/3655/3437 2034/3640/3427
f 2034/3640/3427 2038/3655/3437 2035/3656/3438
f 2034/3640/3427 2035/3656/3438 2031/3638/3426
f 2031/3638/3426 2035/3656/3438 2032/3657/3439
f 2031/3638/3426 2032/3657/3439 2028/3636/3425
f 2028/3636/3425 2032/3657/3439 2029/3658/3440
f 2028/3636/3425 2029/3658/3440 2025/3634/3424
f 2025/3634/3424 2029/3658/3440 2026/3659/3441
f 2025/3634/3424 2026/3659/3441 2023/3632/3423
f 2023/3632/3423 2026/3659/3441 2024/3660/3442
f 2023/3632/3423 2024/3660/3442 2020/3630/3422
f 2020/3630/3422 2024/3660/3442 2021/3661/3443
f 2020/3630/3422 2021/3661/3443 2017/3628/3421
f 2017/3628/3421 2021/3661/3443 2018/3662/3444
f 2017/3628/3421 2018/3662/3444 2014/3626/3420
f 2014/3626/3420 2018/3662/3444 2015/3663/3445
f 2014/3626/3420 2015/3663/3445 2011/3624/3419
f 2011/3624/3419 2015/3663/3445 2012/3664/3446
f 2011/3624/3419 2012/3664/3446 2008/3622/3418
f 2008/3622/3418 2012/3664/3446 2009/3665/3447
f 2008/3622/3418 2009/3665/3447 2005/3620/3417
f 2005/3620/3417 2009/3665/3447 2006/3666/3448
f 2005/3620/3417 2006/3666/3448 2002/3618/3416
f 2002/3618/3416 2006/3666/3448 2003/3667/3449
f 2002/3618/3416 2003/3667/3449 1999/3616/3415
f 1999/3616/3415 2003/3667/3449 2000/3668/3450
f 1999/3616/3415 2000/3668/3450 1996/3613/3414
f 1996/3613/3414 2000/3668/3450 1997/3611/3412
f 1976/3651/3433 1977/3669/3451 2047/3652/3434
f 2047/3652/3434 1977/3669/3451 2048/3670/3452
f 2047/3652/3434 2048/3670/3452 2044/3653/3435
f 2044/3653/3435 2048/3670/3452 2045/3671/3453
f 2044/3653/3435 2045/3671/3453 2041/3654/3436
f 2041/3654/3436 2045/3671/3453 2042/3672/3454
f 2041/3654/3436 2042/3672/3454 2038/3655/3437
f 2038/3655/3437 2042/3672/3454 2039/3673/3455
f 2038/3655/3437 2039/3673/3455 2035/3656/3438
f 2035/3656/3438 2039/3673/3455 2036/3674/3456
f 2035/3656/3438 2036/3674/3456 2032/3657/3439
f 2032/3657/3439 2036/3674/3456 2033/3675/3457
f 2032/3657/3439 2033/3675/3457 2029/3658/3440
f 2029/3658/3440 2033/3675/3457 2030/3676/3458
f 2029/3658/3440 2030/3676/3458 2026/3659/3441
f 2026/3659/3441 2030/3676/3458 2027/3677/3459
f 2026/3659/3441 2027/3677/3459 2024/3660/3442
f 2024/3660/3442 2027/3677/3459 1995/3678/3460
f 2024/3660/3442 1995/3678/3460 2021/3661/3443
f 2021/3661/3443 1995/3678/3460 2022/3679/3461
f 2021/3661/3443 2022/3679/3461 2018/3662/3444
f 2018/3662/3444 2022/3679/3461 2019/3680/3462
f 2018/3662/3444 2019/3680/3462 2015/3663/3445
f 2015/3663/3445 2019/3680/3462 2016/3681/3463
f 2015/3663/3445 2016/3681/3463 2012/3664/3446
f 2012/3664/3446 2016/3681/3463 2013/3682/3464
f 2012/3664/3446 2013/3682/3464 2009/3665/3447
f 2009/3665/3447 2013/3682/3464 2010/3683/3465
f 2009/3665/3447 2010/3683/3465 2006/3666/3448
f 2006/3666/3448 2010/3683/3465 2007/3684/3466
f 2006/3666/3448 2007/3684/3466 2003/3667/3449
f 2003/3667/3449 2007/3684/3466 2004/3685/3467
f 2003/3667/3449 2004/3685/3467 2000/3668/3450
f 2000/3668/3450 2004/3685/3467 2001/3686/3468
f 2000/3668/3450 2001/3686/3468 1997/3611/3412
f 1997/3611/3412 2001/3686/3468 1998/3608/3409
f 1977/3669/3451 1978/3687/3469 2048/3670/3452
f 2048/3670/3452 1978/3687/3469 1979/3688/3470
f 2048/3670/3452 1979/3688/3470 2045/3671/3453
f 2045/3671/3453 1979/3688/3470 1980/3689/3471
f 2045/3671/3453 1980/3689/3471 2042/3672/3454
f 2042/3672/3454 1980/3689/3471 1981/3690/3472
f 2042/3672/3454 1981/3690/3472 2039/3673/3455
f 2039/3673/3455 1981/3690/3472 1982/3691/3473
f 2039/3673/3455 1982/3691/3473 2036/3674/3456
f 2036/3674/3456 1982/3691/3473 1983/3692/3474
f 2036/3674/3456 1983/3692/3474 2033/3675/3457
f 2033/3675/3457 1983/3692/3474 1984/3693/3475
f 2033/3675/3457 1984/3693/3475 2030/3676/3458
f 2030/3676/3458 1984/3693/3475 1985/3694/3476
f 2030/3676/3458 1985/3694/3476 2027/3677/3459
f 2027/3677/3459 1985/3694/3476 1986/3695/3477
f 2027/3677/3459 1986/3695/3477 1995/3678/3460
f 1995/3678/3460 1986/3695/3477 1987/3696/3478
f 1995/3678/3460 1987/3696/3478 2022/3679/3461
f 2022/3679/3461 1987/3696/3478 2019/3680/3462
f 1987/3696/3478 1988/3697/3479 2019/3680/3462
f 2019/3680/3462 1988/3697/3479 2016/3681/3463
f 1988/3697/3479 1989/3698/3480 2016/3681/3463
f 2016/3681/3463 1989/3698/3480 2013/3682/3464
f 1989/3698/3480 1990/3699/3481 2013/3682/3464
f 2013/3682/3464 1990/3699/3481 2010/3683/3465
f 1990/3699/3481 1991/3700/3482 2010/3683/3465
f 2010/3683/3465 1991/3700/3482 2007/3684/3466
f 1991/3700/3482 1992/3701/3483 2007/3684/3466
f 2007/3684/3466 1992/3701/3483 2004/3685/3467
f 1992/3701/3483 1993/3702/3484 2004/3685/3467
f 2004/3685/3467 1993/3702/3484 2001/3686/3468
f 1993/3702/3484 1994/3606/3407 2001/3686/3468
f 2001/3686/3468 1994/3606/3407 1998/3608/3409
f 1971/3703/3408 1994/3704/3407 2049/3705/3485
f 2049/3705/3485 1994/3704/3407 2066/3706/3486
f 2066/3706/3486 1994/3704/3407 1993/3707/3484
f 2066/3706/3486 1993/3707/3484 2065/3708/3487
f 2065/3708/3487 1993/3707/3484 1992/3709/3483
f 2065/3708/3487 1992/3709/3483 2064/3710/3488
f 2064/3710/3488 1992/3709/3483 1991/3711/3482
f 2064/3710/3488 1991/3711/3482 2063/3712/3489
f 2063/3712/3489 1991/3711/3482 1990/3713/3481
f 2063/3712/3489 1990/3713/3481 2062/3714/3490
f 2062/3714/3490 1990/3713/3481 1989/3715/3480
f 2062/3714/3490 1989/3715/3480 2061/3716/3491
f 2061/3716/3491 1989/3715/3480 1988/3717/3479
f 2061/3716/3491 1988/3717/3479 2060/3718/3492
f 2060/3718/3492 1988/3717/3479 1987/3719/3478
f 2060/3718/3492 1987/3719/3478 2059/3720/3493
f 2059/3720/3493 1987/3719/3478 1986/3721/3477
f 2059/3720/3493 1986/3721/3477 2058/3722/3494
f 2058/3722/3494 1986/3721/3477 1985/3723/3476
f 2058/3722/3494 1985/3723/3476 2057/3724/3495
f 2057/3724/3495 1985/3723/3476 1984/3725/3475
f 2057/3724/3495 1984/3725/3475 2056/3726/3496
f 2056/3726/3496 1984/3725/3475 1983/3727/3474
f 2056/3726/3496 1983/3727/3474 2055/3728/3497
f 2055/3728/3497 1983/3727/3474 1982/3729/3473
f 2055/3728/3497 1982/3729/3473 2054/3730/3498
f 2054/3730/3498 1982/3729/3473 1981/3731/3472
f 2054/3730/3498 1981/3731/3472 2053/3732/3499
f 2053/3732/3499 1981/3731/3472 1980/3733/3471
f 2053/3732/3499 1980/3733/3471 2052/3734/3500
f 2052/3734/3500 1980/3733/3471 1979/3735/3470
f 2052/3734/3500 1979/3735/3470 2051/3736/3501
f 2051/3736/3501 1979/3735/3470 1978/3737/3469
f 2051/3736/3501 1978/3737/3469 2050/3738/3502
f 1641/3739/2859 2067/3740/3503 1642/3741/2861
f 1642/3741/2861 2067/3740/3503 2074/3742/3504
f 1642/3741/2861 2074/3742/3504 2073/3743/3505
f 2073/3743/3505 2074/3742/3504 2066/3744/3486
f 2073/3743/3505 2066/3744/3486 2065/3745/3487
f 2067/3740/3503 2068/3746/3506 2074/3742/3504
f 2074/3742/3504 2068/3746/3506 2049/3747/3485
f 2074/3742/3504 2049/3747/3485 2066/3744/3486
f 2073/3743/3505 2065/3745/3487 2075/3748/3507
f 2075/3748/3507 2065/3745/3487 2064/3749/3488
f 2075/3748/3507 2064/3749/3488 2076/3750/3508
f 2076/3750/3508 2064/3749/3488 2063/3751/3489
f 2076/3750/3508 2063/3751/3489 2077/3752/3509
f 2077/3752/3509 2063/3751/3489 2062/3753/3490
f 2077/3752/3509 2062/3753/3490 2078/3754/3510
f 2078/3754/3510 2062/3753/3490 2061/3755/3491
f 2078/3754/3510 2061/3755/3491 2079/3756/3511
f 2079/3756/3511 2061/3755/3491 2060/3757/3492
f 2079/3756/3511 2060/3757/3492 2080/3758/3512
f 2080/3758/3512 2060/3757/3492 2059/3759/3493
f 2080/3758/3512 2059/3759/3493 2072/3760/3513
f 2072/3760/3513 2059/3759/3493 2058/3761/3494
f 2072/3760/3513 2058/3761/3494 2071/3762/3514
f 2071/3762/3514 2058/3761/3494 2081/3763/3515
f 2071/3762/3514 2081/3763/3515 1650/3764/2877
f 1650/3764/2877 2081/3763/3515 1651/3765/2879
f 1651/3765/2879 2081/3763/3515 2082/3766/3516
f 1651/3765/2879 2082/3766/3516 1652/3767/2881
f 1652/3767/2881 2082/3766/3516 2083/3768/3517
f 1652/3767/2881 2083/3768/3517 1653/3769/2883
f 1653/3769/2883 2083/3768/3517 2084/3770/3518
f 1653/3769/2883 2084/3770/3518 1654/3771/2885
f 1654/3771/2885 2084/3770/3518 2085/3772/3519
f 1654/3771/2885 2085/3772/3519 1655/3773/2887
f 1655/3773/2887 2085/3772/3519 2086/3774/3520
f 1655/3773/2887 2086/3774/3520 1656/3775/2889
f 1656/3775/2889 2086/3774/3520 2087/3776/3521
f 1656/3775/2889 2087/3776/3521 1657/3777/2891
f 1657/3777/2891 2087/3776/3521 2088/3778/3522
f 1657/3777/2891 2088/3778/3522 1658/3779/2893
f 1658/3779/2893 2088/3778/3522 2070/3780/3523
f 2070/3780/3523 2088/3778/3522 2069/3781/3524
f 2069/3781/3524 2088/3778/3522 2051/3782/3501
f 2069/3781/3524 2051/3782/3501 2050/3783/3502
f 2058/3761/3494 2057/3784/3495 2081/3763/3515
f 2081/3763/3515 2057/3784/3495 2082/3766/3516
f 2057/3784/3495 2056/3785/3496 2082/3766/3516
f 2082/3766/3516 2056/3785/3496 2083/3768/3517
f 2056/3785/3496 2055/3786/3497 2083/3768/3517
f 2083/3768/3517 2055/3786/3497 2084/3770/3518
f 2055/3786/3497 2054/3787/3498 2084/3770/3518
f 2084/3770/3518 2054/3787/3498 2085/3772/3519
f 2054/3787/3498 2053/3788/3499 2085/3772/3519
f 2085/3772/3519 2053/3788/3499 2086/3774/3520
f 2053/3788/3499 2052/3789/3500 2086/3774/3520
f 2086/3774/3520 2052/3789/3500 2087/3776/3521
f 2052/3789/3500 2051/3782/3501 2087/3776/3521
f 2087/3776/3521 2051/3782/3501 2088/3778/3522
f 1650/3764/2877 1649/3790/2875 2071/3762/3514
f 2071/3762/3514 1649/3790/2875 2072/3760/3513
f 2072/3760/3513 1649/3790/2875 2080/3758/3512
f 2080/3758/3512 1649/3790/2875 1648/3791/2873
f 2080/3758/3512 1648/3791/2873 2079/3756/3511
f 2079/3756/3511 1648/3791/2873 1647/3792/2871
f 2079/3756/3511 1647/3792/2871 2078/3754/3510
f 2078/3754/3510 1647/3792/2871 1646/3793/2869
f 2078/3754/3510 1646/3793/2869 2077/3752/3509
f 2077/3752/3509 1646/3793/2869 1645/3794/2867
f 2077/3752/3509 1645/3794/2867 2076/3750/3508
f 2076/3750/3508 1645/3794/2867 1644/3795/2865
f 2076/3750/3508 1644/3795/2865 2075/3748/3507
f 2075/3748/3507 1644/3795/2865 1643/3796/2863
f 2075/3748/3507 1643/3796/2863 2073/3743/3505
f 2073/3743/3505 1643/3796/2863 1642/3741/2861
f 2070/3797/3525 1933/3798/3526 1658/3799/3527
f 1658/3799/3527 1933/3798/3526 1913/3800/3528
f 1658/3799/3527 1913/3800/3528 1659/3801/3529
f 1659/3801/3529 1913/3800/3528 1679/3802/3530
f 1679/3802/3530 1913/3800/3528 1680/3803/3531
f 1680/3803/3531 1913/3800/3528 1681/3804/3532
f 1681/3804/3532 1913/3800/3528 1735/3805/3533
f 1735/3805/3533 1913/3800/3528 1753/3806/3534
f 1753/3806/3534 1913/3800/3528 1891/3807/3535
f 1753/3806/3534 1891/3807/3535 1773/3808/3536
f 1773/3808/3536 1891/3807/3535 1823/3809/3537
f 1773/3808/3536 1823/3809/3537 1798/3810/3538
f 2070/3797/3525 2069/3811/3539 1933/3798/3526
f 1933/3798/3526 2069/3811/3539 2050/3812/3540
f 1933/3798/3526 2050/3812/3540 1978/3813/3541
f 1978/3813/3541 1977/3814/3542 1933/3798/3526
f 1933/3798/3526 1977/3814/3542 1953/3815/3543
f 1953/3815/3543 1977/3814/3542 1976/3816/3544
f 1953/3815/3543 1976/3816/3544 1975/3817/3545
f 1891/3807/3535 1869/3818/3546 1823/3809/3537
f 1823/3809/3537 1869/3818/3546 1846/3819/3547
f 1971/3820/3548 2049/3821/3549 1932/3822/3550
f 1932/3822/3550 2049/3821/3549 2068/3823/3551
f 1932/3822/3550 2068/3823/3551 2067/3824/3552
f 2067/3824/3552 1641/3825/3553 1932/3822/3550
f 1932/3822/3550 1641/3825/3553 1912/3826/3554
f 1912/3826/3554 1641/3825/3553 1640/3827/3555
f 1912/3826/3554 1640/3827/3555 1678/3828/3556
f 1678/3828/3556 1677/3829/3557 1912/3826/3554
f 1912/3826/3554 1677/3829/3557 1676/3830/3558
f 1912/3826/3554 1676/3830/3558 1734/3831/3559
f 1734/3831/3559 1752/3832/3560 1912/3826/3554
f 1912/3826/3554 1752/3832/3560 1890/3833/3561
f 1890/3833/3561 1752/3832/3560 1772/3834/3562
f 1890/3833/3561 1772/3834/3562 1822/3835/3563
f 1822/3835/3563 1772/3834/3562 1797/3836/3564
f 1845/3837/3565 1868/3838/3566 1822/3835/3563
f 1822/3835/3563 1868/3838/3566 1890/3833/3561
f 1971/3820/3548 1932/3822/3550 1972/3839/3567
f 1972/3839/3567 1932/3822/3550 1952/3840/3568
f 1972/3839/3567 1952/3840/3568 1973/3841/3569
f 1973/3841/3569 1952/3840/3568 1974/3842/3570
g Body4

v 10.500000 17.000000 0.000000
v 10.500000 17.850000 0.000000
v 10.340481 17.850000 1.823306
v 9.866773 17.850000 3.591212
v 9.093267 17.850000 5.250000
v 8.043467 17.850000 6.749270
v 6.749270 17.850000 8.043467
v 5.250000 17.850000 9.093267
v 3.591212 17.850000 9.866773
v 1.823306 17.850000 10.340481
v -0.000000 17.850000 10.500000
v -1.823306 17.850000 10.340481
v -3.591212 17.850000 9.866773
v -5.250000 17.850000 9.093267
v -6.749270 17.850000 8.043467
v -8.043467 17.850000 6.749270
v -9.093267 17.850000 5.250000
v -9.866773 17.850000 3.591212
v -10.340481 17.850000 1.823306
v -10.500000 17.850000 0.000000
v -10.500000 17.000000 0.000000
v -10.340481 17.000000 1.823306
v -9.866773 17.000000 3.591212
v -9.093267 17.000000 5.250000
v -8.043467 17.000000 6.749270
v -6.749270 17.000000 8.043467
v -5.250000 17.000000 9.093267
v -3.591212 17.000000 9.866773
v -1.823306 17.000000 10.340481
v 0.000000 17.000000 10.500000
v 1.823306 17.000000 10.340481
v 3.591212 17.000000 9.866773
v 5.250000 17.000000 9.093267
v 6.749270 17.000000 8.043467
v 8.043467 17.000000 6.749270
v 9.093267 17.000000 5.250000
v 9.866773 17.000000 3.591212
v 10.340481 17.000000 1.823306
v 14.481078 17.017057 0.000000
v -14.481078 17.017057 0.000000
v -14.319337 17.017057 2.158293
v -13.837725 17.017057 4.268373
v -13.047001 17.017057 6.283104
v -11.964828 17.017057 8.157482
v -10.615382 17.017057 9.849635
v -9.028805 17.017057 11.321763
v -7.240539 17.017057 12.540982
v -5.290532 17.017057 13.480056
v -3.222343 17.017057 14.118007
v -1.082172 17.017057 14.440586
v 1.082172 17.017057 14.440586
v 3.222343 17.017057 14.118007
v 5.290532 17.017057 13.480056
v 7.240539 17.017057 12.540982
v 9.028805 17.017057 11.321763
v 10.615382 17.017057 9.849635
v 11.964828 17.017057 8.157482
v 13.047001 17.017057 6.283104
v 13.837725 17.017057 4.268373
v 14.319337 17.017057 2.158293
v 14.630436 17.167056 0.000000
v 14.625352 17.128336 0.000000
v 14.610446 17.092241 0.000000
v 14.586729 17.061217 0.000000
v 14.555806 17.037366 0.000000
v 14.519776 17.022306 0.000000
v -14.519776 17.022306 0.000000
v -14.555806 17.037366 0.000000
v -14.586729 17.061217 0.000000
v -14.610446 17.092241 0.000000
v -14.625352 17.128336 0.000000
v -14.630436 17.167056 0.000000
v -14.481519 17.167056 2.082128
v -14.037800 17.167056 4.121870
v -13.308312 17.167056 6.077703
v -12.307906 17.167056 7.909811
v -11.056946 17.167056 9.580898
v -9.580898 17.167056 11.056946
v -7.909811 17.167056 12.307906
v -6.077703 17.167056 13.308312
v -4.121870 17.167056 14.037800
v -2.082128 17.167056 14.481519
v -0.000000 17.167056 14.630436
v 2.082128 17.167056 14.481519
v 4.121870 17.167056 14.037800
v 6.077703 17.167056 13.308312
v 7.909811 17.167056 12.307906
v 9.580898 17.167056 11.056946
v 11.056946 17.167056 9.580898
v 12.307906 17.167056 7.909811
v 13.308312 17.167056 6.077703
v 14.037800 17.167056 4.121870
v 14.481519 17.167056 2.082128
v 14.601500 17.128336 0.834944
v 14.496095 17.022306 0.828917
v 14.245267 17.128336 3.312595
v 14.142434 17.022306 3.288682
v 13.774806 17.128336 4.914841
v 13.374509 17.022306 5.652115
v 12.734968 17.128336 7.191767
v 12.643038 17.022306 7.139852
v 11.832159 17.128336 8.596566
v 10.192957 17.128336 10.488305
v 11.240362 17.022306 9.191199
v 10.119377 17.022306 10.412593
v 8.930940 17.128336 11.581849
v 6.825174 17.128336 12.935143
v 8.195589 17.022306 11.985667
v 6.031733 17.022306 13.207652
v 5.306190 17.128336 13.628840
v 2.904456 17.128336 14.334053
v 4.486857 17.022306 13.809127
v 1.251565 17.128336 14.571703
v 2.066380 17.022306 14.371985
v -1.251565 17.128336 14.571703
v 0.414627 17.022306 14.513854
v -2.904456 17.128336 14.334053
v -2.066380 17.022306 14.371985
v -5.306190 17.128336 13.628840
v -4.486857 17.022306 13.809127
v -6.825174 17.128336 12.935143
v -6.031733 17.022306 13.207652
v -8.930940 17.128336 11.581849
v -8.195589 17.022306 11.985667
v -10.192957 17.128336 10.488305
v -10.119377 17.022306 10.412593
v -11.832159 17.128336 8.596566
v -11.240362 17.022306 9.191199
v -12.734968 17.128336 7.191767
v -12.643038 17.022306 7.139852
v -13.774806 17.128336 4.914841
v -13.374509 17.022306 5.652115
v -14.245267 17.128336 3.312595
v -14.142434 17.022306 3.288682
v -14.601500 17.128336 0.834944
v -14.496095 17.022306 0.828917
v 14.532067 17.037366 0.830974
v 14.562939 17.061217 0.832739
v 14.586618 17.092241 0.834093
v 14.307117 17.022306 2.475944
v 14.342620 17.037366 2.482088
v 14.373089 17.061217 2.487361
v 14.396459 17.092241 2.491405
v 14.411147 17.128336 2.493947
v 14.530020 17.128336 1.667165
v 14.515212 17.092241 1.665465
v 14.491649 17.061217 1.662762
v 14.460928 17.037366 1.659237
v 14.425132 17.022306 1.655130
v 13.675369 17.022306 4.879362
v 13.709304 17.037366 4.891470
v 13.738428 17.061217 4.901861
v 13.760767 17.092241 4.909832
v 14.032923 17.128336 4.120438
v 14.018621 17.092241 4.116238
v 13.995864 17.061217 4.109556
v 13.966194 17.037366 4.100845
v 13.931623 17.022306 4.090694
v 13.030024 17.022306 6.406431
v 13.062358 17.037366 6.422329
v 13.090107 17.061217 6.435972
v 13.111392 17.092241 6.446437
v 13.124768 17.128336 6.453014
v 13.471758 17.128336 5.693212
v 13.458028 17.092241 5.687410
v 13.436181 17.061217 5.678177
v 13.407698 17.037366 5.666140
v 11.746745 17.022306 8.534510
v 11.775895 17.037366 8.555688
v 11.800911 17.061217 8.573864
v 11.820099 17.092241 8.587805
v 12.303629 17.128336 7.907062
v 12.291090 17.092241 7.899004
v 12.271137 17.061217 7.886181
v 12.245124 17.037366 7.869463
v 12.214813 17.022306 7.849983
v 10.144488 17.037366 10.438432
v 10.166039 17.061217 10.460607
v 10.182569 17.092241 10.477616
v 10.775099 17.128336 9.889296
v 10.764117 17.092241 9.879217
v 10.746643 17.061217 9.863180
v 10.723861 17.037366 9.842271
v 10.697316 17.022306 9.817908
v 8.866470 17.022306 11.498243
v 8.888472 17.037366 11.526776
v 8.907355 17.061217 11.551263
v 8.921838 17.092241 11.570045
v 9.577569 17.128336 11.053104
v 9.567808 17.092241 11.041839
v 9.552276 17.061217 11.023914
v 9.532026 17.037366 11.000545
v 9.508431 17.022306 10.973314
v 6.775905 17.022306 12.841768
v 6.792719 17.037366 12.873635
v 6.807150 17.061217 12.900983
v 6.818218 17.092241 12.921960
v 7.552495 17.128336 12.524406
v 7.544797 17.092241 12.511642
v 7.532550 17.061217 12.491331
v 7.516581 17.037366 12.464851
v 7.497975 17.022306 12.433996
v 5.267886 17.022306 13.530457
v 5.280959 17.037366 13.564032
v 5.292178 17.061217 13.592848
v 5.300783 17.092241 13.614950
v 6.075591 17.128336 13.303688
v 6.069399 17.092241 13.290130
v 6.059546 17.061217 13.268555
v 6.046701 17.037366 13.240427
v 2.883489 17.022306 14.230579
v 2.890644 17.037366 14.265892
v 2.896785 17.061217 14.296198
v 2.901495 17.092241 14.319444
v 3.718033 17.128336 14.144863
v 3.714243 17.092241 14.130447
v 3.708214 17.061217 14.107509
v 3.700353 17.037366 14.077602
v 3.691193 17.022306 14.042755
v 0.415656 17.037366 14.549870
v 0.416539 17.061217 14.580780
v 0.417217 17.092241 14.604488
v 0.417642 17.128336 14.619388
v 1.250289 17.092241 14.556851
v 1.248259 17.061217 14.533221
v 1.245613 17.037366 14.502412
v 1.242530 17.022306 14.466513
v -1.242530 17.022306 14.466513
v -1.245613 17.037366 14.502412
v -1.248259 17.061217 14.533221
v -1.250289 17.092241 14.556851
v -0.417642 17.128336 14.619388
v -0.417217 17.092241 14.604488
v -0.416539 17.061217 14.580780
v -0.415656 17.037366 14.549870
v -0.414627 17.022306 14.513854
v -3.691193 17.022306 14.042755
v -3.700353 17.037366 14.077602
v -3.708214 17.061217 14.107509
v -3.714243 17.092241 14.130447
v -3.718033 17.128336 14.144863
v -2.901495 17.092241 14.319444
v -2.896785 17.061217 14.296198
v -2.890644 17.037366 14.265892
v -2.883489 17.022306 14.230579
v -6.046701 17.037366 13.240427
v -6.059546 17.061217 13.268555
v -6.069399 17.092241 13.290130
v -6.075591 17.128336 13.303688
v -5.300783 17.092241 13.614950
v -5.292178 17.061217 13.592848
v -5.280959 17.037366 13.564032
v -5.267886 17.022306 13.530457
v -7.497975 17.022306 12.433996
v -7.516581 17.037366 12.464851
v -7.532550 17.061217 12.491331
v -7.544797 17.092241 12.511642
v -7.552495 17.128336 12.524406
v -6.818218 17.092241 12.921960
v -6.807150 17.061217 12.900983
v -6.792719 17.037366 12.873635
v -6.775905 17.022306 12.841768
v -9.508431 17.022306 10.973314
v -9.532026 17.037366 11.000545
v -9.552276 17.061217 11.023914
v -9.567808 17.092241 11.041839
v -9.577569 17.128336 11.053104
v -8.921838 17.092241 11.570045
v -8.907355 17.061217 11.551263
v -8.888472 17.037366 11.526776
v -8.866470 17.022306 11.498243
v -10.697316 17.022306 9.817908
v -10.723861 17.037366 9.842271
v -10.746643 17.061217 9.863180
v -10.764117 17.092241 9.879217
v -10.775099 17.128336 9.889296
v -10.182569 17.092241 10.477616
v -10.166039 17.061217 10.460607
v -10.144488 17.037366 10.438432
v -12.214813 17.022306 7.849983
v -12.245124 17.037366 7.869463
v -12.271137 17.061217 7.886181
v -12.291090 17.092241 7.899004
v -12.303629 17.128336 7.907062
v -11.820099 17.092241 8.587805
v -11.800911 17.061217 8.573864
v -11.775895 17.037366 8.555688
v -11.746745 17.022306 8.534510
v -13.407698 17.037366 5.666140
v -13.436181 17.061217 5.678177
v -13.458028 17.092241 5.687410
v -13.471758 17.128336 5.693212
v -13.124768 17.128336 6.453014
v -13.111392 17.092241 6.446437
v -13.090107 17.061217 6.435972
v -13.062358 17.037366 6.422329
v -13.030024 17.022306 6.406431
v -13.931623 17.022306 4.090694
v -13.966194 17.037366 4.100845
v -13.995864 17.061217 4.109556
v -14.018621 17.092241 4.116238
v -14.032923 17.128336 4.120438
v -13.760767 17.092241 4.909832
v -13.738428 17.061217 4.901861
v -13.709304 17.037366 4.891470
v -13.675369 17.022306 4.879362
v -14.425132 17.022306 1.655130
v -14.460928 17.037366 1.659237
v -14.491649 17.061217 1.662762
v -14.515212 17.092241 1.665465
v -14.530020 17.128336 1.667165
v -14.411147 17.128336 2.493947
v -14.396459 17.092241 2.491405
v -14.373089 17.061217 2.487361
v -14.342620 17.037366 2.482088
v -14.307117 17.022306 2.475944
v -14.586618 17.092241 0.834093
v -14.562939 17.061217 0.832739
v -14.532067 17.037366 0.830974
v -11.268255 17.037366 9.214007
v -11.292194 17.061217 9.233581
v -11.310555 17.092241 9.248595
v -11.322094 17.128336 9.258030
v -8.215926 17.037366 12.015409
v -8.233380 17.061217 12.040935
v -8.246767 17.092241 12.060513
v -8.255181 17.128336 12.072817
v -4.497992 17.037366 13.843395
v -4.507547 17.061217 13.872803
v -4.514876 17.092241 13.895360
v -4.519482 17.128336 13.909537
v -2.071507 17.037366 14.407649
v -2.075908 17.061217 14.438257
v -2.079283 17.092241 14.461733
v -2.081405 17.128336 14.476487
v 2.071507 17.037366 14.407649
v 2.075908 17.061217 14.438257
v 2.079283 17.092241 14.461733
v 2.081405 17.128336 14.476487
v 4.519482 17.128336 13.909537
v 4.514876 17.092241 13.895360
v 4.507547 17.061217 13.872803
v 4.497992 17.037366 13.843395
v 8.255181 17.128336 12.072817
v 8.246767 17.092241 12.060513
v 8.233380 17.061217 12.040935
v 8.215926 17.037366 12.015409
v 11.322094 17.128336 9.258030
v 11.310555 17.092241 9.248595
v 11.292194 17.061217 9.233581
v 11.268255 17.037366 9.214007
v 12.721989 17.092241 7.184438
v 12.701337 17.061217 7.172775
v 12.674411 17.037366 7.157569
v 14.230749 17.092241 3.309219
v 14.207648 17.061217 3.303847
v 14.177529 17.037366 3.296843
v -12.674411 17.037366 7.157569
v -12.701337 17.061217 7.172775
v -12.721989 17.092241 7.184438
v -14.177529 17.037366 3.296843
v -14.207648 17.061217 3.303847
v -14.230749 17.092241 3.309219
v 14.630436 19.086467 0.000000
v -14.630436 19.086467 0.000000
v -14.481519 19.086467 2.082128
v -14.037800 19.086467 4.121870
v -13.308312 19.086467 6.077703
v -12.307906 19.086467 7.909811
v -11.056946 19.086467 9.580898
v -9.580898 19.086467 11.056946
v -7.909811 19.086467 12.307906
v -6.077703 19.086467 13.308312
v -4.121870 19.086467 14.037800
v -2.082128 19.086467 14.481519
v -0.000000 19.086467 14.630436
v 2.082128 19.086467 14.481519
v 4.121870 19.086467 14.037800
v 6.077703 19.086467 13.308312
v 7.909811 19.086467 12.307906
v 9.580898 19.086467 11.056946
v 11.056946 19.086467 9.580898
v 12.307906 19.086467 7.909811
v 13.308312 19.086467 6.077703
v 14.037800 19.086467 4.121870
v 14.481519 19.086467 2.082128
v 14.780436 19.236467 0.000000
v 14.741613 19.231356 0.000000
v 14.705436 19.216371 0.000000
v 14.674370 19.192533 0.000000
v 14.650532 19.161467 0.000000
v 14.635547 19.125290 0.000000
v -14.635547 19.125290 0.000000
v -14.650532 19.161467 0.000000
v -14.674370 19.192533 0.000000
v -14.705436 19.216371 0.000000
v -14.741613 19.231356 0.000000
v -14.780436 19.236467 0.000000
v -14.629992 19.236467 2.103475
v -14.181724 19.236467 4.164130
v -13.444757 19.236467 6.140015
v -12.434094 19.236467 7.990907
v -11.170308 19.236467 9.679127
v -9.679127 19.236467 11.170308
v -7.990907 19.236467 12.434094
v -6.140015 19.236467 13.444757
v -4.164130 19.236467 14.181724
v -2.103475 19.236467 14.629992
v -0.000000 19.236467 14.780436
v 2.103475 19.236467 14.629992
v 4.164130 19.236467 14.181724
v 6.140015 19.236467 13.444757
v 7.990907 19.236467 12.434094
v 9.679127 19.236467 11.170308
v 11.170308 19.236467 9.679127
v 12.434094 19.236467 7.990907
v 13.444757 19.236467 6.140015
v 14.181724 19.236467 4.164130
v 14.629992 19.236467 2.103475
v 14.718422 19.231356 0.826569
v 14.612522 19.125290 0.820622
v 14.372010 19.231356 3.280317
v 14.268603 19.125290 3.256716
v 13.914363 19.231356 4.868846
v 13.814249 19.125290 4.833815
v 12.902205 19.231356 7.130797
v 12.809373 19.125290 7.079490
v 12.022683 19.231356 8.530548
v 11.936179 19.125290 8.469171
v 10.423894 19.231356 10.423894
v 10.348894 19.125290 10.348894
v 8.530548 19.231356 12.022683
v 8.469171 19.125290 11.936179
v 7.130797 19.231356 12.902205
v 7.079490 19.125290 12.809373
v 4.868846 19.231356 13.914363
v 4.833815 19.125290 13.814249
v 3.280317 19.231356 14.372010
v 3.256716 19.125290 14.268603
v 0.826569 19.231356 14.718422
v 0.820622 19.125290 14.612522
v -0.826569 19.231356 14.718422
v -0.820622 19.125290 14.612522
v -3.280317 19.231356 14.372010
v -3.256716 19.125290 14.268603
v -4.868846 19.231356 13.914363
v -4.833815 19.125290 13.814249
v -7.130797 19.231356 12.902205
v -7.079490 19.125290 12.809373
v -8.530548 19.231356 12.022683
v -8.469171 19.125290 11.936179
v -10.423894 19.231356 10.423894
v -10.348894 19.125290 10.348894
v -12.022683 19.231356 8.530548
v -11.936179 19.125290 8.469171
v -12.902205 19.231356 7.130797
v -12.809373 19.125290 7.079490
v -13.914363 19.231356 4.868846
v -13.814249 19.125290 4.833815
v -14.372010 19.231356 3.280317
v -14.268603 19.125290 3.256716
v -14.718422 19.231356 0.826569
v -14.612522 19.125290 0.820622
v 14.627484 19.161467 0.821462
v 14.651284 19.192533 0.822798
v 14.682301 19.216371 0.824540
v 14.428761 19.125290 2.451545
v 14.443535 19.161467 2.454055
v 14.467036 19.192533 2.458048
v 14.497663 19.216371 2.463252
v 14.533329 19.231356 2.469312
v 14.648921 19.231356 1.650537
v 14.612971 19.216371 1.646486
v 14.582100 19.192533 1.643008
v 14.558412 19.161467 1.640339
v 14.543522 19.125290 1.638661
v 13.828393 19.161467 4.838764
v 13.850893 19.192533 4.846637
v 13.880216 19.216371 4.856898
v 14.165471 19.231356 4.081002
v 14.130708 19.216371 4.070987
v 14.100856 19.192533 4.062387
v 14.077950 19.161467 4.055787
v 14.063550 19.125290 4.051639
v 13.186172 19.125290 6.350126
v 13.199673 19.161467 6.356628
v 13.221150 19.192533 6.366970
v 13.249140 19.216371 6.380449
v 13.281734 19.231356 6.396146
v 13.619474 19.231356 5.641371
v 13.586051 19.216371 5.627527
v 13.557350 19.192533 5.615638
v 13.535327 19.161467 5.606516
v 13.521482 19.125290 5.600781
v 11.948401 19.161467 8.477842
v 11.967842 19.192533 8.491637
v 11.993178 19.216371 8.509614
v 12.482080 19.231356 7.843011
v 12.451448 19.216371 7.823763
v 12.425144 19.192533 7.807235
v 12.404960 19.161467 7.794553
v 12.392272 19.125290 7.786580
v 10.912881 19.125290 9.752347
v 10.924054 19.161467 9.762332
v 10.941829 19.192533 9.778216
v 10.964993 19.216371 9.798917
v 10.991968 19.231356 9.823023
v 11.525457 19.231356 9.191245
v 11.497173 19.216371 9.168689
v 11.472884 19.192533 9.149320
v 11.454247 19.161467 9.134457
v 11.442531 19.125290 9.125114
v 9.125114 19.125290 11.442531
v 9.134457 19.161467 11.454247
v 9.149320 19.192533 11.472884
v 9.168689 19.216371 11.497173
v 9.191245 19.231356 11.525457
v 9.823023 19.231356 10.991968
v 9.798917 19.216371 10.964993
v 9.778216 19.192533 10.941829
v 9.762332 19.161467 10.924054
v 9.752347 19.125290 10.912881
v 7.786580 19.125290 12.392272
v 7.794553 19.161467 12.404960
v 7.807235 19.192533 12.425144
v 7.823763 19.216371 12.451448
v 7.843011 19.231356 12.482080
v 8.509614 19.216371 11.993178
v 8.491637 19.192533 11.967842
v 8.477842 19.161467 11.948401
v 5.600781 19.125290 13.521482
v 5.606516 19.161467 13.535327
v 5.615638 19.192533 13.557350
v 5.627527 19.216371 13.586051
v 5.641371 19.231356 13.619474
v 6.396146 19.231356 13.281734
v 6.380449 19.216371 13.249140
v 6.366970 19.192533 13.221150
v 6.356628 19.161467 13.199673
v 6.350126 19.125290 13.186172
v 4.051639 19.125290 14.063550
v 4.055787 19.161467 14.077950
v 4.062387 19.192533 14.100856
v 4.070987 19.216371 14.130708
v 4.081002 19.231356 14.165471
v 4.856898 19.216371 13.880216
v 4.846637 19.192533 13.850893
v 4.838764 19.161467 13.828393
v 1.638661 19.125290 14.543522
v 1.640339 19.161467 14.558412
v 1.643008 19.192533 14.582100
v 1.646486 19.216371 14.612971
v 1.650537 19.231356 14.648921
v 2.469312 19.231356 14.533329
v 2.463252 19.216371 14.497663
v 2.458048 19.192533 14.467036
v 2.454055 19.161467 14.443535
v 2.451545 19.125290 14.428761
v -0.821462 19.161467 14.627484
v -0.822798 19.192533 14.651284
v -0.824540 19.216371 14.682301
v 0.000000 19.231356 14.741613
v 0.000000 19.216371 14.705436
v 0.000000 19.192533 14.674370
v 0.000000 19.161467 14.650532
v 0.000000 19.125290 14.635547
v -2.451545 19.125290 14.428761
v -2.454055 19.161467 14.443535
v -2.458048 19.192533 14.467036
v -2.463252 19.216371 14.497663
v -2.469312 19.231356 14.533329
v -1.650537 19.231356 14.648921
v -1.646486 19.216371 14.612971
v -1.643008 19.192533 14.582100
v -1.640339 19.161467 14.558412
v -1.638661 19.125290 14.543522
v -4.838764 19.161467 13.828393
v -4.846637 19.192533 13.850893
v -4.856898 19.216371 13.880216
v -4.081002 19.231356 14.165471
v -4.070987 19.216371 14.130708
v -4.062387 19.192533 14.100856
v -4.055787 19.161467 14.077950
v -4.051639 19.125290 14.063550
v -6.350126 19.125290 13.186172
v -6.356628 19.161467 13.199673
v -6.366970 19.192533 13.221150
v -6.380449 19.216371 13.249140
v -6.396146 19.231356 13.281734
v -5.641371 19.231356 13.619474
v -5.627527 19.216371 13.586051
v -5.615638 19.192533 13.557350
v -5.606516 19.161467 13.535327
v -5.600781 19.125290 13.521482
v -8.477842 19.161467 11.948401
v -8.491637 19.192533 11.967842
v -8.509614 19.216371 11.993178
v -7.843011 19.231356 12.482080
v -7.823763 19.216371 12.451448
v -7.807235 19.192533 12.425144
v -7.794553 19.161467 12.404960
v -7.786580 19.125290 12.392272
v -9.752347 19.125290 10.912881
v -9.762332 19.161467 10.924054
v -9.778216 19.192533 10.941829
v -9.798917 19.216371 10.964993
v -9.823023 19.231356 10.991968
v -9.191245 19.231356 11.525457
v -9.168689 19.216371 11.497173
v -9.149320 19.192533 11.472884
v -9.134457 19.161467 11.454247
v -9.125114 19.125290 11.442531
v -11.442531 19.125290 9.125114
v -11.454247 19.161467 9.134457
v -11.472884 19.192533 9.149320
v -11.497173 19.216371 9.168689
v -11.525457 19.231356 9.191245
v -10.991968 19.231356 9.823023
v -10.964993 19.216371 9.798917
v -10.941829 19.192533 9.778216
v -10.924054 19.161467 9.762332
v -10.912881 19.125290 9.752347
v -12.392272 19.125290 7.786580
v -12.404960 19.161467 7.794553
v -12.425144 19.192533 7.807235
v -12.451448 19.216371 7.823763
v -12.482080 19.231356 7.843011
v -11.993178 19.216371 8.509614
v -11.967842 19.192533 8.491637
v -11.948401 19.161467 8.477842
v -13.521482 19.125290 5.600781
v -13.535327 19.161467 5.606516
v -13.557350 19.192533 5.615638
v -13.586051 19.216371 5.627527
v -13.619474 19.231356 5.641371
v -13.281734 19.231356 6.396146
v -13.249140 19.216371 6.380449
v -13.221150 19.192533 6.366970
v -13.199673 19.161467 6.356628
v -13.186172 19.125290 6.350126
v -14.063550 19.125290 4.051639
v -14.077950 19.161467 4.055787
v -14.100856 19.192533 4.062387
v -14.130708 19.216371 4.070987
v -14.165471 19.231356 4.081002
v -13.880216 19.216371 4.856898
v -13.850893 19.192533 4.846637
v -13.828393 19.161467 4.838764
v -14.543522 19.125290 1.638661
v -14.558412 19.161467 1.640339
v -14.582100 19.192533 1.643008
v -14.612971 19.216371 1.646486
v -14.648921 19.231356 1.650537
v -14.533329 19.231356 2.469312
v -14.497663 19.216371 2.463252
v -14.467036 19.192533 2.458048
v -14.443535 19.161467 2.454055
v -14.428761 19.125290 2.451545
v -14.682301 19.216371 0.824540
v -14.651284 19.192533 0.822798
v -14.627484 19.161467 0.821462
v 0.824540 19.216371 14.682301
v 0.822798 19.192533 14.651284
v 0.821462 19.161467 14.627484
v 14.283212 19.161467 3.260050
v 14.306453 19.192533 3.265354
v 14.336740 19.216371 3.272267
v 12.822489 19.161467 7.086739
v 12.843352 19.192533 7.098270
v 12.870542 19.216371 7.113297
v 10.359490 19.161467 10.359490
v 10.376346 19.192533 10.376346
v 10.398313 19.216371 10.398313
v 7.086739 19.161467 12.822489
v 7.098270 19.192533 12.843352
v 7.113297 19.216371 12.870542
v 3.260050 19.161467 14.283212
v 3.265354 19.192533 14.306453
v 3.272267 19.216371 14.336740
v -3.260050 19.161467 14.283212
v -3.265354 19.192533 14.306453
v -3.272267 19.216371 14.336740
v -7.086739 19.161467 12.822489
v -7.098270 19.192533 12.843352
v -7.113297 19.216371 12.870542
v -10.359490 19.161467 10.359490
v -10.376346 19.192533 10.376346
v -10.398313 19.216371 10.398313
v -12.822489 19.161467 7.086739
v -12.843352 19.192533 7.098270
v -12.870542 19.216371 7.113297
v -14.283212 19.161467 3.260050
v -14.306453 19.192533 3.265354
v -14.336740 19.216371 3.272267
v 14.850000 19.236467 0.000000
v -14.850000 19.236467 0.000000
v -14.698848 19.236467 2.113375
v -14.248471 19.236467 4.183728
v -13.508035 19.236467 6.168913
v -12.492615 19.236467 8.028516
v -11.222881 19.236467 9.724682
v -9.724682 19.236467 11.222881
v -8.028516 19.236467 12.492615
v -6.168913 19.236467 13.508035
v -4.183728 19.236467 14.248471
v -2.113375 19.236467 14.698848
v -0.000000 19.236467 14.850000
v 2.113375 19.236467 14.698848
v 4.183728 19.236467 14.248471
v 6.168913 19.236467 13.508035
v 8.028516 19.236467 12.492615
v 9.724682 19.236467 11.222881
v 11.222881 19.236467 9.724682
v 12.492615 19.236467 8.028516
v 13.508035 19.236467 6.168913
v 14.248471 19.236467 4.183728
v 14.698848 19.236467 2.113375
v 15.000000 19.386467 0.000000
v 14.994889 19.347644 0.000000
v 14.979904 19.311467 0.000000
v 14.956066 19.280401 0.000000
v 14.925000 19.256563 0.000000
v 14.888823 19.241578 0.000000
v -14.888823 19.241578 0.000000
v -14.925000 19.256563 0.000000
v -14.956066 19.280401 0.000000
v -14.979904 19.311467 0.000000
v -14.994889 19.347644 0.000000
v -15.000000 19.386467 0.000000
v -14.847322 19.386467 2.134723
v -14.392395 19.386467 4.225988
v -13.644480 19.386467 6.231225
v -12.618803 19.386467 8.109612
v -11.336244 19.386467 9.822911
v -9.822911 19.386467 11.336244
v -8.109612 19.386467 12.618803
v -6.231225 19.386467 13.644480
v -4.225988 19.386467 14.392395
v -2.134723 19.386467 14.847322
v -0.000000 19.386467 15.000000
v 2.134723 19.386467 14.847322
v 4.225988 19.386467 14.392395
v 6.231225 19.386467 13.644480
v 8.109612 19.386467 12.618803
v 9.822911 19.386467 11.336244
v 11.336244 19.386467 9.822911
v 12.618803 19.386467 8.109612
v 13.644480 19.386467 6.231225
v 14.392395 19.386467 4.225988
v 14.847322 19.386467 2.134723
v 14.971299 19.347644 0.840770
v 14.865400 19.241578 0.834823
v 14.618936 19.347644 3.336677
v 14.515529 19.241578 3.313075
v 14.153426 19.347644 4.952498
v 14.053312 19.241578 4.917466
v 13.123878 19.347644 7.253311
v 13.031047 19.241578 7.202005
v 12.229245 19.347644 8.677112
v 12.142741 19.241578 8.615734
v 10.602988 19.347644 10.602988
v 10.527988 19.241578 10.527988
v 8.677112 19.347644 12.229245
v 8.615734 19.241578 12.142741
v 7.253311 19.347644 13.123878
v 7.202005 19.241578 13.031047
v 4.952498 19.347644 14.153426
v 4.917466 19.241578 14.053312
v 3.336677 19.347644 14.618936
v 3.313075 19.241578 14.515529
v 0.840770 19.347644 14.971299
v 0.834823 19.241578 14.865400
v -0.840770 19.347644 14.971299
v -0.834823 19.241578 14.865400
v -3.336677 19.347644 14.618936
v -3.313075 19.241578 14.515529
v -4.952498 19.347644 14.153426
v -4.917466 19.241578 14.053312
v -7.253311 19.347644 13.123878
v -7.202005 19.241578 13.031047
v -8.677112 19.347644 12.229245
v -8.615734 19.241578 12.142741
v -10.602988 19.347644 10.602988
v -10.527988 19.241578 10.527988
v -12.229245 19.347644 8.677112
v -12.142741 19.241578 8.615734
v -13.123878 19.347644 7.253311
v -13.031047 19.241578 7.202005
v -14.153426 19.347644 4.952498
v -14.053312 19.241578 4.917466
v -14.618936 19.347644 3.336677
v -14.515529 19.241578 3.313075
v -14.971299 19.347644 0.840770
v -14.865400 19.241578 0.834823
v 14.901520 19.256563 0.836851
v 14.932537 19.280401 0.838593
v 14.956338 19.311467 0.839930
v 14.678459 19.241578 2.493970
v 14.714125 19.256563 2.500030
v 14.744752 19.280401 2.505234
v 14.768253 19.311467 2.509227
v 14.783026 19.347644 2.511737
v 14.900604 19.347644 1.678895
v 14.885713 19.311467 1.677217
v 14.862025 19.280401 1.674548
v 14.831155 19.256563 1.671070
v 14.795205 19.241578 1.667019
v 14.087459 19.256563 4.929415
v 14.116781 19.280401 4.939675
v 14.139282 19.311467 4.947549
v 14.408848 19.347644 4.151118
v 14.394449 19.311467 4.146969
v 14.371543 19.280401 4.140370
v 14.341691 19.256563 4.131770
v 14.306928 19.241578 4.121755
v 13.414366 19.241578 6.460018
v 13.446960 19.256563 6.475715
v 13.474950 19.280401 6.489194
v 13.496427 19.311467 6.499537
v 13.509928 19.347644 6.506038
v 13.853471 19.347644 5.738296
v 13.839627 19.311467 5.732561
v 13.817603 19.280401 5.723439
v 13.788902 19.256563 5.711550
v 13.755479 19.241578 5.697706
v 12.172246 19.256563 8.636669
v 12.197582 19.280401 8.654646
v 12.217023 19.311467 8.668440
v 12.696535 19.347644 7.977762
v 12.683847 19.311467 7.969789
v 12.663663 19.280401 7.957107
v 12.637359 19.256563 7.940579
v 12.606727 19.241578 7.921331
v 11.101734 19.241578 9.921116
v 11.128709 19.256563 9.945223
v 11.151873 19.280401 9.965923
v 11.169648 19.311467 9.981808
v 11.180821 19.347644 9.991793
v 11.723476 19.347644 9.349160
v 11.711760 19.311467 9.339817
v 11.693123 19.280401 9.324955
v 11.668835 19.256563 9.305585
v 11.640550 19.241578 9.283029
v 9.283029 19.241578 11.640550
v 9.305585 19.256563 11.668835
v 9.324955 19.280401 11.693123
v 9.339817 19.311467 11.711760
v 9.349160 19.347644 11.723476
v 9.991793 19.347644 11.180821
v 9.981808 19.311467 11.169648
v 9.965923 19.280401 11.151873
v 9.945223 19.256563 11.128709
v 9.921116 19.241578 11.101734
v 7.921331 19.241578 12.606727
v 7.940579 19.256563 12.637359
v 7.957107 19.280401 12.663663
v 7.969789 19.311467 12.683847
v 7.977762 19.347644 12.696535
v 8.668440 19.311467 12.217023
v 8.654646 19.280401 12.197582
v 8.636669 19.256563 12.172246
v 5.697706 19.241578 13.755479
v 5.711550 19.256563 13.788902
v 5.723439 19.280401 13.817603
v 5.732561 19.311467 13.839627
v 5.738296 19.347644 13.853471
v 6.506038 19.347644 13.509928
v 6.499537 19.311467 13.496427
v 6.489194 19.280401 13.474950
v 6.475715 19.256563 13.446960
v 6.460018 19.241578 13.414366
v 4.121755 19.241578 14.306928
v 4.131770 19.256563 14.341691
v 4.140370 19.280401 14.371543
v 4.146969 19.311467 14.394449
v 4.151118 19.347644 14.408848
v 4.947549 19.311467 14.139282
v 4.939675 19.280401 14.116781
v 4.929415 19.256563 14.087459
v 1.667019 19.241578 14.795205
v 1.671070 19.256563 14.831155
v 1.674548 19.280401 14.862025
v 1.677217 19.311467 14.885713
v 1.678895 19.347644 14.900604
v 2.511737 19.347644 14.783026
v 2.509227 19.311467 14.768253
v 2.505234 19.280401 14.744752
v 2.500030 19.256563 14.714125
v 2.493970 19.241578 14.678459
v -0.836851 19.256563 14.901520
v -0.838593 19.280401 14.932537
v -0.839930 19.311467 14.956338
v 0.000000 19.347644 14.994889
v 0.000000 19.311467 14.979904
v 0.000000 19.280401 14.956066
v 0.000000 19.256563 14.925000
v 0.000000 19.241578 14.888823
v -2.493970 19.241578 14.678459
v -2.500030 19.256563 14.714125
v -2.505234 19.280401 14.744752
v -2.509227 19.311467 14.768253
v -2.511737 19.347644 14.783026
v -1.678895 19.347644 14.900604
v -1.677217 19.311467 14.885713
v -1.674548 19.280401 14.862025
v -1.671070 19.256563 14.831155
v -1.667019 19.241578 14.795205
v -4.929415 19.256563 14.087459
v -4.939675 19.280401 14.116781
v -4.947549 19.311467 14.139282
v -4.151118 19.347644 14.408848
v -4.146969 19.311467 14.394449
v -4.140370 19.280401 14.371543
v -4.131770 19.256563 14.341691
v -4.121755 19.241578 14.306928
v -6.460018 19.241578 13.414366
v -6.475715 19.256563 13.446960
v -6.489194 19.280401 13.474950
v -6.499537 19.311467 13.496427
v -6.506038 19.347644 13.509928
v -5.738296 19.347644 13.853471
v -5.732561 19.311467 13.839627
v -5.723439 19.280401 13.817603
v -5.711550 19.256563 13.788902
v -5.697706 19.241578 13.755479
v -8.636669 19.256563 12.172246
v -8.654646 19.280401 12.197582
v -8.668440 19.311467 12.217023
v -7.977762 19.347644 12.696535
v -7.969789 19.311467 12.683847
v -7.957107 19.280401 12.663663
v -7.940579 19.256563 12.637359
v -7.921331 19.241578 12.606727
v -9.921116 19.241578 11.101734
v -9.945223 19.256563 11.128709
v -9.965923 19.280401 11.151873
v -9.981808 19.311467 11.169648
v -9.991793 19.347644 11.180821
v -9.349160 19.347644 11.723476
v -9.339817 19.311467 11.711760
v -9.324955 19.280401 11.693123
v -9.305585 19.256563 11.668835
v -9.283029 19.241578 11.640550
v -11.640550 19.241578 9.283029
v -11.668835 19.256563 9.305585
v -11.693123 19.280401 9.324955
v -11.711760 19.311467 9.339817
v -11.723476 19.347644 9.349160
v -11.180821 19.347644 9.991793
v -11.169648 19.311467 9.981808
v -11.151873 19.280401 9.965923
v -11.128709 19.256563 9.945223
v -11.101734 19.241578 9.921116
v -12.606727 19.241578 7.921331
v -12.637359 19.256563 7.940579
v -12.663663 19.280401 7.957107
v -12.683847 19.311467 7.969789
v -12.696535 19.347644 7.977762
v -12.217023 19.311467 8.668440
v -12.197582 19.280401 8.654646
v -12.172246 19.256563 8.636669
v -13.755479 19.241578 5.697706
v -13.788902 19.256563 5.711550
v -13.817603 19.280401 5.723439
v -13.839627 19.311467 5.732561
v -13.853471 19.347644 5.738296
v -13.509928 19.347644 6.506038
v -13.496427 19.311467 6.499537
v -13.474950 19.280401 6.489194
v -13.446960 19.256563 6.475715
v -13.414366 19.241578 6.460018
v -14.306928 19.241578 4.121755
v -14.341691 19.256563 4.131770
v -14.371543 19.280401 4.140370
v -14.394449 19.311467 4.146969
v -14.408848 19.347644 4.151118
v -14.139282 19.311467 4.947549
v -14.116781 19.280401 4.939675
v -14.087459 19.256563 4.929415
v -14.795205 19.241578 1.667019
v -14.831155 19.256563 1.671070
v -14.862025 19.280401 1.674548
v -14.885713 19.311467 1.677217
v -14.900604 19.347644 1.678895
v -14.783026 19.347644 2.511737
v -14.768253 19.311467 2.509227
v -14.744752 19.280401 2.505234
v -14.714125 19.256563 2.500030
v -14.678459 19.241578 2.493970
v -14.956338 19.311467 0.839930
v -14.932537 19.280401 0.838593
v -14.901520 19.256563 0.836851
v 0.839930 19.311467 14.956338
v 0.838593 19.280401 14.932537
v 0.836851 19.256563 14.901520
v 14.550799 19.256563 3.321125
v 14.581086 19.280401 3.328038
v 14.604326 19.311467 3.333342
v 13.062710 19.256563 7.219504
v 13.089899 19.280401 7.234532
v 13.110763 19.311467 7.246062
v 10.553569 19.256563 10.553569
v 10.575536 19.280401 10.575536
v 10.592392 19.311467 10.592392
v 7.219504 19.256563 13.062710
v 7.234532 19.280401 13.089899
v 7.246062 19.311467 13.110763
v 3.321125 19.256563 14.550799
v 3.328038 19.280401 14.581086
v 3.333342 19.311467 14.604326
v -3.321125 19.256563 14.550799
v -3.328038 19.280401 14.581086
v -3.333342 19.311467 14.604326
v -7.219504 19.256563 13.062710
v -7.234532 19.280401 13.089899
v -7.246062 19.311467 13.110763
v -10.553569 19.256563 10.553569
v -10.575536 19.280401 10.575536
v -10.592392 19.311467 10.592392
v -13.062710 19.256563 7.219504
v -13.089899 19.280401 7.234532
v -13.110763 19.311467 7.246062
v -14.550799 19.256563 3.321125
v -14.581086 19.280401 3.328038
v -14.604326 19.311467 3.333342
v 15.000000 19.854503 0.000000
v -15.000000 19.854503 0.000000
v -14.847322 19.854503 2.134723
v -14.392395 19.854503 4.225988
v -13.644480 19.854503 6.231225
v -12.618803 19.854503 8.109612
v -11.336244 19.854503 9.822911
v -9.822911 19.854503 11.336244
v -8.109612 19.854503 12.618803
v -6.231225 19.854503 13.644480
v -4.225988 19.854503 14.392395
v -2.134723 19.854503 14.847322
v -0.000000 19.854503 15.000000
v 2.134723 19.854503 14.847322
v 4.225988 19.854503 14.392395
v 6.231225 19.854503 13.644480
v 8.109612 19.854503 12.618803
v 9.822911 19.854503 11.336244
v 11.336244 19.854503 9.822911
v 12.618803 19.854503 8.109612
v 13.644480 19.854503 6.231225
v 14.392395 19.854503 4.225988
v 14.847322 19.854503 2.134723
v 15.150000 20.004503 0.000000
v 15.111177 19.999392 0.000000
v 15.075000 19.984407 0.000000
v 15.043934 19.960569 0.000000
v 15.020096 19.929503 0.000000
v 15.005111 19.893326 0.000000
v -15.005111 19.893326 0.000000
v -15.020096 19.929503 0.000000
v -15.043934 19.960569 0.000000
v -15.075000 19.984407 0.000000
v -15.111177 19.999392 0.000000
v -15.150000 20.004503 0.000000
v -14.995795 20.004503 2.156070
v -14.536319 20.004503 4.268248
v -13.780925 20.004503 6.293537
v -12.744991 20.004503 8.190708
v -11.449606 20.004503 9.921140
v -9.921140 20.004503 11.449606
v -8.190708 20.004503 12.744991
v -6.293537 20.004503 13.780925
v -4.268248 20.004503 14.536319
v -2.156070 20.004503 14.995795
v -0.000000 20.004503 15.150000
v 2.156070 20.004503 14.995795
v 4.268248 20.004503 14.536319
v 6.293537 20.004503 13.780925
v 8.190708 20.004503 12.744991
v 9.921140 20.004503 11.449606
v 11.449606 20.004503 9.921140
v 12.744991 20.004503 8.190708
v 13.780925 20.004503 6.293537
v 14.536319 20.004503 4.268248
v 14.995795 20.004503 2.156070
v 15.088231 19.999392 0.832441
v 14.982326 19.893326 0.826598
v 14.745432 19.999392 3.304529
v 14.641933 19.893326 3.281334
v 14.292412 19.999392 4.906591
v 14.192093 19.893326 4.872152
v 13.289884 19.999392 7.192125
v 13.196601 19.893326 7.141644
v 11.924842 19.999392 9.281477
v 11.841141 19.893326 9.216330
v 10.831428 19.999392 10.536975
v 10.755401 19.893326 10.463016
v 8.949372 19.999392 12.176059
v 8.886556 19.893326 12.090595
v 7.555589 19.999392 13.086663
v 7.502556 19.893326 12.994807
v 5.298546 19.999392 14.151787
v 5.261355 19.893326 14.052455
v 2.896973 19.999392 14.830887
v 2.876639 19.893326 14.726789
v 1.247871 19.999392 15.059565
v 1.239112 19.893326 14.953861
v -1.247871 19.999392 15.059565
v -1.239112 19.893326 14.953861
v -2.896973 19.999392 14.830887
v -2.876639 19.893326 14.726789
v -5.298546 19.999392 14.151787
v -5.261355 19.893326 14.052455
v -7.555589 19.999392 13.086663
v -7.502556 19.893326 12.994807
v -8.949372 19.999392 12.176059
v -8.886556 19.893326 12.090595
v -10.831428 19.999392 10.536975
v -10.755401 19.893326 10.463016
v -11.924842 19.999392 9.281477
v -11.841141 19.893326 9.216330
v -13.289884 19.999392 7.192125
v -13.196601 19.893326 7.141644
v -14.292412 19.999392 4.906591
v -14.192093 19.893326 4.872152
v -14.745432 19.999392 3.304529
v -14.641933 19.893326 3.281334
v -15.088231 19.999392 0.832441
v -14.982326 19.893326 0.826598
v 14.997288 19.929503 0.827423
v 15.021090 19.960569 0.828737
v 15.052109 19.984407 0.830448
v 14.800461 19.893326 2.469760
v 14.815242 19.929503 2.472227
v 14.838754 19.960569 2.476150
v 14.869397 19.984407 2.481263
v 14.905080 19.999392 2.487218
v 15.019463 19.999392 1.662354
v 14.983505 19.984407 1.658374
v 14.952628 19.960569 1.654956
v 14.928934 19.929503 1.652334
v 14.914040 19.893326 1.650686
v 14.206266 19.929503 4.877017
v 14.228812 19.960569 4.884757
v 14.258195 19.984407 4.894845
v 14.541002 19.999392 4.111804
v 14.506190 19.984407 4.101960
v 14.476296 19.960569 4.093507
v 14.453358 19.929503 4.087020
v 14.438938 19.893326 4.082943
v 13.569980 19.893326 6.403828
v 13.583532 19.929503 6.410223
v 13.605089 19.960569 6.420397
v 13.633184 19.984407 6.433655
v 13.665901 19.999392 6.449094
v 14.000416 19.999392 5.686478
v 13.966898 19.984407 5.672864
v 13.938116 19.960569 5.661173
v 13.916030 19.929503 5.652203
v 13.902146 19.893326 5.646564
v 12.330867 19.893326 8.550033
v 12.343182 19.929503 8.558572
v 12.362771 19.960569 8.572155
v 12.388301 19.984407 8.589856
v 12.418030 19.999392 8.610471
v 12.873505 19.999392 7.913314
v 12.842685 19.984407 7.894369
v 12.816219 19.960569 7.878101
v 12.795911 19.929503 7.865618
v 12.783145 19.893326 7.857770
v 11.315453 19.893326 9.854637
v 11.326754 19.929503 9.864479
v 11.344730 19.960569 9.880134
v 11.368157 19.984407 9.900537
v 11.395439 19.999392 9.924296
v 11.896293 19.984407 9.259257
v 11.871778 19.960569 9.240176
v 11.852966 19.929503 9.225534
v 9.539105 19.893326 11.582695
v 9.548632 19.929503 11.594262
v 9.563786 19.960569 11.612663
v 9.583536 19.984407 11.636644
v 9.606534 19.999392 11.664569
v 10.234522 19.999392 11.117654
v 10.210020 19.984407 11.091038
v 10.188979 19.960569 11.068182
v 10.172834 19.929503 11.050644
v 10.162685 19.893326 11.039619
v 7.510048 19.929503 13.007785
v 7.521967 19.960569 13.028429
v 7.537500 19.984407 13.055333
v 8.265031 19.999392 12.650571
v 8.245243 19.984407 12.620285
v 8.228252 19.960569 12.594277
v 8.215214 19.929503 12.574321
v 8.207018 19.893326 12.561776
v 6.027484 19.893326 13.741281
v 6.033504 19.929503 13.755003
v 6.043079 19.960569 13.776833
v 6.055559 19.984407 13.805283
v 6.070091 19.999392 13.838413
v 6.823201 19.999392 13.483012
v 6.806865 19.984407 13.450733
v 6.792838 19.960569 13.423014
v 6.782074 19.929503 13.401745
v 6.775308 19.893326 13.388374
v 3.683537 19.893326 14.545959
v 3.687216 19.929503 14.560485
v 3.693067 19.960569 14.583594
v 3.700694 19.984407 14.613709
v 3.709575 19.999392 14.648779
v 4.510910 19.999392 14.422183
v 4.500111 19.984407 14.387655
v 4.490837 19.960569 14.358006
v 4.483721 19.929503 14.335255
v 4.479248 19.893326 14.320953
v 2.061005 19.893326 14.862894
v 2.063064 19.929503 14.877737
v 2.066338 19.960569 14.901349
v 2.070605 19.984407 14.932120
v 2.075574 19.999392 14.967955
v 2.890038 19.984407 14.795381
v 2.884082 19.960569 14.764891
v 2.879512 19.929503 14.741496
v -0.413456 19.893326 14.999414
v -0.413869 19.929503 15.014393
v -0.414526 19.960569 15.038222
v -0.415382 19.984407 15.069276
v -0.416379 19.999392 15.105440
v 0.416379 19.999392 15.105440
v 0.415382 19.984407 15.069276
v 0.414526 19.960569 15.038222
v 0.413869 19.929503 15.014393
v 0.413456 19.893326 14.999414
v -2.879512 19.929503 14.741496
v -2.884082 19.960569 14.764891
v -2.890038 19.984407 14.795381
v -2.075574 19.999392 14.967955
v -2.070605 19.984407 14.932120
v -2.066338 19.960569 14.901349
v -2.063064 19.929503 14.877737
v -2.061005 19.893326 14.862894
v -4.479248 19.893326 14.320953
v -4.483721 19.929503 14.335255
v -4.490837 19.960569 14.358006
v -4.500111 19.984407 14.387655
v -4.510910 19.999392 14.422183
v -3.709575 19.999392 14.648779
v -3.700694 19.984407 14.613709
v -3.693067 19.960569 14.583594
v -3.687216 19.929503 14.560485
v -3.683537 19.893326 14.545959
v -6.775308 19.893326 13.388374
v -6.782074 19.929503 13.401745
v -6.792838 19.960569 13.423014
v -6.806865 19.984407 13.450733
v -6.823201 19.999392 13.483012
v -6.070091 19.999392 13.838413
v -6.055559 19.984407 13.805283
v -6.043079 19.960569 13.776833
v -6.033504 19.929503 13.755003
v -6.027484 19.893326 13.741281
v -8.207018 19.893326 12.561776
v -8.215214 19.929503 12.574321
v -8.228252 19.960569 12.594277
v -8.245243 19.984407 12.620285
v -8.265031 19.999392 12.650571
v -7.537500 19.984407 13.055333
v -7.521967 19.960569 13.028429
v -7.510048 19.929503 13.007785
v -10.162685 19.893326 11.039619
v -10.172834 19.929503 11.050644
v -10.188979 19.960569 11.068182
v -10.210020 19.984407 11.091038
v -10.234522 19.999392 11.117654
v -9.606534 19.999392 11.664569
v -9.583536 19.984407 11.636644
v -9.563786 19.960569 11.612663
v -9.548632 19.929503 11.594262
v -9.539105 19.893326 11.582695
v -11.852966 19.929503 9.225534
v -11.871778 19.960569 9.240176
v -11.896293 19.984407 9.259257
v -11.395439 19.999392 9.924296
v -11.368157 19.984407 9.900537
v -11.344730 19.960569 9.880134
v -11.326754 19.929503 9.864479
v -11.315453 19.893326 9.854637
v -12.783145 19.893326 7.857770
v -12.795911 19.929503 7.865618
v -12.816219 19.960569 7.878101
v -12.842685 19.984407 7.894369
v -12.873505 19.999392 7.913314
v -12.418030 19.999392 8.610471
v -12.388301 19.984407 8.589856
v -12.362771 19.960569 8.572155
v -12.343182 19.929503 8.558572
v -12.330867 19.893326 8.550033
v -13.902146 19.893326 5.646564
v -13.916030 19.929503 5.652203
v -13.938116 19.960569 5.661173
v -13.966898 19.984407 5.672864
v -14.000416 19.999392 5.686478
v -13.665901 19.999392 6.449094
v -13.633184 19.984407 6.433655
v -13.605089 19.960569 6.420397
v -13.583532 19.929503 6.410223
v -13.569980 19.893326 6.403828
v -14.438938 19.893326 4.082943
v -14.453358 19.929503 4.087020
v -14.476296 19.960569 4.093507
v -14.506190 19.984407 4.101960
v -14.541002 19.999392 4.111804
v -14.258195 19.984407 4.894845
v -14.228812 19.960569 4.884757
v -14.206266 19.929503 4.877017
v -14.914040 19.893326 1.650686
v -14.928934 19.929503 1.652334
v -14.952628 19.960569 1.654956
v -14.983505 19.984407 1.658374
v -15.019463 19.999392 1.662354
v -14.905080 19.999392 2.487218
v -14.869397 19.984407 2.481263
v -14.838754 19.960569 2.476150
v -14.815242 19.929503 2.472227
v -14.800461 19.893326 2.469760
v -15.052109 19.984407 0.830448
v -15.021090 19.960569 0.828737
v -14.997288 19.929503 0.827423
v 14.656556 19.929503 3.284611
v 14.679816 19.960569 3.289824
v 14.710130 19.984407 3.296617
v 13.209780 19.929503 7.148776
v 13.230745 19.960569 7.160121
v 13.258067 19.984407 7.174907
v 10.766142 19.929503 10.473465
v 10.783229 19.960569 10.490087
v 10.805496 19.984407 10.511749
v 8.895430 19.929503 12.102669
v 8.909548 19.960569 12.121877
v 8.927946 19.984407 12.146909
v 5.266610 19.929503 14.066489
v 5.274968 19.960569 14.088813
v 5.285861 19.984407 14.117907
v 1.240350 19.929503 14.968795
v 1.242318 19.960569 14.992551
v 1.244884 19.984407 15.023511
v -1.240350 19.929503 14.968795
v -1.242318 19.960569 14.992551
v -1.244884 19.984407 15.023511
v -5.266610 19.929503 14.066489
v -5.274968 19.960569 14.088813
v -5.285861 19.984407 14.117907
v -8.895430 19.929503 12.102669
v -8.909548 19.960569 12.121877
v -8.927946 19.984407 12.146909
v -10.766142 19.929503 10.473465
v -10.783229 19.960569 10.490087
v -10.805496 19.984407 10.511749
v -13.209780 19.929503 7.148776
v -13.230745 19.960569 7.160121
v -13.258067 19.984407 7.174907
v -14.656556 19.929503 3.284611
v -14.679816 19.960569 3.289824
v -14.710130 19.984407 3.296617
v 15.512255 20.004503 0.000000
v -15.512255 20.004503 0.000000
v -15.354362 20.004503 2.207624
v -14.883899 20.004503 4.370307
v -14.110443 20.004503 6.444023
v -13.049739 20.004503 8.386558
v -11.723380 20.004503 10.158366
v -10.158366 20.004503 11.723380
v -8.386558 20.004503 13.049739
v -6.444023 20.004503 14.110443
v -4.370307 20.004503 14.883899
v -2.207624 20.004503 15.354362
v -0.000000 20.004503 15.512255
v 2.207624 20.004503 15.354362
v 4.370307 20.004503 14.883899
v 6.444023 20.004503 14.110443
v 8.386558 20.004503 13.049739
v 10.158366 20.004503 11.723380
v 11.723380 20.004503 10.158366
v 13.049739 20.004503 8.386558
v 14.110443 20.004503 6.444023
v 14.883899 20.004503 4.370307
v 15.354362 20.004503 2.207624
v 15.512255 30.500000 0.000000
v -15.512255 30.500000 0.000000
v -15.354362 30.500000 2.207624
v -14.883899 30.500000 4.370307
v -14.110443 30.500000 6.444023
v -13.049739 30.500000 8.386558
v -11.723380 30.500000 10.158366
v -10.158366 30.500000 11.723380
v -8.386558 30.500000 13.049739
v -6.444023 30.500000 14.110443
v -4.370307 30.500000 14.883899
v -2.207624 30.500000 15.354362
v -0.000000 30.500000 15.512255
v 2.207624 30.500000 15.354362
v 4.370307 30.500000 14.883899
v 6.444023 30.500000 14.110443
v 8.386558 30.500000 13.049739
v 10.158366 30.500000 11.723380
v 11.723380 30.500000 10.158366
v 13.049739 30.500000 8.386558
v 14.110443 30.500000 6.444023
v 14.883899 30.500000 4.370307
v 15.354362 30.500000 2.207624
v 17.000000 30.500000 0.000000
v -17.000000 30.500000 0.000000
v -16.841661 30.500000 2.314833
v -16.369594 30.500000 4.586545
v -15.592592 30.500000 6.772819
v -14.525130 30.500000 8.832927
v -13.187092 30.500000 10.728495
v -11.603403 30.500000 12.424211
v -9.803565 30.500000 13.888488
v -7.821106 30.500000 15.094049
v -5.692953 30.500000 16.018436
v -3.458752 30.500000 16.644430
v -1.160121 30.500000 16.960369
v 1.160121 30.500000 16.960369
v 3.458752 30.500000 16.644430
v 5.692953 30.500000 16.018436
v 7.821106 30.500000 15.094049
v 9.803565 30.500000 13.888488
v 11.603403 30.500000 12.424211
v 13.187092 30.500000 10.728495
v 14.525130 30.500000 8.832927
v 15.592592 30.500000 6.772819
v 16.369594 30.500000 4.586545
v 16.841661 30.500000 2.314833
v 17.000000 18.500000 0.000000
v 17.000000 24.500000 0.000000
v -17.000000 24.500000 0.000000
v -17.000000 18.500000 0.000000
v -16.841661 18.500000 2.314833
v -16.369594 18.500000 4.586545
v -15.592592 18.500000 6.772819
v -14.525130 18.500000 8.832927
v -13.187092 18.500000 10.728495
v -11.603403 18.500000 12.424211
v -9.803565 18.500000 13.888488
v -7.821106 18.500000 15.094049
v -5.692953 18.500000 16.018436
v -3.458752 18.500000 16.644430
v -1.160121 18.500000 16.960369
v 1.160121 18.500000 16.960369
v 3.458752 18.500000 16.644430
v 5.692953 18.500000 16.018436
v 7.821106 18.500000 15.094049
v 9.803565 18.500000 13.888488
v 11.603403 18.500000 12.424211
v 13.187092 18.500000 10.728495
v 14.525130 18.500000 8.832927
v 15.592592 18.500000 6.772819
v 16.369594 18.500000 4.586545
v 16.841661 18.500000 2.314833
v 16.000000 18.500000 0.000000
v -16.000000 18.500000 0.000000
v -15.837143 18.500000 2.277037
v -15.351888 18.500000 4.507721
v -14.554112 18.500000 6.646640
v -13.460057 18.500000 8.650253
v -12.091993 18.500000 10.477772
v -10.477772 18.500000 12.091993
v -8.650253 18.500000 13.460057
v -6.646640 18.500000 14.554112
v -4.507721 18.500000 15.351888
v -2.277037 18.500000 15.837143
v -0.000000 18.500000 16.000000
v 2.277037 18.500000 15.837143
v 4.507721 18.500000 15.351888
v 6.646640 18.500000 14.554112
v 8.650253 18.500000 13.460057
v 10.477772 18.500000 12.091993
v 12.091993 18.500000 10.477772
v 13.460057 18.500000 8.650253
v 14.554112 18.500000 6.646640
v 15.351888 18.500000 4.507721
v 15.837143 18.500000 2.277037
v 16.000000 17.500000 0.000000
v -16.000000 17.500000 0.000000
v -15.837143 17.500000 2.277037
v -15.351888 17.500000 4.507721
v -14.554112 17.500000 6.646640
v -13.460057 17.500000 8.650253
v -12.091993 17.500000 10.477772
v -10.477772 17.500000 12.091993
v -8.650253 17.500000 13.460057
v -6.646640 17.500000 14.554112
v -4.507721 17.500000 15.351888
v -2.277037 17.500000 15.837143
v -0.000000 17.500000 16.000000
v 2.277037 17.500000 15.837143
v 4.507721 17.500000 15.351888
v 6.646640 17.500000 14.554112
v 8.650253 17.500000 13.460057
v 10.477772 17.500000 12.091993
v 12.091993 17.500000 10.477772
v 13.460057 17.500000 8.650253
v 14.554112 17.500000 6.646640
v 15.351888 17.500000 4.507721
v 15.837143 17.500000 2.277037
v 17.000000 17.500000 0.000000
v -17.000000 17.500000 0.000000
v -16.841661 17.500000 2.314833
v -16.369594 17.500000 4.586545
v -15.592592 17.500000 6.772819
v -14.525130 17.500000 8.832927
v -13.187092 17.500000 10.728495
v -11.603403 17.500000 12.424211
v -9.803565 17.500000 13.888488
v -7.821106 17.500000 15.094049
v -5.692953 17.500000 16.018436
v -3.458752 17.500000 16.644430
v -1.160121 17.500000 16.960369
v 1.160121 17.500000 16.960369
v 3.458752 17.500000 16.644430
v 5.692953 17.500000 16.018436
v 7.821106 17.500000 15.094049
v 9.803565 17.500000 13.888488
v 11.603403 17.500000 12.424211
v 13.187092 17.500000 10.728495
v 14.525130 17.500000 8.832927
v 15.592592 17.500000 6.772819
v 16.369594 17.500000 4.586545
v 16.841661 17.500000 2.314833
v 17.000000 16.500000 0.000000
v -17.000000 16.500000 0.000000
v -16.841661 16.500000 2.314833
v -16.369594 16.500000 4.586545
v -15.592592 16.500000 6.772819
v -14.525130 16.500000 8.832927
v -13.187092 16.500000 10.728495
v -11.603403 16.500000 12.424211
v -9.803565 16.500000 13.888488
v -7.821106 16.500000 15.094049
v -5.692953 16.500000 16.018436
v -3.458752 16.500000 16.644430
v -1.160121 16.500000 16.960369
v 1.160121 16.500000 16.960369
v 3.458752 16.500000 16.644430
v 5.692953 16.500000 16.018436
v 7.821106 16.500000 15.094049
v 9.803565 16.500000 13.888488
v 11.603403 16.500000 12.424211
v 13.187092 16.500000 10.728495
v 14.525130 16.500000 8.832927
v 15.592592 16.500000 6.772819
v 16.369594 16.500000 4.586545
v 16.841661 16.500000 2.314833
v 16.000000 16.500000 0.000000
v -16.000000 16.500000 0.000000
v -15.837143 16.500000 2.277037
v -15.351888 16.500000 4.507721
v -14.554112 16.500000 6.646640
v -13.460057 16.500000 8.650253
v -12.091993 16.500000 10.477772
v -10.477772 16.500000 12.091993
v -8.650253 16.500000 13.460057
v -6.646640 16.500000 14.554112
v -4.507721 16.500000 15.351888
v -2.277037 16.500000 15.837143
v -0.000000 16.500000 16.000000
v 2.277037 16.500000 15.837143
v 4.507721 16.500000 15.351888
v 6.646640 16.500000 14.554112
v 8.650253 16.500000 13.460057
v 10.477772 16.500000 12.091993
v 12.091993 16.500000 10.477772
v 13.460057 16.500000 8.650253
v 14.554112 16.500000 6.646640
v 15.351888 16.500000 4.507721
v 15.837143 16.500000 2.277037
v 16.000000 15.500000 0.000000
v -16.000000 15.500000 0.000000
v -15.837143 15.500000 2.277037
v -15.351888 15.500000 4.507721
v -14.554112 15.500000 6.646640
v -13.460057 15.500000 8.650253
v -12.091993 15.500000 10.477772
v -10.477772 15.500000 12.091993
v -8.650253 15.500000 13.460057
v -6.646640 15.500000 14.554112
v -4.507721 15.500000 15.351888
v -2.277037 15.500000 15.837143
v -0.000000 15.500000 16.000000
v 2.277037 15.500000 15.837143
v 4.507721 15.500000 15.351888
v 6.646640 15.500000 14.554112
v 8.650253 15.500000 13.460057
v 10.477772 15.500000 12.091993
v 12.091993 15.500000 10.477772
v 13.460057 15.500000 8.650253
v 14.554112 15.500000 6.646640
v 15.351888 15.500000 4.507721
v 15.837143 15.500000 2.277037
v 9.588788 15.500000 0.000000
v -9.588788 15.500000 0.000000
v -9.443113 15.500000 1.665076
v -9.010513 15.500000 3.279559
v -8.304134 15.500000 4.794394
v -7.345438 15.500000 6.163554
v -6.163554 15.500000 7.345438
v -4.794394 15.500000 8.304134
v -3.279559 15.500000 9.010513
v -1.665076 15.500000 9.443113
v -0.000000 15.500000 9.588788
v 1.665076 15.500000 9.443113
v 3.279559 15.500000 9.010513
v 4.794394 15.500000 8.304134
v 6.163554 15.500000 7.345438
v 7.345438 15.500000 6.163554
v 8.304134 15.500000 4.794394
v 9.010513 15.500000 3.279559
v 9.443113 15.500000 1.665076
v 9.088788 16.000000 0.000000
v 9.105825 15.870590 0.000000
v 9.155775 15.750000 0.000000
v 9.235235 15.646447 0.000000
v 9.338788 15.566987 0.000000
v 9.459379 15.517037 0.000000
v -9.459379 15.517037 0.000000
v -9.338788 15.566987 0.000000
v -9.235235 15.646447 0.000000
v -9.155775 15.750000 0.000000
v -9.105825 15.870590 0.000000
v -9.088788 16.000000 0.000000
v -8.934034 16.000000 1.670060
v -8.475043 16.000000 3.283249
v -7.727443 16.000000 4.784630
v -6.716695 16.000000 6.123077
v -5.477219 16.000000 7.253010
v -4.051221 16.000000 8.135950
v -2.487265 16.000000 8.741829
v -0.838608 16.000000 9.050017
v 0.838608 16.000000 9.050017
v 2.487265 16.000000 8.741829
v 4.051221 16.000000 8.135950
v 5.477219 16.000000 7.253010
v 6.716695 16.000000 6.123077
v 7.727443 16.000000 4.784630
v 8.475043 16.000000 3.283249
v 8.934034 16.000000 1.670060
v 9.315669 15.517037 1.642604
v 9.196911 15.566987 1.621664
v 9.094931 15.646447 1.603682
v 9.016679 15.750000 1.589884
v 8.967487 15.870590 1.581210
v 8.888908 15.517037 3.235298
v 8.775590 15.566987 3.194054
v 8.678282 15.646447 3.158636
v 8.603615 15.750000 3.131460
v 8.556677 15.870590 3.114376
v 8.192062 15.517037 4.729689
v 8.087628 15.566987 4.669394
v 7.997948 15.646447 4.617617
v 7.929134 15.750000 4.577888
v 7.885876 15.870590 4.552913
v 7.246304 15.517037 6.080371
v 7.153927 15.566987 6.002857
v 7.074600 15.646447 5.936294
v 7.013731 15.750000 5.885219
v 6.975467 15.870590 5.853112
v 6.080371 15.517037 7.246304
v 6.002857 15.566987 7.153927
v 5.936294 15.646447 7.074600
v 5.885219 15.750000 7.013731
v 5.853112 15.870590 6.975467
v 4.729689 15.517037 8.192062
v 4.669394 15.566987 8.087628
v 4.617617 15.646447 7.997948
v 4.577888 15.750000 7.929134
v 4.552913 15.870590 7.885876
v 3.235298 15.517037 8.888908
v 3.194054 15.566987 8.775590
v 3.158636 15.646447 8.678282
v 3.131460 15.750000 8.603615
v 3.114376 15.870590 8.556677
v 1.642604 15.517037 9.315669
v 1.621664 15.566987 9.196911
v 1.603682 15.646447 9.094931
v 1.589884 15.750000 9.016679
v 1.581210 15.870590 8.967487
v 0.000000 15.517037 9.459379
v 0.000000 15.566987 9.338788
v 0.000000 15.646447 9.235235
v 0.000000 15.750000 9.155775
v 0.000000 15.870590 9.105825
v -1.642604 15.517037 9.315669
v -1.621664 15.566987 9.196911
v -1.603682 15.646447 9.094931
v -1.589884 15.750000 9.016679
v -1.581210 15.870590 8.967487
v -3.235298 15.517037 8.888908
v -3.194054 15.566987 8.775590
v -3.158636 15.646447 8.678282
v -3.131460 15.750000 8.603615
v -3.114376 15.870590 8.556677
v -4.729689 15.517037 8.192062
v -4.669394 15.566987 8.087628
v -4.617617 15.646447 7.997948
v -4.577888 15.750000 7.929134
v -4.552913 15.870590 7.885876
v -6.080371 15.517037 7.246304
v -6.002857 15.566987 7.153927
v -5.936294 15.646447 7.074600
v -5.885219 15.750000 7.013731
v -5.853112 15.870590 6.975467
v -7.246304 15.517037 6.080371
v -7.153927 15.566987 6.002857
v -7.074600 15.646447 5.936294
v -7.013731 15.750000 5.885219
v -6.975467 15.870590 5.853112
v -8.192062 15.517037 4.729689
v -8.087628 15.566987 4.669394
v -7.997948 15.646447 4.617617
v -7.929134 15.750000 4.577888
v -7.885876 15.870590 4.552913
v -8.888908 15.517037 3.235298
v -8.775590 15.566987 3.194054
v -8.678282 15.646447 3.158636
v -8.603615 15.750000 3.131460
v -8.556677 15.870590 3.114376
v -9.315669 15.517037 1.642604
v -9.196911 15.566987 1.621664
v -9.094931 15.646447 1.603682
v -9.016679 15.750000 1.589884
v -8.967487 15.870590 1.581210
v 9.088788 17.500000 0.000000
v -9.088788 17.500000 0.000000
v -8.934034 17.500000 1.670060
v -8.475043 17.500000 3.283249
v -7.727443 17.500000 4.784630
v -6.716695 17.500000 6.123077
v -5.477219 17.500000 7.253010
v -4.051221 17.500000 8.135950
v -2.487265 17.500000 8.741829
v -0.838608 17.500000 9.050017
v 0.838608 17.500000 9.050017
v 2.487265 17.500000 8.741829
v 4.051221 17.500000 8.135950
v 5.477219 17.500000 7.253010
v 6.716695 17.500000 6.123077
v 7.727443 17.500000 4.784630
v 8.475043 17.500000 3.283249
v 8.934034 17.500000 1.670060
v 9.588788 18.000000 0.000000
v 9.459379 17.982963 0.000000
v 9.338788 17.933013 0.000000
v 9.235235 17.853553 0.000000
v 9.155775 17.750000 0.000000
v 9.105825 17.629410 0.000000
v -9.105825 17.629410 0.000000
v -9.155775 17.750000 0.000000
v -9.235235 17.853553 0.000000
v -9.338788 17.933013 0.000000
v -9.459379 17.982963 0.000000
v -9.588788 18.000000 0.000000
v -9.443113 18.000000 1.665076
v -9.010513 18.000000 3.279559
v -8.304134 18.000000 4.794394
v -7.345438 18.000000 6.163554
v -6.163554 18.000000 7.345438
v -4.794394 18.000000 8.304134
v -3.279559 18.000000 9.010513
v -1.665076 18.000000 9.443113
v -0.000000 18.000000 9.588788
v 1.665076 18.000000 9.443113
v 3.279559 18.000000 9.010513
v 4.794394 18.000000 8.304134
v 6.163554 18.000000 7.345438
v 7.345438 18.000000 6.163554
v 8.304134 18.000000 4.794394
v 9.010513 18.000000 3.279559
v 9.443113 18.000000 1.665076
v 8.967487 17.629410 1.581210
v 9.016679 17.750000 1.589884
v 9.094931 17.853553 1.603682
v 9.196911 17.933013 1.621664
v 9.315669 17.982963 1.642604
v 8.556677 17.629410 3.114376
v 8.603615 17.750000 3.131460
v 8.678282 17.853553 3.158636
v 8.775590 17.933013 3.194054
v 8.888908 17.982963 3.235298
v 7.885876 17.629410 4.552913
v 7.929134 17.750000 4.577888
v 7.997948 17.853553 4.617617
v 8.087628 17.933013 4.669394
v 8.192062 17.982963 4.729689
v 6.975467 17.629410 5.853112
v 7.013731 17.750000 5.885219
v 7.074600 17.853553 5.936294
v 7.153927 17.933013 6.002857
v 7.246304 17.982963 6.080371
v 5.853112 17.629410 6.975467
v 5.885219 17.750000 7.013731
v 5.936294 17.853553 7.074600
v 6.002857 17.933013 7.153927
v 6.080371 17.982963 7.246304
v 4.552913 17.629410 7.885876
v 4.577888 17.750000 7.929134
v 4.617617 17.853553 7.997948
v 4.669394 17.933013 8.087628
v 4.729689 17.982963 8.192062
v 3.114376 17.629410 8.556677
v 3.131460 17.750000 8.603615
v 3.158636 17.853553 8.678282
v 3.194054 17.933013 8.775590
v 3.235298 17.982963 8.888908
v 1.581210 17.629410 8.967487
v 1.589884 17.750000 9.016679
v 1.603682 17.853553 9.094931
v 1.621664 17.933013 9.196911
v 1.642604 17.982963 9.315669
v 0.000000 17.629410 9.105825
v 0.000000 17.750000 9.155775
v 0.000000 17.853553 9.235235
v 0.000000 17.933013 9.338788
v 0.000000 17.982963 9.459379
v -1.581210 17.629410 8.967487
v -1.589884 17.750000 9.016679
v -1.603682 17.853553 9.094931
v -1.621664 17.933013 9.196911
v -1.642604 17.982963 9.315669
v -3.114376 17.629410 8.556677
v -3.131460 17.750000 8.603615
v -3.158636 17.853553 8.678282
v -3.194054 17.933013 8.775590
v -3.235298 17.982963 8.888908
v -4.552913 17.629410 7.885876
v -4.577888 17.750000 7.929134
v -4.617617 17.853553 7.997948
v -4.669394 17.933013 8.087628
v -4.729689 17.982963 8.192062
v -5.853112 17.629410 6.975467
v -5.885219 17.750000 7.013731
v -5.936294 17.853553 7.074600
v -6.002857 17.933013 7.153927
v -6.080371 17.982963 7.246304
v -6.975467 17.629410 5.853112
v -7.013731 17.750000 5.885219
v -7.074600 17.853553 5.936294
v -7.153927 17.933013 6.002857
v -7.246304 17.982963 6.080371
v -7.885876 17.629410 4.552913
v -7.929134 17.750000 4.577888
v -7.997948 17.853553 4.617617
v -8.087628 17.933013 4.669394
v -8.192062 17.982963 4.729689
v -8.556677 17.629410 3.114376
v -8.603615 17.750000 3.131460
v -8.678282 17.853553 3.158636
v -8.775590 17.933013 3.194054
v -8.888908 17.982963 3.235298
v -8.967487 17.629410 1.581210
v -9.016679 17.750000 1.589884
v -9.094931 17.853553 1.603682
v -9.196911 17.933013 1.621664
v -9.315669 17.982963 1.642604
v 10.350000 18.000000 0.000000
v -10.350000 18.000000 0.000000
v -10.192760 18.000000 1.797259
v -9.725819 18.000000 3.539908
v -8.963363 18.000000 5.175000
v -7.928560 18.000000 6.652852
v -6.652852 18.000000 7.928560
v -5.175000 18.000000 8.963363
v -3.539908 18.000000 9.725819
v -1.797259 18.000000 10.192760
v -0.000000 18.000000 10.350000
v 1.797259 18.000000 10.192760
v 3.539908 18.000000 9.725819
v 5.175000 18.000000 8.963363
v 6.652852 18.000000 7.928560
v 7.928560 18.000000 6.652852
v 8.963363 18.000000 5.175000
v 9.725819 18.000000 3.539908
v 10.192760 18.000000 1.797259
v 10.494889 17.888823 0.000000
v 10.479904 17.925000 0.000000
v 10.456066 17.956066 0.000000
v 10.425000 17.979904 0.000000
v 10.388823 17.994889 0.000000
v -10.388823 17.994889 0.000000
v -10.425000 17.979904 0.000000
v -10.456066 17.956066 0.000000
v -10.479904 17.925000 0.000000
v -10.494889 17.888823 0.000000
v 10.460857 17.888823 0.844488
v 10.355135 17.994889 0.835953
v 10.189926 17.888823 2.511591
v 10.086943 17.994889 2.486208
v 9.655082 17.888823 4.113646
v 9.557503 17.994889 4.072072
v 8.390063 17.888823 6.304723
v 8.305269 17.994889 6.241005
v 7.270065 17.888823 7.568940
v 7.196591 17.994889 7.492444
v 5.961776 17.888823 8.637124
v 5.901524 17.994889 8.549834
v 4.499081 17.888823 9.481612
v 4.453611 17.994889 9.385787
v 2.919861 17.888823 10.080531
v 2.890352 17.994889 9.978653
v 1.265019 17.888823 10.418369
v 1.252234 17.994889 10.313077
v -1.265019 17.888823 10.418369
v -1.252234 17.994889 10.313077
v -2.919861 17.888823 10.080531
v -2.890352 17.994889 9.978653
v -4.499081 17.888823 9.481612
v -4.453611 17.994889 9.385787
v -5.961776 17.888823 8.637124
v -5.901524 17.994889 8.549834
v -7.270065 17.888823 7.568940
v -7.196591 17.994889 7.492444
v -8.390063 17.888823 6.304723
v -8.305269 17.994889 6.241005
v -9.655082 17.888823 4.113646
v -9.557503 17.994889 4.072072
v -10.189926 17.888823 2.511591
v -10.086943 17.994889 2.486208
v -10.460857 17.888823 0.844488
v -10.355135 17.994889 0.835953
v 10.391195 17.979904 0.838864
v 10.422160 17.956066 0.841364
v 10.445921 17.925000 0.843282
v 10.122068 17.979904 2.494866
v 10.152232 17.956066 2.502300
v 10.175377 17.925000 2.508005
v 10.358983 17.888823 1.683499
v 10.344192 17.925000 1.681095
v 10.320663 17.956066 1.677271
v 10.289999 17.979904 1.672288
v 10.254290 17.994889 1.666484
v 9.590786 17.979904 4.086252
v 9.619366 17.956066 4.098429
v 9.641296 17.925000 4.107772
v 9.954785 17.888823 3.323395
v 9.940571 17.925000 3.318650
v 9.917960 17.956066 3.311101
v 9.888492 17.979904 3.301264
v 9.854177 17.994889 3.289808
v 8.780530 17.994889 5.552471
v 8.811107 17.979904 5.571806
v 8.837363 17.956066 5.588410
v 8.857511 17.925000 5.601150
v 8.870176 17.888823 5.609159
v 9.292763 17.888823 4.877218
v 9.279494 17.925000 4.870254
v 9.258387 17.956066 4.859176
v 9.230879 17.979904 4.844739
v 9.198846 17.994889 4.827927
v 7.776146 17.994889 6.889064
v 7.803225 17.979904 6.913054
v 7.826478 17.956066 6.933654
v 7.844321 17.925000 6.949462
v 7.855537 17.888823 6.959399
v 8.378083 17.925000 6.295721
v 8.359026 17.956066 6.281401
v 8.334191 17.979904 6.262738
v 6.570363 17.994889 8.047234
v 6.593243 17.979904 8.075257
v 6.612891 17.956066 8.099321
v 6.627967 17.925000 8.117785
v 6.637444 17.888823 8.129393
v 7.259685 17.925000 7.558132
v 7.243172 17.956066 7.540940
v 7.221651 17.979904 7.518536
v 4.469120 17.979904 9.418471
v 4.482438 17.956066 9.446537
v 4.492657 17.925000 9.468074
v 5.247444 17.888823 9.088840
v 5.239952 17.925000 9.075863
v 5.228033 17.956066 9.055219
v 5.212500 17.979904 9.028315
v 5.194411 17.994889 8.996985
v 2.900417 17.979904 10.013401
v 2.909060 17.956066 10.043241
v 2.915692 17.925000 10.066137
v 3.721539 17.888823 9.812892
v 3.716225 17.925000 9.798880
v 3.707772 17.956066 9.776592
v 3.696756 17.979904 9.747544
v 3.683927 17.994889 9.713718
v 1.256595 17.979904 10.348990
v 1.260339 17.956066 10.379830
v 1.263213 17.925000 10.403494
v 2.099247 17.888823 10.282794
v 2.096250 17.925000 10.268112
v 2.091482 17.956066 10.244756
v 2.085268 17.979904 10.214318
v 2.078031 17.994889 10.178872
v -0.418316 17.994889 10.380398
v -0.419772 17.979904 10.416545
v -0.421023 17.956066 10.447586
v -0.421983 17.925000 10.471405
v -0.422587 17.888823 10.486377
v 0.422587 17.888823 10.486377
v 0.421983 17.925000 10.471405
v 0.421023 17.956066 10.447586
v 0.419772 17.979904 10.416545
v 0.418316 17.994889 10.380398
v -2.078031 17.994889 10.178872
v -2.085268 17.979904 10.214318
v -2.091482 17.956066 10.244756
v -2.096250 17.925000 10.268112
v -2.099247 17.888823 10.282794
v -1.263213 17.925000 10.403494
v -1.260339 17.956066 10.379830
v -1.256595 17.979904 10.348990
v -3.683927 17.994889 9.713718
v -3.696756 17.979904 9.747544
v -3.707772 17.956066 9.776592
v -3.716225 17.925000 9.798880
v -3.721539 17.888823 9.812892
v -2.915692 17.925000 10.066137
v -2.909060 17.956066 10.043241
v -2.900417 17.979904 10.013401
v -5.922075 17.979904 8.579607
v -5.939722 17.956066 8.605174
v -5.953264 17.925000 8.624792
v -5.247444 17.888823 9.088840
v -5.239952 17.925000 9.075863
v -5.228033 17.956066 9.055219
v -5.212500 17.979904 9.028315
v -5.194411 17.994889 8.996985
v -7.221651 17.979904 7.518536
v -7.243172 17.956066 7.540940
v -7.259685 17.925000 7.558132
v -6.637444 17.888823 8.129393
v -6.627967 17.925000 8.117785
v -6.612891 17.956066 8.099321
v -6.593243 17.979904 8.075257
v -6.570363 17.994889 8.047234
v -8.334191 17.979904 6.262738
v -8.359026 17.956066 6.281401
v -8.378083 17.925000 6.295721
v -7.855537 17.888823 6.959399
v -7.844321 17.925000 6.949462
v -7.826478 17.956066 6.933654
v -7.803225 17.979904 6.913054
v -7.776146 17.994889 6.889064
v -9.198846 17.994889 4.827927
v -9.230879 17.979904 4.844739
v -9.258387 17.956066 4.859176
v -9.279494 17.925000 4.870254
v -9.292763 17.888823 4.877218
v -8.870176 17.888823 5.609159
v -8.857511 17.925000 5.601150
v -8.837363 17.956066 5.588410
v -8.811107 17.979904 5.571806
v -8.780530 17.994889 5.552471
v -9.854177 17.994889 3.289808
v -9.888492 17.979904 3.301264
v -9.917960 17.956066 3.311101
v -9.940571 17.925000 3.318650
v -9.954785 17.888823 3.323395
v -9.641296 17.925000 4.107772
v -9.619366 17.956066 4.098429
v -9.590786 17.979904 4.086252
v -10.254290 17.994889 1.666484
v -10.289999 17.979904 1.672288
v -10.320663 17.956066 1.677271
v -10.344192 17.925000 1.681095
v -10.358983 17.888823 1.683499
v -10.175377 17.925000 2.508005
v -10.152232 17.956066 2.502300
v -10.122068 17.979904 2.494866
v -10.445921 17.925000 0.843282
v -10.422160 17.956066 0.841364
v -10.391195 17.979904 0.838864
v -4.492657 17.925000 9.468074
v -4.482438 17.956066 9.446537
v -4.469120 17.979904 9.418471
v 5.953264 17.925000 8.624792
v 5.939722 17.956066 8.605174
v 5.922075 17.979904 8.579607
vt -0.425000 0.000000 0.000000
vt 0.425000 0.000000 0.000000
vt -0.425000 1.832596 0.000000
vt 0.425000 1.832596 0.000000
vt -0.425000 3.665191 0.000000
vt 0.425000 3.665191 0.000000
vt -0.425000 5.497787 0.000000
vt 0.425000 5.497787 0.000000
vt -0.425000 7.330383 0.000000
vt 0.425000 7.330383 0.000000
vt -0.425000 9.162979 0.000000
vt 0.425000 9.162979 0.000000
vt -0.425000 10.995574 0.000000
vt 0.425000 10.995574 0.000000
vt -0.425000 12.828170 0.000000
vt 0.425000 12.828170 0.000000
vt -0.425000 14.660766 0.000000
vt 0.425000 14.660766 0.000000
vt -0.425000 16.493361 0.000000
vt 0.425000 16.493361 0.000000
vt -0.425000 18.325957 0.000000
vt 0.425000 18.325957 0.000000
vt -0.425000 20.158553 0.000000
vt 0.425000 20.158553 0.000000
vt -0.425000 21.991149 0.000000
vt 0.425000 21.991149 0.000000
vt -0.425000 23.823744 0.000000
vt 0.425000 23.823744 0.000000
vt -0.425000 25.656340 0.000000
vt 0.425000 25.656340 0.000000
vt -0.425000 27.488936 0.000000
vt 0.425000 27.488936 0.000000
vt -0.425000 29.321531 0.000000
vt 0.425000 29.321531 0.000000
vt -0.425000 31.154127 0.000000
vt 0.425000 31.154127 0.000000
vt -0.425000 32.986723 0.000000
vt 0.425000 32.986723 0.000000
vt -1.990557 0.000000 0.000000
vt 1.990557 0.000000 0.000000
vt -1.990557 1.868580 0.000000
vt 1.990557 2.180010 0.000000
vt -1.990557 3.737161 0.000000
vt 1.990557 4.360021 0.000000
vt -1.990557 5.605741 0.000000
vt 1.990557 6.540031 0.000000
vt -1.990557 7.474321 0.000000
vt 1.990557 8.720041 0.000000
vt -1.990557 9.342901 0.000000
vt 1.990557 10.900052 0.000000
vt -1.990557 11.211482 0.000000
vt 1.990557 13.080062 0.000000
vt -1.990557 13.080062 0.000000
vt -1.990557 14.948642 0.000000
vt 1.990557 15.260072 0.000000
vt -1.990557 16.817223 0.000000
vt 1.990557 17.440083 0.000000
vt -1.990557 18.685803 0.000000
vt 1.990557 19.620093 0.000000
vt -1.990557 20.554383 0.000000
vt 1.990557 21.800103 0.000000
vt -1.990557 22.422963 0.000000
vt 1.990557 23.980114 0.000000
vt -1.990557 24.291544 0.000000
vt 1.990557 26.160124 0.000000
vt -1.990557 26.160124 0.000000
vt -1.990557 28.028704 0.000000
vt 1.990557 28.340134 0.000000
vt -1.990557 29.897285 0.000000
vt 1.990557 30.520145 0.000000
vt -1.990557 31.765865 0.000000
vt 1.990557 32.700155 0.000000
vt -1.990557 33.634445 0.000000
vt 1.990557 34.880165 0.000000
vt -1.990557 35.503026 0.000000
vt 1.990557 37.060176 0.000000
vt -1.990557 37.371606 0.000000
vt 1.990557 39.240186 0.000000
vt -1.990557 39.240186 0.000000
vt -0.000000 24.995760 0.000000
vt -0.000000 22.912780 0.000000
vt 0.039163 23.745972 0.000000
vt 0.039163 22.912780 0.000000
vt 0.078326 22.912780 0.000000
vt 0.078326 23.745972 0.000000
vt 0.117488 22.912780 0.000000
vt 0.117488 23.745972 0.000000
vt 0.156651 22.912780 0.000000
vt 0.156651 23.745972 0.000000
vt 0.195814 22.912780 0.000000
vt 0.195814 23.745972 0.000000
vt 0.234977 22.912780 0.000000
vt 0.234977 25.094949 0.000000
vt 0.234977 27.277119 0.000000
vt 0.195814 26.245548 0.000000
vt 0.195814 25.412356 0.000000
vt 0.195814 24.579164 0.000000
vt 0.156651 25.412356 0.000000
vt 0.156651 24.579164 0.000000
vt 0.117488 25.412356 0.000000
vt 0.117488 24.579164 0.000000
vt 0.078326 25.412356 0.000000
vt 0.078326 24.579164 0.000000
vt 0.039163 25.412356 0.000000
vt 0.039163 24.579164 0.000000
vt 0.234977 29.459288 0.000000
vt 0.195814 28.745124 0.000000
vt 0.195814 27.911932 0.000000
vt 0.195814 27.078740 0.000000
vt 0.156651 27.911932 0.000000
vt 0.156651 27.078740 0.000000
vt 0.117488 27.911932 0.000000
vt 0.117488 27.078740 0.000000
vt 0.078326 27.911932 0.000000
vt 0.078326 27.078740 0.000000
vt 0.039163 27.911932 0.000000
vt 0.039163 27.078740 0.000000
vt -0.000000 27.078740 0.000000
vt 0.039163 26.245548 0.000000
vt 0.234977 31.641458 0.000000
vt 0.195814 30.411508 0.000000
vt 0.195814 29.578316 0.000000
vt 0.156651 29.578316 0.000000
vt 0.156651 28.745124 0.000000
vt 0.117488 29.578316 0.000000
vt 0.117488 28.745124 0.000000
vt 0.078326 29.578316 0.000000
vt 0.078326 28.745124 0.000000
vt 0.039163 29.578316 0.000000
vt 0.039163 28.745124 0.000000
vt -0.000000 29.161720 0.000000
vt 0.234977 33.823627 0.000000
vt 0.195814 32.911084 0.000000
vt 0.195814 32.077892 0.000000
vt 0.195814 31.244700 0.000000
vt 0.156651 32.077892 0.000000
vt 0.156651 31.244700 0.000000
vt 0.117488 32.077892 0.000000
vt 0.117488 31.244700 0.000000
vt 0.078326 32.077892 0.000000
vt 0.078326 31.244700 0.000000
vt 0.039163 32.077892 0.000000
vt 0.039163 31.244700 0.000000
vt -0.000000 31.244700 0.000000
vt 0.039163 30.411508 0.000000
vt 0.234977 36.005797 0.000000
vt 0.195814 34.577468 0.000000
vt 0.195814 33.744276 0.000000
vt 0.156651 33.744276 0.000000
vt 0.156651 32.911084 0.000000
vt 0.117488 33.744276 0.000000
vt 0.117488 32.911084 0.000000
vt 0.078326 33.744276 0.000000
vt 0.078326 32.911084 0.000000
vt 0.039163 33.744276 0.000000
vt 0.039163 32.911084 0.000000
vt -0.000000 33.327680 0.000000
vt 0.234977 38.187966 0.000000
vt 0.195814 37.077044 0.000000
vt 0.195814 36.243852 0.000000
vt 0.195814 35.410660 0.000000
vt 0.156651 36.243852 0.000000
vt 0.156651 35.410660 0.000000
vt 0.117488 36.243852 0.000000
vt 0.117488 35.410660 0.000000
vt 0.078326 36.243852 0.000000
vt 0.078326 35.410660 0.000000
vt 0.039163 36.243852 0.000000
vt 0.039163 35.410660 0.000000
vt -0.000000 35.410660 0.000000
vt 0.039163 34.577468 0.000000
vt 0.234977 40.370136 0.000000
vt 0.195814 39.576620 0.000000
vt 0.195814 38.743428 0.000000
vt 0.195814 37.910236 0.000000
vt 0.156651 38.743428 0.000000
vt 0.156651 37.910236 0.000000
vt 0.117488 38.743428 0.000000
vt 0.117488 37.910236 0.000000
vt 0.078326 38.743428 0.000000
vt 0.078326 37.910236 0.000000
vt 0.039163 38.743428 0.000000
vt 0.039163 37.910236 0.000000
vt -0.000000 37.493640 0.000000
vt 0.039163 37.077044 0.000000
vt 0.234977 42.552305 0.000000
vt 0.195814 41.243004 0.000000
vt 0.195814 40.409812 0.000000
vt 0.156651 40.409812 0.000000
vt 0.156651 39.576620 0.000000
vt 0.117488 40.409812 0.000000
vt 0.117488 39.576620 0.000000
vt 0.078326 40.409812 0.000000
vt 0.078326 39.576620 0.000000
vt 0.039163 40.409812 0.000000
vt 0.039163 39.576620 0.000000
vt -0.000000 39.576620 0.000000
vt 0.234977 44.734475 0.000000
vt 0.195814 43.742580 0.000000
vt 0.195814 42.909388 0.000000
vt 0.195814 42.076196 0.000000
vt 0.156651 42.909388 0.000000
vt 0.156651 42.076196 0.000000
vt 0.117488 42.909388 0.000000
vt 0.117488 42.076196 0.000000
vt 0.078326 42.909388 0.000000
vt 0.078326 42.076196 0.000000
vt 0.039163 42.909388 0.000000
vt 0.039163 42.076196 0.000000
vt -0.000000 41.659600 0.000000
vt 0.039163 41.243004 0.000000
vt 0.234977 46.916644 0.000000
vt 0.195814 45.408964 0.000000
vt 0.195814 44.575772 0.000000
vt 0.156651 44.575772 0.000000
vt 0.156651 43.742580 0.000000
vt 0.117488 44.575772 0.000000
vt 0.117488 43.742580 0.000000
vt 0.078326 44.575772 0.000000
vt 0.078326 43.742580 0.000000
vt 0.039163 44.575772 0.000000
vt 0.039163 43.742580 0.000000
vt -0.000000 43.742580 0.000000
vt 0.234977 49.098814 0.000000
vt 0.195814 47.908540 0.000000
vt 0.195814 47.075348 0.000000
vt 0.195814 46.242156 0.000000
vt 0.156651 47.075348 0.000000
vt 0.156651 46.242156 0.000000
vt 0.117488 47.075348 0.000000
vt 0.117488 46.242156 0.000000
vt 0.078326 47.075348 0.000000
vt 0.078326 46.242156 0.000000
vt 0.039163 47.075348 0.000000
vt 0.039163 46.242156 0.000000
vt 0.000000 45.825560 0.000000
vt 0.039163 45.408964 0.000000
vt 0.234977 51.280983 0.000000
vt 0.195814 50.408116 0.000000
vt 0.195814 49.574924 0.000000
vt 0.195814 48.741732 0.000000
vt 0.156651 49.574924 0.000000
vt 0.156651 48.741732 0.000000
vt 0.117488 49.574924 0.000000
vt 0.117488 48.741732 0.000000
vt 0.078326 49.574924 0.000000
vt 0.078326 48.741732 0.000000
vt 0.039163 49.574924 0.000000
vt 0.039163 48.741732 0.000000
vt 0.000000 49.991520 0.000000
vt 0.000000 47.908540 0.000000
vt 0.234977 53.463153 0.000000
vt 0.195814 52.074500 0.000000
vt 0.195814 51.241308 0.000000
vt 0.156651 51.241308 0.000000
vt 0.156651 50.408116 0.000000
vt 0.117488 51.241308 0.000000
vt 0.117488 50.408116 0.000000
vt 0.078326 51.241308 0.000000
vt 0.078326 50.408116 0.000000
vt 0.039163 51.241308 0.000000
vt 0.039163 50.408116 0.000000
vt 0.234977 55.645322 0.000000
vt 0.195814 54.574076 0.000000
vt 0.195814 53.740884 0.000000
vt 0.195814 52.907692 0.000000
vt 0.156651 53.740884 0.000000
vt 0.156651 52.907692 0.000000
vt 0.117488 53.740884 0.000000
vt 0.117488 52.907692 0.000000
vt 0.078326 53.740884 0.000000
vt 0.078326 52.907692 0.000000
vt 0.039163 53.740884 0.000000
vt 0.039163 52.907692 0.000000
vt 0.000000 54.157480 0.000000
vt 0.000000 52.074500 0.000000
vt 0.234977 57.827492 0.000000
vt 0.195814 57.073652 0.000000
vt 0.195814 56.240460 0.000000
vt 0.195814 55.407268 0.000000
vt 0.156651 56.240460 0.000000
vt 0.156651 55.407268 0.000000
vt 0.117488 56.240460 0.000000
vt 0.117488 55.407268 0.000000
vt 0.078326 56.240460 0.000000
vt 0.078326 55.407268 0.000000
vt 0.039163 56.240460 0.000000
vt 0.039163 55.407268 0.000000
vt 0.000000 56.240460 0.000000
vt 0.234977 60.009661 0.000000
vt 0.195814 58.740036 0.000000
vt 0.195814 57.906844 0.000000
vt 0.156651 57.906844 0.000000
vt 0.156651 57.073652 0.000000
vt 0.117488 57.906844 0.000000
vt 0.117488 57.073652 0.000000
vt 0.078326 57.906844 0.000000
vt 0.078326 57.073652 0.000000
vt 0.039163 57.906844 0.000000
vt 0.039163 57.073652 0.000000
vt 0.000000 58.323440 0.000000
vt 0.234977 62.191831 0.000000
vt 0.195814 61.239612 0.000000
vt 0.195814 60.406420 0.000000
vt 0.195814 59.573228 0.000000
vt 0.156651 60.406420 0.000000
vt 0.156651 59.573228 0.000000
vt 0.117488 60.406420 0.000000
vt 0.117488 59.573228 0.000000
vt 0.078326 60.406420 0.000000
vt 0.078326 59.573228 0.000000
vt 0.039163 60.406420 0.000000
vt 0.039163 59.573228 0.000000
vt 0.000000 60.406420 0.000000
vt 0.234977 64.374000 0.000000
vt 0.195814 62.905996 0.000000
vt 0.195814 62.072804 0.000000
vt 0.156651 62.072804 0.000000
vt 0.156651 61.239612 0.000000
vt 0.117488 62.072804 0.000000
vt 0.117488 61.239612 0.000000
vt 0.078326 62.072804 0.000000
vt 0.078326 61.239612 0.000000
vt 0.039163 62.072804 0.000000
vt 0.039163 61.239612 0.000000
vt 0.000000 62.489400 0.000000
vt 0.234977 66.556170 0.000000
vt 0.195814 65.405571 0.000000
vt 0.195814 64.572380 0.000000
vt 0.195814 63.739188 0.000000
vt 0.156651 64.572380 0.000000
vt 0.156651 63.739188 0.000000
vt 0.117488 64.572380 0.000000
vt 0.117488 63.739188 0.000000
vt 0.078326 64.572380 0.000000
vt 0.078326 63.739188 0.000000
vt 0.039163 64.572380 0.000000
vt 0.039163 63.739188 0.000000
vt 0.000000 64.572380 0.000000
vt 0.234977 68.738339 0.000000
vt 0.195814 67.905147 0.000000
vt 0.195814 67.071955 0.000000
vt 0.195814 66.238763 0.000000
vt 0.156651 67.071955 0.000000
vt 0.156651 66.238763 0.000000
vt 0.117488 67.071955 0.000000
vt 0.117488 66.238763 0.000000
vt 0.078326 67.071955 0.000000
vt 0.078326 66.238763 0.000000
vt 0.039163 67.071955 0.000000
vt 0.039163 66.238763 0.000000
vt 0.000000 66.655359 0.000000
vt 0.039163 65.405571 0.000000
vt 0.195814 68.738339 0.000000
vt 0.156651 68.738339 0.000000
vt 0.156651 67.905147 0.000000
vt 0.117488 68.738339 0.000000
vt 0.117488 67.905147 0.000000
vt 0.078326 68.738339 0.000000
vt 0.078326 67.905147 0.000000
vt 0.039163 68.738339 0.000000
vt 0.039163 67.905147 0.000000
vt 0.000000 68.738339 0.000000
vt 0.039163 52.074500 0.000000
vt 0.078326 52.074500 0.000000
vt 0.117488 52.074500 0.000000
vt 0.156651 52.074500 0.000000
vt 0.039163 47.908540 0.000000
vt 0.078326 47.908540 0.000000
vt 0.117488 47.908540 0.000000
vt 0.156651 47.908540 0.000000
vt 0.156651 26.245548 0.000000
vt 0.117488 26.245548 0.000000
vt 0.078326 26.245548 0.000000
vt 0.156651 30.411508 0.000000
vt 0.117488 30.411508 0.000000
vt 0.078326 30.411508 0.000000
vt 0.156651 34.577468 0.000000
vt 0.117488 34.577468 0.000000
vt 0.078326 34.577468 0.000000
vt 0.156651 37.077044 0.000000
vt 0.117488 37.077044 0.000000
vt 0.078326 37.077044 0.000000
vt 0.156651 41.243004 0.000000
vt 0.117488 41.243004 0.000000
vt 0.078326 41.243004 0.000000
vt 0.156651 45.408964 0.000000
vt 0.117488 45.408964 0.000000
vt 0.078326 45.408964 0.000000
vt 0.039163 54.574076 0.000000
vt 0.156651 54.574076 0.000000
vt 0.117488 54.574076 0.000000
vt 0.078326 54.574076 0.000000
vt 0.039163 58.740036 0.000000
vt 0.156651 58.740036 0.000000
vt 0.117488 58.740036 0.000000
vt 0.078326 58.740036 0.000000
vt 0.039163 62.905996 0.000000
vt 0.156651 62.905996 0.000000
vt 0.117488 62.905996 0.000000
vt 0.078326 62.905996 0.000000
vt 0.156651 65.405571 0.000000
vt 0.117488 65.405571 0.000000
vt 0.078326 65.405571 0.000000
vt -0.959706 0.000000 0.000000
vt 0.959706 0.000000 0.000000
vt -0.959706 2.089221 0.000000
vt 0.959706 2.089221 0.000000
vt 0.959706 4.178443 0.000000
vt -0.959706 4.178443 0.000000
vt 0.959706 6.267664 0.000000
vt -0.959706 6.267664 0.000000
vt 0.959706 8.356885 0.000000
vt -0.959706 8.356885 0.000000
vt 0.959706 10.446107 0.000000
vt -0.959706 10.446107 0.000000
vt 0.959706 12.535328 0.000000
vt -0.959706 12.535328 0.000000
vt 0.959706 14.624549 0.000000
vt -0.959706 14.624549 0.000000
vt 0.959706 16.713771 0.000000
vt -0.959706 16.713771 0.000000
vt 0.959706 18.802992 0.000000
vt -0.959706 18.802992 0.000000
vt 0.959706 20.892213 0.000000
vt -0.959706 20.892213 0.000000
vt 0.959706 22.981435 0.000000
vt -0.959706 22.981435 0.000000
vt 0.959706 25.070656 0.000000
vt -0.959706 25.070656 0.000000
vt 0.959706 27.159877 0.000000
vt -0.959706 27.159877 0.000000
vt 0.959706 29.249099 0.000000
vt -0.959706 29.249099 0.000000
vt 0.959706 31.338320 0.000000
vt -0.959706 31.338320 0.000000
vt 0.959706 33.427541 0.000000
vt -0.959706 33.427541 0.000000
vt 0.959706 35.516763 0.000000
vt -0.959706 35.516763 0.000000
vt 0.959706 37.605984 0.000000
vt -0.959706 37.605984 0.000000
vt 0.959706 39.695205 0.000000
vt -0.959706 39.695205 0.000000
vt 0.959706 41.784427 0.000000
vt -0.959706 41.784427 0.000000
vt 0.959706 43.873648 0.000000
vt -0.959706 43.873648 0.000000
vt -0.959706 45.962869 0.000000
vt 0.959706 45.962869 0.000000
vt 0.235619 25.145941 0.000000
vt 0.235619 23.050446 0.000000
vt 0.274889 23.873676 0.000000
vt 0.274889 23.050446 0.000000
vt 0.314159 23.050446 0.000000
vt 0.314159 23.873676 0.000000
vt 0.353429 23.050446 0.000000
vt 0.353429 23.873676 0.000000
vt 0.392699 23.050446 0.000000
vt 0.392699 23.873676 0.000000
vt 0.431969 23.050446 0.000000
vt 0.431969 23.873676 0.000000
vt 0.471239 23.050446 0.000000
vt 0.471239 25.145941 0.000000
vt 0.471239 27.241436 0.000000
vt 0.431969 26.343367 0.000000
vt 0.431969 25.520137 0.000000
vt 0.431969 24.696906 0.000000
vt 0.392699 25.520137 0.000000
vt 0.392699 24.696906 0.000000
vt 0.353429 25.520137 0.000000
vt 0.353429 24.696906 0.000000
vt 0.314159 25.520137 0.000000
vt 0.314159 24.696906 0.000000
vt 0.274889 25.520137 0.000000
vt 0.274889 24.696906 0.000000
vt 0.471239 29.336931 0.000000
vt 0.431969 27.989827 0.000000
vt 0.431969 27.166597 0.000000
vt 0.392699 27.166597 0.000000
vt 0.392699 26.343367 0.000000
vt 0.353429 27.166597 0.000000
vt 0.353429 26.343367 0.000000
vt 0.314159 27.166597 0.000000
vt 0.314159 26.343367 0.000000
vt 0.274889 27.166597 0.000000
vt 0.274889 26.343367 0.000000
vt 0.235619 27.241436 0.000000
vt 0.471239 31.432426 0.000000
vt 0.431969 30.459518 0.000000
vt 0.431969 29.636288 0.000000
vt 0.431969 28.813057 0.000000
vt 0.392699 29.636288 0.000000
vt 0.392699 28.813057 0.000000
vt 0.353429 29.636288 0.000000
vt 0.353429 28.813057 0.000000
vt 0.314159 29.636288 0.000000
vt 0.314159 28.813057 0.000000
vt 0.274889 29.636288 0.000000
vt 0.274889 28.813057 0.000000
vt 0.235619 29.336931 0.000000
vt 0.274889 27.989827 0.000000
vt 0.471239 33.527921 0.000000
vt 0.431969 32.105978 0.000000
vt 0.431969 31.282748 0.000000
vt 0.392699 31.282748 0.000000
vt 0.392699 30.459518 0.000000
vt 0.353429 31.282748 0.000000
vt 0.353429 30.459518 0.000000
vt 0.314159 31.282748 0.000000
vt 0.314159 30.459518 0.000000
vt 0.274889 31.282748 0.000000
vt 0.274889 30.459518 0.000000
vt 0.235619 31.432426 0.000000
vt 0.471239 35.623417 0.000000
vt 0.431969 34.575669 0.000000
vt 0.431969 33.752439 0.000000
vt 0.431969 32.929209 0.000000
vt 0.392699 33.752439 0.000000
vt 0.392699 32.929209 0.000000
vt 0.353429 33.752439 0.000000
vt 0.353429 32.929209 0.000000
vt 0.314159 33.752439 0.000000
vt 0.314159 32.929209 0.000000
vt 0.274889 33.752439 0.000000
vt 0.274889 32.929209 0.000000
vt 0.235619 33.527921 0.000000
vt 0.274889 32.105978 0.000000
vt 0.471239 37.718912 0.000000
vt 0.431969 37.045360 0.000000
vt 0.431969 36.222129 0.000000
vt 0.431969 35.398899 0.000000
vt 0.392699 36.222129 0.000000
vt 0.392699 35.398899 0.000000
vt 0.353429 36.222129 0.000000
vt 0.353429 35.398899 0.000000
vt 0.314159 36.222129 0.000000
vt 0.314159 35.398899 0.000000
vt 0.274889 36.222129 0.000000
vt 0.274889 35.398899 0.000000
vt 0.235619 35.623417 0.000000
vt 0.274889 34.575669 0.000000
vt 0.471239 39.814407 0.000000
vt 0.431969 38.691820 0.000000
vt 0.431969 37.868590 0.000000
vt 0.392699 37.868590 0.000000
vt 0.392699 37.045360 0.000000
vt 0.353429 37.868590 0.000000
vt 0.353429 37.045360 0.000000
vt 0.314159 37.868590 0.000000
vt 0.314159 37.045360 0.000000
vt 0.274889 37.868590 0.000000
vt 0.274889 37.045360 0.000000
vt 0.235619 37.718912 0.000000
vt 0.471239 41.909902 0.000000
vt 0.431969 41.161511 0.000000
vt 0.431969 40.338280 0.000000
vt 0.431969 39.515050 0.000000
vt 0.392699 40.338280 0.000000
vt 0.392699 39.515050 0.000000
vt 0.353429 40.338280 0.000000
vt 0.353429 39.515050 0.000000
vt 0.314159 40.338280 0.000000
vt 0.314159 39.515050 0.000000
vt 0.274889 40.338280 0.000000
vt 0.274889 39.515050 0.000000
vt 0.235619 39.814407 0.000000
vt 0.274889 38.691820 0.000000
vt 0.471239 44.005397 0.000000
vt 0.431969 42.807971 0.000000
vt 0.431969 41.984741 0.000000
vt 0.392699 41.984741 0.000000
vt 0.392699 41.161511 0.000000
vt 0.353429 41.984741 0.000000
vt 0.353429 41.161511 0.000000
vt 0.314159 41.984741 0.000000
vt 0.314159 41.161511 0.000000
vt 0.274889 41.984741 0.000000
vt 0.274889 41.161511 0.000000
vt 0.235619 41.909902 0.000000
vt 0.471239 46.100892 0.000000
vt 0.431969 45.277662 0.000000
vt 0.431969 44.454432 0.000000
vt 0.431969 43.631201 0.000000
vt 0.392699 44.454432 0.000000
vt 0.392699 43.631201 0.000000
vt 0.353429 44.454432 0.000000
vt 0.353429 43.631201 0.000000
vt 0.314159 44.454432 0.000000
vt 0.314159 43.631201 0.000000
vt 0.274889 44.454432 0.000000
vt 0.274889 43.631201 0.000000
vt 0.235619 44.005397 0.000000
vt 0.274889 42.807971 0.000000
vt 0.471239 48.196387 0.000000
vt 0.431969 46.924122 0.000000
vt 0.431969 46.100892 0.000000
vt 0.392699 46.100892 0.000000
vt 0.392699 45.277662 0.000000
vt 0.353429 46.100892 0.000000
vt 0.353429 45.277662 0.000000
vt 0.314159 46.100892 0.000000
vt 0.314159 45.277662 0.000000
vt 0.274889 46.100892 0.000000
vt 0.274889 45.277662 0.000000
vt 0.235619 46.100892 0.000000
vt 0.471239 50.291882 0.000000
vt 0.431969 49.393813 0.000000
vt 0.431969 48.570583 0.000000
vt 0.431969 47.747352 0.000000
vt 0.392699 48.570583 0.000000
vt 0.392699 47.747352 0.000000
vt 0.353429 48.570583 0.000000
vt 0.353429 47.747352 0.000000
vt 0.314159 48.570583 0.000000
vt 0.314159 47.747352 0.000000
vt 0.274889 48.570583 0.000000
vt 0.274889 47.747352 0.000000
vt 0.235619 48.196387 0.000000
vt 0.274889 46.924122 0.000000
vt 0.471239 52.387377 0.000000
vt 0.431969 51.040273 0.000000
vt 0.431969 50.217043 0.000000
vt 0.392699 50.217043 0.000000
vt 0.392699 49.393813 0.000000
vt 0.353429 50.217043 0.000000
vt 0.353429 49.393813 0.000000
vt 0.314159 50.217043 0.000000
vt 0.314159 49.393813 0.000000
vt 0.274889 50.217043 0.000000
vt 0.274889 49.393813 0.000000
vt 0.235619 50.291882 0.000000
vt 0.471239 54.482872 0.000000
vt 0.431969 53.509964 0.000000
vt 0.431969 52.686734 0.000000
vt 0.431969 51.863503 0.000000
vt 0.392699 52.686734 0.000000
vt 0.392699 51.863503 0.000000
vt 0.353429 52.686734 0.000000
vt 0.353429 51.863503 0.000000
vt 0.314159 52.686734 0.000000
vt 0.314159 51.863503 0.000000
vt 0.274889 52.686734 0.000000
vt 0.274889 51.863503 0.000000
vt 0.235619 52.387377 0.000000
vt 0.274889 51.040273 0.000000
vt 0.471239 56.578367 0.000000
vt 0.431969 55.156424 0.000000
vt 0.431969 54.333194 0.000000
vt 0.392699 54.333194 0.000000
vt 0.392699 53.509964 0.000000
vt 0.353429 54.333194 0.000000
vt 0.353429 53.509964 0.000000
vt 0.314159 54.333194 0.000000
vt 0.314159 53.509964 0.000000
vt 0.274889 54.333194 0.000000
vt 0.274889 53.509964 0.000000
vt 0.235619 54.482872 0.000000
vt 0.471239 58.673862 0.000000
vt 0.431969 57.626115 0.000000
vt 0.431969 56.802885 0.000000
vt 0.431969 55.979655 0.000000
vt 0.392699 56.802885 0.000000
vt 0.392699 55.979655 0.000000
vt 0.353429 56.802885 0.000000
vt 0.353429 55.979655 0.000000
vt 0.314159 56.802885 0.000000
vt 0.314159 55.979655 0.000000
vt 0.274889 56.802885 0.000000
vt 0.274889 55.979655 0.000000
vt 0.235619 56.578367 0.000000
vt 0.274889 55.156424 0.000000
vt 0.471239 60.769358 0.000000
vt 0.431969 60.095806 0.000000
vt 0.431969 59.272575 0.000000
vt 0.431969 58.449345 0.000000
vt 0.392699 59.272575 0.000000
vt 0.392699 58.449345 0.000000
vt 0.353429 59.272575 0.000000
vt 0.353429 58.449345 0.000000
vt 0.314159 59.272575 0.000000
vt 0.314159 58.449345 0.000000
vt 0.274889 59.272575 0.000000
vt 0.274889 58.449345 0.000000
vt 0.235619 58.673862 0.000000
vt 0.274889 57.626115 0.000000
vt 0.471239 62.864853 0.000000
vt 0.431969 61.742266 0.000000
vt 0.431969 60.919036 0.000000
vt 0.392699 60.919036 0.000000
vt 0.392699 60.095806 0.000000
vt 0.353429 60.919036 0.000000
vt 0.353429 60.095806 0.000000
vt 0.314159 60.919036 0.000000
vt 0.314159 60.095806 0.000000
vt 0.274889 60.919036 0.000000
vt 0.274889 60.095806 0.000000
vt 0.235619 60.769358 0.000000
vt 0.471239 64.960348 0.000000
vt 0.431969 64.211957 0.000000
vt 0.431969 63.388726 0.000000
vt 0.431969 62.565496 0.000000
vt 0.392699 63.388726 0.000000
vt 0.392699 62.565496 0.000000
vt 0.353429 63.388726 0.000000
vt 0.353429 62.565496 0.000000
vt 0.314159 63.388726 0.000000
vt 0.314159 62.565496 0.000000
vt 0.274889 63.388726 0.000000
vt 0.274889 62.565496 0.000000
vt 0.235619 62.864853 0.000000
vt 0.274889 61.742266 0.000000
vt 0.471239 67.055843 0.000000
vt 0.431969 65.858417 0.000000
vt 0.431969 65.035187 0.000000
vt 0.392699 65.035187 0.000000
vt 0.392699 64.211957 0.000000
vt 0.353429 65.035187 0.000000
vt 0.353429 64.211957 0.000000
vt 0.314159 65.035187 0.000000
vt 0.314159 64.211957 0.000000
vt 0.274889 65.035187 0.000000
vt 0.274889 64.211957 0.000000
vt 0.235619 64.960348 0.000000
vt 0.471239 69.151338 0.000000
vt 0.431969 68.328108 0.000000
vt 0.431969 67.504877 0.000000
vt 0.431969 66.681647 0.000000
vt 0.392699 67.504877 0.000000
vt 0.392699 66.681647 0.000000
vt 0.353429 67.504877 0.000000
vt 0.353429 66.681647 0.000000
vt 0.314159 67.504877 0.000000
vt 0.314159 66.681647 0.000000
vt 0.274889 67.504877 0.000000
vt 0.274889 66.681647 0.000000
vt 0.235619 67.055843 0.000000
vt 0.274889 65.858417 0.000000
vt 0.431969 69.151338 0.000000
vt 0.392699 69.151338 0.000000
vt 0.392699 68.328108 0.000000
vt 0.353429 69.151338 0.000000
vt 0.353429 68.328108 0.000000
vt 0.314159 69.151338 0.000000
vt 0.314159 68.328108 0.000000
vt 0.274889 69.151338 0.000000
vt 0.274889 68.328108 0.000000
vt 0.235619 69.151338 0.000000
vt 0.392699 27.989827 0.000000
vt 0.353429 27.989827 0.000000
vt 0.314159 27.989827 0.000000
vt 0.392699 32.105978 0.000000
vt 0.353429 32.105978 0.000000
vt 0.314159 32.105978 0.000000
vt 0.392699 34.575669 0.000000
vt 0.353429 34.575669 0.000000
vt 0.314159 34.575669 0.000000
vt 0.392699 38.691820 0.000000
vt 0.353429 38.691820 0.000000
vt 0.314159 38.691820 0.000000
vt 0.392699 42.807971 0.000000
vt 0.353429 42.807971 0.000000
vt 0.314159 42.807971 0.000000
vt 0.392699 46.924122 0.000000
vt 0.353429 46.924122 0.000000
vt 0.314159 46.924122 0.000000
vt 0.392699 51.040273 0.000000
vt 0.353429 51.040273 0.000000
vt 0.314159 51.040273 0.000000
vt 0.392699 55.156424 0.000000
vt 0.353429 55.156424 0.000000
vt 0.314159 55.156424 0.000000
vt 0.392699 57.626115 0.000000
vt 0.353429 57.626115 0.000000
vt 0.314159 57.626115 0.000000
vt 0.392699 61.742266 0.000000
vt 0.353429 61.742266 0.000000
vt 0.314159 61.742266 0.000000
vt 0.392699 65.858417 0.000000
vt 0.353429 65.858417 0.000000
vt 0.314159 65.858417 0.000000
vt 0.000000 -0.069564 0.000000
vt 2.103475 -0.220008 0.000000
vt 0.000000 0.000000 0.000000
vt 2.113375 -0.151152 0.000000
vt 4.164130 -0.668276 0.000000
vt 4.183728 -0.601529 0.000000
vt 6.140015 -1.405243 0.000000
vt 6.168913 -1.341965 0.000000
vt 7.990907 -2.415906 0.000000
vt 8.028516 -2.357385 0.000000
vt 9.679127 -3.679692 0.000000
vt 9.724682 -3.627119 0.000000
vt 11.170308 -5.170873 0.000000
vt 11.222881 -5.125318 0.000000
vt 12.434094 -6.859093 0.000000
vt 12.492615 -6.821484 0.000000
vt 13.444757 -8.709985 0.000000
vt 13.508035 -8.681087 0.000000
vt 14.181724 -10.685870 0.000000
vt 14.248471 -10.666272 0.000000
vt 14.629992 -12.746525 0.000000
vt 14.698848 -12.736625 0.000000
vt 14.780436 -14.850000 0.000000
vt 14.850000 -14.850000 0.000000
vt 14.698848 -16.963375 0.000000
vt 14.629992 -16.953475 0.000000
vt 14.248471 -19.033728 0.000000
vt 14.181724 -19.014130 0.000000
vt 13.508035 -21.018913 0.000000
vt 13.444757 -20.990015 0.000000
vt 12.492615 -22.878516 0.000000
vt 12.434094 -22.840907 0.000000
vt 11.222881 -24.574682 0.000000
vt 11.170308 -24.529127 0.000000
vt 9.724682 -26.072881 0.000000
vt 9.679127 -26.020308 0.000000
vt 8.028516 -27.342615 0.000000
vt 7.990907 -27.284094 0.000000
vt 6.168913 -28.358035 0.000000
vt 6.140015 -28.294757 0.000000
vt 4.183728 -29.098471 0.000000
vt 4.164130 -29.031724 0.000000
vt 2.113375 -29.548848 0.000000
vt 2.103475 -29.479992 0.000000
vt 0.000000 -29.700000 0.000000
vt 0.000000 -29.630436 0.000000
vt 0.000000 25.628655 0.000000
vt 0.000000 23.492934 0.000000
vt 0.039270 24.331967 0.000000
vt 0.039270 23.492934 0.000000
vt 0.078540 23.492934 0.000000
vt 0.078540 24.331967 0.000000
vt 0.117810 23.492934 0.000000
vt 0.117810 24.331967 0.000000
vt 0.157080 23.492934 0.000000
vt 0.157080 24.331967 0.000000
vt 0.196350 23.492934 0.000000
vt 0.196350 24.331967 0.000000
vt 0.235619 23.492934 0.000000
vt 0.235619 25.628655 0.000000
vt 0.235619 27.764376 0.000000
vt 0.196350 26.849067 0.000000
vt 0.196350 26.010034 0.000000
vt 0.196350 25.171000 0.000000
vt 0.157080 26.010034 0.000000
vt 0.157080 25.171000 0.000000
vt 0.117810 26.010034 0.000000
vt 0.117810 25.171000 0.000000
vt 0.078540 26.010034 0.000000
vt 0.078540 25.171000 0.000000
vt 0.039270 26.010034 0.000000
vt 0.039270 25.171000 0.000000
vt 0.235619 29.900097 0.000000
vt 0.196350 28.527134 0.000000
vt 0.196350 27.688100 0.000000
vt 0.157080 27.688100 0.000000
vt 0.157080 26.849067 0.000000
vt 0.117810 27.688100 0.000000
vt 0.117810 26.849067 0.000000
vt 0.078540 27.688100 0.000000
vt 0.078540 26.849067 0.000000
vt 0.039270 27.688100 0.000000
vt 0.039270 26.849067 0.000000
vt 0.000000 27.764376 0.000000
vt 0.235619 32.035819 0.000000
vt 0.196350 31.044234 0.000000
vt 0.196350 30.205200 0.000000
vt 0.196350 29.366167 0.000000
vt 0.157080 30.205200 0.000000
vt 0.157080 29.366167 0.000000
vt 0.117810 30.205200 0.000000
vt 0.117810 29.366167 0.000000
vt 0.078540 30.205200 0.000000
vt 0.078540 29.366167 0.000000
vt 0.039270 30.205200 0.000000
vt 0.039270 29.366167 0.000000
vt 0.000000 29.900097 0.000000
vt 0.039270 28.527134 0.000000
vt 0.235619 34.171540 0.000000
vt 0.196350 32.722300 0.000000
vt 0.196350 31.883267 0.000000
vt 0.157080 31.883267 0.000000
vt 0.157080 31.044234 0.000000
vt 0.117810 31.883267 0.000000
vt 0.117810 31.044234 0.000000
vt 0.078540 31.883267 0.000000
vt 0.078540 31.044234 0.000000
vt 0.039270 31.883267 0.000000
vt 0.039270 31.044234 0.000000
vt 0.000000 32.035819 0.000000
vt 0.235619 36.307261 0.000000
vt 0.196350 35.239400 0.000000
vt 0.196350 34.400367 0.000000
vt 0.196350 33.561334 0.000000
vt 0.157080 34.400367 0.000000
vt 0.157080 33.561334 0.000000
vt 0.117810 34.400367 0.000000
vt 0.117810 33.561334 0.000000
vt 0.078540 34.400367 0.000000
vt 0.078540 33.561334 0.000000
vt 0.039270 34.400367 0.000000
vt 0.039270 33.561334 0.000000
vt 0.000000 34.171540 0.000000
vt 0.039270 32.722300 0.000000
vt 0.235619 38.442982 0.000000
vt 0.196350 37.756500 0.000000
vt 0.196350 36.917467 0.000000
vt 0.196350 36.078434 0.000000
vt 0.157080 36.917467 0.000000
vt 0.157080 36.078434 0.000000
vt 0.117810 36.917467 0.000000
vt 0.117810 36.078434 0.000000
vt 0.078540 36.917467 0.000000
vt 0.078540 36.078434 0.000000
vt 0.039270 36.917467 0.000000
vt 0.039270 36.078434 0.000000
vt 0.000000 36.307261 0.000000
vt 0.039270 35.239400 0.000000
vt 0.235619 40.578703 0.000000
vt 0.196350 39.434567 0.000000
vt 0.196350 38.595534 0.000000
vt 0.157080 38.595534 0.000000
vt 0.157080 37.756500 0.000000
vt 0.117810 38.595534 0.000000
vt 0.117810 37.756500 0.000000
vt 0.078540 38.595534 0.000000
vt 0.078540 37.756500 0.000000
vt 0.039270 38.595534 0.000000
vt 0.039270 37.756500 0.000000
vt 0.000000 38.442982 0.000000
vt 0.235619 42.714425 0.000000
vt 0.196350 41.951667 0.000000
vt 0.196350 41.112634 0.000000
vt 0.196350 40.273600 0.000000
vt 0.157080 41.112634 0.000000
vt 0.157080 40.273600 0.000000
vt 0.117810 41.112634 0.000000
vt 0.117810 40.273600 0.000000
vt 0.078540 41.112634 0.000000
vt 0.078540 40.273600 0.000000
vt 0.039270 41.112634 0.000000
vt 0.039270 40.273600 0.000000
vt 0.000000 40.578703 0.000000
vt 0.039270 39.434567 0.000000
vt 0.235619 44.850146 0.000000
vt 0.196350 43.629734 0.000000
vt 0.196350 42.790700 0.000000
vt 0.157080 42.790700 0.000000
vt 0.157080 41.951667 0.000000
vt 0.117810 42.790700 0.000000
vt 0.117810 41.951667 0.000000
vt 0.078540 42.790700 0.000000
vt 0.078540 41.951667 0.000000
vt 0.039270 42.790700 0.000000
vt 0.039270 41.951667 0.000000
vt 0.000000 42.714425 0.000000
vt 0.235619 46.985867 0.000000
vt 0.196350 46.146834 0.000000
vt 0.196350 45.307800 0.000000
vt 0.196350 44.468767 0.000000
vt 0.157080 45.307800 0.000000
vt 0.157080 44.468767 0.000000
vt 0.117810 45.307800 0.000000
vt 0.117810 44.468767 0.000000
vt 0.078540 45.307800 0.000000
vt 0.078540 44.468767 0.000000
vt 0.039270 45.307800 0.000000
vt 0.039270 44.468767 0.000000
vt 0.000000 44.850146 0.000000
vt 0.039270 43.629734 0.000000
vt 0.235619 49.121588 0.000000
vt 0.196350 47.824900 0.000000
vt 0.196350 46.985867 0.000000
vt 0.157080 46.985867 0.000000
vt 0.157080 46.146834 0.000000
vt 0.117810 46.985867 0.000000
vt 0.117810 46.146834 0.000000
vt 0.078540 46.985867 0.000000
vt 0.078540 46.146834 0.000000
vt 0.039270 46.985867 0.000000
vt 0.039270 46.146834 0.000000
vt 0.000000 46.985867 0.000000
vt 0.235619 51.257310 0.000000
vt 0.196350 50.342001 0.000000
vt 0.196350 49.502967 0.000000
vt 0.196350 48.663934 0.000000
vt 0.157080 49.502967 0.000000
vt 0.157080 48.663934 0.000000
vt 0.117810 49.502967 0.000000
vt 0.117810 48.663934 0.000000
vt 0.078540 49.502967 0.000000
vt 0.078540 48.663934 0.000000
vt 0.039270 49.502967 0.000000
vt 0.039270 48.663934 0.000000
vt 0.000000 49.121588 0.000000
vt 0.039270 47.824900 0.000000
vt 0.235619 53.393031 0.000000
vt 0.196350 52.020067 0.000000
vt 0.196350 51.181034 0.000000
vt 0.157080 51.181034 0.000000
vt 0.157080 50.342001 0.000000
vt 0.117810 51.181034 0.000000
vt 0.117810 50.342001 0.000000
vt 0.078540 51.181034 0.000000
vt 0.078540 50.342001 0.000000
vt 0.039270 51.181034 0.000000
vt 0.039270 50.342001 0.000000
vt 0.000000 51.257310 0.000000
vt 0.235619 55.528752 0.000000
vt 0.196350 54.537167 0.000000
vt 0.196350 53.698134 0.000000
vt 0.196350 52.859101 0.000000
vt 0.157080 53.698134 0.000000
vt 0.157080 52.859101 0.000000
vt 0.117810 53.698134 0.000000
vt 0.117810 52.859101 0.000000
vt 0.078540 53.698134 0.000000
vt 0.078540 52.859101 0.000000
vt 0.039270 53.698134 0.000000
vt 0.039270 52.859101 0.000000
vt 0.000000 53.393031 0.000000
vt 0.039270 52.020067 0.000000
vt 0.235619 57.664473 0.000000
vt 0.196350 56.215234 0.000000
vt 0.196350 55.376201 0.000000
vt 0.157080 55.376201 0.000000
vt 0.157080 54.537167 0.000000
vt 0.117810 55.376201 0.000000
vt 0.117810 54.537167 0.000000
vt 0.078540 55.376201 0.000000
vt 0.078540 54.537167 0.000000
vt 0.039270 55.376201 0.000000
vt 0.039270 54.537167 0.000000
vt 0.000000 55.528752 0.000000
vt 0.235619 59.800195 0.000000
vt 0.196350 58.732334 0.000000
vt 0.196350 57.893301 0.000000
vt 0.196350 57.054267 0.000000
vt 0.157080 57.893301 0.000000
vt 0.157080 57.054267 0.000000
vt 0.117810 57.893301 0.000000
vt 0.117810 57.054267 0.000000
vt 0.078540 57.893301 0.000000
vt 0.078540 57.054267 0.000000
vt 0.039270 57.893301 0.000000
vt 0.039270 57.054267 0.000000
vt 0.000000 57.664473 0.000000
vt 0.039270 56.215234 0.000000
vt 0.235619 61.935916 0.000000
vt 0.196350 61.249434 0.000000
vt 0.196350 60.410401 0.000000
vt 0.196350 59.571367 0.000000
vt 0.157080 60.410401 0.000000
vt 0.157080 59.571367 0.000000
vt 0.117810 60.410401 0.000000
vt 0.117810 59.571367 0.000000
vt 0.078540 60.410401 0.000000
vt 0.078540 59.571367 0.000000
vt 0.039270 60.410401 0.000000
vt 0.039270 59.571367 0.000000
vt 0.000000 59.800195 0.000000
vt 0.039270 58.732334 0.000000
vt 0.235619 64.071637 0.000000
vt 0.196350 62.927501 0.000000
vt 0.196350 62.088467 0.000000
vt 0.157080 62.088467 0.000000
vt 0.157080 61.249434 0.000000
vt 0.117810 62.088467 0.000000
vt 0.117810 61.249434 0.000000
vt 0.078540 62.088467 0.000000
vt 0.078540 61.249434 0.000000
vt 0.039270 62.088467 0.000000
vt 0.039270 61.249434 0.000000
vt 0.000000 61.935916 0.000000
vt 0.235619 66.207358 0.000000
vt 0.196350 65.444601 0.000000
vt 0.196350 64.605567 0.000000
vt 0.196350 63.766534 0.000000
vt 0.157080 64.605567 0.000000
vt 0.157080 63.766534 0.000000
vt 0.117810 64.605567 0.000000
vt 0.117810 63.766534 0.000000
vt 0.078540 64.605567 0.000000
vt 0.078540 63.766534 0.000000
vt 0.039270 64.605567 0.000000
vt 0.039270 63.766534 0.000000
vt 0.000000 64.071637 0.000000
vt 0.039270 62.927501 0.000000
vt 0.235619 68.343079 0.000000
vt 0.196350 67.122667 0.000000
vt 0.196350 66.283634 0.000000
vt 0.157080 66.283634 0.000000
vt 0.157080 65.444601 0.000000
vt 0.117810 66.283634 0.000000
vt 0.117810 65.444601 0.000000
vt 0.078540 66.283634 0.000000
vt 0.078540 65.444601 0.000000
vt 0.039270 66.283634 0.000000
vt 0.039270 65.444601 0.000000
vt 0.000000 66.207358 0.000000
vt 0.235619 70.478801 0.000000
vt 0.196350 69.639767 0.000000
vt 0.196350 68.800734 0.000000
vt 0.196350 67.961701 0.000000
vt 0.157080 68.800734 0.000000
vt 0.157080 67.961701 0.000000
vt 0.117810 68.800734 0.000000
vt 0.117810 67.961701 0.000000
vt 0.078540 68.800734 0.000000
vt 0.078540 67.961701 0.000000
vt 0.039270 68.800734 0.000000
vt 0.039270 67.961701 0.000000
vt 0.000000 68.343079 0.000000
vt 0.039270 67.122667 0.000000
vt 0.196350 70.478801 0.000000
vt 0.157080 70.478801 0.000000
vt 0.157080 69.639767 0.000000
vt 0.117810 70.478801 0.000000
vt 0.117810 69.639767 0.000000
vt 0.078540 70.478801 0.000000
vt 0.078540 69.639767 0.000000
vt 0.039270 70.478801 0.000000
vt 0.039270 69.639767 0.000000
vt 0.000000 70.478801 0.000000
vt 0.157080 28.527134 0.000000
vt 0.117810 28.527134 0.000000
vt 0.078540 28.527134 0.000000
vt 0.157080 32.722300 0.000000
vt 0.117810 32.722300 0.000000
vt 0.078540 32.722300 0.000000
vt 0.157080 35.239400 0.000000
vt 0.117810 35.239400 0.000000
vt 0.078540 35.239400 0.000000
vt 0.157080 39.434567 0.000000
vt 0.117810 39.434567 0.000000
vt 0.078540 39.434567 0.000000
vt 0.157080 43.629734 0.000000
vt 0.117810 43.629734 0.000000
vt 0.078540 43.629734 0.000000
vt 0.157080 47.824900 0.000000
vt 0.117810 47.824900 0.000000
vt 0.078540 47.824900 0.000000
vt 0.157080 52.020067 0.000000
vt 0.117810 52.020067 0.000000
vt 0.078540 52.020067 0.000000
vt 0.157080 56.215234 0.000000
vt 0.117810 56.215234 0.000000
vt 0.078540 56.215234 0.000000
vt 0.157080 58.732334 0.000000
vt 0.117810 58.732334 0.000000
vt 0.078540 58.732334 0.000000
vt 0.157080 62.927501 0.000000
vt 0.117810 62.927501 0.000000
vt 0.078540 62.927501 0.000000
vt 0.157080 67.122667 0.000000
vt 0.117810 67.122667 0.000000
vt 0.078540 67.122667 0.000000
vt -0.234018 0.000000 0.000000
vt 0.234018 0.000000 0.000000
vt -0.234018 2.141995 0.000000
vt 0.234018 2.141995 0.000000
vt -0.234018 4.283990 0.000000
vt 0.234018 4.283990 0.000000
vt -0.234018 6.425985 0.000000
vt 0.234018 6.425985 0.000000
vt -0.234018 8.567980 0.000000
vt 0.234018 8.567980 0.000000
vt -0.234018 10.709975 0.000000
vt 0.234018 10.709975 0.000000
vt -0.234018 12.851970 0.000000
vt 0.234018 12.851970 0.000000
vt -0.234018 14.993965 0.000000
vt 0.234018 14.993965 0.000000
vt -0.234018 17.135960 0.000000
vt 0.234018 17.135960 0.000000
vt -0.234018 19.277955 0.000000
vt 0.234018 19.277955 0.000000
vt -0.234018 21.419950 0.000000
vt 0.234018 21.419950 0.000000
vt -0.234018 23.561945 0.000000
vt 0.234018 23.561945 0.000000
vt -0.234018 25.703940 0.000000
vt 0.234018 25.703940 0.000000
vt -0.234018 27.845935 0.000000
vt 0.234018 27.845935 0.000000
vt -0.234018 29.987930 0.000000
vt 0.234018 29.987930 0.000000
vt -0.234018 32.129925 0.000000
vt 0.234018 32.129925 0.000000
vt -0.234018 34.271920 0.000000
vt 0.234018 34.271920 0.000000
vt -0.234018 36.413915 0.000000
vt 0.234018 36.413915 0.000000
vt -0.234018 38.555910 0.000000
vt 0.234018 38.555910 0.000000
vt -0.234018 40.697905 0.000000
vt 0.234018 40.697905 0.000000
vt -0.234018 42.839900 0.000000
vt 0.234018 42.839900 0.000000
vt -0.234018 44.981895 0.000000
vt 0.234018 44.981895 0.000000
vt -0.234018 47.123890 0.000000
vt 0.234018 47.123890 0.000000
vt 0.235619 25.779225 0.000000
vt 0.235619 23.630956 0.000000
vt 0.274889 24.460113 0.000000
vt 0.274889 23.630956 0.000000
vt 0.314159 23.630956 0.000000
vt 0.314159 24.460113 0.000000
vt 0.353429 23.630956 0.000000
vt 0.353429 24.460113 0.000000
vt 0.392699 23.630956 0.000000
vt 0.392699 24.460113 0.000000
vt 0.431969 23.630956 0.000000
vt 0.431969 24.460113 0.000000
vt 0.471239 23.630956 0.000000
vt 0.471239 25.779225 0.000000
vt 0.471239 27.927494 0.000000
vt 0.431969 26.947582 0.000000
vt 0.431969 26.118425 0.000000
vt 0.431969 25.289269 0.000000
vt 0.392699 26.118425 0.000000
vt 0.392699 25.289269 0.000000
vt 0.353429 26.118425 0.000000
vt 0.353429 25.289269 0.000000
vt 0.314159 26.118425 0.000000
vt 0.314159 25.289269 0.000000
vt 0.274889 26.118425 0.000000
vt 0.274889 25.289269 0.000000
vt 0.471239 30.075763 0.000000
vt 0.431969 28.605894 0.000000
vt 0.431969 27.776738 0.000000
vt 0.392699 27.776738 0.000000
vt 0.392699 26.947582 0.000000
vt 0.353429 27.776738 0.000000
vt 0.353429 26.947582 0.000000
vt 0.314159 27.776738 0.000000
vt 0.314159 26.947582 0.000000
vt 0.274889 27.776738 0.000000
vt 0.274889 26.947582 0.000000
vt 0.235619 27.927494 0.000000
vt 0.471239 32.224031 0.000000
vt 0.431969 31.093363 0.000000
vt 0.431969 30.264207 0.000000
vt 0.431969 29.435051 0.000000
vt 0.392699 30.264207 0.000000
vt 0.392699 29.435051 0.000000
vt 0.353429 30.264207 0.000000
vt 0.353429 29.435051 0.000000
vt 0.314159 30.264207 0.000000
vt 0.314159 29.435051 0.000000
vt 0.274889 30.264207 0.000000
vt 0.274889 29.435051 0.000000
vt 0.235619 30.075763 0.000000
vt 0.274889 28.605894 0.000000
vt 0.471239 34.372300 0.000000
vt 0.431969 33.580833 0.000000
vt 0.431969 32.751676 0.000000
vt 0.431969 31.922520 0.000000
vt 0.392699 32.751676 0.000000
vt 0.392699 31.922520 0.000000
vt 0.353429 32.751676 0.000000
vt 0.353429 31.922520 0.000000
vt 0.314159 32.751676 0.000000
vt 0.314159 31.922520 0.000000
vt 0.274889 32.751676 0.000000
vt 0.274889 31.922520 0.000000
vt 0.235619 32.224031 0.000000
vt 0.274889 31.093363 0.000000
vt 0.471239 36.520569 0.000000
vt 0.431969 35.239145 0.000000
vt 0.431969 34.409989 0.000000
vt 0.392699 34.409989 0.000000
vt 0.392699 33.580833 0.000000
vt 0.353429 34.409989 0.000000
vt 0.353429 33.580833 0.000000
vt 0.314159 34.409989 0.000000
vt 0.314159 33.580833 0.000000
vt 0.274889 34.409989 0.000000
vt 0.274889 33.580833 0.000000
vt 0.235619 34.372300 0.000000
vt 0.471239 38.668838 0.000000
vt 0.431969 37.726614 0.000000
vt 0.431969 36.897458 0.000000
vt 0.431969 36.068302 0.000000
vt 0.392699 36.897458 0.000000
vt 0.392699 36.068302 0.000000
vt 0.353429 36.897458 0.000000
vt 0.353429 36.068302 0.000000
vt 0.314159 36.897458 0.000000
vt 0.314159 36.068302 0.000000
vt 0.274889 36.897458 0.000000
vt 0.274889 36.068302 0.000000
vt 0.235619 36.520569 0.000000
vt 0.274889 35.239145 0.000000
vt 0.471239 40.817106 0.000000
vt 0.431969 39.384927 0.000000
vt 0.431969 38.555771 0.000000
vt 0.392699 38.555771 0.000000
vt 0.392699 37.726614 0.000000
vt 0.353429 38.555771 0.000000
vt 0.353429 37.726614 0.000000
vt 0.314159 38.555771 0.000000
vt 0.314159 37.726614 0.000000
vt 0.274889 38.555771 0.000000
vt 0.274889 37.726614 0.000000
vt 0.235619 38.668838 0.000000
vt 0.471239 42.965375 0.000000
vt 0.431969 41.872396 0.000000
vt 0.431969 41.043240 0.000000
vt 0.431969 40.214083 0.000000
vt 0.392699 41.043240 0.000000
vt 0.392699 40.214083 0.000000
vt 0.353429 41.043240 0.000000
vt 0.353429 40.214083 0.000000
vt 0.314159 41.043240 0.000000
vt 0.314159 40.214083 0.000000
vt 0.274889 41.043240 0.000000
vt 0.274889 40.214083 0.000000
vt 0.235619 40.817106 0.000000
vt 0.274889 39.384927 0.000000
vt 0.471239 45.113644 0.000000
vt 0.431969 44.359865 0.000000
vt 0.431969 43.530709 0.000000
vt 0.431969 42.701553 0.000000
vt 0.392699 43.530709 0.000000
vt 0.392699 42.701553 0.000000
vt 0.353429 43.530709 0.000000
vt 0.353429 42.701553 0.000000
vt 0.314159 43.530709 0.000000
vt 0.314159 42.701553 0.000000
vt 0.274889 43.530709 0.000000
vt 0.274889 42.701553 0.000000
vt 0.235619 42.965375 0.000000
vt 0.274889 41.872396 0.000000
vt 0.471239 47.261913 0.000000
vt 0.431969 46.018178 0.000000
vt 0.431969 45.189022 0.000000
vt 0.392699 45.189022 0.000000
vt 0.392699 44.359865 0.000000
vt 0.353429 45.189022 0.000000
vt 0.353429 44.359865 0.000000
vt 0.314159 45.189022 0.000000
vt 0.314159 44.359865 0.000000
vt 0.274889 45.189022 0.000000
vt 0.274889 44.359865 0.000000
vt 0.235619 45.113644 0.000000
vt 0.471239 49.410181 0.000000
vt 0.431969 48.505647 0.000000
vt 0.431969 47.676491 0.000000
vt 0.431969 46.847334 0.000000
vt 0.392699 47.676491 0.000000
vt 0.392699 46.847334 0.000000
vt 0.353429 47.676491 0.000000
vt 0.353429 46.847334 0.000000
vt 0.314159 47.676491 0.000000
vt 0.314159 46.847334 0.000000
vt 0.274889 47.676491 0.000000
vt 0.274889 46.847334 0.000000
vt 0.235619 47.261913 0.000000
vt 0.274889 46.018178 0.000000
vt 0.471239 51.558450 0.000000
vt 0.431969 50.163960 0.000000
vt 0.431969 49.334803 0.000000
vt 0.392699 49.334803 0.000000
vt 0.392699 48.505647 0.000000
vt 0.353429 49.334803 0.000000
vt 0.353429 48.505647 0.000000
vt 0.314159 49.334803 0.000000
vt 0.314159 48.505647 0.000000
vt 0.274889 49.334803 0.000000
vt 0.274889 48.505647 0.000000
vt 0.235619 49.410181 0.000000
vt 0.471239 53.706719 0.000000
vt 0.431969 52.651429 0.000000
vt 0.431969 51.822272 0.000000
vt 0.431969 50.993116 0.000000
vt 0.392699 51.822272 0.000000
vt 0.392699 50.993116 0.000000
vt 0.353429 51.822272 0.000000
vt 0.353429 50.993116 0.000000
vt 0.314159 51.822272 0.000000
vt 0.314159 50.993116 0.000000
vt 0.274889 51.822272 0.000000
vt 0.274889 50.993116 0.000000
vt 0.235619 51.558450 0.000000
vt 0.274889 50.163960 0.000000
vt 0.471239 55.854988 0.000000
vt 0.431969 55.138898 0.000000
vt 0.431969 54.309742 0.000000
vt 0.431969 53.480585 0.000000
vt 0.392699 54.309742 0.000000
vt 0.392699 53.480585 0.000000
vt 0.353429 54.309742 0.000000
vt 0.353429 53.480585 0.000000
vt 0.314159 54.309742 0.000000
vt 0.314159 53.480585 0.000000
vt 0.274889 54.309742 0.000000
vt 0.274889 53.480585 0.000000
vt 0.235619 53.706719 0.000000
vt 0.274889 52.651429 0.000000
vt 0.471239 58.003256 0.000000
vt 0.431969 56.797211 0.000000
vt 0.431969 55.968054 0.000000
vt 0.392699 55.968054 0.000000
vt 0.392699 55.138898 0.000000
vt 0.353429 55.968054 0.000000
vt 0.353429 55.138898 0.000000
vt 0.314159 55.968054 0.000000
vt 0.314159 55.138898 0.000000
vt 0.274889 55.968054 0.000000
vt 0.274889 55.138898 0.000000
vt 0.235619 55.854988 0.000000
vt 0.471239 60.151525 0.000000
vt 0.431969 59.284680 0.000000
vt 0.431969 58.455523 0.000000
vt 0.431969 57.626367 0.000000
vt 0.392699 58.455523 0.000000
vt 0.392699 57.626367 0.000000
vt 0.353429 58.455523 0.000000
vt 0.353429 57.626367 0.000000
vt 0.314159 58.455523 0.000000
vt 0.314159 57.626367 0.000000
vt 0.274889 58.455523 0.000000
vt 0.274889 57.626367 0.000000
vt 0.235619 58.003256 0.000000
vt 0.274889 56.797211 0.000000
vt 0.471239 62.299794 0.000000
vt 0.431969 60.942992 0.000000
vt 0.431969 60.113836 0.000000
vt 0.392699 60.113836 0.000000
vt 0.392699 59.284680 0.000000
vt 0.353429 60.113836 0.000000
vt 0.353429 59.284680 0.000000
vt 0.314159 60.113836 0.000000
vt 0.314159 59.284680 0.000000
vt 0.274889 60.113836 0.000000
vt 0.274889 59.284680 0.000000
vt 0.235619 60.151525 0.000000
vt 0.471239 64.448063 0.000000
vt 0.431969 63.430462 0.000000
vt 0.431969 62.601305 0.000000
vt 0.431969 61.772149 0.000000
vt 0.392699 62.601305 0.000000
vt 0.392699 61.772149 0.000000
vt 0.353429 62.601305 0.000000
vt 0.353429 61.772149 0.000000
vt 0.314159 62.601305 0.000000
vt 0.314159 61.772149 0.000000
vt 0.274889 62.601305 0.000000
vt 0.274889 61.772149 0.000000
vt 0.235619 62.299794 0.000000
vt 0.274889 60.942992 0.000000
vt 0.471239 66.596331 0.000000
vt 0.431969 65.917931 0.000000
vt 0.431969 65.088774 0.000000
vt 0.431969 64.259618 0.000000
vt 0.392699 65.088774 0.000000
vt 0.392699 64.259618 0.000000
vt 0.353429 65.088774 0.000000
vt 0.353429 64.259618 0.000000
vt 0.314159 65.088774 0.000000
vt 0.314159 64.259618 0.000000
vt 0.274889 65.088774 0.000000
vt 0.274889 64.259618 0.000000
vt 0.235619 64.448063 0.000000
vt 0.274889 63.430462 0.000000
vt 0.471239 68.744600 0.000000
vt 0.431969 67.576243 0.000000
vt 0.431969 66.747087 0.000000
vt 0.392699 66.747087 0.000000
vt 0.392699 65.917931 0.000000
vt 0.353429 66.747087 0.000000
vt 0.353429 65.917931 0.000000
vt 0.314159 66.747087 0.000000
vt 0.314159 65.917931 0.000000
vt 0.274889 66.747087 0.000000
vt 0.274889 65.917931 0.000000
vt 0.235619 66.596331 0.000000
vt 0.471239 70.892869 0.000000
vt 0.431969 70.063712 0.000000
vt 0.431969 69.234556 0.000000
vt 0.431969 68.405400 0.000000
vt 0.392699 69.234556 0.000000
vt 0.392699 68.405400 0.000000
vt 0.353429 69.234556 0.000000
vt 0.353429 68.405400 0.000000
vt 0.314159 69.234556 0.000000
vt 0.314159 68.405400 0.000000
vt 0.274889 69.234556 0.000000
vt 0.274889 68.405400 0.000000
vt 0.235619 68.744600 0.000000
vt 0.274889 67.576243 0.000000
vt 0.431969 70.892869 0.000000
vt 0.392699 70.892869 0.000000
vt 0.392699 70.063712 0.000000
vt 0.353429 70.892869 0.000000
vt 0.353429 70.063712 0.000000
vt 0.314159 70.892869 0.000000
vt 0.314159 70.063712 0.000000
vt 0.274889 70.892869 0.000000
vt 0.274889 70.063712 0.000000
vt 0.235619 70.892869 0.000000
vt 0.392699 28.605894 0.000000
vt 0.353429 28.605894 0.000000
vt 0.314159 28.605894 0.000000
vt 0.392699 31.093363 0.000000
vt 0.353429 31.093363 0.000000
vt 0.314159 31.093363 0.000000
vt 0.392699 35.239145 0.000000
vt 0.353429 35.239145 0.000000
vt 0.314159 35.239145 0.000000
vt 0.392699 39.384927 0.000000
vt 0.353429 39.384927 0.000000
vt 0.314159 39.384927 0.000000
vt 0.392699 41.872396 0.000000
vt 0.353429 41.872396 0.000000
vt 0.314159 41.872396 0.000000
vt 0.392699 46.018178 0.000000
vt 0.353429 46.018178 0.000000
vt 0.314159 46.018178 0.000000
vt 0.392699 50.163960 0.000000
vt 0.353429 50.163960 0.000000
vt 0.314159 50.163960 0.000000
vt 0.392699 52.651429 0.000000
vt 0.353429 52.651429 0.000000
vt 0.314159 52.651429 0.000000
vt 0.392699 56.797211 0.000000
vt 0.353429 56.797211 0.000000
vt 0.314159 56.797211 0.000000
vt 0.392699 60.942992 0.000000
vt 0.353429 60.942992 0.000000
vt 0.314159 60.942992 0.000000
vt 0.392699 63.430462 0.000000
vt 0.353429 63.430462 0.000000
vt 0.314159 63.430462 0.000000
vt 0.392699 67.576243 0.000000
vt 0.353429 67.576243 0.000000
vt 0.314159 67.576243 0.000000
vt 0.000000 -0.362255 0.000000
vt 2.156070 -0.516460 0.000000
vt 0.000000 0.000000 0.000000
vt 2.207624 -0.157892 0.000000
vt 4.268248 -0.975936 0.000000
vt 4.370307 -0.628355 0.000000
vt 6.293537 -1.731330 0.000000
vt 6.444023 -1.401811 0.000000
vt 8.190708 -2.767264 0.000000
vt 8.386558 -2.462516 0.000000
vt 9.921140 -4.062649 0.000000
vt 10.158366 -3.788875 0.000000
vt 11.449606 -5.591114 0.000000
vt 11.723380 -5.353888 0.000000
vt 12.744991 -7.321546 0.000000
vt 13.049739 -7.125697 0.000000
vt 13.780925 -9.218717 0.000000
vt 14.110443 -9.068231 0.000000
vt 14.536319 -11.244006 0.000000
vt 14.883899 -11.141947 0.000000
vt 14.995795 -13.356185 0.000000
vt 15.354362 -13.304631 0.000000
vt 15.150000 -15.512255 0.000000
vt 15.512255 -15.512255 0.000000
vt 15.354362 -17.719879 0.000000
vt 14.995795 -17.668324 0.000000
vt 14.883899 -19.882562 0.000000
vt 14.536319 -19.780503 0.000000
vt 14.110443 -21.956278 0.000000
vt 13.780925 -21.805792 0.000000
vt 13.049739 -23.898813 0.000000
vt 12.744991 -23.702963 0.000000
vt 11.723380 -25.670621 0.000000
vt 11.449606 -25.433395 0.000000
vt 10.158366 -27.235634 0.000000
vt 9.921140 -26.961861 0.000000
vt 8.386558 -28.561994 0.000000
vt 8.190708 -28.257246 0.000000
vt 6.444023 -29.622698 0.000000
vt 6.293537 -29.293179 0.000000
vt 4.370307 -30.396154 0.000000
vt 4.268248 -30.048573 0.000000
vt 2.207624 -30.866617 0.000000
vt 2.156070 -30.508049 0.000000
vt 0.000000 -31.024509 0.000000
vt 0.000000 -30.662255 0.000000
vt -5.247749 0.000000 0.000000
vt 5.247749 0.000000 0.000000
vt -5.247749 2.215145 0.000000
vt 5.247749 2.215145 0.000000
vt -5.247749 4.430290 0.000000
vt 5.247749 4.430290 0.000000
vt -5.247749 6.645434 0.000000
vt 5.247749 6.645434 0.000000
vt -5.247749 8.860579 0.000000
vt 5.247749 8.860579 0.000000
vt -5.247749 11.075724 0.000000
vt 5.247749 11.075724 0.000000
vt -5.247749 13.290869 0.000000
vt 5.247749 13.290869 0.000000
vt -5.247749 15.506013 0.000000
vt 5.247749 15.506013 0.000000
vt -5.247749 17.721158 0.000000
vt 5.247749 17.721158 0.000000
vt -5.247749 19.936303 0.000000
vt 5.247749 19.936303 0.000000
vt -5.247749 22.151448 0.000000
vt 5.247749 22.151448 0.000000
vt -5.247749 24.366593 0.000000
vt 5.247749 24.366593 0.000000
vt -5.247749 26.581737 0.000000
vt 5.247749 26.581737 0.000000
vt -5.247749 28.796882 0.000000
vt 5.247749 28.796882 0.000000
vt -5.247749 31.012027 0.000000
vt 5.247749 31.012027 0.000000
vt -5.247749 33.227172 0.000000
vt 5.247749 33.227172 0.000000
vt -5.247749 35.442316 0.000000
vt 5.247749 35.442316 0.000000
vt -5.247749 37.657461 0.000000
vt 5.247749 37.657461 0.000000
vt -5.247749 39.872606 0.000000
vt 5.247749 39.872606 0.000000
vt -5.247749 42.087751 0.000000
vt 5.247749 42.087751 0.000000
vt -5.247749 44.302896 0.000000
vt 5.247749 44.302896 0.000000
vt -5.247749 46.518040 0.000000
vt 5.247749 46.518040 0.000000
vt -5.247749 48.733185 0.000000
vt 5.247749 48.733185 0.000000
vt 0.000000 0.000000 0.000000
vt 0.000000 -1.487745 0.000000
vt 2.314833 -0.158339 0.000000
vt 2.207624 -1.645638 0.000000
vt 4.586545 -0.630406 0.000000
vt 4.370307 -2.116101 0.000000
vt 6.772819 -1.407408 0.000000
vt 6.444023 -2.889557 0.000000
vt 8.832927 -2.474870 0.000000
vt 8.386558 -3.950261 0.000000
vt 10.728495 -3.812908 0.000000
vt 10.158366 -5.276620 0.000000
vt 12.424211 -5.396597 0.000000
vt 11.723380 -6.841634 0.000000
vt 13.888488 -7.196435 0.000000
vt 13.049739 -8.613442 0.000000
vt 15.094049 -9.178894 0.000000
vt 14.110443 -10.555977 0.000000
vt 16.018436 -11.307047 0.000000
vt 14.883899 -12.629693 0.000000
vt 16.644430 -13.541248 0.000000
vt 15.354362 -14.792376 0.000000
vt 16.960369 -15.839879 0.000000
vt 15.512255 -17.000000 0.000000
vt 16.960369 -18.160121 0.000000
vt 15.354362 -19.207624 0.000000
vt 16.644430 -20.458752 0.000000
vt 14.883899 -21.370307 0.000000
vt 16.018436 -22.692953 0.000000
vt 14.110443 -23.444023 0.000000
vt 15.094049 -24.821106 0.000000
vt 13.049739 -25.386558 0.000000
vt 13.888488 -26.803565 0.000000
vt 11.723380 -27.158366 0.000000
vt 12.424211 -28.603403 0.000000
vt 10.158366 -28.723380 0.000000
vt 10.728495 -30.187092 0.000000
vt 8.386558 -30.049739 0.000000
vt 8.832927 -31.525130 0.000000
vt 6.444023 -31.110443 0.000000
vt 6.772819 -32.592592 0.000000
vt 4.370307 -31.883899 0.000000
vt 4.586545 -33.369594 0.000000
vt 2.207624 -32.354362 0.000000
vt 2.314833 -33.841661 0.000000
vt 0.000000 -32.512255 0.000000
vt 0.000000 -34.000000 0.000000
vt -6.000000 0.000000 0.000000
vt 0.000000 0.000000 0.000000
vt -6.000000 2.322047 0.000000
vt 6.000000 2.322047 0.000000
vt -6.000000 4.644093 0.000000
vt 6.000000 4.644093 0.000000
vt -6.000000 6.966140 0.000000
vt 6.000000 6.966140 0.000000
vt -6.000000 9.288187 0.000000
vt 6.000000 9.288187 0.000000
vt -6.000000 11.610234 0.000000
vt 6.000000 11.610234 0.000000
vt -6.000000 13.932280 0.000000
vt 6.000000 13.932280 0.000000
vt -6.000000 16.254327 0.000000
vt 6.000000 16.254327 0.000000
vt -6.000000 18.576374 0.000000
vt 6.000000 18.576374 0.000000
vt -6.000000 20.898421 0.000000
vt 6.000000 20.898421 0.000000
vt -6.000000 23.220467 0.000000
vt 6.000000 23.220467 0.000000
vt -6.000000 25.542514 0.000000
vt 6.000000 25.542514 0.000000
vt -6.000000 27.864561 0.000000
vt 6.000000 27.864561 0.000000
vt -6.000000 30.186608 0.000000
vt 6.000000 30.186608 0.000000
vt -6.000000 32.508654 0.000000
vt 6.000000 32.508654 0.000000
vt -6.000000 34.830701 0.000000
vt 6.000000 34.830701 0.000000
vt -6.000000 37.152748 0.000000
vt 6.000000 37.152748 0.000000
vt -6.000000 39.474795 0.000000
vt 6.000000 39.474795 0.000000
vt -6.000000 41.796841 0.000000
vt 6.000000 41.796841 0.000000
vt -6.000000 44.118888 0.000000
vt 6.000000 44.118888 0.000000
vt -6.000000 46.440935 0.000000
vt 6.000000 46.440935 0.000000
vt -6.000000 48.762982 0.000000
vt 6.000000 48.762982 0.000000
vt -6.000000 51.085028 0.000000
vt 6.000000 51.085028 0.000000
vt -0.000000 53.407075 0.000000
vt 6.000000 53.407075 0.000000
vt 6.000000 0.000000 0.000000
vt -6.000000 53.407075 0.000000
vt 0.000000 1.000000 0.000000
vt -2.314833 0.841661 0.000000
vt 0.000000 0.000000 0.000000
vt -2.277037 -0.162857 0.000000
vt -4.586545 0.369594 0.000000
vt -4.507721 -0.648112 0.000000
vt -6.772819 -0.407408 0.000000
vt -6.646640 -1.445888 0.000000
vt -8.832927 -1.474870 0.000000
vt -8.650253 -2.539943 0.000000
vt -10.728495 -2.812908 0.000000
vt -10.477772 -3.908007 0.000000
vt -12.424211 -4.396597 0.000000
vt -12.091993 -5.522228 0.000000
vt -13.888488 -6.196435 0.000000
vt -13.460057 -7.349747 0.000000
vt -15.094049 -8.178894 0.000000
vt -14.554112 -9.353360 0.000000
vt -16.018436 -10.307047 0.000000
vt -15.351888 -11.492279 0.000000
vt -16.644430 -12.541248 0.000000
vt -15.837143 -13.722963 0.000000
vt -16.960369 -14.839879 0.000000
vt -16.000000 -16.000000 0.000000
vt -16.960369 -17.160121 0.000000
vt -15.837143 -18.277037 0.000000
vt -16.644430 -19.458752 0.000000
vt -15.351888 -20.507721 0.000000
vt -16.018436 -21.692953 0.000000
vt -14.554112 -22.646640 0.000000
vt -15.094049 -23.821106 0.000000
vt -13.460057 -24.650253 0.000000
vt -13.888488 -25.803565 0.000000
vt -12.091993 -26.477772 0.000000
vt -12.424211 -27.603403 0.000000
vt -10.477772 -28.091993 0.000000
vt -10.728495 -29.187092 0.000000
vt -8.650253 -29.460057 0.000000
vt -8.832927 -30.525130 0.000000
vt -6.646640 -30.554112 0.000000
vt -6.772819 -31.592592 0.000000
vt -4.507721 -31.351888 0.000000
vt -4.586545 -32.369594 0.000000
vt -2.277037 -31.837143 0.000000
vt -2.314833 -32.841661 0.000000
vt -0.000000 -32.000000 0.000000
vt -0.000000 -33.000000 0.000000
vt -0.500000 0.000000 0.000000
vt 0.500000 0.000000 0.000000
vt -0.500000 2.284795 0.000000
vt 0.500000 2.284795 0.000000
vt -0.500000 4.569589 0.000000
vt 0.500000 4.569589 0.000000
vt -0.500000 6.854384 0.000000
vt 0.500000 6.854384 0.000000
vt -0.500000 9.139179 0.000000
vt 0.500000 9.139179 0.000000
vt -0.500000 11.423973 0.000000
vt 0.500000 11.423973 0.000000
vt -0.500000 13.708768 0.000000
vt 0.500000 13.708768 0.000000
vt -0.500000 15.993563 0.000000
vt 0.500000 15.993563 0.000000
vt -0.500000 18.278357 0.000000
vt 0.500000 18.278357 0.000000
vt -0.500000 20.563152 0.000000
vt 0.500000 20.563152 0.000000
vt -0.500000 22.847947 0.000000
vt 0.500000 22.847947 0.000000
vt -0.500000 25.132741 0.000000
vt 0.500000 25.132741 0.000000
vt -0.500000 27.417536 0.000000
vt 0.500000 27.417536 0.000000
vt -0.500000 29.702331 0.000000
vt 0.500000 29.702331 0.000000
vt -0.500000 31.987125 0.000000
vt 0.500000 31.987125 0.000000
vt -0.500000 34.271920 0.000000
vt 0.500000 34.271920 0.000000
vt -0.500000 36.556714 0.000000
vt 0.500000 36.556714 0.000000
vt -0.500000 38.841509 0.000000
vt 0.500000 38.841509 0.000000
vt -0.500000 41.126304 0.000000
vt 0.500000 41.126304 0.000000
vt -0.500000 43.411098 0.000000
vt 0.500000 43.411098 0.000000
vt -0.500000 45.695893 0.000000
vt 0.500000 45.695893 0.000000
vt -0.500000 47.980688 0.000000
vt 0.500000 47.980688 0.000000
vt -0.500000 50.265482 0.000000
vt 0.500000 50.265482 0.000000
vt 0.000000 0.000000 0.000000
vt 0.000000 -1.000000 0.000000
vt 2.314833 -0.158339 0.000000
vt 2.277037 -1.162857 0.000000
vt 4.586545 -0.630406 0.000000
vt 4.507721 -1.648112 0.000000
vt 6.772819 -1.407408 0.000000
vt 6.646640 -2.445888 0.000000
vt 8.832927 -2.474870 0.000000
vt 8.650253 -3.539943 0.000000
vt 10.728495 -3.812908 0.000000
vt 10.477772 -4.908007 0.000000
vt 12.424211 -5.396597 0.000000
vt 12.091993 -6.522228 0.000000
vt 13.888488 -7.196435 0.000000
vt 13.460057 -8.349747 0.000000
vt 15.094049 -9.178894 0.000000
vt 14.554112 -10.353360 0.000000
vt 16.018436 -11.307047 0.000000
vt 15.351888 -12.492279 0.000000
vt 16.644430 -13.541248 0.000000
vt 15.837143 -14.722963 0.000000
vt 16.960369 -15.839879 0.000000
vt 16.000000 -17.000000 0.000000
vt 16.960369 -18.160121 0.000000
vt 15.837143 -19.277037 0.000000
vt 16.644430 -20.458752 0.000000
vt 15.351888 -21.507721 0.000000
vt 16.018436 -22.692953 0.000000
vt 14.554112 -23.646640 0.000000
vt 15.094049 -24.821106 0.000000
vt 13.460057 -25.650253 0.000000
vt 13.888488 -26.803565 0.000000
vt 12.091993 -27.477772 0.000000
vt 12.424211 -28.603403 0.000000
vt 10.477772 -29.091993 0.000000
vt 10.728495 -30.187092 0.000000
vt 8.650253 -30.460057 0.000000
vt 8.832927 -31.525130 0.000000
vt 6.646640 -31.554112 0.000000
vt 6.772819 -32.592592 0.000000
vt 4.507721 -32.351888 0.000000
vt 4.586545 -33.369594 0.000000
vt 2.277037 -32.837143 0.000000
vt 2.314833 -33.841661 0.000000
vt 0.000000 -33.000000 0.000000
vt 0.000000 -34.000000 0.000000
vt -0.500000 0.000000 0.000000
vt 0.500000 0.000000 0.000000
vt -0.500000 2.322047 0.000000
vt 0.500000 2.322047 0.000000
vt -0.500000 4.644093 0.000000
vt 0.500000 4.644093 0.000000
vt -0.500000 6.966140 0.000000
vt 0.500000 6.966140 0.000000
vt -0.500000 9.288187 0.000000
vt 0.500000 9.288187 0.000000
vt -0.500000 11.610234 0.000000
vt 0.500000 11.610234 0.000000
vt -0.500000 13.932280 0.000000
vt 0.500000 13.932280 0.000000
vt -0.500000 16.254327 0.000000
vt 0.500000 16.254327 0.000000
vt -0.500000 18.576374 0.000000
vt 0.500000 18.576374 0.000000
vt -0.500000 20.898421 0.000000
vt 0.500000 20.898421 0.000000
vt -0.500000 23.220467 0.000000
vt 0.500000 23.220467 0.000000
vt -0.500000 25.542514 0.000000
vt 0.500000 25.542514 0.000000
vt -0.500000 27.864561 0.000000
vt 0.500000 27.864561 0.000000
vt -0.500000 30.186608 0.000000
vt 0.500000 30.186608 0.000000
vt -0.500000 32.508654 0.000000
vt 0.500000 32.508654 0.000000
vt -0.500000 34.830701 0.000000
vt 0.500000 34.830701 0.000000
vt -0.500000 37.152748 0.000000
vt 0.500000 37.152748 0.000000
vt -0.500000 39.474795 0.000000
vt 0.500000 39.474795 0.000000
vt -0.500000 41.796841 0.000000
vt 0.500000 41.796841 0.000000
vt -0.500000 44.118888 0.000000
vt 0.500000 44.118888 0.000000
vt -0.500000 46.440935 0.000000
vt 0.500000 46.440935 0.000000
vt -0.500000 48.762982 0.000000
vt 0.500000 48.762982 0.000000
vt -0.500000 51.085028 0.000000
vt 0.500000 51.085028 0.000000
vt -0.500000 53.407075 0.000000
vt 0.500000 53.407075 0.000000
vt 0.000000 1.000000 0.000000
vt -2.314833 0.841661 0.000000
vt 0.000000 0.000000 0.000000
vt -2.277037 -0.162857 0.000000
vt -4.586545 0.369594 0.000000
vt -4.507721 -0.648112 0.000000
vt -6.772819 -0.407408 0.000000
vt -6.646640 -1.445888 0.000000
vt -8.832927 -1.474870 0.000000
vt -8.650253 -2.539943 0.000000
vt -10.728495 -2.812908 0.000000
vt -10.477772 -3.908007 0.000000
vt -12.424211 -4.396597 0.000000
vt -12.091993 -5.522228 0.000000
vt -13.888488 -6.196435 0.000000
vt -13.460057 -7.349747 0.000000
vt -15.094049 -8.178894 0.000000
vt -14.554112 -9.353360 0.000000
vt -16.018436 -10.307047 0.000000
vt -15.351888 -11.492279 0.000000
vt -16.644430 -12.541248 0.000000
vt -15.837143 -13.722963 0.000000
vt -16.960369 -14.839879 0.000000
vt -16.000000 -16.000000 0.000000
vt -16.960369 -17.160121 0.000000
vt -15.837143 -18.277037 0.000000
vt -16.644430 -19.458752 0.000000
vt -15.351888 -20.507721 0.000000
vt -16.018436 -21.692953 0.000000
vt -14.554112 -22.646640 0.000000
vt -15.094049 -23.821106 0.000000
vt -13.460057 -24.650253 0.000000
vt -13.888488 -25.803565 0.000000
vt -12.091993 -26.477772 0.000000
vt -12.424211 -27.603403 0.000000
vt -10.477772 -28.091993 0.000000
vt -10.728495 -29.187092 0.000000
vt -8.650253 -29.460057 0.000000
vt -8.832927 -30.525130 0.000000
vt -6.646640 -30.554112 0.000000
vt -6.772819 -31.592592 0.000000
vt -4.507721 -31.351888 0.000000
vt -4.586545 -32.369594 0.000000
vt -2.277037 -31.837143 0.000000
vt -2.314833 -32.841661 0.000000
vt -0.000000 -32.000000 0.000000
vt -0.000000 -33.000000 0.000000
vt -0.500000 0.000000 0.000000
vt 0.500000 0.000000 0.000000
vt -0.500000 2.284795 0.000000
vt 0.500000 2.284795 0.000000
vt -0.500000 4.569589 0.000000
vt 0.500000 4.569589 0.000000
vt -0.500000 6.854384 0.000000
vt 0.500000 6.854384 0.000000
vt -0.500000 9.139179 0.000000
vt 0.500000 9.139179 0.000000
vt -0.500000 11.423973 0.000000
vt 0.500000 11.423973 0.000000
vt -0.500000 13.708768 0.000000
vt 0.500000 13.708768 0.000000
vt -0.500000 15.993563 0.000000
vt 0.500000 15.993563 0.000000
vt -0.500000 18.278357 0.000000
vt 0.500000 18.278357 0.000000
vt -0.500000 20.563152 0.000000
vt 0.500000 20.563152 0.000000
vt -0.500000 22.847947 0.000000
vt 0.500000 22.847947 0.000000
vt -0.500000 25.132741 0.000000
vt 0.500000 25.132741 0.000000
vt -0.500000 27.417536 0.000000
vt 0.500000 27.417536 0.000000
vt -0.500000 29.702331 0.000000
vt 0.500000 29.702331 0.000000
vt -0.500000 31.987125 0.000000
vt 0.500000 31.987125 0.000000
vt -0.500000 34.271920 0.000000
vt 0.500000 34.271920 0.000000
vt -0.500000 36.556714 0.000000
vt 0.500000 36.556714 0.000000
vt -0.500000 38.841509 0.000000
vt 0.500000 38.841509 0.000000
vt -0.500000 41.126304 0.000000
vt 0.500000 41.126304 0.000000
vt -0.500000 43.411098 0.000000
vt 0.500000 43.411098 0.000000
vt -0.500000 45.695893 0.000000
vt 0.500000 45.695893 0.000000
vt -0.500000 47.980688 0.000000
vt 0.500000 47.980688 0.000000
vt -0.500000 50.265482 0.000000
vt 0.500000 50.265482 0.000000
vt 0.000000 0.000000 0.000000
vt 0.000000 6.411212 0.000000
vt -1.665076 -0.145675 0.000000
vt -2.277037 6.248355 0.000000
vt -3.279559 -0.578275 0.000000
vt -4.507721 5.763099 0.000000
vt -4.794394 -1.284654 0.000000
vt -6.646640 4.965324 0.000000
vt -8.650253 3.871268 0.000000
vt -6.163554 -2.243350 0.000000
vt -10.477772 2.503205 0.000000
vt -7.345438 -3.425234 0.000000
vt -12.091993 0.888984 0.000000
vt -8.304134 -4.794394 0.000000
vt -13.460057 -0.938535 0.000000
vt -9.010513 -6.309229 0.000000
vt -14.554112 -2.942148 0.000000
vt -9.443113 -7.923713 0.000000
vt -15.351888 -5.081067 0.000000
vt -15.837143 -7.311751 0.000000
vt -9.588788 -9.588788 0.000000
vt -16.000000 -9.588788 0.000000
vt -15.837143 -11.865826 0.000000
vt -9.443113 -11.253864 0.000000
vt -15.351888 -14.096509 0.000000
vt -14.554112 -16.235428 0.000000
vt -9.010513 -12.868347 0.000000
vt -13.460057 -18.239041 0.000000
vt -8.304134 -14.383182 0.000000
vt -12.091993 -20.066560 0.000000
vt -7.345438 -15.752342 0.000000
vt -10.477772 -21.680781 0.000000
vt -6.163554 -16.934226 0.000000
vt -8.650253 -23.048845 0.000000
vt -4.794394 -17.892922 0.000000
vt -6.646640 -24.142900 0.000000
vt -4.507721 -24.940676 0.000000
vt -3.279559 -18.599302 0.000000
vt -2.277037 -25.425931 0.000000
vt -1.665076 -19.031901 0.000000
vt -0.000000 -25.588788 0.000000
vt -0.000000 -19.177576 0.000000
vt 1.570796 16.213340 0.000000
vt 1.570796 14.506673 0.000000
vt 1.701696 16.118525 0.000000
vt 1.701696 14.506673 0.000000
vt 1.832596 14.506673 0.000000
vt 1.832596 16.118525 0.000000
vt 1.963495 14.506673 0.000000
vt 1.963495 16.118525 0.000000
vt 2.094395 14.506673 0.000000
vt 2.094395 16.118525 0.000000
vt 2.225295 14.506673 0.000000
vt 2.225295 16.118525 0.000000
vt 2.356194 14.506673 0.000000
vt 2.356194 16.118525 0.000000
vt 2.225295 17.730378 0.000000
vt 2.356194 17.730378 0.000000
vt 2.225295 19.342230 0.000000
vt 2.356194 19.342230 0.000000
vt 2.225295 20.954083 0.000000
vt 2.356194 20.954083 0.000000
vt 2.225295 22.565935 0.000000
vt 2.356194 22.565935 0.000000
vt 2.225295 24.177788 0.000000
vt 2.356194 24.177788 0.000000
vt 2.225295 25.789641 0.000000
vt 2.356194 25.789641 0.000000
vt 2.225295 27.401493 0.000000
vt 2.356194 27.401493 0.000000
vt 2.225295 29.013346 0.000000
vt 2.356194 29.013346 0.000000
vt 2.225295 30.625198 0.000000
vt 2.356194 30.625198 0.000000
vt 2.225295 32.237051 0.000000
vt 2.356194 32.237051 0.000000
vt 2.225295 33.848903 0.000000
vt 2.356194 33.848903 0.000000
vt 2.225295 35.460756 0.000000
vt 2.356194 35.460756 0.000000
vt 2.225295 37.072608 0.000000
vt 2.356194 37.072608 0.000000
vt 2.225295 38.684461 0.000000
vt 2.356194 38.684461 0.000000
vt 2.225295 40.296313 0.000000
vt 2.356194 40.296313 0.000000
vt 2.225295 41.908166 0.000000
vt 2.356194 41.908166 0.000000
vt 2.225295 43.520018 0.000000
vt 2.356194 43.520018 0.000000
vt 2.094395 43.520018 0.000000
vt 2.094395 41.908166 0.000000
vt 2.094395 40.296313 0.000000
vt 2.094395 38.684461 0.000000
vt 2.094395 37.072608 0.000000
vt 2.094395 35.460756 0.000000
vt 2.094395 33.848903 0.000000
vt 2.094395 32.237051 0.000000
vt 2.094395 30.625198 0.000000
vt 2.094395 29.013346 0.000000
vt 2.094395 27.401493 0.000000
vt 2.094395 25.789641 0.000000
vt 2.094395 24.177788 0.000000
vt 2.094395 22.565935 0.000000
vt 2.094395 20.954083 0.000000
vt 2.094395 19.342230 0.000000
vt 2.094395 17.730378 0.000000
vt 1.963495 43.520018 0.000000
vt 1.963495 41.908166 0.000000
vt 1.963495 40.296313 0.000000
vt 1.963495 38.684461 0.000000
vt 1.963495 37.072608 0.000000
vt 1.963495 35.460756 0.000000
vt 1.963495 33.848903 0.000000
vt 1.963495 32.237051 0.000000
vt 1.963495 30.625198 0.000000
vt 1.963495 29.013346 0.000000
vt 1.963495 27.401493 0.000000
vt 1.963495 25.789641 0.000000
vt 1.963495 24.177788 0.000000
vt 1.963495 22.565935 0.000000
vt 1.963495 20.954083 0.000000
vt 1.963495 19.342230 0.000000
vt 1.963495 17.730378 0.000000
vt 1.832596 43.520018 0.000000
vt 1.832596 41.908166 0.000000
vt 1.832596 40.296313 0.000000
vt 1.832596 38.684461 0.000000
vt 1.832596 37.072608 0.000000
vt 1.832596 35.460756 0.000000
vt 1.832596 33.848903 0.000000
vt 1.832596 32.237051 0.000000
vt 1.832596 30.625198 0.000000
vt 1.832596 29.013346 0.000000
vt 1.832596 27.401493 0.000000
vt 1.832596 25.789641 0.000000
vt 1.832596 24.177788 0.000000
vt 1.832596 22.565935 0.000000
vt 1.832596 20.954083 0.000000
vt 1.832596 19.342230 0.000000
vt 1.832596 17.730378 0.000000
vt 1.701696 43.520018 0.000000
vt 1.701696 41.908166 0.000000
vt 1.701696 40.296313 0.000000
vt 1.701696 38.684461 0.000000
vt 1.701696 37.072608 0.000000
vt 1.701696 35.460756 0.000000
vt 1.701696 33.848903 0.000000
vt 1.701696 32.237051 0.000000
vt 1.701696 30.625198 0.000000
vt 1.701696 29.013346 0.000000
vt 1.701696 27.401493 0.000000
vt 1.701696 25.789641 0.000000
vt 1.701696 24.177788 0.000000
vt 1.701696 22.565935 0.000000
vt 1.701696 20.954083 0.000000
vt 1.701696 19.342230 0.000000
vt 1.701696 17.730378 0.000000
vt 1.570796 43.520018 0.000000
vt 1.570796 41.813351 0.000000
vt 1.570796 40.106684 0.000000
vt 1.570796 38.400016 0.000000
vt 1.570796 36.693349 0.000000
vt 1.570796 34.986681 0.000000
vt 1.570796 33.280014 0.000000
vt 1.570796 31.573347 0.000000
vt 1.570796 29.866679 0.000000
vt 1.570796 28.160012 0.000000
vt 1.570796 26.453345 0.000000
vt 1.570796 24.746677 0.000000
vt 1.570796 23.040010 0.000000
vt 1.570796 21.333342 0.000000
vt 1.570796 19.626675 0.000000
vt 1.570796 17.920008 0.000000
vt -0.750000 0.000000 0.000000
vt 0.750000 0.000000 0.000000
vt -0.750000 1.679604 0.000000
vt 0.750000 1.679604 0.000000
vt -0.750000 3.359208 0.000000
vt 0.750000 3.359208 0.000000
vt -0.750000 5.038812 0.000000
vt 0.750000 5.038812 0.000000
vt -0.750000 6.718416 0.000000
vt 0.750000 6.718416 0.000000
vt -0.750000 8.398021 0.000000
vt 0.750000 8.398021 0.000000
vt -0.750000 10.077625 0.000000
vt 0.750000 10.077625 0.000000
vt -0.750000 11.757229 0.000000
vt 0.750000 11.757229 0.000000
vt -0.750000 13.436833 0.000000
vt 0.750000 13.436833 0.000000
vt -0.750000 15.116437 0.000000
vt 0.750000 15.116437 0.000000
vt -0.750000 16.796041 0.000000
vt 0.750000 16.796041 0.000000
vt -0.750000 18.475645 0.000000
vt 0.750000 18.475645 0.000000
vt -0.750000 20.155249 0.000000
vt 0.750000 20.155249 0.000000
vt -0.750000 21.834854 0.000000
vt 0.750000 21.834854 0.000000
vt -0.750000 23.514458 0.000000
vt 0.750000 23.514458 0.000000
vt -0.750000 25.194062 0.000000
vt 0.750000 25.194062 0.000000
vt -0.750000 26.873666 0.000000
vt 0.750000 26.873666 0.000000
vt -0.750000 28.553270 0.000000
vt 0.750000 28.553270 0.000000
vt 0.785398 14.506673 0.000000
vt 0.916298 14.506673 0.000000
vt 0.785398 16.118525 0.000000
vt 0.916298 16.118525 0.000000
vt 0.785398 17.730378 0.000000
vt 0.916298 17.730378 0.000000
vt 0.785398 19.342230 0.000000
vt 0.916298 19.342230 0.000000
vt 0.785398 20.954083 0.000000
vt 0.916298 20.954083 0.000000
vt 0.785398 22.565935 0.000000
vt 0.916298 22.565935 0.000000
vt 0.785398 24.177788 0.000000
vt 0.916298 24.177788 0.000000
vt 0.785398 25.789641 0.000000
vt 0.916298 25.789641 0.000000
vt 0.785398 27.401493 0.000000
vt 0.916298 27.401493 0.000000
vt 0.785398 29.013346 0.000000
vt 0.916298 29.013346 0.000000
vt 0.785398 30.625198 0.000000
vt 0.916298 30.625198 0.000000
vt 0.785398 32.237051 0.000000
vt 0.916298 32.237051 0.000000
vt 0.785398 33.848903 0.000000
vt 0.916298 33.848903 0.000000
vt 0.785398 35.460756 0.000000
vt 0.916298 35.460756 0.000000
vt 0.785398 37.072608 0.000000
vt 0.916298 37.072608 0.000000
vt 0.785398 38.684461 0.000000
vt 0.916298 38.684461 0.000000
vt 0.785398 40.296313 0.000000
vt 0.916298 40.296313 0.000000
vt 0.785398 41.908166 0.000000
vt 0.916298 41.908166 0.000000
vt 0.785398 43.520018 0.000000
vt 0.916298 43.520018 0.000000
vt 1.047198 41.908166 0.000000
vt 1.047198 43.520018 0.000000
vt 1.178097 41.908166 0.000000
vt 1.178097 43.520018 0.000000
vt 1.308997 41.908166 0.000000
vt 1.308997 43.520018 0.000000
vt 1.439897 41.908166 0.000000
vt 1.439897 43.520018 0.000000
vt 1.570796 43.520018 0.000000
vt 1.570796 41.813351 0.000000
vt 1.439897 40.296313 0.000000
vt 1.570796 40.106684 0.000000
vt 1.439897 38.684461 0.000000
vt 1.570796 38.400016 0.000000
vt 1.439897 37.072608 0.000000
vt 1.570796 36.693349 0.000000
vt 1.439897 35.460756 0.000000
vt 1.570796 34.986681 0.000000
vt 1.439897 33.848903 0.000000
vt 1.570796 33.280014 0.000000
vt 1.439897 32.237051 0.000000
vt 1.570796 31.573347 0.000000
vt 1.439897 30.625198 0.000000
vt 1.570796 29.866679 0.000000
vt 1.439897 29.013346 0.000000
vt 1.570796 28.160012 0.000000
vt 1.439897 27.401493 0.000000
vt 1.570796 26.453345 0.000000
vt 1.439897 25.789641 0.000000
vt 1.570796 24.746677 0.000000
vt 1.439897 24.177788 0.000000
vt 1.570796 23.040010 0.000000
vt 1.439897 22.565935 0.000000
vt 1.570796 21.333342 0.000000
vt 1.439897 20.954083 0.000000
vt 1.570796 19.626675 0.000000
vt 1.439897 19.342230 0.000000
vt 1.570796 17.920008 0.000000
vt 1.439897 17.730378 0.000000
vt 1.570796 16.213340 0.000000
vt 1.439897 16.118525 0.000000
vt 1.570796 14.506673 0.000000
vt 1.439897 14.506673 0.000000
vt 1.308997 16.118525 0.000000
vt 1.308997 14.506673 0.000000
vt 1.178097 16.118525 0.000000
vt 1.178097 14.506673 0.000000
vt 1.047198 16.118525 0.000000
vt 1.047198 14.506673 0.000000
vt 1.308997 17.730378 0.000000
vt 1.308997 19.342230 0.000000
vt 1.308997 20.954083 0.000000
vt 1.308997 22.565935 0.000000
vt 1.308997 24.177788 0.000000
vt 1.308997 25.789641 0.000000
vt 1.308997 27.401493 0.000000
vt 1.308997 29.013346 0.000000
vt 1.308997 30.625198 0.000000
vt 1.308997 32.237051 0.000000
vt 1.308997 33.848903 0.000000
vt 1.308997 35.460756 0.000000
vt 1.308997 37.072608 0.000000
vt 1.308997 38.684461 0.000000
vt 1.308997 40.296313 0.000000
vt 1.178097 17.730378 0.000000
vt 1.178097 19.342230 0.000000
vt 1.178097 20.954083 0.000000
vt 1.178097 22.565935 0.000000
vt 1.178097 24.177788 0.000000
vt 1.178097 25.789641 0.000000
vt 1.178097 27.401493 0.000000
vt 1.178097 29.013346 0.000000
vt 1.178097 30.625198 0.000000
vt 1.178097 32.237051 0.000000
vt 1.178097 33.848903 0.000000
vt 1.178097 35.460756 0.000000
vt 1.178097 37.072608 0.000000
vt 1.178097 38.684461 0.000000
vt 1.178097 40.296313 0.000000
vt 1.047198 17.730378 0.000000
vt 1.047198 19.342230 0.000000
vt 1.047198 20.954083 0.000000
vt 1.047198 22.565935 0.000000
vt 1.047198 24.177788 0.000000
vt 1.047198 25.789641 0.000000
vt 1.047198 27.401493 0.000000
vt 1.047198 29.013346 0.000000
vt 1.047198 30.625198 0.000000
vt 1.047198 32.237051 0.000000
vt 1.047198 33.848903 0.000000
vt 1.047198 35.460756 0.000000
vt 1.047198 37.072608 0.000000
vt 1.047198 38.684461 0.000000
vt 1.047198 40.296313 0.000000
vt 0.000000 0.000000 0.000000
vt 0.000000 -0.761212 0.000000
vt 1.797259 -0.157240 0.000000
vt 1.665076 -0.906887 0.000000
vt 3.539908 -0.624181 0.000000
vt 3.279559 -1.339487 0.000000
vt 5.175000 -1.386637 0.000000
vt 4.794394 -2.045866 0.000000
vt 6.652852 -2.421440 0.000000
vt 6.163554 -3.004562 0.000000
vt 7.928560 -3.697148 0.000000
vt 7.345438 -4.186446 0.000000
vt 8.963363 -5.175000 0.000000
vt 8.304134 -5.555606 0.000000
vt 9.725819 -6.810092 0.000000
vt 9.010513 -7.070441 0.000000
vt 10.192760 -8.552741 0.000000
vt 9.443113 -8.684924 0.000000
vt 10.350000 -10.350000 0.000000
vt 9.588788 -10.350000 0.000000
vt 10.192760 -12.147259 0.000000
vt 9.443113 -12.015076 0.000000
vt 9.010513 -13.629559 0.000000
vt 9.725819 -13.889908 0.000000
vt 8.304134 -15.144394 0.000000
vt 8.963363 -15.525000 0.000000
vt 7.345438 -16.513554 0.000000
vt 7.928560 -17.002852 0.000000
vt 6.163554 -17.695438 0.000000
vt 6.652852 -18.278560 0.000000
vt 4.794394 -18.654134 0.000000
vt 5.175000 -19.313363 0.000000
vt 3.279559 -19.360513 0.000000
vt 3.539908 -20.075819 0.000000
vt 1.665076 -19.793113 0.000000
vt 1.797259 -20.542760 0.000000
vt 0.000000 -20.700000 0.000000
vt 0.000000 -19.938788 0.000000
vt 0.000000 18.249278 0.000000
vt 0.000000 16.424350 0.000000
vt 0.039270 17.266624 0.000000
vt 0.039270 16.424350 0.000000
vt 0.078540 16.424350 0.000000
vt 0.078540 17.266624 0.000000
vt 0.117810 16.424350 0.000000
vt 0.117810 17.266624 0.000000
vt 0.157080 16.424350 0.000000
vt 0.157080 17.266624 0.000000
vt 0.196350 16.424350 0.000000
vt 0.196350 17.266624 0.000000
vt 0.235619 16.424350 0.000000
vt 0.235619 18.249278 0.000000
vt 0.235619 20.074206 0.000000
vt 0.196350 18.951173 0.000000
vt 0.196350 18.108899 0.000000
vt 0.157080 18.108899 0.000000
vt 0.117810 18.108899 0.000000
vt 0.078540 18.108899 0.000000
vt 0.039270 18.108899 0.000000
vt 0.235619 21.899133 0.000000
vt 0.196350 20.635722 0.000000
vt 0.196350 19.793448 0.000000
vt 0.157080 19.793448 0.000000
vt 0.157080 18.951173 0.000000
vt 0.117810 19.793448 0.000000
vt 0.117810 18.951173 0.000000
vt 0.078540 19.793448 0.000000
vt 0.078540 18.951173 0.000000
vt 0.039270 19.793448 0.000000
vt 0.039270 18.951173 0.000000
vt 0.000000 20.074206 0.000000
vt 0.235619 23.724061 0.000000
vt 0.196350 23.162545 0.000000
vt 0.196350 22.320271 0.000000
vt 0.196350 21.477996 0.000000
vt 0.157080 22.320271 0.000000
vt 0.157080 21.477996 0.000000
vt 0.117810 22.320271 0.000000
vt 0.117810 21.477996 0.000000
vt 0.078540 22.320271 0.000000
vt 0.078540 21.477996 0.000000
vt 0.039270 22.320271 0.000000
vt 0.039270 21.477996 0.000000
vt 0.000000 21.899133 0.000000
vt 0.039270 20.635722 0.000000
vt 0.235619 25.548989 0.000000
vt 0.196350 24.847094 0.000000
vt 0.196350 24.004819 0.000000
vt 0.157080 24.004819 0.000000
vt 0.157080 23.162545 0.000000
vt 0.117810 24.004819 0.000000
vt 0.117810 23.162545 0.000000
vt 0.078540 24.004819 0.000000
vt 0.078540 23.162545 0.000000
vt 0.039270 24.004819 0.000000
vt 0.039270 23.162545 0.000000
vt 0.000000 23.724061 0.000000
vt 0.235619 27.373917 0.000000
vt 0.196350 26.531642 0.000000
vt 0.196350 25.689368 0.000000
vt 0.157080 25.689368 0.000000
vt 0.157080 24.847094 0.000000
vt 0.117810 25.689368 0.000000
vt 0.117810 24.847094 0.000000
vt 0.078540 25.689368 0.000000
vt 0.078540 24.847094 0.000000
vt 0.039270 25.689368 0.000000
vt 0.039270 24.847094 0.000000
vt 0.000000 25.548989 0.000000
vt 0.235619 29.198845 0.000000
vt 0.196350 28.216191 0.000000
vt 0.196350 27.373917 0.000000
vt 0.157080 27.373917 0.000000
vt 0.157080 26.531642 0.000000
vt 0.117810 27.373917 0.000000
vt 0.117810 26.531642 0.000000
vt 0.078540 27.373917 0.000000
vt 0.078540 26.531642 0.000000
vt 0.039270 27.373917 0.000000
vt 0.039270 26.531642 0.000000
vt 0.000000 27.373917 0.000000
vt 0.235619 31.023772 0.000000
vt 0.196350 29.900740 0.000000
vt 0.196350 29.058466 0.000000
vt 0.157080 29.058466 0.000000
vt 0.157080 28.216191 0.000000
vt 0.117810 29.058466 0.000000
vt 0.117810 28.216191 0.000000
vt 0.078540 29.058466 0.000000
vt 0.078540 28.216191 0.000000
vt 0.039270 29.058466 0.000000
vt 0.039270 28.216191 0.000000
vt 0.000000 29.198845 0.000000
vt 0.235619 32.848700 0.000000
vt 0.196350 31.585289 0.000000
vt 0.196350 30.743014 0.000000
vt 0.157080 30.743014 0.000000
vt 0.157080 29.900740 0.000000
vt 0.117810 30.743014 0.000000
vt 0.117810 29.900740 0.000000
vt 0.078540 30.743014 0.000000
vt 0.078540 29.900740 0.000000
vt 0.039270 30.743014 0.000000
vt 0.039270 29.900740 0.000000
vt 0.000000 31.023772 0.000000
vt 0.235619 34.673628 0.000000
vt 0.196350 34.112112 0.000000
vt 0.196350 33.269837 0.000000
vt 0.196350 32.427563 0.000000
vt 0.157080 33.269837 0.000000
vt 0.157080 32.427563 0.000000
vt 0.117810 33.269837 0.000000
vt 0.117810 32.427563 0.000000
vt 0.078540 33.269837 0.000000
vt 0.078540 32.427563 0.000000
vt 0.039270 33.269837 0.000000
vt 0.039270 32.427563 0.000000
vt 0.000000 32.848700 0.000000
vt 0.039270 31.585289 0.000000
vt 0.235619 36.498556 0.000000
vt 0.196350 35.796660 0.000000
vt 0.196350 34.954386 0.000000
vt 0.157080 34.954386 0.000000
vt 0.157080 34.112112 0.000000
vt 0.117810 34.954386 0.000000
vt 0.117810 34.112112 0.000000
vt 0.078540 34.954386 0.000000
vt 0.078540 34.112112 0.000000
vt 0.039270 34.954386 0.000000
vt 0.039270 34.112112 0.000000
vt 0.000000 34.673628 0.000000
vt 0.235619 38.323484 0.000000
vt 0.196350 37.481209 0.000000
vt 0.196350 36.638935 0.000000
vt 0.157080 36.638935 0.000000
vt 0.157080 35.796660 0.000000
vt 0.117810 36.638935 0.000000
vt 0.117810 35.796660 0.000000
vt 0.078540 36.638935 0.000000
vt 0.078540 35.796660 0.000000
vt 0.039270 36.638935 0.000000
vt 0.039270 35.796660 0.000000
vt 0.000000 36.498556 0.000000
vt 0.235619 40.148411 0.000000
vt 0.196350 39.165758 0.000000
vt 0.196350 38.323484 0.000000
vt 0.157080 38.323484 0.000000
vt 0.157080 37.481209 0.000000
vt 0.117810 38.323484 0.000000
vt 0.117810 37.481209 0.000000
vt 0.078540 38.323484 0.000000
vt 0.078540 37.481209 0.000000
vt 0.039270 38.323484 0.000000
vt 0.039270 37.481209 0.000000
vt 0.000000 38.323484 0.000000
vt 0.235619 41.973339 0.000000
vt 0.196350 40.850307 0.000000
vt 0.196350 40.008032 0.000000
vt 0.157080 40.008032 0.000000
vt 0.157080 39.165758 0.000000
vt 0.117810 40.008032 0.000000
vt 0.117810 39.165758 0.000000
vt 0.078540 40.008032 0.000000
vt 0.078540 39.165758 0.000000
vt 0.039270 40.008032 0.000000
vt 0.039270 39.165758 0.000000
vt 0.000000 40.148411 0.000000
vt 0.235619 43.798267 0.000000
vt 0.196350 42.534855 0.000000
vt 0.196350 41.692581 0.000000
vt 0.157080 41.692581 0.000000
vt 0.157080 40.850307 0.000000
vt 0.117810 41.692581 0.000000
vt 0.117810 40.850307 0.000000
vt 0.078540 41.692581 0.000000
vt 0.078540 40.850307 0.000000
vt 0.039270 41.692581 0.000000
vt 0.039270 40.850307 0.000000
vt 0.000000 41.973339 0.000000
vt 0.235619 45.623195 0.000000
vt 0.196350 45.061678 0.000000
vt 0.196350 44.219404 0.000000
vt 0.196350 43.377130 0.000000
vt 0.157080 44.219404 0.000000
vt 0.157080 43.377130 0.000000
vt 0.117810 44.219404 0.000000
vt 0.117810 43.377130 0.000000
vt 0.078540 44.219404 0.000000
vt 0.078540 43.377130 0.000000
vt 0.039270 44.219404 0.000000
vt 0.039270 43.377130 0.000000
vt 0.000000 43.798267 0.000000
vt 0.039270 42.534855 0.000000
vt 0.235619 47.448122 0.000000
vt 0.196350 46.746227 0.000000
vt 0.196350 45.903953 0.000000
vt 0.157080 45.903953 0.000000
vt 0.157080 45.061678 0.000000
vt 0.117810 45.903953 0.000000
vt 0.117810 45.061678 0.000000
vt 0.078540 45.903953 0.000000
vt 0.078540 45.061678 0.000000
vt 0.039270 45.903953 0.000000
vt 0.039270 45.061678 0.000000
vt 0.000000 45.623195 0.000000
vt 0.235619 49.273050 0.000000
vt 0.196350 48.430776 0.000000
vt 0.196350 47.588502 0.000000
vt 0.157080 47.588502 0.000000
vt 0.157080 46.746227 0.000000
vt 0.117810 47.588502 0.000000
vt 0.117810 46.746227 0.000000
vt 0.078540 47.588502 0.000000
vt 0.078540 46.746227 0.000000
vt 0.039270 47.588502 0.000000
vt 0.039270 46.746227 0.000000
vt 0.000000 47.448122 0.000000
vt 0.196350 49.273050 0.000000
vt 0.157080 49.273050 0.000000
vt 0.157080 48.430776 0.000000
vt 0.117810 49.273050 0.000000
vt 0.117810 48.430776 0.000000
vt 0.078540 49.273050 0.000000
vt 0.078540 48.430776 0.000000
vt 0.039270 49.273050 0.000000
vt 0.039270 48.430776 0.000000
vt 0.000000 49.273050 0.000000
vt 0.157080 20.635722 0.000000
vt 0.117810 20.635722 0.000000
vt 0.078540 20.635722 0.000000
vt 0.157080 31.585289 0.000000
vt 0.117810 31.585289 0.000000
vt 0.078540 31.585289 0.000000
vt 0.157080 42.534855 0.000000
vt 0.117810 42.534855 0.000000
vt 0.078540 42.534855 0.000000
vt -2.549505 -5.111177 0.000000
vt -2.694394 -5.000000 0.000000
vt -2.544394 -5.150000 0.000000
vt -3.455606 -5.000000 0.000000
vt -2.544394 -6.000000 0.000000
vt -3.955606 -5.500000 0.000000
vt -3.955606 -7.000000 0.000000
vt -2.564490 -5.075000 0.000000
vt -2.588328 -5.043934 0.000000
vt -2.619394 -5.020096 0.000000
vt -2.655571 -5.005111 0.000000
vt -3.585015 -5.017037 0.000000
vt -3.705606 -5.066987 0.000000
vt -3.809159 -5.146447 0.000000
vt -3.888619 -5.250000 0.000000
vt -3.938569 -5.370590 0.000000
vt -3.455606 -7.500000 0.000000
vt -3.938569 -7.129410 0.000000
vt -3.888619 -7.250000 0.000000
vt -3.809159 -7.353553 0.000000
vt -3.705606 -7.433013 0.000000
vt -3.585015 -7.482963 0.000000
vt 1.436684 -5.982943 0.000000
vt 2.955606 -7.500000 0.000000
vt 1.475382 -5.977694 0.000000
vt 2.955606 -6.500000 0.000000
vt 1.511412 -5.962634 0.000000
vt 1.542335 -5.938783 0.000000
vt 1.566052 -5.907759 0.000000
vt 1.580958 -5.871664 0.000000
vt 2.955606 -5.500000 0.000000
vt 1.586042 -5.832945 0.000000
vt 2.955606 -4.500000 0.000000
vt 1.586042 -3.913533 0.000000
vt 1.844429 -3.758422 0.000000
vt 1.805606 -3.763533 0.000000
vt 3.955606 -6.500000 0.000000
vt 3.955606 -5.500000 0.000000
vt 3.955606 -4.500000 0.000000
vt 2.467861 -2.995497 0.000000
vt 1.955606 -3.613533 0.000000
vt 1.950495 -3.652356 0.000000
vt 3.955606 1.500000 0.000000
vt 2.467861 7.500000 0.000000
vt 3.955606 7.500000 0.000000
vt 1.955606 -3.145497 0.000000
vt 2.105606 -2.995497 0.000000
vt 1.960717 -3.106674 0.000000
vt 1.975702 -3.070497 0.000000
vt 1.999540 -3.039431 0.000000
vt 2.030606 -3.015593 0.000000
vt 2.066783 -3.000608 0.000000
vt 1.935510 -3.688533 0.000000
vt 1.911672 -3.719599 0.000000
vt 1.880606 -3.743437 0.000000
vt 1.736042 -3.763533 0.000000
vt 1.591153 -3.874710 0.000000
vt 1.606138 -3.838533 0.000000
vt 1.629976 -3.807467 0.000000
vt 1.661042 -3.783629 0.000000
vt 1.697219 -3.768644 0.000000
vt 2.655571 -5.005111 0.000000
vt 2.619394 -5.020096 0.000000
vt 2.694394 -5.000000 0.000000
vt 2.588328 -5.043934 0.000000
vt 2.564490 -5.075000 0.000000
vt 2.549505 -5.111177 0.000000
vt 2.544394 -5.150000 0.000000
vt 3.455606 -5.000000 0.000000
vt 2.544394 -6.000000 0.000000
vt 3.955606 -5.500000 0.000000
vt 3.955606 -7.000000 0.000000
vt 3.455606 -7.500000 0.000000
vt 3.938569 -7.129410 0.000000
vt 3.888619 -7.250000 0.000000
vt 3.809159 -7.353553 0.000000
vt 3.705606 -7.433013 0.000000
vt 3.585015 -7.482963 0.000000
vt -1.436684 -5.982943 0.000000
vt -2.955606 -7.500000 0.000000
vt -1.475382 -5.977694 0.000000
vt -2.955606 -6.500000 0.000000
vt -1.511412 -5.962634 0.000000
vt -1.542335 -5.938783 0.000000
vt -1.566052 -5.907759 0.000000
vt -1.580958 -5.871664 0.000000
vt -2.955606 -5.500000 0.000000
vt -1.586042 -5.832945 0.000000
vt -2.955606 -4.500000 0.000000
vt -1.586042 -3.913533 0.000000
vt -1.844429 -3.758422 0.000000
vt -1.805606 -3.763533 0.000000
vt -1.736042 -3.763533 0.000000
vt -1.591153 -3.874710 0.000000
vt -1.606138 -3.838533 0.000000
vt -1.629976 -3.807467 0.000000
vt -1.661042 -3.783629 0.000000
vt -1.697219 -3.768644 0.000000
vt -1.880606 -3.743437 0.000000
vt -1.911672 -3.719599 0.000000
vt -1.935510 -3.688533 0.000000
vt -1.950495 -3.652356 0.000000
vt -1.955606 -3.613533 0.000000
vt -2.467861 -2.995497 0.000000
vt -1.955606 -3.145497 0.000000
vt -2.105606 -2.995497 0.000000
vt -1.960717 -3.106674 0.000000
vt -1.975702 -3.070497 0.000000
vt -1.999540 -3.039431 0.000000
vt -2.030606 -3.015593 0.000000
vt -2.066783 -3.000608 0.000000
vt -2.467861 7.500000 0.000000
vt -3.955606 1.500000 0.000000
vt -3.955606 -4.500000 0.000000
vt -3.955606 7.500000 0.000000
vt -3.955606 -5.500000 0.000000
vt -3.955606 -6.500000 0.000000
vt 3.938569 -5.370590 0.000000
vt 3.888619 -5.250000 0.000000
vt 3.809159 -5.146447 0.000000
vt 3.705606 -5.066987 0.000000
vt 3.585015 -5.017037 0.000000
vn 1.000000 -0.000000 -0.000000
vn 1.000000 -0.000000 -0.000000
vn 0.984808 0.000000 0.173648
vn 0.984808 0.000000 0.173648
vn 0.939693 0.000000 0.342020
vn 0.939693 0.000000 0.342020
vn 0.866025 0.000000 0.500000
vn 0.866025 0.000000 0.500000
vn 0.766044 0.000000 0.642788
vn 0.766044 0.000000 0.642788
vn 0.642788 0.000000 0.766044
vn 0.642788 0.000000 0.766044
vn 0.500000 0.000000 0.866025
vn 0.500000 0.000000 0.866025
vn 0.342020 0.000000 0.939693
vn 0.342020 0.000000 0.939693
vn 0.173648 0.000000 0.984808
vn 0.173648 0.000000 0.984808
vn 0.000000 0.000000 1.000000
vn -0.000000 0.000000 1.000000
vn -0.173648 0.000000 0.984808
vn -0.173648 0.000000 0.984808
vn -0.342020 0.000000 0.939693
vn -0.342020 0.000000 0.939693
vn -0.500000 0.000000 0.866025
vn -0.500000 0.000000 0.866025
vn -0.642788 0.000000 0.766044
vn -0.642788 0.000000 0.766044
vn -0.766044 0.000000 0.642788
vn -0.766044 0.000000 0.642788
vn -0.866025 0.000000 0.500000
vn -0.866025 0.000000 0.500000
vn -0.939693 0.000000 0.342020
vn -0.939693 0.000000 0.342020
vn -0.984808 0.000000 0.173648
vn -0.984808 0.000000 0.173648
vn -1.000000 0.000000 0.000000
vn -1.000000 0.000000 0.000000
vn -0.004284 0.999991 0.000000
vn -0.004284 0.999991 0.000000
vn -0.004237 0.999991 -0.000639
vn -0.004219 0.999991 -0.000744
vn -0.004094 0.999991 -0.001263
vn -0.004026 0.999991 -0.001465
vn -0.003860 0.999991 -0.001859
vn -0.003710 0.999991 -0.002142
vn -0.003540 0.999991 -0.002414
vn -0.003282 0.999991 -0.002754
vn -0.003141 0.999991 -0.002914
vn -0.002754 0.999991 -0.003282
vn -0.002671 0.999991 -0.003350
vn -0.002142 0.999991 -0.003710
vn -0.002142 0.999991 -0.003710
vn -0.001565 0.999991 -0.003988
vn -0.001465 0.999991 -0.004026
vn -0.000953 0.999991 -0.004177
vn -0.000744 0.999991 -0.004219
vn -0.000320 0.999991 -0.004272
vn -0.000000 0.999991 -0.004284
vn 0.000320 0.999991 -0.004272
vn 0.000744 0.999991 -0.004219
vn 0.000953 0.999991 -0.004177
vn 0.001465 0.999991 -0.004026
vn 0.001565 0.999991 -0.003988
vn 0.002142 0.999991 -0.003710
vn 0.002142 0.999991 -0.003710
vn 0.002671 0.999991 -0.003350
vn 0.002754 0.999991 -0.003282
vn 0.003141 0.999991 -0.002914
vn 0.003282 0.999991 -0.002754
vn 0.003540 0.999991 -0.002414
vn 0.003710 0.999991 -0.002142
vn 0.003860 0.999991 -0.001859
vn 0.004026 0.999991 -0.001465
vn 0.004094 0.999991 -0.001263
vn 0.004219 0.999991 -0.000744
vn 0.004237 0.999991 -0.000639
vn 0.004284 0.999991 -0.000000
vn 0.004284 0.999991 -0.000000
vn -0.989821 -0.000000 -0.142315
vn -1.000000 -0.000000 0.000000
vn -0.964535 0.258129 -0.055154
vn -0.966110 0.258129 0.000000
vn -0.866739 0.498763 0.000000
vn -0.865325 0.498763 -0.049481
vn -0.708620 0.705590 0.000000
vn -0.707464 0.705590 -0.040454
vn -0.502472 0.864594 0.000000
vn -0.501652 0.864594 -0.028686
vn -0.262266 0.964996 0.000000
vn -0.261838 0.964996 -0.014972
vn -0.255450 0.964996 -0.059402
vn -0.258425 0.964996 -0.044722
vn -0.260557 0.964996 -0.029896
vn -0.495112 0.864594 -0.085683
vn -0.499196 0.864594 -0.057277
vn -0.698241 0.705590 -0.120835
vn -0.704001 0.705590 -0.080777
vn -0.854044 0.498763 -0.147798
vn -0.861089 0.498763 -0.098801
vn -0.951961 0.258129 -0.164743
vn -0.959813 0.258129 -0.110128
vn -0.241580 0.964996 -0.102092
vn -0.247014 0.964996 -0.088134
vn -0.251642 0.964996 -0.073889
vn -0.473250 0.864594 -0.168855
vn -0.482118 0.864594 -0.141563
vn -0.667410 0.705590 -0.238131
vn -0.679916 0.705590 -0.199641
vn -0.816333 0.498763 -0.291267
vn -0.831630 0.498763 -0.244188
vn -0.909926 0.258129 -0.324661
vn -0.926976 0.258129 -0.272185
vn -0.959493 -0.000000 -0.281733
vn -0.941003 0.258129 -0.218821
vn -0.228367 0.964996 -0.128965
vn -0.235357 0.964996 -0.115717
vn -0.450917 0.864594 -0.221701
vn -0.462838 0.864594 -0.195597
vn -0.635914 0.705590 -0.312658
vn -0.652727 0.705590 -0.275845
vn -0.777810 0.498763 -0.382423
vn -0.798373 0.498763 -0.337395
vn -0.866986 0.258129 -0.426268
vn -0.889907 0.258129 -0.376078
vn -0.909632 -0.000000 -0.415415
vn -0.203031 0.964996 -0.166018
vn -0.212178 0.964996 -0.154156
vn -0.220632 0.964996 -0.141792
vn -0.406508 0.864594 -0.295345
vn -0.422706 0.864594 -0.271657
vn -0.573286 0.705590 -0.416516
vn -0.596129 0.705590 -0.383109
vn -0.701206 0.498763 -0.509456
vn -0.729147 0.498763 -0.468594
vn -0.781600 0.258129 -0.567865
vn -0.812744 0.258129 -0.522319
vn -0.841254 -0.000000 -0.540641
vn -0.841237 0.258129 -0.475068
vn -0.182783 0.964996 -0.188079
vn -0.193222 0.964996 -0.177338
vn -0.370191 0.864594 -0.339759
vn -0.388984 0.864594 -0.318071
vn -0.522069 0.705590 -0.479151
vn -0.548572 0.705590 -0.448565
vn -0.638562 0.498763 -0.586067
vn -0.670978 0.498763 -0.548656
vn -0.711773 0.258129 -0.653260
vn -0.747906 0.258129 -0.611560
vn -0.755750 -0.000000 -0.654861
vn -0.148034 0.964996 -0.216493
vn -0.160152 0.964996 -0.207689
vn -0.171748 0.964996 -0.198208
vn -0.306833 0.864594 -0.397908
vn -0.329049 0.864594 -0.379743
vn -0.432717 0.705590 -0.561158
vn -0.464047 0.705590 -0.535539
vn -0.529272 0.498763 -0.686372
vn -0.567593 0.498763 -0.655037
vn -0.589953 0.258129 -0.765065
vn -0.632668 0.258129 -0.730138
vn -0.654861 -0.000000 -0.755750
vn -0.673319 0.258129 -0.692828
vn -0.108949 0.964996 -0.238566
vn -0.122391 0.964996 -0.231957
vn -0.135434 0.964996 -0.224591
vn -0.234487 0.864594 -0.444402
vn -0.259475 0.864594 -0.430291
vn -0.330690 0.705590 -0.626727
vn -0.365930 0.705590 -0.606826
vn -0.404479 0.498763 -0.766572
vn -0.447582 0.498763 -0.742231
vn -0.450852 0.258129 -0.854460
vn -0.498897 0.258129 -0.827328
vn -0.540641 -0.000000 -0.841254
vn -0.545314 0.258129 -0.797497
vn -0.081045 0.964996 -0.249430
vn -0.095152 0.964996 -0.244396
vn -0.182301 0.864594 -0.468235
vn -0.208734 0.864594 -0.457064
vn -0.257093 0.705590 -0.660337
vn -0.294371 0.705590 -0.644583
vn -0.314459 0.498763 -0.807683
vn -0.360056 0.498763 -0.788413
vn -0.350512 0.258129 -0.900284
vn -0.401337 0.258129 -0.878805
vn -0.415415 -0.000000 -0.909632
vn -0.037324 0.964996 -0.259597
vn -0.052084 0.964996 -0.257042
vn -0.066673 0.964996 -0.253650
vn -0.099786 0.864594 -0.492464
vn -0.127737 0.864594 -0.485964
vn -0.140725 0.705590 -0.694506
vn -0.180144 0.705590 -0.685340
vn -0.172126 0.498763 -0.849475
vn -0.220341 0.498763 -0.838264
vn -0.191860 0.258129 -0.946868
vn -0.245603 0.258129 -0.934371
vn -0.281733 -0.000000 -0.959493
vn -0.298545 0.258129 -0.918826
vn -0.007489 0.964996 -0.262159
vn -0.022443 0.964996 -0.261304
vn -0.042999 0.864594 -0.500628
vn -0.071509 0.864594 -0.497357
vn -0.060640 0.705590 -0.706021
vn -0.100847 0.705590 -0.701407
vn -0.074171 0.498763 -0.863559
vn -0.123350 0.498763 -0.857916
vn -0.082675 0.258129 -0.962566
vn -0.137492 0.258129 -0.956277
vn -0.142315 -0.000000 -0.989821
vn 0.037324 0.964996 -0.259597
vn 0.022443 0.964996 -0.261304
vn 0.007489 0.964996 -0.262159
vn 0.042999 0.864594 -0.500628
vn 0.014349 0.864594 -0.502267
vn 0.060640 0.705590 -0.706021
vn 0.020235 0.705590 -0.708331
vn 0.074171 0.498763 -0.863559
vn 0.024751 0.498763 -0.866385
vn 0.082675 0.258129 -0.962566
vn 0.027588 0.258129 -0.965716
vn -0.000000 0.000000 -1.000000
vn -0.027588 0.258129 -0.965716
vn 0.081045 0.964996 -0.249430
vn 0.066673 0.964996 -0.253650
vn 0.052084 0.964996 -0.257042
vn 0.127737 0.864594 -0.485964
vn 0.099786 0.864594 -0.492464
vn 0.180144 0.705590 -0.685340
vn 0.140725 0.705590 -0.694506
vn 0.220341 0.498763 -0.838264
vn 0.172126 0.498763 -0.849475
vn 0.245603 0.258129 -0.934371
vn 0.191860 0.258129 -0.946868
vn 0.281733 0.000000 -0.959493
vn 0.142315 0.000000 -0.989821
vn 0.108949 0.964996 -0.238566
vn 0.095152 0.964996 -0.244396
vn 0.182301 0.864594 -0.468235
vn 0.155272 0.864594 -0.477879
vn 0.257093 0.705590 -0.660337
vn 0.218976 0.705590 -0.673938
vn 0.314459 0.498763 -0.807683
vn 0.267837 0.498763 -0.824317
vn 0.350512 0.258129 -0.900284
vn 0.298545 0.258129 -0.918826
vn 0.148034 0.964996 -0.216493
vn 0.135434 0.964996 -0.224591
vn 0.122391 0.964996 -0.231957
vn 0.259475 0.864594 -0.430291
vn 0.234487 0.864594 -0.444402
vn 0.365930 0.705590 -0.606826
vn 0.330690 0.705590 -0.626727
vn 0.447582 0.498763 -0.742231
vn 0.404479 0.498763 -0.766572
vn 0.498897 0.258129 -0.827328
vn 0.450852 0.258129 -0.854460
vn 0.540641 0.000000 -0.841254
vn 0.415415 0.000000 -0.909632
vn 0.182783 0.964996 -0.188079
vn 0.171748 0.964996 -0.198208
vn 0.160152 0.964996 -0.207689
vn 0.329049 0.864594 -0.379743
vn 0.306833 0.864594 -0.397908
vn 0.464047 0.705590 -0.535539
vn 0.432717 0.705590 -0.561158
vn 0.567593 0.498763 -0.655037
vn 0.529272 0.498763 -0.686372
vn 0.632668 0.258129 -0.730138
vn 0.589953 0.258129 -0.765065
vn 0.654861 0.000000 -0.755750
vn 0.203031 0.964996 -0.166018
vn 0.193222 0.964996 -0.177338
vn 0.370191 0.864594 -0.339759
vn 0.350191 0.864594 -0.360338
vn 0.522069 0.705590 -0.479151
vn 0.493864 0.705590 -0.508174
vn 0.638562 0.498763 -0.586067
vn 0.604063 0.498763 -0.621566
vn 0.711773 0.258129 -0.653260
vn 0.673319 0.258129 -0.692828
vn 0.755750 0.000000 -0.654861
vn 0.228367 0.964996 -0.128965
vn 0.220632 0.964996 -0.141792
vn 0.212178 0.964996 -0.154156
vn 0.422706 0.864594 -0.271657
vn 0.406508 0.864594 -0.295345
vn 0.596129 0.705590 -0.383109
vn 0.573286 0.705590 -0.416516
vn 0.729147 0.498763 -0.468594
vn 0.701206 0.498763 -0.509456
vn 0.812744 0.258129 -0.522319
vn 0.781600 0.258129 -0.567865
vn 0.841254 0.000000 -0.540641
vn 0.241580 0.964996 -0.102092
vn 0.235357 0.964996 -0.115717
vn 0.450917 0.864594 -0.221701
vn 0.437525 0.864594 -0.247082
vn 0.635914 0.705590 -0.312658
vn 0.617028 0.705590 -0.348452
vn 0.777810 0.498763 -0.382423
vn 0.754709 0.498763 -0.426204
vn 0.866986 0.258129 -0.426268
vn 0.841237 0.258129 -0.475068
vn 0.909632 0.000000 -0.415415
vn 0.255450 0.964996 -0.059402
vn 0.251642 0.964996 -0.073889
vn 0.247014 0.964996 -0.088134
vn 0.482118 0.864594 -0.141563
vn 0.473250 0.864594 -0.168855
vn 0.679916 0.705590 -0.199641
vn 0.667410 0.705590 -0.238131
vn 0.831630 0.498763 -0.244188
vn 0.816333 0.498763 -0.291267
vn 0.926976 0.258129 -0.272185
vn 0.909926 0.258129 -0.324661
vn 0.959493 0.000000 -0.281733
vn 0.261838 0.964996 -0.014972
vn 0.260557 0.964996 -0.029896
vn 0.258425 0.964996 -0.044722
vn 0.499196 0.864594 -0.057277
vn 0.495112 0.864594 -0.085683
vn 0.704001 0.705590 -0.080777
vn 0.698241 0.705590 -0.120835
vn 0.861089 0.498763 -0.098801
vn 0.854044 0.498763 -0.147798
vn 0.959813 0.258129 -0.110128
vn 0.951961 0.258129 -0.164743
vn 0.989821 0.000000 -0.142315
vn 0.941003 0.258129 -0.218821
vn 0.262266 0.964996 -0.000000
vn 0.502472 0.864594 -0.000000
vn 0.501652 0.864594 -0.028686
vn 0.708620 0.705590 -0.000000
vn 0.707464 0.705590 -0.040454
vn 0.866739 0.498763 -0.000000
vn 0.865325 0.498763 -0.049481
vn 0.966110 0.258129 -0.000000
vn 0.964535 0.258129 -0.055154
vn 1.000000 0.000000 -0.000000
vn 0.401337 0.258129 -0.878805
vn 0.360056 0.498763 -0.788413
vn 0.294371 0.705590 -0.644583
vn 0.208734 0.864594 -0.457064
vn 0.137492 0.258129 -0.956277
vn 0.123350 0.498763 -0.857916
vn 0.100847 0.705590 -0.701407
vn 0.071509 0.864594 -0.497357
vn -0.489413 0.864594 -0.113808
vn -0.690204 0.705590 -0.160500
vn -0.844214 0.498763 -0.196313
vn -0.437525 0.864594 -0.247082
vn -0.617028 0.705590 -0.348452
vn -0.754709 0.498763 -0.426204
vn -0.350191 0.864594 -0.360338
vn -0.493864 0.705590 -0.508174
vn -0.604063 0.498763 -0.621566
vn -0.283617 0.864594 -0.414776
vn -0.399976 0.705590 -0.584946
vn -0.489225 0.498763 -0.715468
vn -0.155272 0.864594 -0.477879
vn -0.218976 0.705590 -0.673938
vn -0.267837 0.498763 -0.824317
vn -0.014349 0.864594 -0.502267
vn -0.020235 0.705590 -0.708331
vn -0.024751 0.498763 -0.866385
vn 0.545314 0.258129 -0.797497
vn 0.283617 0.864594 -0.414776
vn 0.399976 0.705590 -0.584946
vn 0.489225 0.498763 -0.715468
vn 0.747906 0.258129 -0.611560
vn 0.388984 0.864594 -0.318071
vn 0.548572 0.705590 -0.448565
vn 0.670978 0.498763 -0.548656
vn 0.889907 0.258129 -0.376078
vn 0.462838 0.864594 -0.195597
vn 0.652727 0.705590 -0.275845
vn 0.798373 0.498763 -0.337395
vn 0.489413 0.864594 -0.113808
vn 0.690204 0.705590 -0.160500
vn 0.844214 0.498763 -0.196313
vn -1.000000 0.000000 0.000000
vn -0.989821 0.000000 -0.142315
vn -0.959493 0.000000 -0.281733
vn -0.909632 0.000000 -0.415415
vn -0.841254 0.000000 -0.540641
vn -0.755750 0.000000 -0.654861
vn -0.654861 0.000000 -0.755750
vn -0.540641 0.000000 -0.841254
vn -0.415415 0.000000 -0.909632
vn -0.281733 0.000000 -0.959493
vn -0.142315 0.000000 -0.989821
vn -0.000000 0.000000 -1.000000
vn 0.142315 0.000000 -0.989821
vn 0.281733 0.000000 -0.959493
vn 0.415415 0.000000 -0.909632
vn 0.540641 0.000000 -0.841254
vn 0.654861 0.000000 -0.755750
vn 0.755750 0.000000 -0.654861
vn 0.841254 0.000000 -0.540641
vn 0.909632 0.000000 -0.415415
vn 0.959493 0.000000 -0.281733
vn 0.989821 0.000000 -0.142315
vn 1.000000 0.000000 -0.000000
vn 0.000000 1.000000 0.000000
vn 0.000000 1.000000 -0.000000
vn -0.258412 0.965926 -0.014512
vn -0.258819 0.965926 0.000000
vn -0.500000 0.866025 0.000000
vn -0.499213 0.866025 -0.028035
vn -0.707107 0.707107 0.000000
vn -0.705994 0.707107 -0.039648
vn -0.866025 0.500000 0.000000
vn -0.864663 0.500000 -0.048558
vn -0.965926 0.258819 0.000000
vn -0.964406 0.258819 -0.054160
vn -0.941708 0.258819 -0.214939
vn -0.952278 0.258819 -0.161799
vn -0.959852 0.258819 -0.108149
vn -0.853789 0.500000 -0.145065
vn -0.860580 0.500000 -0.096964
vn -0.697116 0.707107 -0.118445
vn -0.702661 0.707107 -0.079171
vn -0.492936 0.866025 -0.083753
vn -0.496856 0.866025 -0.055982
vn -0.255162 0.965926 -0.043354
vn -0.257192 0.965926 -0.028979
vn -0.911721 0.258819 -0.319025
vn -0.928175 0.258819 -0.267403
vn -0.832179 0.500000 -0.239747
vn -0.844312 0.500000 -0.192709
vn -0.679471 0.707107 -0.195752
vn -0.689378 0.707107 -0.157346
vn -0.480459 0.866025 -0.138418
vn -0.487464 0.866025 -0.111260
vn -0.248704 0.965926 -0.071650
vn -0.252330 0.965926 -0.057593
vn 0.000000 1.000000 0.000000
vn -0.845401 0.258819 -0.467237
vn -0.870269 0.258819 -0.419100
vn -0.892399 0.258819 -0.369644
vn -0.780262 0.500000 -0.375754
vn -0.800103 0.500000 -0.331414
vn -0.637081 0.707107 -0.306802
vn -0.653281 0.707107 -0.270598
vn -0.450484 0.866025 -0.216942
vn -0.461940 0.866025 -0.191342
vn -0.233188 0.965926 -0.112297
vn -0.239118 0.965926 -0.099046
vn 0.000000 1.000000 0.000000
vn -0.244295 0.965926 -0.085483
vn -0.787771 0.258819 -0.558954
vn -0.817873 0.258819 -0.513904
vn -0.733285 0.500000 -0.460753
vn -0.757966 0.500000 -0.418913
vn -0.598724 0.707107 -0.376203
vn -0.618876 0.707107 -0.342041
vn -0.423362 0.866025 -0.266016
vn -0.437612 0.866025 -0.241859
vn -0.219148 0.965926 -0.137700
vn -0.226524 0.965926 -0.125196
vn 0.000000 1.000000 0.000000
vn -0.683013 0.258819 -0.683013
vn -0.720235 0.258819 -0.643641
vn -0.755191 0.258819 -0.602245
vn -0.645745 0.500000 -0.577073
vn -0.677086 0.500000 -0.539958
vn -0.527249 0.707107 -0.471178
vn -0.552838 0.707107 -0.440874
vn -0.372821 0.866025 -0.333173
vn -0.390916 0.866025 -0.311745
vn -0.192986 0.965926 -0.172463
vn -0.202353 0.965926 -0.161371
vn 0.000000 1.000000 0.000000
vn -0.211083 0.965926 -0.149771
vn -0.558954 0.258819 -0.787771
vn -0.602245 0.258819 -0.755191
vn -0.643641 0.258819 -0.720235
vn -0.539958 0.500000 -0.677086
vn -0.577073 0.500000 -0.645745
vn -0.440874 0.707107 -0.552838
vn -0.471178 0.707107 -0.527249
vn -0.311745 0.866025 -0.390916
vn -0.333173 0.866025 -0.372821
vn -0.161371 0.965926 -0.202353
vn -0.172463 0.965926 -0.192986
vn 0.000000 1.000000 0.000000
vn -0.183013 0.965926 -0.183013
vn -0.467237 0.258819 -0.845401
vn -0.513904 0.258819 -0.817873
vn -0.460753 0.500000 -0.733285
vn -0.501144 0.500000 -0.706296
vn -0.376203 0.707107 -0.598724
vn -0.409182 0.707107 -0.576689
vn -0.266016 0.866025 -0.423362
vn -0.289336 0.866025 -0.407780
vn -0.137700 0.965926 -0.219148
vn -0.149771 0.965926 -0.211083
vn 0.000000 1.000000 0.000000
vn -0.319025 0.258819 -0.911721
vn -0.369644 0.258819 -0.892399
vn -0.419100 0.258819 -0.870269
vn -0.331414 0.500000 -0.800103
vn -0.375754 0.500000 -0.780262
vn -0.270598 0.707107 -0.653281
vn -0.306802 0.707107 -0.637081
vn -0.191342 0.866025 -0.461940
vn -0.216942 0.866025 -0.450484
vn -0.099046 0.965926 -0.239118
vn -0.112297 0.965926 -0.233188
vn 0.000000 1.000000 0.000000
vn -0.125196 0.965926 -0.226524
vn -0.214939 0.258819 -0.941708
vn -0.267403 0.258819 -0.928175
vn -0.239747 0.500000 -0.832179
vn -0.286030 0.500000 -0.817427
vn -0.195752 0.707107 -0.679471
vn -0.233543 0.707107 -0.667426
vn -0.138418 0.866025 -0.480459
vn -0.165140 0.866025 -0.471942
vn -0.071650 0.965926 -0.248704
vn -0.085483 0.965926 -0.244295
vn 0.000000 1.000000 0.000000
vn -0.054160 0.258819 -0.964406
vn -0.108149 0.258819 -0.959852
vn -0.161799 0.258819 -0.952278
vn -0.096964 0.500000 -0.860580
vn -0.145065 0.500000 -0.853789
vn -0.079171 0.707107 -0.702661
vn -0.118445 0.707107 -0.697116
vn -0.055982 0.866025 -0.496856
vn -0.083753 0.866025 -0.492936
vn -0.028979 0.965926 -0.257192
vn -0.043354 0.965926 -0.255162
vn 0.000000 1.000000 0.000000
vn -0.057593 0.965926 -0.252330
vn 0.054160 0.258819 -0.964406
vn -0.000000 0.258819 -0.965926
vn -0.000000 0.500000 -0.866025
vn -0.048558 0.500000 -0.864663
vn -0.000000 0.707107 -0.707107
vn -0.039648 0.707107 -0.705994
vn -0.000000 0.866025 -0.500000
vn -0.028035 0.866025 -0.499213
vn -0.000000 0.965926 -0.258819
vn -0.014512 0.965926 -0.258412
vn 0.000000 1.000000 0.000000
vn 0.214939 0.258819 -0.941708
vn 0.161799 0.258819 -0.952278
vn 0.108149 0.258819 -0.959852
vn 0.145065 0.500000 -0.853789
vn 0.096964 0.500000 -0.860580
vn 0.118445 0.707107 -0.697116
vn 0.079171 0.707107 -0.702661
vn 0.083753 0.866025 -0.492936
vn 0.055982 0.866025 -0.496856
vn 0.043354 0.965926 -0.255162
vn 0.028979 0.965926 -0.257192
vn -0.000000 1.000000 0.000000
vn 0.014512 0.965926 -0.258412
vn 0.319025 0.258819 -0.911721
vn 0.267403 0.258819 -0.928175
vn 0.239747 0.500000 -0.832179
vn 0.192709 0.500000 -0.844312
vn 0.195752 0.707107 -0.679471
vn 0.157346 0.707107 -0.689378
vn 0.138418 0.866025 -0.480459
vn 0.111260 0.866025 -0.487464
vn 0.071650 0.965926 -0.248704
vn 0.057593 0.965926 -0.252330
vn -0.000000 1.000000 0.000000
vn 0.467237 0.258819 -0.845401
vn 0.419100 0.258819 -0.870269
vn 0.369644 0.258819 -0.892399
vn 0.375754 0.500000 -0.780262
vn 0.331414 0.500000 -0.800103
vn 0.306802 0.707107 -0.637081
vn 0.270598 0.707107 -0.653281
vn 0.216942 0.866025 -0.450484
vn 0.191342 0.866025 -0.461940
vn 0.112297 0.965926 -0.233188
vn 0.099046 0.965926 -0.239118
vn -0.000000 1.000000 0.000000
vn 0.085483 0.965926 -0.244295
vn 0.558954 0.258819 -0.787771
vn 0.513904 0.258819 -0.817873
vn 0.460753 0.500000 -0.733285
vn 0.418913 0.500000 -0.757966
vn 0.376203 0.707107 -0.598724
vn 0.342041 0.707107 -0.618876
vn 0.266016 0.866025 -0.423362
vn 0.241859 0.866025 -0.437612
vn 0.137700 0.965926 -0.219148
vn 0.125196 0.965926 -0.226524
vn -0.000000 1.000000 0.000000
vn 0.683013 0.258819 -0.683013
vn 0.643641 0.258819 -0.720235
vn 0.602245 0.258819 -0.755191
vn 0.577073 0.500000 -0.645745
vn 0.539958 0.500000 -0.677086
vn 0.471178 0.707107 -0.527249
vn 0.440874 0.707107 -0.552838
vn 0.333173 0.866025 -0.372821
vn 0.311745 0.866025 -0.390916
vn 0.172463 0.965926 -0.192986
vn 0.161371 0.965926 -0.202353
vn -0.000000 1.000000 0.000000
vn 0.149771 0.965926 -0.211083
vn 0.787771 0.258819 -0.558954
vn 0.755191 0.258819 -0.602245
vn 0.720235 0.258819 -0.643641
vn 0.677086 0.500000 -0.539958
vn 0.645745 0.500000 -0.577073
vn 0.552838 0.707107 -0.440874
vn 0.527249 0.707107 -0.471178
vn 0.390916 0.866025 -0.311745
vn 0.372821 0.866025 -0.333173
vn 0.202353 0.965926 -0.161371
vn 0.192986 0.965926 -0.172463
vn -0.000000 1.000000 0.000000
vn 0.183013 0.965926 -0.183013
vn 0.845401 0.258819 -0.467237
vn 0.817873 0.258819 -0.513904
vn 0.733285 0.500000 -0.460753
vn 0.706296 0.500000 -0.501144
vn 0.598724 0.707107 -0.376203
vn 0.576689 0.707107 -0.409182
vn 0.423362 0.866025 -0.266016
vn 0.407780 0.866025 -0.289336
vn 0.219148 0.965926 -0.137700
vn 0.211083 0.965926 -0.149771
vn -0.000000 1.000000 0.000000
vn 0.911721 0.258819 -0.319025
vn 0.892399 0.258819 -0.369644
vn 0.870269 0.258819 -0.419100
vn 0.800103 0.500000 -0.331414
vn 0.780262 0.500000 -0.375754
vn 0.653281 0.707107 -0.270598
vn 0.637081 0.707107 -0.306802
vn 0.461940 0.866025 -0.191342
vn 0.450484 0.866025 -0.216942
vn 0.239118 0.965926 -0.099046
vn 0.233188 0.965926 -0.112297
vn -0.000000 1.000000 0.000000
vn 0.226524 0.965926 -0.125196
vn 0.941708 0.258819 -0.214939
vn 0.928175 0.258819 -0.267403
vn 0.832179 0.500000 -0.239747
vn 0.817427 0.500000 -0.286030
vn 0.679471 0.707107 -0.195752
vn 0.667426 0.707107 -0.233543
vn 0.480459 0.866025 -0.138418
vn 0.471942 0.866025 -0.165140
vn 0.248704 0.965926 -0.071650
vn 0.244295 0.965926 -0.085483
vn -0.000000 1.000000 0.000000
vn 0.964406 0.258819 -0.054160
vn 0.959852 0.258819 -0.108149
vn 0.952278 0.258819 -0.161799
vn 0.860580 0.500000 -0.096964
vn 0.853789 0.500000 -0.145065
vn 0.702661 0.707107 -0.079171
vn 0.697116 0.707107 -0.118445
vn 0.496856 0.866025 -0.055982
vn 0.492936 0.866025 -0.083753
vn 0.257192 0.965926 -0.028979
vn 0.255162 0.965926 -0.043354
vn -0.000000 1.000000 0.000000
vn 0.252330 0.965926 -0.057593
vn 0.965926 0.258819 -0.000000
vn 0.866025 0.500000 -0.000000
vn 0.864663 0.500000 -0.048558
vn 0.707107 0.707107 -0.000000
vn 0.705994 0.707107 -0.039648
vn 0.500000 0.866025 -0.000000
vn 0.499213 0.866025 -0.028035
vn 0.258819 0.965926 -0.000000
vn 0.258412 0.965926 -0.014512
vn -0.000000 1.000000 0.000000
vn -0.817427 0.500000 -0.286030
vn -0.667426 0.707107 -0.233543
vn -0.471942 0.866025 -0.165140
vn -0.706296 0.500000 -0.501144
vn -0.576689 0.707107 -0.409182
vn -0.407780 0.866025 -0.289336
vn -0.612372 0.500000 -0.612372
vn -0.500000 0.707107 -0.500000
vn -0.353553 0.866025 -0.353553
vn -0.418913 0.500000 -0.757966
vn -0.342041 0.707107 -0.618876
vn -0.241859 0.866025 -0.437612
vn -0.192709 0.500000 -0.844312
vn -0.157346 0.707107 -0.689378
vn -0.111260 0.866025 -0.487464
vn 0.048558 0.500000 -0.864663
vn 0.039648 0.707107 -0.705994
vn 0.028035 0.866025 -0.499213
vn 0.286030 0.500000 -0.817427
vn 0.233543 0.707107 -0.667426
vn 0.165140 0.866025 -0.471942
vn 0.501144 0.500000 -0.706296
vn 0.409182 0.707107 -0.576689
vn 0.289336 0.866025 -0.407780
vn 0.612372 0.500000 -0.612372
vn 0.500000 0.707107 -0.500000
vn 0.353553 0.866025 -0.353553
vn 0.757966 0.500000 -0.418913
vn 0.618876 0.707107 -0.342041
vn 0.437612 0.866025 -0.241859
vn 0.844312 0.500000 -0.192709
vn 0.689378 0.707107 -0.157346
vn 0.487464 0.866025 -0.111260
vn 0.000000 1.000000 0.000000
vn 0.000000 1.000000 0.000000
vn 0.000000 1.000000 0.000000
vn 0.000000 1.000000 0.000000
vn 0.000000 1.000000 0.000000
vn 0.000000 1.000000 0.000000
vn 0.000000 1.000000 0.000000
vn 0.000000 1.000000 0.000000
vn 0.000000 1.000000 0.000000
vn 0.000000 1.000000 0.000000
vn 0.000000 1.000000 0.000000
vn 0.000000 1.000000 0.000000
vn 0.000000 1.000000 0.000000
vn 0.000000 1.000000 0.000000
vn 0.000000 1.000000 0.000000
vn 0.000000 1.000000 0.000000
vn 0.000000 1.000000 0.000000
vn 0.000000 1.000000 0.000000
vn 0.000000 1.000000 0.000000
vn 0.000000 1.000000 0.000000
vn 0.000000 1.000000 0.000000
vn 0.000000 1.000000 0.000000
vn 0.000000 1.000000 0.000000
vn -0.989821 0.000000 -0.142315
vn -1.000000 0.000000 0.000000
vn -0.964406 0.258819 -0.054160
vn -0.965926 0.258819 0.000000
vn -0.866025 0.500000 0.000000
vn -0.864663 0.500000 -0.048558
vn -0.707107 0.707107 0.000000
vn -0.705994 0.707107 -0.039648
vn -0.500000 0.866025 0.000000
vn -0.499213 0.866025 -0.028035
vn -0.258819 0.965926 0.000000
vn -0.258412 0.965926 -0.014512
vn -0.252330 0.965926 -0.057593
vn -0.255162 0.965926 -0.043354
vn -0.257192 0.965926 -0.028979
vn -0.492936 0.866025 -0.083753
vn -0.496856 0.866025 -0.055982
vn -0.697116 0.707107 -0.118445
vn -0.702661 0.707107 -0.079171
vn -0.853789 0.500000 -0.145065
vn -0.860580 0.500000 -0.096964
vn -0.952278 0.258819 -0.161799
vn -0.959852 0.258819 -0.108149
vn -0.244295 0.965926 -0.085483
vn -0.248704 0.965926 -0.071650
vn -0.480459 0.866025 -0.138418
vn -0.487464 0.866025 -0.111260
vn -0.679471 0.707107 -0.195752
vn -0.689378 0.707107 -0.157346
vn -0.832179 0.500000 -0.239747
vn -0.844312 0.500000 -0.192709
vn -0.928175 0.258819 -0.267403
vn -0.941708 0.258819 -0.214939
vn -0.959493 0.000000 -0.281733
vn -0.226524 0.965926 -0.125196
vn -0.233188 0.965926 -0.112297
vn -0.239118 0.965926 -0.099046
vn -0.450484 0.866025 -0.216942
vn -0.461940 0.866025 -0.191342
vn -0.637081 0.707107 -0.306802
vn -0.653281 0.707107 -0.270598
vn -0.780262 0.500000 -0.375754
vn -0.800103 0.500000 -0.331414
vn -0.870269 0.258819 -0.419100
vn -0.892399 0.258819 -0.369644
vn -0.909632 0.000000 -0.415415
vn -0.911721 0.258819 -0.319025
vn -0.211083 0.965926 -0.149771
vn -0.219148 0.965926 -0.137700
vn -0.423362 0.866025 -0.266016
vn -0.437612 0.866025 -0.241859
vn -0.598724 0.707107 -0.376203
vn -0.618876 0.707107 -0.342041
vn -0.733285 0.500000 -0.460753
vn -0.757966 0.500000 -0.418913
vn -0.817873 0.258819 -0.513904
vn -0.845401 0.258819 -0.467237
vn -0.841254 0.000000 -0.540641
vn -0.183013 0.965926 -0.183013
vn -0.192986 0.965926 -0.172463
vn -0.202353 0.965926 -0.161371
vn -0.372821 0.866025 -0.333173
vn -0.390916 0.866025 -0.311745
vn -0.527249 0.707107 -0.471178
vn -0.552838 0.707107 -0.440874
vn -0.645745 0.500000 -0.577073
vn -0.677086 0.500000 -0.539958
vn -0.720235 0.258819 -0.643641
vn -0.755191 0.258819 -0.602245
vn -0.755750 0.000000 -0.654861
vn -0.787771 0.258819 -0.558954
vn -0.149771 0.965926 -0.211083
vn -0.161371 0.965926 -0.202353
vn -0.172463 0.965926 -0.192986
vn -0.311745 0.866025 -0.390916
vn -0.333173 0.866025 -0.372821
vn -0.440874 0.707107 -0.552838
vn -0.471178 0.707107 -0.527249
vn -0.539958 0.500000 -0.677086
vn -0.577073 0.500000 -0.645745
vn -0.602245 0.258819 -0.755191
vn -0.643641 0.258819 -0.720235
vn -0.654861 0.000000 -0.755750
vn -0.683013 0.258819 -0.683013
vn -0.125196 0.965926 -0.226524
vn -0.137700 0.965926 -0.219148
vn -0.266016 0.866025 -0.423362
vn -0.289336 0.866025 -0.407780
vn -0.376203 0.707107 -0.598724
vn -0.409182 0.707107 -0.576689
vn -0.460753 0.500000 -0.733285
vn -0.501144 0.500000 -0.706296
vn -0.513904 0.258819 -0.817873
vn -0.558954 0.258819 -0.787771
vn -0.540641 0.000000 -0.841254
vn -0.085483 0.965926 -0.244295
vn -0.099046 0.965926 -0.239118
vn -0.112297 0.965926 -0.233188
vn -0.191342 0.866025 -0.461940
vn -0.216942 0.866025 -0.450484
vn -0.270598 0.707107 -0.653281
vn -0.306802 0.707107 -0.637081
vn -0.331414 0.500000 -0.800103
vn -0.375754 0.500000 -0.780262
vn -0.369644 0.258819 -0.892399
vn -0.419100 0.258819 -0.870269
vn -0.415415 0.000000 -0.909632
vn -0.467237 0.258819 -0.845401
vn -0.057593 0.965926 -0.252330
vn -0.071650 0.965926 -0.248704
vn -0.138418 0.866025 -0.480459
vn -0.165140 0.866025 -0.471942
vn -0.195752 0.707107 -0.679471
vn -0.233543 0.707107 -0.667426
vn -0.239747 0.500000 -0.832179
vn -0.286030 0.500000 -0.817427
vn -0.267403 0.258819 -0.928175
vn -0.319025 0.258819 -0.911721
vn -0.281733 0.000000 -0.959493
vn -0.014512 0.965926 -0.258412
vn -0.028979 0.965926 -0.257192
vn -0.043354 0.965926 -0.255162
vn -0.055982 0.866025 -0.496856
vn -0.083753 0.866025 -0.492936
vn -0.079171 0.707107 -0.702661
vn -0.118445 0.707107 -0.697116
vn -0.096964 0.500000 -0.860580
vn -0.145065 0.500000 -0.853789
vn -0.108149 0.258819 -0.959852
vn -0.161799 0.258819 -0.952278
vn -0.142315 0.000000 -0.989821
vn -0.214939 0.258819 -0.941708
vn 0.014512 0.965926 -0.258412
vn -0.000000 0.965926 -0.258819
vn -0.000000 0.866025 -0.500000
vn -0.028035 0.866025 -0.499213
vn -0.000000 0.707107 -0.707107
vn -0.039648 0.707107 -0.705994
vn -0.000000 0.500000 -0.866025
vn -0.048558 0.500000 -0.864663
vn -0.000000 0.258819 -0.965926
vn -0.054160 0.258819 -0.964406
vn -0.000000 0.000000 -1.000000
vn 0.057593 0.965926 -0.252330
vn 0.043354 0.965926 -0.255162
vn 0.028979 0.965926 -0.257192
vn 0.083753 0.866025 -0.492936
vn 0.055982 0.866025 -0.496856
vn 0.118445 0.707107 -0.697116
vn 0.079171 0.707107 -0.702661
vn 0.145065 0.500000 -0.853789
vn 0.096964 0.500000 -0.860580
vn 0.161799 0.258819 -0.952278
vn 0.108149 0.258819 -0.959852
vn 0.142315 0.000000 -0.989821
vn 0.054160 0.258819 -0.964406
vn 0.085483 0.965926 -0.244295
vn 0.071650 0.965926 -0.248704
vn 0.138418 0.866025 -0.480459
vn 0.111260 0.866025 -0.487464
vn 0.195752 0.707107 -0.679471
vn 0.157346 0.707107 -0.689378
vn 0.239747 0.500000 -0.832179
vn 0.192709 0.500000 -0.844312
vn 0.267403 0.258819 -0.928175
vn 0.214939 0.258819 -0.941708
vn 0.281733 0.000000 -0.959493
vn 0.125196 0.965926 -0.226524
vn 0.112297 0.965926 -0.233188
vn 0.099046 0.965926 -0.239118
vn 0.216942 0.866025 -0.450484
vn 0.191342 0.866025 -0.461940
vn 0.306802 0.707107 -0.637081
vn 0.270598 0.707107 -0.653281
vn 0.375754 0.500000 -0.780262
vn 0.331414 0.500000 -0.800103
vn 0.419100 0.258819 -0.870269
vn 0.369644 0.258819 -0.892399
vn 0.415415 0.000000 -0.909632
vn 0.319025 0.258819 -0.911721
vn 0.149771 0.965926 -0.211083
vn 0.137700 0.965926 -0.219148
vn 0.266016 0.866025 -0.423362
vn 0.241859 0.866025 -0.437612
vn 0.376203 0.707107 -0.598724
vn 0.342041 0.707107 -0.618876
vn 0.460753 0.500000 -0.733285
vn 0.418913 0.500000 -0.757966
vn 0.513904 0.258819 -0.817873
vn 0.467237 0.258819 -0.845401
vn 0.540641 0.000000 -0.841254
vn 0.183013 0.965926 -0.183013
vn 0.172463 0.965926 -0.192986
vn 0.161371 0.965926 -0.202353
vn 0.333173 0.866025 -0.372821
vn 0.311745 0.866025 -0.390916
vn 0.471178 0.707107 -0.527249
vn 0.440874 0.707107 -0.552838
vn 0.577073 0.500000 -0.645745
vn 0.539958 0.500000 -0.677086
vn 0.643641 0.258819 -0.720235
vn 0.602245 0.258819 -0.755191
vn 0.654861 0.000000 -0.755750
vn 0.558954 0.258819 -0.787771
vn 0.211083 0.965926 -0.149771
vn 0.202353 0.965926 -0.161371
vn 0.192986 0.965926 -0.172463
vn 0.390916 0.866025 -0.311745
vn 0.372821 0.866025 -0.333173
vn 0.552838 0.707107 -0.440874
vn 0.527249 0.707107 -0.471178
vn 0.677086 0.500000 -0.539958
vn 0.645745 0.500000 -0.577073
vn 0.755191 0.258819 -0.602245
vn 0.720235 0.258819 -0.643641
vn 0.755750 0.000000 -0.654861
vn 0.683013 0.258819 -0.683013
vn 0.226524 0.965926 -0.125196
vn 0.219148 0.965926 -0.137700
vn 0.423362 0.866025 -0.266016
vn 0.407780 0.866025 -0.289336
vn 0.598724 0.707107 -0.376203
vn 0.576689 0.707107 -0.409182
vn 0.733285 0.500000 -0.460753
vn 0.706296 0.500000 -0.501144
vn 0.817873 0.258819 -0.513904
vn 0.787771 0.258819 -0.558954
vn 0.841254 0.000000 -0.540641
vn 0.244295 0.965926 -0.085483
vn 0.239118 0.965926 -0.099046
vn 0.233188 0.965926 -0.112297
vn 0.461940 0.866025 -0.191342
vn 0.450484 0.866025 -0.216942
vn 0.653281 0.707107 -0.270598
vn 0.637081 0.707107 -0.306802
vn 0.800103 0.500000 -0.331414
vn 0.780262 0.500000 -0.375754
vn 0.892399 0.258819 -0.369644
vn 0.870269 0.258819 -0.419100
vn 0.909632 0.000000 -0.415415
vn 0.845401 0.258819 -0.467237
vn 0.252330 0.965926 -0.057593
vn 0.248704 0.965926 -0.071650
vn 0.480459 0.866025 -0.138418
vn 0.471942 0.866025 -0.165140
vn 0.679471 0.707107 -0.195752
vn 0.667426 0.707107 -0.233543
vn 0.832179 0.500000 -0.239747
vn 0.817427 0.500000 -0.286030
vn 0.928175 0.258819 -0.267403
vn 0.911721 0.258819 -0.319025
vn 0.959493 0.000000 -0.281733
vn 0.258412 0.965926 -0.014512
vn 0.257192 0.965926 -0.028979
vn 0.255162 0.965926 -0.043354
vn 0.496856 0.866025 -0.055982
vn 0.492936 0.866025 -0.083753
vn 0.702661 0.707107 -0.079171
vn 0.697116 0.707107 -0.118445
vn 0.860580 0.500000 -0.096964
vn 0.853789 0.500000 -0.145065
vn 0.959852 0.258819 -0.108149
vn 0.952278 0.258819 -0.161799
vn 0.989821 0.000000 -0.142315
vn 0.941708 0.258819 -0.214939
vn 0.258819 0.965926 -0.000000
vn 0.500000 0.866025 -0.000000
vn 0.499213 0.866025 -0.028035
vn 0.707107 0.707107 -0.000000
vn 0.705994 0.707107 -0.039648
vn 0.866025 0.500000 -0.000000
vn 0.864663 0.500000 -0.048558
vn 0.965926 0.258819 -0.000000
vn 0.964406 0.258819 -0.054160
vn 1.000000 0.000000 -0.000000
vn -0.471942 0.866025 -0.165140
vn -0.667426 0.707107 -0.233543
vn -0.817427 0.500000 -0.286030
vn -0.407780 0.866025 -0.289336
vn -0.576689 0.707107 -0.409182
vn -0.706296 0.500000 -0.501144
vn -0.353553 0.866025 -0.353553
vn -0.500000 0.707107 -0.500000
vn -0.612372 0.500000 -0.612372
vn -0.241859 0.866025 -0.437612
vn -0.342041 0.707107 -0.618876
vn -0.418913 0.500000 -0.757966
vn -0.111260 0.866025 -0.487464
vn -0.157346 0.707107 -0.689378
vn -0.192709 0.500000 -0.844312
vn 0.028035 0.866025 -0.499213
vn 0.039648 0.707107 -0.705994
vn 0.048558 0.500000 -0.864663
vn 0.165140 0.866025 -0.471942
vn 0.233543 0.707107 -0.667426
vn 0.286030 0.500000 -0.817427
vn 0.289336 0.866025 -0.407780
vn 0.409182 0.707107 -0.576689
vn 0.501144 0.500000 -0.706296
vn 0.353553 0.866025 -0.353553
vn 0.500000 0.707107 -0.500000
vn 0.612372 0.500000 -0.612372
vn 0.437612 0.866025 -0.241859
vn 0.618876 0.707107 -0.342041
vn 0.757966 0.500000 -0.418913
vn 0.487464 0.866025 -0.111260
vn 0.689378 0.707107 -0.157346
vn 0.844312 0.500000 -0.192709
vn -1.000000 0.000000 0.000000
vn -0.989821 0.000000 -0.142315
vn -0.959493 0.000000 -0.281733
vn -0.909632 0.000000 -0.415415
vn -0.841254 0.000000 -0.540641
vn -0.755750 0.000000 -0.654861
vn -0.654861 0.000000 -0.755750
vn -0.540641 0.000000 -0.841254
vn -0.415415 0.000000 -0.909632
vn -0.281733 0.000000 -0.959493
vn -0.142315 0.000000 -0.989821
vn -0.000000 0.000000 -1.000000
vn 0.142315 0.000000 -0.989821
vn 0.281733 0.000000 -0.959493
vn 0.415415 0.000000 -0.909632
vn 0.540641 0.000000 -0.841254
vn 0.654861 0.000000 -0.755750
vn 0.755750 0.000000 -0.654861
vn 0.841254 0.000000 -0.540641
vn 0.909632 0.000000 -0.415415
vn 0.959493 0.000000 -0.281733
vn 0.989821 0.000000 -0.142315
vn 1.000000 0.000000 -0.000000
vn -0.000000 1.000000 -0.000000
vn 0.000000 1.000000 -0.000000
vn -0.258426 0.965926 -0.014258
vn -0.258819 0.965926 0.000000
vn -0.500000 0.866025 0.000000
vn -0.499241 0.866025 -0.027544
vn -0.707107 0.707107 0.000000
vn -0.706033 0.707107 -0.038953
vn -0.866025 0.500000 0.000000
vn -0.864710 0.500000 -0.047707
vn -0.965926 0.258819 0.000000
vn -0.964459 0.258819 -0.053211
vn -0.942547 0.258819 -0.211230
vn -0.952752 0.258819 -0.158986
vn -0.960063 0.258819 -0.106260
vn -0.854214 0.500000 -0.142543
vn -0.860769 0.500000 -0.095270
vn -0.697463 0.707107 -0.116386
vn -0.702815 0.707107 -0.077788
vn -0.493181 0.866025 -0.082297
vn -0.496965 0.866025 -0.055004
vn -0.255289 0.965926 -0.042600
vn -0.257248 0.965926 -0.028472
vn -0.913589 0.258819 -0.313636
vn -0.929480 0.258819 -0.262832
vn -0.833349 0.500000 -0.235649
vn -0.845064 0.500000 -0.189383
vn -0.680426 0.707107 -0.192406
vn -0.689992 0.707107 -0.154631
vn -0.481134 0.866025 -0.136052
vn -0.487898 0.866025 -0.109341
vn -0.249053 0.965926 -0.070426
vn -0.252555 0.965926 -0.056599
vn 0.000000 1.000000 0.000000
vn -0.849506 0.258819 -0.459730
vn -0.873542 0.258819 -0.412234
vn -0.894925 0.258819 -0.363487
vn -0.783196 0.500000 -0.369599
vn -0.802367 0.500000 -0.325893
vn -0.639477 0.707107 -0.301777
vn -0.655130 0.707107 -0.266091
vn -0.452179 0.866025 -0.213388
vn -0.463247 0.866025 -0.188155
vn -0.234065 0.965926 -0.110458
vn -0.239794 0.965926 -0.097396
vn -0.000000 1.000000 -0.000000
vn -0.244796 0.965926 -0.084038
vn -0.762251 0.258819 -0.593284
vn -0.793776 0.258819 -0.550392
vn -0.822891 0.258819 -0.505829
vn -0.711680 0.500000 -0.493468
vn -0.737784 0.500000 -0.453514
vn -0.581085 0.707107 -0.402915
vn -0.602398 0.707107 -0.370293
vn -0.410889 0.866025 -0.284904
vn -0.425960 0.866025 -0.261836
vn -0.212692 0.965926 -0.147477
vn -0.220493 0.965926 -0.135537
vn 0.000000 1.000000 0.000000
vn -0.227625 0.965926 -0.123184
vn -0.692359 0.258819 -0.673537
vn -0.728411 0.258819 -0.634374
vn -0.653075 0.500000 -0.568764
vn -0.683416 0.500000 -0.531924
vn -0.533234 0.707107 -0.464394
vn -0.558007 0.707107 -0.434314
vn -0.377053 0.866025 -0.328376
vn -0.394570 0.866025 -0.307106
vn -0.195177 0.965926 -0.169980
vn -0.204245 0.965926 -0.158970
vn -0.000000 1.000000 -0.000000
vn -0.572055 0.258819 -0.778309
vn -0.614062 0.258819 -0.745614
vn -0.654204 0.258819 -0.710655
vn -0.550553 0.500000 -0.668499
vn -0.586543 0.500000 -0.637156
vn -0.449525 0.707107 -0.545827
vn -0.478910 0.707107 -0.520235
vn -0.317862 0.866025 -0.385958
vn -0.338641 0.866025 -0.367862
vn -0.164537 0.965926 -0.199787
vn -0.175293 0.965926 -0.190419
vn 0.000000 1.000000 0.000000
vn -0.185517 0.965926 -0.180474
vn -0.482963 0.258819 -0.836516
vn -0.528311 0.258819 -0.808641
vn -0.473671 0.500000 -0.725007
vn -0.512891 0.500000 -0.697813
vn -0.386751 0.707107 -0.591966
vn -0.418774 0.707107 -0.569762
vn -0.273474 0.866025 -0.418583
vn -0.296118 0.866025 -0.402883
vn -0.141561 0.965926 -0.216675
vn -0.153282 0.965926 -0.208547
vn -0.000000 1.000000 -0.000000
vn -0.338690 0.258819 -0.904600
vn -0.388008 0.258819 -0.884569
vn -0.436148 0.258819 -0.861851
vn -0.347878 0.500000 -0.793083
vn -0.391039 0.500000 -0.772715
vn -0.284042 0.707107 -0.647550
vn -0.319282 0.707107 -0.630919
vn -0.200848 0.866025 -0.457887
vn -0.225767 0.866025 -0.446127
vn -0.103966 0.965926 -0.237020
vn -0.116865 0.965926 -0.230932
vn -0.000000 1.000000 -0.000000
vn -0.129410 0.965926 -0.224144
vn -0.185178 0.258819 -0.948009
vn -0.237121 0.258819 -0.936369
vn -0.288343 0.258819 -0.921884
vn -0.212597 0.500000 -0.839525
vn -0.258521 0.500000 -0.826539
vn -0.173584 0.707107 -0.685470
vn -0.211082 0.707107 -0.674866
vn -0.122743 0.866025 -0.484700
vn -0.149257 0.866025 -0.477203
vn -0.063536 0.965926 -0.250899
vn -0.077261 0.965926 -0.247018
vn -0.000000 1.000000 -0.000000
vn -0.090752 0.965926 -0.242387
vn -0.079766 0.258819 -0.962627
vn -0.132673 0.258819 -0.956771
vn -0.118952 0.500000 -0.857817
vn -0.166026 0.500000 -0.849962
vn -0.097124 0.707107 -0.700405
vn -0.135560 0.707107 -0.693991
vn -0.068677 0.866025 -0.495261
vn -0.095855 0.866025 -0.490726
vn -0.035550 0.965926 -0.256366
vn -0.049618 0.965926 -0.254018
vn -0.000000 1.000000 -0.000000
vn 0.079766 0.258819 -0.962627
vn 0.026615 0.258819 -0.965559
vn -0.026615 0.258819 -0.965559
vn 0.023863 0.500000 -0.865697
vn -0.023863 0.500000 -0.865697
vn 0.019484 0.707107 -0.706838
vn -0.019484 0.707107 -0.706838
vn 0.013777 0.866025 -0.499810
vn -0.013777 0.866025 -0.499810
vn 0.007132 0.965926 -0.258721
vn -0.007132 0.965926 -0.258721
vn -0.000000 1.000000 -0.000000
vn -0.021373 0.965926 -0.257935
vn 0.185178 0.258819 -0.948009
vn 0.132673 0.258819 -0.956771
vn 0.118952 0.500000 -0.857817
vn 0.071516 0.500000 -0.863067
vn 0.097124 0.707107 -0.700405
vn 0.058392 0.707107 -0.704692
vn 0.068677 0.866025 -0.495261
vn 0.041290 0.866025 -0.498292
vn 0.035550 0.965926 -0.256366
vn 0.021373 0.965926 -0.257935
vn 0.000000 1.000000 -0.000000
vn 0.338690 0.258819 -0.904600
vn 0.288343 0.258819 -0.921884
vn 0.237121 0.258819 -0.936369
vn 0.258521 0.500000 -0.826539
vn 0.212597 0.500000 -0.839525
vn 0.211082 0.707107 -0.674866
vn 0.173584 0.707107 -0.685470
vn 0.149257 0.866025 -0.477203
vn 0.122743 0.866025 -0.484700
vn 0.077261 0.965926 -0.247018
vn 0.063536 0.965926 -0.250899
vn 0.000000 1.000000 -0.000000
vn 0.049618 0.965926 -0.254018
vn 0.482963 0.258819 -0.836516
vn 0.436148 0.258819 -0.861851
vn 0.388008 0.258819 -0.884569
vn 0.391039 0.500000 -0.772715
vn 0.347878 0.500000 -0.793083
vn 0.319282 0.707107 -0.630919
vn 0.284042 0.707107 -0.647550
vn 0.225767 0.866025 -0.446127
vn 0.200848 0.866025 -0.457887
vn 0.116865 0.965926 -0.230932
vn 0.103966 0.965926 -0.237020
vn 0.000000 1.000000 -0.000000
vn 0.090752 0.965926 -0.242387
vn 0.572055 0.258819 -0.778309
vn 0.528311 0.258819 -0.808641
vn 0.473671 0.500000 -0.725007
vn 0.433013 0.500000 -0.750000
vn 0.386751 0.707107 -0.591966
vn 0.353553 0.707107 -0.612372
vn 0.273474 0.866025 -0.418583
vn 0.250000 0.866025 -0.433013
vn 0.141561 0.965926 -0.216675
vn 0.129410 0.965926 -0.224144
vn 0.000000 1.000000 -0.000000
vn 0.692359 0.258819 -0.673537
vn 0.654204 0.258819 -0.710655
vn 0.614062 0.258819 -0.745614
vn 0.586543 0.500000 -0.637156
vn 0.550553 0.500000 -0.668499
vn 0.478910 0.707107 -0.520235
vn 0.449525 0.707107 -0.545827
vn 0.338641 0.866025 -0.367862
vn 0.317862 0.866025 -0.385958
vn 0.175293 0.965926 -0.190419
vn 0.164537 0.965926 -0.199787
vn 0.000000 1.000000 -0.000000
vn 0.153282 0.965926 -0.208547
vn 0.762251 0.258819 -0.593284
vn 0.728411 0.258819 -0.634374
vn 0.653075 0.500000 -0.568764
vn 0.620752 0.500000 -0.603877
vn 0.533234 0.707107 -0.464394
vn 0.506842 0.707107 -0.493063
vn 0.377053 0.866025 -0.328376
vn 0.358391 0.866025 -0.348648
vn 0.195177 0.965926 -0.169980
vn 0.185517 0.965926 -0.180474
vn 0.000000 1.000000 -0.000000
vn 0.849506 0.258819 -0.459730
vn 0.822891 0.258819 -0.505829
vn 0.793776 0.258819 -0.550392
vn 0.737784 0.500000 -0.453514
vn 0.711680 0.500000 -0.493468
vn 0.602398 0.707107 -0.370293
vn 0.581085 0.707107 -0.402915
vn 0.425960 0.866025 -0.261836
vn 0.410889 0.866025 -0.284904
vn 0.220493 0.965926 -0.135537
vn 0.212692 0.965926 -0.147477
vn -0.000000 1.000000 0.000000
vn 0.204245 0.965926 -0.158970
vn 0.913589 0.258819 -0.313636
vn 0.894925 0.258819 -0.363487
vn 0.873542 0.258819 -0.412234
vn 0.802367 0.500000 -0.325893
vn 0.783196 0.500000 -0.369599
vn 0.655130 0.707107 -0.266091
vn 0.639477 0.707107 -0.301777
vn 0.463247 0.866025 -0.188155
vn 0.452179 0.866025 -0.213388
vn 0.239794 0.965926 -0.097396
vn 0.234065 0.965926 -0.110458
vn 0.000000 1.000000 -0.000000
vn 0.227625 0.965926 -0.123184
vn 0.942547 0.258819 -0.211230
vn 0.929480 0.258819 -0.262832
vn 0.833349 0.500000 -0.235649
vn 0.819102 0.500000 -0.281198
vn 0.680426 0.707107 -0.192406
vn 0.668794 0.707107 -0.229597
vn 0.481134 0.866025 -0.136052
vn 0.472909 0.866025 -0.162350
vn 0.249053 0.965926 -0.070426
vn 0.244796 0.965926 -0.084038
vn -0.000000 1.000000 0.000000
vn 0.964459 0.258819 -0.053211
vn 0.960063 0.258819 -0.106260
vn 0.952752 0.258819 -0.158986
vn 0.860769 0.500000 -0.095270
vn 0.854214 0.500000 -0.142543
vn 0.702815 0.707107 -0.077788
vn 0.697463 0.707107 -0.116386
vn 0.496965 0.866025 -0.055004
vn 0.493181 0.866025 -0.082297
vn 0.257248 0.965926 -0.028472
vn 0.255289 0.965926 -0.042600
vn 0.000000 1.000000 -0.000000
vn 0.252555 0.965926 -0.056599
vn 0.965926 0.258819 -0.000000
vn 0.866025 0.500000 -0.000000
vn 0.864710 0.500000 -0.047707
vn 0.707107 0.707107 -0.000000
vn 0.706033 0.707107 -0.038953
vn 0.500000 0.866025 -0.000000
vn 0.499241 0.866025 -0.027544
vn 0.258819 0.965926 -0.000000
vn 0.258426 0.965926 -0.014258
vn -0.000000 1.000000 0.000000
vn -0.819102 0.500000 -0.281198
vn -0.668794 0.707107 -0.229597
vn -0.472909 0.866025 -0.162350
vn -0.761647 0.500000 -0.412183
vn -0.621882 0.707107 -0.336546
vn -0.439737 0.866025 -0.237974
vn -0.620752 0.500000 -0.603877
vn -0.506842 0.707107 -0.493063
vn -0.358391 0.866025 -0.348648
vn -0.433013 0.500000 -0.750000
vn -0.353553 0.707107 -0.612372
vn -0.250000 0.866025 -0.433013
vn -0.303661 0.500000 -0.811043
vn -0.247938 0.707107 -0.662213
vn -0.175319 0.866025 -0.468256
vn -0.071516 0.500000 -0.863067
vn -0.058392 0.707107 -0.704692
vn -0.041290 0.866025 -0.498292
vn 0.166026 0.500000 -0.849962
vn 0.135560 0.707107 -0.693991
vn 0.095855 0.866025 -0.490726
vn 0.303661 0.500000 -0.811043
vn 0.247938 0.707107 -0.662213
vn 0.175319 0.866025 -0.468256
vn 0.512891 0.500000 -0.697813
vn 0.418774 0.707107 -0.569762
vn 0.296118 0.866025 -0.402883
vn 0.683416 0.500000 -0.531924
vn 0.558007 0.707107 -0.434314
vn 0.394570 0.866025 -0.307106
vn 0.761647 0.500000 -0.412183
vn 0.621882 0.707107 -0.336546
vn 0.439737 0.866025 -0.237974
vn 0.845064 0.500000 -0.189383
vn 0.689992 0.707107 -0.154631
vn 0.487898 0.866025 -0.109341
vn 0.000000 1.000000 0.000000
vn 0.000000 1.000000 0.000000
vn 0.000000 1.000000 0.000000
vn 0.000000 1.000000 0.000000
vn 0.000000 1.000000 0.000000
vn 0.000000 1.000000 0.000000
vn 0.000000 1.000000 0.000000
vn 0.000000 1.000000 0.000000
vn 0.000000 1.000000 0.000000
vn 0.000000 1.000000 0.000000
vn 0.000000 1.000000 0.000000
vn 0.000000 1.000000 0.000000
vn 0.000000 1.000000 0.000000
vn 0.000000 1.000000 0.000000
vn 0.000000 1.000000 0.000000
vn 0.000000 1.000000 0.000000
vn 0.000000 1.000000 0.000000
vn 0.000000 1.000000 0.000000
vn 0.000000 1.000000 0.000000
vn 0.000000 1.000000 0.000000
vn 0.000000 1.000000 0.000000
vn 0.000000 1.000000 0.000000
vn 0.000000 1.000000 0.000000
vn -1.000000 0.000000 0.000000
vn -1.000000 0.000000 0.000000
vn -0.989821 0.000000 -0.142315
vn -0.989821 0.000000 -0.142315
vn -0.959493 0.000000 -0.281733
vn -0.959493 0.000000 -0.281733
vn -0.909632 0.000000 -0.415415
vn -0.909632 0.000000 -0.415415
vn -0.841254 0.000000 -0.540641
vn -0.841254 0.000000 -0.540641
vn -0.755750 0.000000 -0.654861
vn -0.755750 0.000000 -0.654861
vn -0.654861 0.000000 -0.755750
vn -0.654861 0.000000 -0.755750
vn -0.540641 0.000000 -0.841254
vn -0.540641 0.000000 -0.841254
vn -0.415415 0.000000 -0.909632
vn -0.415415 0.000000 -0.909632
vn -0.281733 0.000000 -0.959493
vn -0.281733 0.000000 -0.959493
vn -0.142315 0.000000 -0.989821
vn -0.142315 0.000000 -0.989821
vn 0.000000 0.000000 -1.000000
vn 0.000000 0.000000 -1.000000
vn 0.142315 0.000000 -0.989821
vn 0.142315 0.000000 -0.989821
vn 0.281733 0.000000 -0.959493
vn 0.281733 0.000000 -0.959493
vn 0.415415 0.000000 -0.909632
vn 0.415415 0.000000 -0.909632
vn 0.540641 0.000000 -0.841254
vn 0.540641 0.000000 -0.841254
vn 0.654861 0.000000 -0.755750
vn 0.654861 0.000000 -0.755750
vn 0.755750 0.000000 -0.654861
vn 0.755750 0.000000 -0.654861
vn 0.841254 0.000000 -0.540641
vn 0.841254 0.000000 -0.540641
vn 0.909632 0.000000 -0.415415
vn 0.909632 0.000000 -0.415415
vn 0.959493 0.000000 -0.281733
vn 0.959493 0.000000 -0.281733
vn 0.989821 0.000000 -0.142315
vn 0.989821 0.000000 -0.142315
vn 1.000000 0.000000 -0.000000
vn 1.000000 0.000000 -0.000000
vn 0.000000 1.000000 0.000000
vn 0.000000 1.000000 0.000000
vn 0.000000 1.000000 0.000000
vn 0.000000 1.000000 0.000000
vn 0.000000 1.000000 0.000000
vn 0.000000 1.000000 0.000000
vn 0.000000 1.000000 0.000000
vn 0.000000 1.000000 0.000000
vn 0.000000 1.000000 0.000000
vn 0.000000 1.000000 0.000000
vn 0.000000 1.000000 0.000000
vn 0.000000 1.000000 0.000000
vn 0.000000 1.000000 0.000000
vn 0.000000 1.000000 0.000000
vn 0.000000 1.000000 0.000000
vn 0.000000 1.000000 0.000000
vn 0.000000 1.000000 0.000000
vn 0.000000 1.000000 0.000000
vn 0.000000 1.000000 0.000000
vn 0.000000 1.000000 0.000000
vn 0.000000 1.000000 0.000000
vn 0.000000 1.000000 0.000000
vn 0.000000 1.000000 0.000000
vn 0.000000 1.000000 0.000000
vn 0.000000 1.000000 0.000000
vn 0.000000 1.000000 0.000000
vn 0.000000 1.000000 0.000000
vn 0.000000 1.000000 0.000000
vn 0.000000 1.000000 0.000000
vn 0.000000 1.000000 0.000000
vn 0.000000 1.000000 0.000000
vn 0.000000 1.000000 0.000000
vn 0.000000 1.000000 0.000000
vn 0.000000 1.000000 0.000000
vn 0.000000 1.000000 0.000000
vn 0.000000 1.000000 0.000000
vn 0.000000 1.000000 0.000000
vn 0.000000 1.000000 0.000000
vn 0.000000 1.000000 0.000000
vn 0.000000 1.000000 0.000000
vn 0.000000 1.000000 0.000000
vn 0.000000 1.000000 0.000000
vn 0.000000 1.000000 0.000000
vn 0.000000 1.000000 0.000000
vn 0.000000 1.000000 0.000000
vn 0.000000 1.000000 0.000000
vn 0.000000 1.000000 0.000000
vn 1.000000 -0.000000 -0.000000
vn 1.000000 -0.000000 -0.000000
vn 0.990686 0.000000 0.136167
vn 0.990686 0.000000 0.136167
vn 0.962917 0.000000 0.269797
vn 0.962917 0.000000 0.269797
vn 0.917211 0.000000 0.398401
vn 0.917211 0.000000 0.398401
vn 0.854419 0.000000 0.519584
vn 0.854419 0.000000 0.519584
vn 0.775711 0.000000 0.631088
vn 0.775711 0.000000 0.631088
vn 0.682553 0.000000 0.730836
vn 0.682553 0.000000 0.730836
vn 0.576680 0.000000 0.816970
vn 0.576680 0.000000 0.816970
vn 0.460065 0.000000 0.887885
vn 0.460065 0.000000 0.887885
vn 0.334880 0.000000 0.942261
vn 0.334880 0.000000 0.942261
vn 0.203456 0.000000 0.979084
vn 0.203456 0.000000 0.979084
vn 0.068242 0.000000 0.997669
vn 0.068242 0.000000 0.997669
vn -0.068242 0.000000 0.997669
vn -0.068242 0.000000 0.997669
vn -0.203456 0.000000 0.979084
vn -0.203456 0.000000 0.979084
vn -0.334880 0.000000 0.942261
vn -0.334880 0.000000 0.942261
vn -0.460065 0.000000 0.887885
vn -0.460065 0.000000 0.887885
vn -0.576680 0.000000 0.816970
vn -0.576680 0.000000 0.816970
vn -0.682553 0.000000 0.730836
vn -0.682553 0.000000 0.730836
vn -0.775711 0.000000 0.631088
vn -0.775711 0.000000 0.631088
vn -0.854419 0.000000 0.519584
vn -0.854419 0.000000 0.519584
vn -0.917211 0.000000 0.398401
vn -0.917211 0.000000 0.398401
vn -0.962917 0.000000 0.269797
vn -0.962917 0.000000 0.269797
vn -0.990686 0.000000 0.136167
vn -0.990686 0.000000 0.136167
vn -1.000000 0.000000 0.000000
vn -1.000000 0.000000 0.000000
vn 1.000000 -0.000000 -0.000000
vn -1.000000 0.000000 0.000000
vn -0.000000 -1.000000 -0.000000
vn -0.000000 -1.000000 -0.000000
vn -0.000000 -1.000000 -0.000000
vn -0.000000 -1.000000 -0.000000
vn -0.000000 -1.000000 -0.000000
vn -0.000000 -1.000000 -0.000000
vn -0.000000 -1.000000 -0.000000
vn -0.000000 -1.000000 -0.000000
vn -0.000000 -1.000000 -0.000000
vn -0.000000 -1.000000 -0.000000
vn -0.000000 -1.000000 -0.000000
vn -0.000000 -1.000000 -0.000000
vn -0.000000 -1.000000 -0.000000
vn -0.000000 -1.000000 -0.000000
vn -0.000000 -1.000000 -0.000000
vn -0.000000 -1.000000 -0.000000
vn -0.000000 -1.000000 -0.000000
vn -0.000000 -1.000000 -0.000000
vn -0.000000 -1.000000 -0.000000
vn -0.000000 -1.000000 -0.000000
vn -0.000000 -1.000000 -0.000000
vn -0.000000 -1.000000 -0.000000
vn -0.000000 -1.000000 -0.000000
vn -0.000000 -1.000000 -0.000000
vn -0.000000 -1.000000 -0.000000
vn -0.000000 -1.000000 -0.000000
vn -0.000000 -1.000000 -0.000000
vn -0.000000 -1.000000 -0.000000
vn -0.000000 -1.000000 -0.000000
vn -0.000000 -1.000000 -0.000000
vn -0.000000 -1.000000 -0.000000
vn -0.000000 -1.000000 -0.000000
vn -0.000000 -1.000000 -0.000000
vn -0.000000 -1.000000 -0.000000
vn -0.000000 -1.000000 -0.000000
vn -0.000000 -1.000000 -0.000000
vn -0.000000 -1.000000 -0.000000
vn -0.000000 -1.000000 -0.000000
vn -0.000000 -1.000000 -0.000000
vn -0.000000 -1.000000 -0.000000
vn -0.000000 -1.000000 -0.000000
vn -0.000000 -1.000000 -0.000000
vn -0.000000 -1.000000 -0.000000
vn -0.000000 -1.000000 -0.000000
vn -0.000000 -1.000000 -0.000000
vn -0.000000 -1.000000 -0.000000
vn -0.000000 -1.000000 -0.000000
vn 1.000000 -0.000000 -0.000000
vn 1.000000 -0.000000 -0.000000
vn 0.989821 0.000000 0.142315
vn 0.989821 0.000000 0.142315
vn 0.959493 0.000000 0.281733
vn 0.959493 0.000000 0.281733
vn 0.909632 0.000000 0.415415
vn 0.909632 0.000000 0.415415
vn 0.841254 0.000000 0.540641
vn 0.841254 0.000000 0.540641
vn 0.755750 0.000000 0.654861
vn 0.755750 0.000000 0.654861
vn 0.654861 0.000000 0.755750
vn 0.654861 0.000000 0.755750
vn 0.540641 0.000000 0.841254
vn 0.540641 0.000000 0.841254
vn 0.415415 0.000000 0.909632
vn 0.415415 0.000000 0.909632
vn 0.281733 0.000000 0.959493
vn 0.281733 0.000000 0.959493
vn 0.142315 0.000000 0.989821
vn 0.142315 0.000000 0.989821
vn -0.000000 0.000000 1.000000
vn -0.000000 0.000000 1.000000
vn -0.142315 0.000000 0.989821
vn -0.142315 0.000000 0.989821
vn -0.281733 0.000000 0.959493
vn -0.281733 0.000000 0.959493
vn -0.415415 0.000000 0.909632
vn -0.415415 0.000000 0.909632
vn -0.540641 0.000000 0.841254
vn -0.540641 0.000000 0.841254
vn -0.654861 0.000000 0.755750
vn -0.654861 0.000000 0.755750
vn -0.755750 0.000000 0.654861
vn -0.755750 0.000000 0.654861
vn -0.841254 0.000000 0.540641
vn -0.841254 0.000000 0.540641
vn -0.909632 0.000000 0.415415
vn -0.909632 0.000000 0.415415
vn -0.959493 0.000000 0.281733
vn -0.959493 0.000000 0.281733
vn -0.989821 0.000000 0.142315
vn -0.989821 0.000000 0.142315
vn -1.000000 0.000000 0.000000
vn -1.000000 0.000000 0.000000
vn 0.000000 1.000000 0.000000
vn 0.000000 1.000000 0.000000
vn 0.000000 1.000000 0.000000
vn 0.000000 1.000000 0.000000
vn 0.000000 1.000000 0.000000
vn 0.000000 1.000000 0.000000
vn 0.000000 1.000000 0.000000
vn 0.000000 1.000000 0.000000
vn 0.000000 1.000000 0.000000
vn 0.000000 1.000000 0.000000
vn 0.000000 1.000000 0.000000
vn 0.000000 1.000000 0.000000
vn 0.000000 1.000000 0.000000
vn 0.000000 1.000000 0.000000
vn 0.000000 1.000000 0.000000
vn 0.000000 1.000000 0.000000
vn 0.000000 1.000000 0.000000
vn 0.000000 1.000000 0.000000
vn 0.000000 1.000000 0.000000
vn 0.000000 1.000000 0.000000
vn 0.000000 1.000000 0.000000
vn 0.000000 1.000000 0.000000
vn 0.000000 1.000000 0.000000
vn 0.000000 1.000000 0.000000
vn 0.000000 1.000000 0.000000
vn 0.000000 1.000000 0.000000
vn 0.000000 1.000000 0.000000
vn 0.000000 1.000000 0.000000
vn 0.000000 1.000000 0.000000
vn 0.000000 1.000000 0.000000
vn 0.000000 1.000000 0.000000
vn 0.000000 1.000000 0.000000
vn 0.000000 1.000000 0.000000
vn 0.000000 1.000000 0.000000
vn 0.000000 1.000000 0.000000
vn 0.000000 1.000000 0.000000
vn 0.000000 1.000000 0.000000
vn 0.000000 1.000000 0.000000
vn 0.000000 1.000000 0.000000
vn 0.000000 1.000000 0.000000
vn 0.000000 1.000000 0.000000
vn 0.000000 1.000000 0.000000
vn 0.000000 1.000000 0.000000
vn 0.000000 1.000000 0.000000
vn 0.000000 1.000000 0.000000
vn 0.000000 1.000000 0.000000
vn 0.000000 1.000000 0.000000
vn 1.000000 -0.000000 -0.000000
vn 1.000000 -0.000000 -0.000000
vn 0.990686 0.000000 0.136167
vn 0.990686 0.000000 0.136167
vn 0.962917 0.000000 0.269797
vn 0.962917 0.000000 0.269797
vn 0.917211 0.000000 0.398401
vn 0.917211 0.000000 0.398401
vn 0.854419 0.000000 0.519584
vn 0.854419 0.000000 0.519584
vn 0.775711 0.000000 0.631088
vn 0.775711 0.000000 0.631088
vn 0.682553 0.000000 0.730836
vn 0.682553 0.000000 0.730836
vn 0.576680 0.000000 0.816970
vn 0.576680 0.000000 0.816970
vn 0.460065 0.000000 0.887885
vn 0.460065 0.000000 0.887885
vn 0.334880 0.000000 0.942261
vn 0.334880 0.000000 0.942261
vn 0.203456 0.000000 0.979084
vn 0.203456 0.000000 0.979084
vn 0.068242 0.000000 0.997669
vn 0.068242 0.000000 0.997669
vn -0.068242 0.000000 0.997669
vn -0.068242 0.000000 0.997669
vn -0.203456 0.000000 0.979084
vn -0.203456 0.000000 0.979084
vn -0.334880 0.000000 0.942261
vn -0.334880 0.000000 0.942261
vn -0.460065 0.000000 0.887885
vn -0.460065 0.000000 0.887885
vn -0.576680 0.000000 0.816970
vn -0.576680 0.000000 0.816970
vn -0.682553 0.000000 0.730836
vn -0.682553 0.000000 0.730836
vn -0.775711 0.000000 0.631088
vn -0.775711 0.000000 0.631088
vn -0.854419 0.000000 0.519584
vn -0.854419 0.000000 0.519584
vn -0.917211 0.000000 0.398401
vn -0.917211 0.000000 0.398401
vn -0.962917 0.000000 0.269797
vn -0.962917 0.000000 0.269797
vn -0.990686 0.000000 0.136167
vn -0.990686 0.000000 0.136167
vn -1.000000 0.000000 0.000000
vn -1.000000 0.000000 0.000000
vn -0.000000 -1.000000 -0.000000
vn -0.000000 -1.000000 -0.000000
vn -0.000000 -1.000000 -0.000000
vn -0.000000 -1.000000 -0.000000
vn -0.000000 -1.000000 -0.000000
vn -0.000000 -1.000000 -0.000000
vn -0.000000 -1.000000 -0.000000
vn -0.000000 -1.000000 -0.000000
vn -0.000000 -1.000000 -0.000000
vn -0.000000 -1.000000 -0.000000
vn -0.000000 -1.000000 -0.000000
vn -0.000000 -1.000000 -0.000000
vn -0.000000 -1.000000 -0.000000
vn -0.000000 -1.000000 -0.000000
vn -0.000000 -1.000000 -0.000000
vn -0.000000 -1.000000 -0.000000
vn -0.000000 -1.000000 -0.000000
vn -0.000000 -1.000000 -0.000000
vn -0.000000 -1.000000 -0.000000
vn -0.000000 -1.000000 -0.000000
vn -0.000000 -1.000000 -0.000000
vn -0.000000 -1.000000 -0.000000
vn -0.000000 -1.000000 -0.000000
vn -0.000000 -1.000000 -0.000000
vn -0.000000 -1.000000 -0.000000
vn -0.000000 -1.000000 -0.000000
vn -0.000000 -1.000000 -0.000000
vn -0.000000 -1.000000 -0.000000
vn -0.000000 -1.000000 -0.000000
vn -0.000000 -1.000000 -0.000000
vn -0.000000 -1.000000 -0.000000
vn -0.000000 -1.000000 -0.000000
vn -0.000000 -1.000000 -0.000000
vn -0.000000 -1.000000 -0.000000
vn -0.000000 -1.000000 -0.000000
vn -0.000000 -1.000000 -0.000000
vn -0.000000 -1.000000 -0.000000
vn -0.000000 -1.000000 -0.000000
vn -0.000000 -1.000000 -0.000000
vn -0.000000 -1.000000 -0.000000
vn -0.000000 -1.000000 -0.000000
vn -0.000000 -1.000000 -0.000000
vn -0.000000 -1.000000 -0.000000
vn -0.000000 -1.000000 -0.000000
vn -0.000000 -1.000000 -0.000000
vn -0.000000 -1.000000 -0.000000
vn -0.000000 -1.000000 -0.000000
vn 1.000000 -0.000000 -0.000000
vn 1.000000 -0.000000 -0.000000
vn 0.989821 0.000000 0.142315
vn 0.989821 0.000000 0.142315
vn 0.959493 0.000000 0.281733
vn 0.959493 0.000000 0.281733
vn 0.909632 0.000000 0.415415
vn 0.909632 0.000000 0.415415
vn 0.841254 0.000000 0.540641
vn 0.841254 0.000000 0.540641
vn 0.755750 0.000000 0.654861
vn 0.755750 0.000000 0.654861
vn 0.654861 0.000000 0.755750
vn 0.654861 0.000000 0.755750
vn 0.540641 0.000000 0.841254
vn 0.540641 0.000000 0.841254
vn 0.415415 0.000000 0.909632
vn 0.415415 0.000000 0.909632
vn 0.281733 0.000000 0.959493
vn 0.281733 0.000000 0.959493
vn 0.142315 0.000000 0.989821
vn 0.142315 0.000000 0.989821
vn -0.000000 0.000000 1.000000
vn -0.000000 0.000000 1.000000
vn -0.142315 0.000000 0.989821
vn -0.142315 0.000000 0.989821
vn -0.281733 0.000000 0.959493
vn -0.281733 0.000000 0.959493
vn -0.415415 0.000000 0.909632
vn -0.415415 0.000000 0.909632
vn -0.540641 0.000000 0.841254
vn -0.540641 0.000000 0.841254
vn -0.654861 0.000000 0.755750
vn -0.654861 0.000000 0.755750
vn -0.755750 0.000000 0.654861
vn -0.755750 0.000000 0.654861
vn -0.841254 0.000000 0.540641
vn -0.841254 0.000000 0.540641
vn -0.909632 0.000000 0.415415
vn -0.909632 0.000000 0.415415
vn -0.959493 0.000000 0.281733
vn -0.959493 0.000000 0.281733
vn -0.989821 0.000000 0.142315
vn -0.989821 0.000000 0.142315
vn -1.000000 0.000000 0.000000
vn -1.000000 0.000000 0.000000
vn -0.000000 -1.000000 -0.000000
vn -0.000000 -1.000000 -0.000000
vn -0.000000 -1.000000 -0.000000
vn -0.000000 -1.000000 -0.000000
vn -0.000000 -1.000000 -0.000000
vn -0.000000 -1.000000 -0.000000
vn -0.000000 -1.000000 -0.000000
vn -0.000000 -1.000000 -0.000000
vn -0.000000 -1.000000 -0.000000
vn -0.000000 -1.000000 -0.000000
vn -0.000000 -1.000000 -0.000000
vn -0.000000 -1.000000 -0.000000
vn -0.000000 -1.000000 -0.000000
vn -0.000000 -1.000000 -0.000000
vn -0.000000 -1.000000 -0.000000
vn -0.000000 -1.000000 -0.000000
vn -0.000000 -1.000000 -0.000000
vn -0.000000 -1.000000 -0.000000
vn -0.000000 -1.000000 -0.000000
vn -0.000000 -1.000000 -0.000000
vn -0.000000 -1.000000 -0.000000
vn -0.000000 -1.000000 -0.000000
vn -0.000000 -1.000000 -0.000000
vn -0.000000 -1.000000 -0.000000
vn -0.000000 -1.000000 -0.000000
vn -0.000000 -1.000000 -0.000000
vn -0.000000 -1.000000 -0.000000
vn -0.000000 -1.000000 -0.000000
vn -0.000000 -1.000000 -0.000000
vn -0.000000 -1.000000 -0.000000
vn -0.000000 -1.000000 -0.000000
vn -0.000000 -1.000000 -0.000000
vn -0.000000 -1.000000 -0.000000
vn -0.000000 -1.000000 -0.000000
vn -0.000000 -1.000000 -0.000000
vn -0.000000 -1.000000 -0.000000
vn -0.000000 -1.000000 -0.000000
vn -0.000000 -1.000000 -0.000000
vn -0.000000 -1.000000 -0.000000
vn -0.000000 -1.000000 -0.000000
vn -0.000000 -1.000000 -0.000000
vn -0.000000 -1.000000 -0.000000
vn -0.982973 0.000000 -0.183750
vn -1.000000 0.000000 0.000000
vn -0.951251 -0.258819 -0.167731
vn -0.965926 -0.258819 0.000000
vn -0.866025 -0.500000 0.000000
vn -0.852869 -0.500000 -0.150384
vn -0.707107 -0.707107 0.000000
vn -0.696364 -0.707107 -0.122788
vn -0.500000 -0.866025 0.000000
vn -0.492404 -0.866025 -0.086824
vn -0.258819 -0.965926 0.000000
vn -0.254887 -0.965926 -0.044943
vn -0.243210 -0.965926 -0.088521
vn -0.224144 -0.965926 -0.129410
vn -0.198267 -0.965926 -0.166366
vn -0.166366 -0.965926 -0.198267
vn -0.129410 -0.965926 -0.224144
vn -0.088521 -0.965926 -0.243210
vn -0.044943 -0.965926 -0.254887
vn -0.000000 -0.965926 -0.258819
vn 0.044943 -0.965926 -0.254887
vn 0.088521 -0.965926 -0.243210
vn 0.129410 -0.965926 -0.224144
vn 0.166366 -0.965926 -0.198267
vn 0.198267 -0.965926 -0.166366
vn 0.224144 -0.965926 -0.129410
vn 0.243210 -0.965926 -0.088521
vn 0.254887 -0.965926 -0.044943
vn 0.258819 -0.965926 -0.000000
vn 0.500000 -0.866025 -0.000000
vn 0.492404 -0.866025 -0.086824
vn 0.469846 -0.866025 -0.171010
vn 0.433013 -0.866025 -0.250000
vn 0.383022 -0.866025 -0.321394
vn 0.321394 -0.866025 -0.383022
vn 0.250000 -0.866025 -0.433013
vn 0.171010 -0.866025 -0.469846
vn 0.086824 -0.866025 -0.492404
vn -0.000000 -0.866025 -0.500000
vn -0.086824 -0.866025 -0.492404
vn -0.171010 -0.866025 -0.469846
vn -0.250000 -0.866025 -0.433013
vn -0.321394 -0.866025 -0.383022
vn -0.383022 -0.866025 -0.321394
vn -0.433013 -0.866025 -0.250000
vn -0.469846 -0.866025 -0.171010
vn 0.707107 -0.707107 -0.000000
vn 0.696364 -0.707107 -0.122788
vn 0.664463 -0.707107 -0.241845
vn 0.612372 -0.707107 -0.353553
vn 0.541675 -0.707107 -0.454519
vn 0.454519 -0.707107 -0.541675
vn 0.353553 -0.707107 -0.612372
vn 0.241845 -0.707107 -0.664463
vn 0.122788 -0.707107 -0.696364
vn -0.000000 -0.707107 -0.707107
vn -0.122788 -0.707107 -0.696364
vn -0.241845 -0.707107 -0.664463
vn -0.353553 -0.707107 -0.612372
vn -0.454519 -0.707107 -0.541675
vn -0.541675 -0.707107 -0.454519
vn -0.612372 -0.707107 -0.353553
vn -0.664463 -0.707107 -0.241845
vn 0.866025 -0.500000 -0.000000
vn 0.852869 -0.500000 -0.150384
vn 0.813798 -0.500000 -0.296198
vn 0.750000 -0.500000 -0.433013
vn 0.663414 -0.500000 -0.556670
vn 0.556670 -0.500000 -0.663414
vn 0.433013 -0.500000 -0.750000
vn 0.296198 -0.500000 -0.813798
vn 0.150384 -0.500000 -0.852869
vn -0.000000 -0.500000 -0.866025
vn -0.150384 -0.500000 -0.852869
vn -0.296198 -0.500000 -0.813798
vn -0.433013 -0.500000 -0.750000
vn -0.556670 -0.500000 -0.663414
vn -0.663414 -0.500000 -0.556670
vn -0.750000 -0.500000 -0.433013
vn -0.813798 -0.500000 -0.296198
vn 0.965926 -0.258819 -0.000000
vn 0.951251 -0.258819 -0.167731
vn 0.907673 -0.258819 -0.330366
vn 0.836516 -0.258819 -0.482963
vn 0.739942 -0.258819 -0.620885
vn 0.620885 -0.258819 -0.739942
vn 0.482963 -0.258819 -0.836516
vn 0.330366 -0.258819 -0.907673
vn 0.167731 -0.258819 -0.951251
vn -0.000000 -0.258819 -0.965926
vn -0.167731 -0.258819 -0.951251
vn -0.330366 -0.258819 -0.907673
vn -0.482963 -0.258819 -0.836516
vn -0.620885 -0.258819 -0.739942
vn -0.739942 -0.258819 -0.620885
vn -0.836516 -0.258819 -0.482963
vn -0.907673 -0.258819 -0.330366
vn 1.000000 0.000000 -0.000000
vn 0.982973 0.000000 -0.183750
vn 0.932472 0.000000 -0.361242
vn 0.850217 0.000000 -0.526432
vn 0.739009 0.000000 -0.673696
vn 0.602635 0.000000 -0.798017
vn 0.445738 0.000000 -0.895163
vn 0.273663 0.000000 -0.961826
vn 0.092268 0.000000 -0.995734
vn -0.092268 0.000000 -0.995734
vn -0.273663 0.000000 -0.961826
vn -0.445738 0.000000 -0.895163
vn -0.602635 0.000000 -0.798017
vn -0.739009 0.000000 -0.673696
vn -0.850217 0.000000 -0.526432
vn -0.932472 0.000000 -0.361242
vn -1.000000 0.000000 0.000000
vn -0.982973 0.000000 -0.183750
vn -0.932472 0.000000 -0.361242
vn -0.850217 0.000000 -0.526432
vn -0.739009 0.000000 -0.673696
vn -0.602635 0.000000 -0.798017
vn -0.445738 0.000000 -0.895163
vn -0.273663 0.000000 -0.961826
vn -0.092268 0.000000 -0.995734
vn 0.092268 0.000000 -0.995734
vn 0.273663 0.000000 -0.961826
vn 0.445738 0.000000 -0.895163
vn 0.602635 0.000000 -0.798017
vn 0.739009 0.000000 -0.673696
vn 0.850217 0.000000 -0.526432
vn 0.932472 0.000000 -0.361242
vn 0.982973 0.000000 -0.183750
vn 1.000000 0.000000 -0.000000
vn -0.000000 1.000000 0.000000
vn -0.258819 0.965926 0.000000
vn -0.000000 1.000000 -0.000000
vn -0.254887 0.965926 -0.044943
vn -0.000000 1.000000 -0.000000
vn -0.243210 0.965926 -0.088521
vn 0.000000 1.000000 0.000000
vn -0.224144 0.965926 -0.129410
vn -0.000000 1.000000 -0.000000
vn -0.198267 0.965926 -0.166366
vn 0.000000 1.000000 0.000000
vn -0.166366 0.965926 -0.198267
vn -0.000000 1.000000 -0.000000
vn -0.129410 0.965926 -0.224144
vn 0.000000 1.000000 0.000000
vn -0.088521 0.965926 -0.243210
vn 0.000000 1.000000 0.000000
vn -0.044943 0.965926 -0.254887
vn 0.000000 1.000000 0.000000
vn -0.000000 0.965926 -0.258819
vn 0.000000 1.000000 -0.000000
vn 0.044943 0.965926 -0.254887
vn -0.000000 1.000000 0.000000
vn 0.088521 0.965926 -0.243210
vn 0.000000 1.000000 -0.000000
vn 0.129410 0.965926 -0.224144
vn 0.000000 1.000000 -0.000000
vn 0.166366 0.965926 -0.198267
vn -0.000000 1.000000 0.000000
vn 0.198267 0.965926 -0.166366
vn -0.000000 1.000000 0.000000
vn 0.224144 0.965926 -0.129410
vn -0.000000 1.000000 0.000000
vn 0.243210 0.965926 -0.088521
vn 0.000000 1.000000 -0.000000
vn 0.254887 0.965926 -0.044943
vn 0.000000 1.000000 -0.000000
vn 0.258819 0.965926 -0.000000
vn 0.492404 0.866025 -0.086824
vn 0.500000 0.866025 -0.000000
vn 0.696364 0.707107 -0.122788
vn 0.707107 0.707107 -0.000000
vn 0.852869 0.500000 -0.150384
vn 0.866025 0.500000 -0.000000
vn 0.951251 0.258819 -0.167731
vn 0.965926 0.258819 -0.000000
vn 0.907673 0.258819 -0.330366
vn 0.836516 0.258819 -0.482963
vn 0.739942 0.258819 -0.620885
vn 0.620885 0.258819 -0.739942
vn 0.482963 0.258819 -0.836516
vn 0.330366 0.258819 -0.907673
vn 0.167731 0.258819 -0.951251
vn -0.000000 0.258819 -0.965926
vn -0.167731 0.258819 -0.951251
vn -0.330366 0.258819 -0.907673
vn -0.482963 0.258819 -0.836516
vn -0.620885 0.258819 -0.739942
vn -0.739942 0.258819 -0.620885
vn -0.836516 0.258819 -0.482963
vn -0.907673 0.258819 -0.330366
vn -0.951251 0.258819 -0.167731
vn -0.965926 0.258819 0.000000
vn -0.852869 0.500000 -0.150384
vn -0.866025 0.500000 0.000000
vn -0.696364 0.707107 -0.122788
vn -0.707107 0.707107 0.000000
vn -0.492404 0.866025 -0.086824
vn -0.500000 0.866025 0.000000
vn -0.813798 0.500000 -0.296198
vn -0.750000 0.500000 -0.433013
vn -0.663414 0.500000 -0.556670
vn -0.556670 0.500000 -0.663414
vn -0.433013 0.500000 -0.750000
vn -0.296198 0.500000 -0.813798
vn -0.150384 0.500000 -0.852869
vn -0.000000 0.500000 -0.866025
vn 0.150384 0.500000 -0.852869
vn 0.296198 0.500000 -0.813798
vn 0.433013 0.500000 -0.750000
vn 0.556670 0.500000 -0.663414
vn 0.663414 0.500000 -0.556670
vn 0.750000 0.500000 -0.433013
vn 0.813798 0.500000 -0.296198
vn -0.664463 0.707107 -0.241845
vn -0.612372 0.707107 -0.353553
vn -0.541675 0.707107 -0.454519
vn -0.454519 0.707107 -0.541675
vn -0.353553 0.707107 -0.612372
vn -0.241845 0.707107 -0.664463
vn -0.122788 0.707107 -0.696364
vn -0.000000 0.707107 -0.707107
vn 0.122788 0.707107 -0.696364
vn 0.241845 0.707107 -0.664463
vn 0.353553 0.707107 -0.612372
vn 0.454519 0.707107 -0.541675
vn 0.541675 0.707107 -0.454519
vn 0.612372 0.707107 -0.353553
vn 0.664463 0.707107 -0.241845
vn -0.469846 0.866025 -0.171010
vn -0.433013 0.866025 -0.250000
vn -0.383022 0.866025 -0.321394
vn -0.321394 0.866025 -0.383022
vn -0.250000 0.866025 -0.433013
vn -0.171010 0.866025 -0.469846
vn -0.086824 0.866025 -0.492404
vn -0.000000 0.866025 -0.500000
vn 0.086824 0.866025 -0.492404
vn 0.171010 0.866025 -0.469846
vn 0.250000 0.866025 -0.433013
vn 0.321394 0.866025 -0.383022
vn 0.383022 0.866025 -0.321394
vn 0.433013 0.866025 -0.250000
vn 0.469846 0.866025 -0.171010
vn 0.000000 1.000000 0.000000
vn 0.000000 1.000000 0.000000
vn 0.000000 1.000000 0.000000
vn 0.000000 1.000000 0.000000
vn 0.000000 1.000000 0.000000
vn 0.000000 1.000000 0.000000
vn 0.000000 1.000000 0.000000
vn 0.000000 1.000000 0.000000
vn 0.000000 1.000000 0.000000
vn 0.000000 1.000000 0.000000
vn 0.000000 1.000000 0.000000
vn 0.000000 1.000000 0.000000
vn 0.000000 1.000000 0.000000
vn 0.000000 1.000000 0.000000
vn 0.000000 1.000000 0.000000
vn 0.000000 1.000000 0.000000
vn 0.000000 1.000000 0.000000
vn 0.000000 1.000000 0.000000
vn 0.000000 1.000000 0.000000
vn 0.962794 0.258819 0.077725
vn 0.965926 0.258819 -0.000000
vn 0.866025 0.500000 -0.000000
vn 0.863217 0.500000 0.069686
vn 0.707107 0.707107 -0.000000
vn 0.704814 0.707107 0.056898
vn 0.500000 0.866025 -0.000000
vn 0.498379 0.866025 0.040233
vn 0.258819 0.965926 -0.000000
vn 0.257980 0.965926 0.020826
vn 0.251298 0.965926 0.061939
vn 0.255467 0.965926 0.041517
vn 0.493525 0.866025 0.080206
vn 0.697950 0.707107 0.113428
vn 0.854811 0.500000 0.138920
vn 0.953417 0.258819 0.154945
vn 0.238108 0.965926 0.101448
vn 0.245499 0.965926 0.081960
vn 0.474268 0.866025 0.158334
vn 0.485471 0.866025 0.119658
vn 0.670717 0.707107 0.223918
vn 0.686560 0.707107 0.169222
vn 0.821457 0.500000 0.274243
vn 0.840860 0.500000 0.207253
vn 0.916216 0.258819 0.305878
vn 0.937858 0.258819 0.231161
vn 0.206911 0.965926 0.155484
vn 0.218751 0.965926 0.138330
vn 0.229173 0.965926 0.120279
vn 0.422595 0.866025 0.267233
vn 0.442728 0.866025 0.232362
vn 0.597640 0.707107 0.377924
vn 0.626112 0.707107 0.328609
vn 0.731956 0.500000 0.462861
vn 0.766827 0.500000 0.402462
vn 0.816391 0.258819 0.516254
vn 0.855285 0.258819 0.448888
vn 0.888632 0.258819 0.378611
vn 0.179290 0.965926 0.186661
vn 0.193729 0.965926 0.171629
vn 0.374255 0.866025 0.331561
vn 0.399721 0.866025 0.300371
vn 0.529277 0.707107 0.468899
vn 0.565291 0.707107 0.424789
vn 0.648229 0.500000 0.574281
vn 0.692338 0.500000 0.520258
vn 0.723006 0.258819 0.640527
vn 0.772202 0.258819 0.580272
vn 0.147026 0.965926 0.213004
vn 0.163689 0.965926 0.200483
vn 0.316223 0.866025 0.387302
vn 0.346362 0.866025 0.360601
vn 0.447206 0.707107 0.547728
vn 0.489830 0.707107 0.509967
vn 0.547714 0.500000 0.670828
vn 0.599917 0.500000 0.624580
vn 0.610895 0.258819 0.748211
vn 0.669120 0.258819 0.696628
vn 0.110954 0.965926 0.233830
vn 0.129410 0.965926 0.224144
vn 0.250000 0.866025 0.433013
vn 0.284032 0.866025 0.411492
vn 0.353553 0.707107 0.612372
vn 0.401682 0.707107 0.581937
vn 0.433013 0.500000 0.750000
vn 0.491959 0.500000 0.712725
vn 0.482963 0.258819 0.836516
vn 0.548708 0.258819 0.794941
vn 0.072008 0.965926 0.248600
vn 0.091778 0.965926 0.242000
vn 0.177302 0.866025 0.467508
vn 0.214346 0.866025 0.451725
vn 0.250744 0.707107 0.661156
vn 0.303131 0.707107 0.638836
vn 0.307097 0.500000 0.809748
vn 0.371259 0.500000 0.782411
vn 0.342522 0.258819 0.903156
vn 0.414085 0.258819 0.872666
vn 0.031197 0.965926 0.256932
vn 0.051770 0.965926 0.253588
vn 0.100013 0.866025 0.489895
vn 0.139109 0.866025 0.480259
vn 0.141440 0.707107 0.692817
vn 0.196729 0.707107 0.679189
vn 0.173227 0.500000 0.848524
vn 0.240943 0.500000 0.831833
vn 0.193210 0.258819 0.946405
vn 0.268737 0.258819 0.927789
vn -0.031197 0.965926 0.256932
vn -0.010422 0.965926 0.258609
vn 0.010422 0.965926 0.258609
vn -0.020133 0.866025 0.499594
vn 0.020133 0.866025 0.499594
vn -0.028472 0.707107 0.706533
vn 0.028472 0.707107 0.706533
vn -0.034871 0.500000 0.865323
vn 0.034871 0.500000 0.865323
vn -0.038894 0.258819 0.965142
vn 0.038894 0.258819 0.965142
vn 0.116429 0.258819 0.958883
vn -0.072008 0.965926 0.248600
vn -0.051770 0.965926 0.253588
vn -0.100013 0.866025 0.489895
vn -0.060268 0.866025 0.496354
vn -0.141440 0.707107 0.692817
vn -0.085232 0.707107 0.701951
vn -0.173227 0.500000 0.848524
vn -0.104388 0.500000 0.859711
vn -0.193210 0.258819 0.946405
vn -0.116429 0.258819 0.958883
vn -0.110954 0.965926 0.233830
vn -0.091778 0.965926 0.242000
vn -0.177302 0.866025 0.467508
vn -0.139109 0.866025 0.480259
vn -0.250744 0.707107 0.661156
vn -0.196729 0.707107 0.679189
vn -0.307097 0.500000 0.809748
vn -0.240943 0.500000 0.831833
vn -0.342522 0.258819 0.903156
vn -0.268737 0.258819 0.927789
vn -0.147026 0.965926 0.213004
vn -0.129410 0.965926 0.224144
vn -0.250000 0.866025 0.433013
vn -0.214346 0.866025 0.451725
vn -0.353553 0.707107 0.612372
vn -0.303131 0.707107 0.638836
vn -0.433013 0.500000 0.750000
vn -0.371259 0.500000 0.782411
vn -0.482963 0.258819 0.836516
vn -0.414085 0.258819 0.872666
vn -0.179290 0.965926 0.186661
vn -0.163689 0.965926 0.200483
vn -0.316223 0.866025 0.387302
vn -0.284032 0.866025 0.411492
vn -0.447206 0.707107 0.547728
vn -0.401682 0.707107 0.581937
vn -0.547714 0.500000 0.670828
vn -0.491959 0.500000 0.712725
vn -0.610895 0.258819 0.748211
vn -0.548708 0.258819 0.794941
vn -0.206911 0.965926 0.155484
vn -0.193729 0.965926 0.171629
vn -0.374255 0.866025 0.331561
vn -0.346362 0.866025 0.360601
vn -0.529277 0.707107 0.468899
vn -0.489830 0.707107 0.509967
vn -0.648229 0.500000 0.574281
vn -0.599917 0.500000 0.624580
vn -0.723006 0.258819 0.640527
vn -0.669120 0.258819 0.696628
vn -0.238108 0.965926 0.101448
vn -0.229173 0.965926 0.120279
vn -0.218751 0.965926 0.138330
vn -0.442728 0.866025 0.232362
vn -0.422595 0.866025 0.267233
vn -0.626112 0.707107 0.328609
vn -0.597640 0.707107 0.377924
vn -0.766827 0.500000 0.402462
vn -0.731956 0.500000 0.462861
vn -0.855285 0.258819 0.448888
vn -0.816391 0.258819 0.516254
vn -0.772202 0.258819 0.580272
vn -0.251298 0.965926 0.061939
vn -0.245499 0.965926 0.081960
vn -0.474268 0.866025 0.158334
vn -0.459990 0.866025 0.195983
vn -0.670717 0.707107 0.223918
vn -0.650524 0.707107 0.277162
vn -0.821457 0.500000 0.274243
vn -0.796726 0.500000 0.339453
vn -0.916216 0.258819 0.305878
vn -0.888632 0.258819 0.378611
vn -0.257980 0.965926 0.020826
vn -0.255467 0.965926 0.041517
vn -0.493525 0.866025 0.080206
vn -0.485471 0.866025 0.119658
vn -0.697950 0.707107 0.113428
vn -0.686560 0.707107 0.169222
vn -0.854811 0.500000 0.138920
vn -0.840860 0.500000 0.207253
vn -0.953417 0.258819 0.154945
vn -0.937858 0.258819 0.231161
vn -0.258819 0.965926 0.000000
vn -0.500000 0.866025 0.000000
vn -0.498379 0.866025 0.040233
vn -0.707107 0.707107 0.000000
vn -0.704814 0.707107 0.056898
vn -0.866025 0.500000 0.000000
vn -0.863217 0.500000 0.069686
vn -0.965926 0.258819 0.000000
vn -0.962794 0.258819 0.077725
vn 0.459990 0.866025 0.195983
vn 0.650524 0.707107 0.277162
vn 0.796726 0.500000 0.339453
vn 0.060268 0.866025 0.496354
vn 0.085232 0.707107 0.701951
vn 0.104388 0.500000 0.859711
vn -0.399721 0.866025 0.300371
vn -0.565291 0.707107 0.424789
vn -0.692338 0.500000 0.520258
vn -0.000000 0.000000 -1.000000
vn -0.000000 0.000000 -1.000000
vn -0.000000 0.000000 -1.000000
vn -0.000000 0.000000 -1.000000
vn -0.000000 0.000000 -1.000000
vn -0.000000 0.000000 -1.000000
vn -0.000000 0.000000 -1.000000
vn -0.000000 0.000000 -1.000000
vn -0.000000 0.000000 -1.000000
vn -0.000000 0.000000 -1.000000
vn -0.000000 0.000000 -1.000000
vn -0.000000 0.000000 -1.000000
vn -0.000000 0.000000 -1.000000
vn -0.000000 0.000000 -1.000000
vn -0.000000 0.000000 -1.000000
vn -0.000000 0.000000 -1.000000
vn -0.000000 0.000000 -1.000000
vn -0.000000 0.000000 -1.000000
vn -0.000000 0.000000 -1.000000
vn -0.000000 0.000000 -1.000000
vn -0.000000 0.000000 -1.000000
vn -0.000000 0.000000 -1.000000
vn -0.000000 0.000000 -1.000000
vn -0.000000 0.000000 -1.000000
vn -0.000000 0.000000 -1.000000
vn -0.000000 0.000000 -1.000000
vn -0.000000 0.000000 -1.000000
vn -0.000000 0.000000 -1.000000
vn -0.000000 0.000000 -1.000000
vn -0.000000 0.000000 -1.000000
vn -0.000000 0.000000 -1.000000
vn -0.000000 0.000000 -1.000000
vn -0.000000 0.000000 -1.000000
vn -0.000000 0.000000 -1.000000
vn -0.000000 0.000000 -1.000000
vn -0.000000 0.000000 -1.000000
vn -0.000000 0.000000 -1.000000
vn -0.000000 0.000000 -1.000000
vn -0.000000 0.000000 -1.000000
vn -0.000000 0.000000 -1.000000
vn -0.000000 0.000000 -1.000000
vn -0.000000 0.000000 -1.000000
vn -0.000000 0.000000 -1.000000
vn -0.000000 0.000000 -1.000000
vn -0.000000 0.000000 -1.000000
vn -0.000000 0.000000 -1.000000
vn -0.000000 0.000000 -1.000000
vn -0.000000 0.000000 -1.000000
vn -0.000000 0.000000 -1.000000
vn -0.000000 0.000000 -1.000000
vn -0.000000 0.000000 -1.000000
vn -0.000000 0.000000 -1.000000
vn -0.000000 0.000000 -1.000000
vn -0.000000 0.000000 -1.000000
vn -0.000000 0.000000 -1.000000
vn -0.000000 0.000000 -1.000000
vn -0.000000 0.000000 -1.000000
vn -0.000000 0.000000 -1.000000
vn -0.000000 0.000000 -1.000000
vn -0.000000 0.000000 -1.000000
vn -0.000000 0.000000 -1.000000
vn -0.000000 -0.000000 -1.000000
vn -0.000000 -0.000000 -1.000000
vn -0.000000 -0.000000 -1.000000
vn -0.000000 -0.000000 -1.000000
vn -0.000000 -0.000000 -1.000000
vn -0.000000 -0.000000 -1.000000
vn -0.000000 -0.000000 -1.000000
vn -0.000000 -0.000000 -1.000000
vn -0.000000 -0.000000 -1.000000
vn -0.000000 -0.000000 -1.000000
vn -0.000000 -0.000000 -1.000000
vn -0.000000 -0.000000 -1.000000
vn -0.000000 -0.000000 -1.000000
vn -0.000000 -0.000000 -1.000000
vn -0.000000 -0.000000 -1.000000
vn -0.000000 -0.000000 -1.000000
vn -0.000000 -0.000000 -1.000000
vn -0.000000 -0.000000 -1.000000
vn -0.000000 -0.000000 -1.000000
vn -0.000000 -0.000000 -1.000000
vn -0.000000 -0.000000 -1.000000
vn -0.000000 -0.000000 -1.000000
vn -0.000000 -0.000000 -1.000000
vn -0.000000 -0.000000 -1.000000
vn -0.000000 -0.000000 -1.000000
vn -0.000000 -0.000000 -1.000000
vn -0.000000 -0.000000 -1.000000
vn -0.000000 -0.000000 -1.000000
vn -0.000000 -0.000000 -1.000000
vn -0.000000 -0.000000 -1.000000
vn -0.000000 -0.000000 -1.000000
vn -0.000000 -0.000000 -1.000000
vn -0.000000 -0.000000 -1.000000
vn -0.000000 -0.000000 -1.000000
vn -0.000000 -0.000000 -1.000000
vn -0.000000 -0.000000 -1.000000
vn -0.000000 -0.000000 -1.000000
vn -0.000000 -0.000000 -1.000000
vn -0.000000 -0.000000 -1.000000
vn -0.000000 -0.000000 -1.000000
vn -0.000000 -0.000000 -1.000000
vn -0.000000 -0.000000 -1.000000
vn -0.000000 -0.000000 -1.000000
vn -0.000000 -0.000000 -1.000000
vn -0.000000 -0.000000 -1.000000
vn -0.000000 -0.000000 -1.000000
vn -0.000000 -0.000000 -1.000000
vn -0.000000 -0.000000 -1.000000
vn -0.000000 -0.000000 -1.000000
vn -0.000000 -0.000000 -1.000000
vn -0.000000 -0.000000 -1.000000
vn -0.000000 -0.000000 -1.000000
vn -0.000000 -0.000000 -1.000000
vn -0.000000 -0.000000 -1.000000
vn -0.000000 -0.000000 -1.000000
vn -0.000000 -0.000000 -1.000000
vn -0.000000 -0.000000 -1.000000
vn -0.000000 -0.000000 -1.000000
vn -0.000000 -0.000000 -1.000000
vn -0.000000 -0.000000 -1.000000
vn -0.000000 -0.000000 -1.000000
f 2089/3843/3571 2090/3844/3572 2126/3845/3573
f 2126/3845/3573 2090/3844/3572 2091/3846/3574
f 2126/3845/3573 2091/3846/3574 2125/3847/3575
f 2125/3847/3575 2091/3846/3574 2092/3848/3576
f 2125/3847/3575 2092/3848/3576 2124/3849/3577
f 2124/3849/3577 2092/3848/3576 2093/3850/3578
f 2124/3849/3577 2093/3850/3578 2123/3851/3579
f 2123/3851/3579 2093/3850/3578 2094/3852/3580
f 2123/3851/3579 2094/3852/3580 2122/3853/3581
f 2122/3853/3581 2094/3852/3580 2095/3854/3582
f 2122/3853/3581 2095/3854/3582 2121/3855/3583
f 2121/3855/3583 2095/3854/3582 2096/3856/3584
f 2121/3855/3583 2096/3856/3584 2120/3857/3585
f 2120/3857/3585 2096/3856/3584 2097/3858/3586
f 2120/3857/3585 2097/3858/3586 2119/3859/3587
f 2119/3859/3587 2097/3858/3586 2098/3860/3588
f 2119/3859/3587 2098/3860/3588 2118/3861/3589
f 2118/3861/3589 2098/3860/3588 2099/3862/3590
f 2118/3861/3589 2099/3862/3590 2117/3863/3591
f 2117/3863/3591 2099/3862/3590 2100/3864/3592
f 2117/3863/3591 2100/3864/3592 2116/3865/3593
f 2116/3865/3593 2100/3864/3592 2101/3866/3594
f 2116/3865/3593 2101/3866/3594 2115/3867/3595
f 2115/3867/3595 2101/3866/3594 2102/3868/3596
f 2115/3867/3595 2102/3868/3596 2114/3869/3597
f 2114/3869/3597 2102/3868/3596 2103/3870/3598
f 2114/3869/3597 2103/3870/3598 2113/3871/3599
f 2113/3871/3599 2103/3870/3598 2104/3872/3600
f 2113/3871/3599 2104/3872/3600 2112/3873/3601
f 2112/3873/3601 2104/3872/3600 2105/3874/3602
f 2112/3873/3601 2105/3874/3602 2111/3875/3603
f 2111/3875/3603 2105/3874/3602 2106/3876/3604
f 2111/3875/3603 2106/3876/3604 2110/3877/3605
f 2110/3877/3605 2106/3876/3604 2107/3878/3606
f 2110/3877/3605 2107/3878/3606 2109/3879/3607
f 2109/3879/3607 2107/3878/3606 2108/3880/3608
f 2127/3881/3609 2089/3882/3610 2148/3883/3611
f 2148/3883/3611 2089/3882/3610 2126/3884/3612
f 2148/3883/3611 2126/3884/3612 2147/3885/3613
f 2147/3885/3613 2126/3884/3612 2125/3886/3614
f 2147/3885/3613 2125/3886/3614 2146/3887/3615
f 2146/3887/3615 2125/3886/3614 2124/3888/3616
f 2146/3887/3615 2124/3888/3616 2145/3889/3617
f 2145/3889/3617 2124/3888/3616 2123/3890/3618
f 2145/3889/3617 2123/3890/3618 2144/3891/3619
f 2144/3891/3619 2123/3890/3618 2122/3892/3620
f 2144/3891/3619 2122/3892/3620 2143/3893/3621
f 2143/3893/3621 2122/3892/3620 2121/3894/3622
f 2143/3893/3621 2121/3894/3622 2142/3895/3623
f 2142/3895/3623 2121/3894/3622 2141/3896/3624
f 2141/3896/3624 2121/3894/3622 2120/3897/3625
f 2141/3896/3624 2120/3897/3625 2140/3898/3626
f 2140/3898/3626 2120/3897/3625 2119/3899/3627
f 2140/3898/3626 2119/3899/3627 2139/3900/3628
f 2139/3900/3628 2119/3899/3627 2118/3901/3629
f 2139/3900/3628 2118/3901/3629 2138/3902/3630
f 2138/3902/3630 2118/3901/3629 2117/3903/3631
f 2138/3902/3630 2117/3903/3631 2137/3904/3632
f 2137/3904/3632 2117/3903/3631 2116/3905/3633
f 2137/3904/3632 2116/3905/3633 2136/3906/3634
f 2136/3906/3634 2116/3905/3633 2115/3907/3635
f 2136/3906/3634 2115/3907/3635 2135/3908/3636
f 2135/3908/3636 2115/3907/3635 2134/3909/3637
f 2134/3909/3637 2115/3907/3635 2114/3910/3638
f 2134/3909/3637 2114/3910/3638 2133/3911/3639
f 2133/3911/3639 2114/3910/3638 2113/3912/3640
f 2133/3911/3639 2113/3912/3640 2132/3913/3641
f 2132/3913/3641 2113/3912/3640 2112/3914/3642
f 2132/3913/3641 2112/3914/3642 2131/3915/3643
f 2131/3915/3643 2112/3914/3642 2111/3916/3644
f 2131/3915/3643 2111/3916/3644 2130/3917/3645
f 2130/3917/3645 2111/3916/3644 2110/3918/3646
f 2130/3917/3645 2110/3918/3646 2129/3919/3647
f 2129/3919/3647 2110/3918/3646 2109/3920/3648
f 2129/3919/3647 2109/3920/3648 2128/3921/3649
f 2181/3922/3650 2149/3923/3651 2182/3924/3652
f 2182/3924/3652 2149/3923/3651 2150/3925/3653
f 2182/3924/3652 2150/3925/3653 2151/3926/3654
f 2182/3924/3652 2151/3926/3654 2227/3927/3655
f 2227/3927/3655 2151/3926/3654 2152/3928/3656
f 2227/3927/3655 2152/3928/3656 2226/3929/3657
f 2226/3929/3657 2152/3928/3656 2153/3930/3658
f 2226/3929/3657 2153/3930/3658 2225/3931/3659
f 2225/3931/3659 2153/3930/3658 2154/3932/3660
f 2225/3931/3659 2154/3932/3660 2183/3933/3661
f 2183/3933/3661 2154/3932/3660 2127/3934/3609
f 2183/3933/3661 2127/3934/3609 2148/3935/3611
f 2147/3936/3613 2185/3937/3662 2148/3935/3611
f 2148/3935/3611 2185/3937/3662 2228/3938/3663
f 2148/3935/3611 2228/3938/3663 2237/3939/3664
f 2237/3939/3664 2228/3938/3663 2229/3940/3665
f 2237/3939/3664 2229/3940/3665 2236/3941/3666
f 2236/3941/3666 2229/3940/3665 2230/3942/3667
f 2236/3941/3666 2230/3942/3667 2235/3943/3668
f 2235/3943/3668 2230/3942/3667 2231/3944/3669
f 2235/3943/3668 2231/3944/3669 2234/3945/3670
f 2234/3945/3670 2231/3944/3669 2232/3946/3671
f 2234/3945/3670 2232/3946/3671 2233/3947/3672
f 2233/3947/3672 2232/3946/3671 2181/3922/3650
f 2233/3947/3672 2181/3922/3650 2182/3924/3652
f 2146/3948/3615 2187/3949/3673 2147/3936/3613
f 2147/3936/3613 2187/3949/3673 2238/3950/3674
f 2147/3936/3613 2238/3950/3674 2246/3951/3675
f 2246/3951/3675 2238/3950/3674 2239/3952/3676
f 2246/3951/3675 2239/3952/3676 2245/3953/3677
f 2245/3953/3677 2239/3952/3676 2240/3954/3678
f 2245/3953/3677 2240/3954/3678 2244/3955/3679
f 2244/3955/3679 2240/3954/3678 2241/3956/3680
f 2244/3955/3679 2241/3956/3680 2243/3957/3681
f 2243/3957/3681 2241/3956/3680 2186/3958/3682
f 2243/3957/3681 2186/3958/3682 2242/3959/3683
f 2242/3959/3683 2186/3958/3682 2180/3960/3684
f 2242/3959/3683 2180/3960/3684 2184/3961/3685
f 2184/3961/3685 2180/3960/3684 2181/3922/3650
f 2184/3961/3685 2181/3922/3650 2232/3946/3671
f 2145/3962/3617 2189/3963/3686 2146/3948/3615
f 2146/3948/3615 2189/3963/3686 2247/3964/3687
f 2146/3948/3615 2247/3964/3687 2187/3949/3673
f 2187/3949/3673 2247/3964/3687 2248/3965/3688
f 2187/3949/3673 2248/3965/3688 2255/3966/3689
f 2255/3966/3689 2248/3965/3688 2249/3967/3690
f 2255/3966/3689 2249/3967/3690 2254/3968/3691
f 2254/3968/3691 2249/3967/3690 2250/3969/3692
f 2254/3968/3691 2250/3969/3692 2253/3970/3693
f 2253/3970/3693 2250/3969/3692 2251/3971/3694
f 2253/3970/3693 2251/3971/3694 2252/3972/3695
f 2252/3972/3695 2251/3971/3694 2179/3973/3696
f 2252/3972/3695 2179/3973/3696 2186/3958/3682
f 2186/3958/3682 2179/3973/3696 2180/3960/3684
f 2144/3974/3619 2192/3975/3697 2145/3962/3617
f 2145/3962/3617 2192/3975/3697 2256/3976/3698
f 2145/3962/3617 2256/3976/3698 2264/3977/3699
f 2264/3977/3699 2256/3976/3698 2257/3978/3700
f 2264/3977/3699 2257/3978/3700 2263/3979/3701
f 2263/3979/3701 2257/3978/3700 2258/3980/3702
f 2263/3979/3701 2258/3980/3702 2262/3981/3703
f 2262/3981/3703 2258/3980/3702 2259/3982/3704
f 2262/3981/3703 2259/3982/3704 2261/3983/3705
f 2261/3983/3705 2259/3982/3704 2190/3984/3706
f 2261/3983/3705 2190/3984/3706 2260/3985/3707
f 2260/3985/3707 2190/3984/3706 2178/3986/3708
f 2260/3985/3707 2178/3986/3708 2188/3987/3709
f 2188/3987/3709 2178/3986/3708 2179/3973/3696
f 2188/3987/3709 2179/3973/3696 2251/3971/3694
f 2143/3988/3621 2193/3989/3710 2144/3974/3619
f 2144/3974/3619 2193/3989/3710 2272/3990/3711
f 2144/3974/3619 2272/3990/3711 2192/3975/3697
f 2192/3975/3697 2272/3990/3711 2271/3991/3712
f 2192/3975/3697 2271/3991/3712 2439/3992/3713
f 2439/3992/3713 2271/3991/3712 2270/3993/3714
f 2439/3992/3713 2270/3993/3714 2438/3994/3715
f 2438/3994/3715 2270/3993/3714 2269/3995/3716
f 2438/3994/3715 2269/3995/3716 2437/3996/3717
f 2437/3996/3717 2269/3995/3716 2268/3997/3718
f 2437/3996/3717 2268/3997/3718 2436/3998/3719
f 2436/3998/3719 2268/3997/3718 2177/3999/3720
f 2436/3998/3719 2177/3999/3720 2190/3984/3706
f 2190/3984/3706 2177/3999/3720 2178/3986/3708
f 2142/4000/3623 2196/4001/3721 2143/3988/3621
f 2143/3988/3621 2196/4001/3721 2273/4002/3722
f 2143/3988/3621 2273/4002/3722 2281/4003/3723
f 2281/4003/3723 2273/4002/3722 2274/4004/3724
f 2281/4003/3723 2274/4004/3724 2280/4005/3725
f 2280/4005/3725 2274/4004/3724 2275/4006/3726
f 2280/4005/3725 2275/4006/3726 2279/4007/3727
f 2279/4007/3727 2275/4006/3726 2276/4008/3728
f 2279/4007/3727 2276/4008/3728 2278/4009/3729
f 2278/4009/3729 2276/4008/3728 2194/4010/3730
f 2278/4009/3729 2194/4010/3730 2277/4011/3731
f 2277/4011/3731 2194/4010/3730 2176/4012/3732
f 2277/4011/3731 2176/4012/3732 2191/4013/3733
f 2191/4013/3733 2176/4012/3732 2177/3999/3720
f 2191/4013/3733 2177/3999/3720 2268/3997/3718
f 2141/4014/3624 2197/4015/3734 2142/4000/3623
f 2142/4000/3623 2197/4015/3734 2282/4016/3735
f 2142/4000/3623 2282/4016/3735 2290/4017/3736
f 2290/4017/3736 2282/4016/3735 2283/4018/3737
f 2290/4017/3736 2283/4018/3737 2289/4019/3738
f 2289/4019/3738 2283/4018/3737 2284/4020/3739
f 2289/4019/3738 2284/4020/3739 2288/4021/3740
f 2288/4021/3740 2284/4020/3739 2285/4022/3741
f 2288/4021/3740 2285/4022/3741 2287/4023/3742
f 2287/4023/3742 2285/4022/3741 2195/4024/3743
f 2287/4023/3742 2195/4024/3743 2286/4025/3744
f 2286/4025/3744 2195/4024/3743 2175/4026/3745
f 2286/4025/3744 2175/4026/3745 2432/4027/3746
f 2432/4027/3746 2175/4026/3745 2194/4010/3730
f 2432/4027/3746 2194/4010/3730 2276/4008/3728
f 2140/4028/3626 2200/4029/3747 2141/4014/3624
f 2141/4014/3624 2200/4029/3747 2291/4030/3748
f 2141/4014/3624 2291/4030/3748 2197/4015/3734
f 2197/4015/3734 2291/4030/3748 2292/4031/3749
f 2197/4015/3734 2292/4031/3749 2298/4032/3750
f 2298/4032/3750 2292/4031/3749 2293/4033/3751
f 2298/4032/3750 2293/4033/3751 2297/4034/3752
f 2297/4034/3752 2293/4033/3751 2294/4035/3753
f 2297/4034/3752 2294/4035/3753 2296/4036/3754
f 2296/4036/3754 2294/4035/3753 2198/4037/3755
f 2296/4036/3754 2198/4037/3755 2295/4038/3756
f 2295/4038/3756 2198/4037/3755 2174/4039/3757
f 2295/4038/3756 2174/4039/3757 2195/4024/3743
f 2195/4024/3743 2174/4039/3757 2175/4026/3745
f 2139/4040/3628 2202/4041/3758 2140/4028/3626
f 2140/4028/3626 2202/4041/3758 2299/4042/3759
f 2140/4028/3626 2299/4042/3759 2307/4043/3760
f 2307/4043/3760 2299/4042/3759 2300/4044/3761
f 2307/4043/3760 2300/4044/3761 2306/4045/3762
f 2306/4045/3762 2300/4044/3761 2301/4046/3763
f 2306/4045/3762 2301/4046/3763 2305/4047/3764
f 2305/4047/3764 2301/4046/3763 2302/4048/3765
f 2305/4047/3764 2302/4048/3765 2304/4049/3766
f 2304/4049/3766 2302/4048/3765 2199/4050/3767
f 2304/4049/3766 2199/4050/3767 2303/4051/3768
f 2303/4051/3768 2199/4050/3767 2173/4052/3769
f 2303/4051/3768 2173/4052/3769 2428/4053/3770
f 2428/4053/3770 2173/4052/3769 2198/4037/3755
f 2428/4053/3770 2198/4037/3755 2294/4035/3753
f 2138/4054/3630 2204/4055/3771 2139/4040/3628
f 2139/4040/3628 2204/4055/3771 2315/4056/3772
f 2139/4040/3628 2315/4056/3772 2202/4041/3758
f 2202/4041/3758 2315/4056/3772 2314/4057/3773
f 2202/4041/3758 2314/4057/3773 2424/4058/3774
f 2424/4058/3774 2314/4057/3773 2313/4059/3775
f 2424/4058/3774 2313/4059/3775 2425/4060/3776
f 2425/4060/3776 2313/4059/3775 2312/4061/3777
f 2425/4060/3776 2312/4061/3777 2426/4062/3778
f 2426/4062/3778 2312/4061/3777 2201/4063/3779
f 2426/4062/3778 2201/4063/3779 2427/4064/3780
f 2427/4064/3780 2201/4063/3779 2172/4065/3781
f 2427/4064/3780 2172/4065/3781 2199/4050/3767
f 2199/4050/3767 2172/4065/3781 2173/4052/3769
f 2137/4066/3632 2206/4067/3782 2138/4054/3630
f 2138/4054/3630 2206/4067/3782 2316/4068/3783
f 2138/4054/3630 2316/4068/3783 2324/4069/3784
f 2324/4069/3784 2316/4068/3783 2317/4070/3785
f 2324/4069/3784 2317/4070/3785 2323/4071/3786
f 2323/4071/3786 2317/4070/3785 2318/4072/3787
f 2323/4071/3786 2318/4072/3787 2322/4073/3788
f 2322/4073/3788 2318/4072/3787 2319/4074/3789
f 2322/4073/3788 2319/4074/3789 2321/4075/3790
f 2321/4075/3790 2319/4074/3789 2203/4076/3791
f 2321/4075/3790 2203/4076/3791 2320/4077/3792
f 2320/4077/3792 2203/4076/3791 2171/4078/3793
f 2320/4077/3792 2171/4078/3793 2311/4079/3794
f 2311/4079/3794 2171/4078/3793 2201/4063/3779
f 2311/4079/3794 2201/4063/3779 2312/4061/3777
f 2136/4080/3634 2208/4081/3795 2137/4066/3632
f 2137/4066/3632 2208/4081/3795 2325/4082/3796
f 2137/4066/3632 2325/4082/3796 2333/4083/3797
f 2333/4083/3797 2325/4082/3796 2326/4084/3798
f 2333/4083/3797 2326/4084/3798 2332/4085/3799
f 2332/4085/3799 2326/4084/3798 2327/4086/3800
f 2332/4085/3799 2327/4086/3800 2331/4087/3801
f 2331/4087/3801 2327/4086/3800 2328/4088/3802
f 2331/4087/3801 2328/4088/3802 2330/4089/3803
f 2330/4089/3803 2328/4088/3802 2329/4090/3804
f 2330/4089/3803 2329/4090/3804 2205/4091/3805
f 2205/4091/3805 2329/4090/3804 2169/4092/3806
f 2205/4091/3805 2169/4092/3806 2170/4093/3807
f 2135/4094/3636 2210/4095/3808 2136/4080/3634
f 2136/4080/3634 2210/4095/3808 2341/4096/3809
f 2136/4080/3634 2341/4096/3809 2208/4081/3795
f 2208/4081/3795 2341/4096/3809 2340/4097/3810
f 2208/4081/3795 2340/4097/3810 2416/4098/3811
f 2416/4098/3811 2340/4097/3810 2339/4099/3812
f 2416/4098/3811 2339/4099/3812 2417/4100/3813
f 2417/4100/3813 2339/4099/3812 2338/4101/3814
f 2417/4100/3813 2338/4101/3814 2418/4102/3815
f 2418/4102/3815 2338/4101/3814 2207/4103/3816
f 2418/4102/3815 2207/4103/3816 2419/4104/3817
f 2419/4104/3817 2207/4103/3816 2169/4092/3806
f 2419/4104/3817 2169/4092/3806 2329/4090/3804
f 2134/4105/3637 2212/4106/3818 2135/4094/3636
f 2135/4094/3636 2212/4106/3818 2342/4107/3819
f 2135/4094/3636 2342/4107/3819 2350/4108/3820
f 2350/4108/3820 2342/4107/3819 2343/4109/3821
f 2350/4108/3820 2343/4109/3821 2349/4110/3822
f 2349/4110/3822 2343/4109/3821 2344/4111/3823
f 2349/4110/3822 2344/4111/3823 2348/4112/3824
f 2348/4112/3824 2344/4111/3823 2345/4113/3825
f 2348/4112/3824 2345/4113/3825 2347/4114/3826
f 2347/4114/3826 2345/4113/3825 2346/4115/3827
f 2347/4114/3826 2346/4115/3827 2209/4116/3828
f 2209/4116/3828 2346/4115/3827 2167/4117/3829
f 2209/4116/3828 2167/4117/3829 2168/4118/3830
f 2133/4119/3639 2214/4120/3831 2134/4105/3637
f 2134/4105/3637 2214/4120/3831 2351/4121/3832
f 2134/4105/3637 2351/4121/3832 2359/4122/3833
f 2359/4122/3833 2351/4121/3832 2352/4123/3834
f 2359/4122/3833 2352/4123/3834 2358/4124/3835
f 2358/4124/3835 2352/4123/3834 2353/4125/3836
f 2358/4124/3835 2353/4125/3836 2357/4126/3837
f 2357/4126/3837 2353/4125/3836 2354/4127/3838
f 2357/4126/3837 2354/4127/3838 2356/4128/3839
f 2356/4128/3839 2354/4127/3838 2355/4129/3840
f 2356/4128/3839 2355/4129/3840 2211/4130/3841
f 2211/4130/3841 2355/4129/3840 2166/4131/3842
f 2211/4130/3841 2166/4131/3842 2167/4117/3829
f 2132/4132/3641 2216/4133/3843 2133/4119/3639
f 2133/4119/3639 2216/4133/3843 2360/4134/3844
f 2133/4119/3639 2360/4134/3844 2214/4120/3831
f 2214/4120/3831 2360/4134/3844 2361/4135/3845
f 2214/4120/3831 2361/4135/3845 2367/4136/3846
f 2367/4136/3846 2361/4135/3845 2362/4137/3847
f 2367/4136/3846 2362/4137/3847 2366/4138/3848
f 2366/4138/3848 2362/4137/3847 2363/4139/3849
f 2366/4138/3848 2363/4139/3849 2365/4140/3850
f 2365/4140/3850 2363/4139/3849 2364/4141/3851
f 2365/4140/3850 2364/4141/3851 2213/4142/3852
f 2213/4142/3852 2364/4141/3851 2165/4143/3853
f 2213/4142/3852 2165/4143/3853 2166/4131/3842
f 2131/4144/3643 2218/4145/3854 2132/4132/3641
f 2132/4132/3641 2218/4145/3854 2368/4146/3855
f 2132/4132/3641 2368/4146/3855 2376/4147/3856
f 2376/4147/3856 2368/4146/3855 2369/4148/3857
f 2376/4147/3856 2369/4148/3857 2375/4149/3858
f 2375/4149/3858 2369/4148/3857 2370/4150/3859
f 2375/4149/3858 2370/4150/3859 2374/4151/3860
f 2374/4151/3860 2370/4150/3859 2371/4152/3861
f 2374/4151/3860 2371/4152/3861 2373/4153/3862
f 2373/4153/3862 2371/4152/3861 2372/4154/3863
f 2373/4153/3862 2372/4154/3863 2215/4155/3864
f 2215/4155/3864 2372/4154/3863 2164/4156/3865
f 2215/4155/3864 2164/4156/3865 2165/4143/3853
f 2130/4157/3645 2220/4158/3866 2131/4144/3643
f 2131/4144/3643 2220/4158/3866 2385/4159/3867
f 2131/4144/3643 2385/4159/3867 2218/4145/3854
f 2218/4145/3854 2385/4159/3867 2384/4160/3868
f 2218/4145/3854 2384/4160/3868 2446/4161/3869
f 2446/4161/3869 2384/4160/3868 2383/4162/3870
f 2446/4161/3869 2383/4162/3870 2447/4163/3871
f 2447/4163/3871 2383/4162/3870 2382/4164/3872
f 2447/4163/3871 2382/4164/3872 2448/4165/3873
f 2448/4165/3873 2382/4164/3872 2381/4166/3874
f 2448/4165/3873 2381/4166/3874 2217/4167/3875
f 2217/4167/3875 2381/4166/3874 2163/4168/3876
f 2217/4167/3875 2163/4168/3876 2164/4156/3865
f 2129/4169/3647 2222/4170/3877 2130/4157/3645
f 2130/4157/3645 2222/4170/3877 2386/4171/3878
f 2130/4157/3645 2386/4171/3878 2394/4172/3879
f 2394/4172/3879 2386/4171/3878 2387/4173/3880
f 2394/4172/3879 2387/4173/3880 2393/4174/3881
f 2393/4174/3881 2387/4173/3880 2388/4175/3882
f 2393/4174/3881 2388/4175/3882 2392/4176/3883
f 2392/4176/3883 2388/4175/3882 2389/4177/3884
f 2392/4176/3883 2389/4177/3884 2391/4178/3885
f 2391/4178/3885 2389/4177/3884 2390/4179/3886
f 2391/4178/3885 2390/4179/3886 2219/4180/3887
f 2219/4180/3887 2390/4179/3886 2162/4181/3888
f 2219/4180/3887 2162/4181/3888 2163/4168/3876
f 2128/4182/3649 2224/4183/3889 2129/4169/3647
f 2129/4169/3647 2224/4183/3889 2395/4184/3890
f 2129/4169/3647 2395/4184/3890 2404/4185/3891
f 2404/4185/3891 2395/4184/3890 2396/4186/3892
f 2404/4185/3891 2396/4186/3892 2403/4187/3893
f 2403/4187/3893 2396/4186/3892 2397/4188/3894
f 2403/4187/3893 2397/4188/3894 2402/4189/3895
f 2402/4189/3895 2397/4188/3894 2398/4190/3896
f 2402/4189/3895 2398/4190/3896 2401/4191/3897
f 2401/4191/3897 2398/4190/3896 2399/4192/3898
f 2401/4191/3897 2399/4192/3898 2400/4193/3899
f 2400/4193/3899 2399/4192/3898 2161/4194/3900
f 2400/4193/3899 2161/4194/3900 2221/4195/3901
f 2221/4195/3901 2161/4194/3900 2162/4181/3888
f 2221/4195/3901 2162/4181/3888 2390/4179/3886
f 2128/4182/3649 2155/4196/3902 2224/4183/3889
f 2224/4183/3889 2155/4196/3902 2156/4197/3903
f 2224/4183/3889 2156/4197/3903 2407/4198/3904
f 2407/4198/3904 2156/4197/3903 2157/4199/3905
f 2407/4198/3904 2157/4199/3905 2406/4200/3906
f 2406/4200/3906 2157/4199/3905 2158/4201/3907
f 2406/4200/3906 2158/4201/3907 2405/4202/3908
f 2405/4202/3908 2158/4201/3907 2159/4203/3909
f 2405/4202/3908 2159/4203/3909 2223/4204/3910
f 2223/4204/3910 2159/4203/3909 2160/4205/3911
f 2223/4204/3910 2160/4205/3911 2161/4194/3900
f 2169/4092/3806 2207/4103/3816 2168/4118/3830
f 2168/4118/3830 2207/4103/3816 2337/4206/3912
f 2168/4118/3830 2337/4206/3912 2209/4116/3828
f 2209/4116/3828 2337/4206/3912 2336/4207/3913
f 2209/4116/3828 2336/4207/3913 2347/4114/3826
f 2347/4114/3826 2336/4207/3913 2335/4208/3914
f 2347/4114/3826 2335/4208/3914 2348/4112/3824
f 2348/4112/3824 2335/4208/3914 2334/4209/3915
f 2348/4112/3824 2334/4209/3915 2349/4110/3822
f 2349/4110/3822 2334/4209/3915 2210/4095/3808
f 2349/4110/3822 2210/4095/3808 2350/4108/3820
f 2350/4108/3820 2210/4095/3808 2135/4094/3636
f 2171/4078/3793 2203/4076/3791 2170/4093/3807
f 2170/4093/3807 2203/4076/3791 2423/4210/3916
f 2170/4093/3807 2423/4210/3916 2205/4091/3805
f 2205/4091/3805 2423/4210/3916 2422/4211/3917
f 2205/4091/3805 2422/4211/3917 2330/4089/3803
f 2330/4089/3803 2422/4211/3917 2421/4212/3918
f 2330/4089/3803 2421/4212/3918 2331/4087/3801
f 2331/4087/3801 2421/4212/3918 2420/4213/3919
f 2331/4087/3801 2420/4213/3919 2332/4085/3799
f 2332/4085/3799 2420/4213/3919 2206/4067/3782
f 2332/4085/3799 2206/4067/3782 2333/4083/3797
f 2333/4083/3797 2206/4067/3782 2137/4066/3632
f 2171/4078/3793 2172/4065/3781 2201/4063/3779
f 2173/4052/3769 2174/4039/3757 2198/4037/3755
f 2175/4026/3745 2176/4012/3732 2194/4010/3730
f 2148/3935/3611 2237/3939/3664 2183/3933/3661
f 2183/3933/3661 2237/3939/3664 2236/3941/3666
f 2183/3933/3661 2236/3941/3666 2225/3931/3659
f 2225/3931/3659 2236/3941/3666 2235/3943/3668
f 2225/3931/3659 2235/3943/3668 2226/3929/3657
f 2226/3929/3657 2235/3943/3668 2234/3945/3670
f 2226/3929/3657 2234/3945/3670 2227/3927/3655
f 2227/3927/3655 2234/3945/3670 2233/3947/3672
f 2227/3927/3655 2233/3947/3672 2182/3924/3652
f 2147/3936/3613 2246/3951/3675 2185/3937/3662
f 2185/3937/3662 2246/3951/3675 2245/3953/3677
f 2185/3937/3662 2245/3953/3677 2445/4214/3920
f 2445/4214/3920 2245/3953/3677 2244/3955/3679
f 2445/4214/3920 2244/3955/3679 2444/4215/3921
f 2444/4215/3921 2244/3955/3679 2243/3957/3681
f 2444/4215/3921 2243/3957/3681 2443/4216/3922
f 2443/4216/3922 2243/3957/3681 2242/3959/3683
f 2443/4216/3922 2242/3959/3683 2184/3961/3685
f 2145/3962/3617 2264/3977/3699 2189/3963/3686
f 2189/3963/3686 2264/3977/3699 2263/3979/3701
f 2189/3963/3686 2263/3979/3701 2442/4217/3923
f 2442/4217/3923 2263/3979/3701 2262/3981/3703
f 2442/4217/3923 2262/3981/3703 2441/4218/3924
f 2441/4218/3924 2262/3981/3703 2261/3983/3705
f 2441/4218/3924 2261/3983/3705 2440/4219/3925
f 2440/4219/3925 2261/3983/3705 2260/3985/3707
f 2440/4219/3925 2260/3985/3707 2188/3987/3709
f 2143/3988/3621 2281/4003/3723 2193/3989/3710
f 2193/3989/3710 2281/4003/3723 2280/4005/3725
f 2193/3989/3710 2280/4005/3725 2265/4220/3926
f 2265/4220/3926 2280/4005/3725 2279/4007/3727
f 2265/4220/3926 2279/4007/3727 2266/4221/3927
f 2266/4221/3927 2279/4007/3727 2278/4009/3729
f 2266/4221/3927 2278/4009/3729 2267/4222/3928
f 2267/4222/3928 2278/4009/3729 2277/4011/3731
f 2267/4222/3928 2277/4011/3731 2191/4013/3733
f 2142/4000/3623 2290/4017/3736 2196/4001/3721
f 2196/4001/3721 2290/4017/3736 2289/4019/3738
f 2196/4001/3721 2289/4019/3738 2435/4223/3929
f 2435/4223/3929 2289/4019/3738 2288/4021/3740
f 2435/4223/3929 2288/4021/3740 2434/4224/3930
f 2434/4224/3930 2288/4021/3740 2287/4023/3742
f 2434/4224/3930 2287/4023/3742 2433/4225/3931
f 2433/4225/3931 2287/4023/3742 2286/4025/3744
f 2433/4225/3931 2286/4025/3744 2432/4027/3746
f 2140/4028/3626 2307/4043/3760 2200/4029/3747
f 2200/4029/3747 2307/4043/3760 2306/4045/3762
f 2200/4029/3747 2306/4045/3762 2431/4226/3932
f 2431/4226/3932 2306/4045/3762 2305/4047/3764
f 2431/4226/3932 2305/4047/3764 2430/4227/3933
f 2430/4227/3933 2305/4047/3764 2304/4049/3766
f 2430/4227/3933 2304/4049/3766 2429/4228/3934
f 2429/4228/3934 2304/4049/3766 2303/4051/3768
f 2429/4228/3934 2303/4051/3768 2428/4053/3770
f 2138/4054/3630 2324/4069/3784 2204/4055/3771
f 2204/4055/3771 2324/4069/3784 2323/4071/3786
f 2204/4055/3771 2323/4071/3786 2308/4229/3935
f 2308/4229/3935 2323/4071/3786 2322/4073/3788
f 2308/4229/3935 2322/4073/3788 2309/4230/3936
f 2309/4230/3936 2322/4073/3788 2321/4075/3790
f 2309/4230/3936 2321/4075/3790 2310/4231/3937
f 2310/4231/3937 2321/4075/3790 2320/4077/3792
f 2310/4231/3937 2320/4077/3792 2311/4079/3794
f 2211/4130/3841 2167/4117/3829 2415/4232/3938
f 2415/4232/3938 2167/4117/3829 2346/4115/3827
f 2415/4232/3938 2346/4115/3827 2345/4113/3825
f 2134/4105/3637 2359/4122/3833 2212/4106/3818
f 2212/4106/3818 2359/4122/3833 2358/4124/3835
f 2212/4106/3818 2358/4124/3835 2412/4233/3939
f 2412/4233/3939 2358/4124/3835 2357/4126/3837
f 2412/4233/3939 2357/4126/3837 2413/4234/3940
f 2413/4234/3940 2357/4126/3837 2356/4128/3839
f 2413/4234/3940 2356/4128/3839 2414/4235/3941
f 2414/4235/3941 2356/4128/3839 2211/4130/3841
f 2414/4235/3941 2211/4130/3841 2415/4232/3938
f 2166/4131/3842 2355/4129/3840 2213/4142/3852
f 2213/4142/3852 2355/4129/3840 2354/4127/3838
f 2213/4142/3852 2354/4127/3838 2365/4140/3850
f 2365/4140/3850 2354/4127/3838 2353/4125/3836
f 2365/4140/3850 2353/4125/3836 2366/4138/3848
f 2366/4138/3848 2353/4125/3836 2352/4123/3834
f 2366/4138/3848 2352/4123/3834 2367/4136/3846
f 2367/4136/3846 2352/4123/3834 2351/4121/3832
f 2367/4136/3846 2351/4121/3832 2214/4120/3831
f 2215/4155/3864 2165/4143/3853 2411/4236/3942
f 2411/4236/3942 2165/4143/3853 2364/4141/3851
f 2411/4236/3942 2364/4141/3851 2363/4139/3849
f 2132/4132/3641 2376/4147/3856 2216/4133/3843
f 2216/4133/3843 2376/4147/3856 2375/4149/3858
f 2216/4133/3843 2375/4149/3858 2408/4237/3943
f 2408/4237/3943 2375/4149/3858 2374/4151/3860
f 2408/4237/3943 2374/4151/3860 2409/4238/3944
f 2409/4238/3944 2374/4151/3860 2373/4153/3862
f 2409/4238/3944 2373/4153/3862 2410/4239/3945
f 2410/4239/3945 2373/4153/3862 2215/4155/3864
f 2410/4239/3945 2215/4155/3864 2411/4236/3942
f 2164/4156/3865 2372/4154/3863 2217/4167/3875
f 2217/4167/3875 2372/4154/3863 2371/4152/3861
f 2217/4167/3875 2371/4152/3861 2448/4165/3873
f 2448/4165/3873 2371/4152/3861 2370/4150/3859
f 2448/4165/3873 2370/4150/3859 2447/4163/3871
f 2447/4163/3871 2370/4150/3859 2369/4148/3857
f 2447/4163/3871 2369/4148/3857 2446/4161/3869
f 2446/4161/3869 2369/4148/3857 2368/4146/3855
f 2446/4161/3869 2368/4146/3855 2218/4145/3854
f 2219/4180/3887 2163/4168/3876 2380/4240/3946
f 2380/4240/3946 2163/4168/3876 2381/4166/3874
f 2380/4240/3946 2381/4166/3874 2382/4164/3872
f 2130/4157/3645 2394/4172/3879 2220/4158/3866
f 2220/4158/3866 2394/4172/3879 2393/4174/3881
f 2220/4158/3866 2393/4174/3881 2377/4241/3947
f 2377/4241/3947 2393/4174/3881 2392/4176/3883
f 2377/4241/3947 2392/4176/3883 2378/4242/3948
f 2378/4242/3948 2392/4176/3883 2391/4178/3885
f 2378/4242/3948 2391/4178/3885 2379/4243/3949
f 2379/4243/3949 2391/4178/3885 2219/4180/3887
f 2379/4243/3949 2219/4180/3887 2380/4240/3946
f 2129/4169/3647 2404/4185/3891 2222/4170/3877
f 2222/4170/3877 2404/4185/3891 2403/4187/3893
f 2222/4170/3877 2403/4187/3893 2449/4244/3950
f 2449/4244/3950 2403/4187/3893 2402/4189/3895
f 2449/4244/3950 2402/4189/3895 2450/4245/3951
f 2450/4245/3951 2402/4189/3895 2401/4191/3897
f 2450/4245/3951 2401/4191/3897 2451/4246/3952
f 2451/4246/3952 2401/4191/3897 2400/4193/3899
f 2451/4246/3952 2400/4193/3899 2221/4195/3901
f 2161/4194/3900 2399/4192/3898 2223/4204/3910
f 2223/4204/3910 2399/4192/3898 2398/4190/3896
f 2223/4204/3910 2398/4190/3896 2405/4202/3908
f 2405/4202/3908 2398/4190/3896 2397/4188/3894
f 2405/4202/3908 2397/4188/3894 2406/4200/3906
f 2406/4200/3906 2397/4188/3894 2396/4186/3892
f 2406/4200/3906 2396/4186/3892 2407/4198/3904
f 2407/4198/3904 2396/4186/3892 2395/4184/3890
f 2407/4198/3904 2395/4184/3890 2224/4183/3889
f 2185/3937/3662 2445/4214/3920 2228/3938/3663
f 2228/3938/3663 2445/4214/3920 2229/3940/3665
f 2445/4214/3920 2444/4215/3921 2229/3940/3665
f 2229/3940/3665 2444/4215/3921 2230/3942/3667
f 2184/3961/3685 2232/3946/3671 2231/3944/3669
f 2444/4215/3921 2443/4216/3922 2230/3942/3667
f 2230/3942/3667 2443/4216/3922 2231/3944/3669
f 2443/4216/3922 2184/3961/3685 2231/3944/3669
f 2187/3949/3673 2255/3966/3689 2238/3950/3674
f 2238/3950/3674 2255/3966/3689 2239/3952/3676
f 2255/3966/3689 2254/3968/3691 2239/3952/3676
f 2239/3952/3676 2254/3968/3691 2240/3954/3678
f 2252/3972/3695 2186/3958/3682 2241/3956/3680
f 2254/3968/3691 2253/3970/3693 2240/3954/3678
f 2240/3954/3678 2253/3970/3693 2241/3956/3680
f 2253/3970/3693 2252/3972/3695 2241/3956/3680
f 2189/3963/3686 2442/4217/3923 2247/3964/3687
f 2247/3964/3687 2442/4217/3923 2248/3965/3688
f 2442/4217/3923 2441/4218/3924 2248/3965/3688
f 2248/3965/3688 2441/4218/3924 2249/3967/3690
f 2188/3987/3709 2251/3971/3694 2250/3969/3692
f 2441/4218/3924 2440/4219/3925 2249/3967/3690
f 2249/3967/3690 2440/4219/3925 2250/3969/3692
f 2440/4219/3925 2188/3987/3709 2250/3969/3692
f 2192/3975/3697 2439/3992/3713 2256/3976/3698
f 2256/3976/3698 2439/3992/3713 2257/3978/3700
f 2439/3992/3713 2438/3994/3715 2257/3978/3700
f 2257/3978/3700 2438/3994/3715 2258/3980/3702
f 2436/3998/3719 2190/3984/3706 2259/3982/3704
f 2438/3994/3715 2437/3996/3717 2258/3980/3702
f 2258/3980/3702 2437/3996/3717 2259/3982/3704
f 2437/3996/3717 2436/3998/3719 2259/3982/3704
f 2271/3991/3712 2272/3990/3711 2265/4220/3926
f 2265/4220/3926 2272/3990/3711 2193/3989/3710
f 2270/3993/3714 2271/3991/3712 2266/4221/3927
f 2266/4221/3927 2271/3991/3712 2265/4220/3926
f 2269/3995/3716 2270/3993/3714 2267/4222/3928
f 2267/4222/3928 2270/3993/3714 2266/4221/3927
f 2268/3997/3718 2269/3995/3716 2191/4013/3733
f 2191/4013/3733 2269/3995/3716 2267/4222/3928
f 2196/4001/3721 2435/4223/3929 2273/4002/3722
f 2273/4002/3722 2435/4223/3929 2274/4004/3724
f 2435/4223/3929 2434/4224/3930 2274/4004/3724
f 2274/4004/3724 2434/4224/3930 2275/4006/3726
f 2434/4224/3930 2433/4225/3931 2275/4006/3726
f 2275/4006/3726 2433/4225/3931 2276/4008/3728
f 2433/4225/3931 2432/4027/3746 2276/4008/3728
f 2197/4015/3734 2298/4032/3750 2282/4016/3735
f 2282/4016/3735 2298/4032/3750 2283/4018/3737
f 2298/4032/3750 2297/4034/3752 2283/4018/3737
f 2283/4018/3737 2297/4034/3752 2284/4020/3739
f 2295/4038/3756 2195/4024/3743 2285/4022/3741
f 2297/4034/3752 2296/4036/3754 2284/4020/3739
f 2284/4020/3739 2296/4036/3754 2285/4022/3741
f 2296/4036/3754 2295/4038/3756 2285/4022/3741
f 2200/4029/3747 2431/4226/3932 2291/4030/3748
f 2291/4030/3748 2431/4226/3932 2292/4031/3749
f 2431/4226/3932 2430/4227/3933 2292/4031/3749
f 2292/4031/3749 2430/4227/3933 2293/4033/3751
f 2430/4227/3933 2429/4228/3934 2293/4033/3751
f 2293/4033/3751 2429/4228/3934 2294/4035/3753
f 2429/4228/3934 2428/4053/3770 2294/4035/3753
f 2202/4041/3758 2424/4058/3774 2299/4042/3759
f 2299/4042/3759 2424/4058/3774 2300/4044/3761
f 2424/4058/3774 2425/4060/3776 2300/4044/3761
f 2300/4044/3761 2425/4060/3776 2301/4046/3763
f 2427/4064/3780 2199/4050/3767 2302/4048/3765
f 2425/4060/3776 2426/4062/3778 2301/4046/3763
f 2301/4046/3763 2426/4062/3778 2302/4048/3765
f 2426/4062/3778 2427/4064/3780 2302/4048/3765
f 2314/4057/3773 2315/4056/3772 2308/4229/3935
f 2308/4229/3935 2315/4056/3772 2204/4055/3771
f 2313/4059/3775 2314/4057/3773 2309/4230/3936
f 2309/4230/3936 2314/4057/3773 2308/4229/3935
f 2312/4061/3777 2313/4059/3775 2310/4231/3937
f 2310/4231/3937 2313/4059/3775 2309/4230/3936
f 2310/4231/3937 2311/4079/3794 2312/4061/3777
f 2206/4067/3782 2420/4213/3919 2316/4068/3783
f 2316/4068/3783 2420/4213/3919 2317/4070/3785
f 2420/4213/3919 2421/4212/3918 2317/4070/3785
f 2317/4070/3785 2421/4212/3918 2318/4072/3787
f 2423/4210/3916 2203/4076/3791 2319/4074/3789
f 2421/4212/3918 2422/4211/3917 2318/4072/3787
f 2318/4072/3787 2422/4211/3917 2319/4074/3789
f 2422/4211/3917 2423/4210/3916 2319/4074/3789
f 2208/4081/3795 2416/4098/3811 2325/4082/3796
f 2325/4082/3796 2416/4098/3811 2326/4084/3798
f 2416/4098/3811 2417/4100/3813 2326/4084/3798
f 2326/4084/3798 2417/4100/3813 2327/4086/3800
f 2419/4104/3817 2329/4090/3804 2328/4088/3802
f 2417/4100/3813 2418/4102/3815 2327/4086/3800
f 2327/4086/3800 2418/4102/3815 2328/4088/3802
f 2418/4102/3815 2419/4104/3817 2328/4088/3802
f 2340/4097/3810 2341/4096/3809 2334/4209/3915
f 2334/4209/3915 2341/4096/3809 2210/4095/3808
f 2339/4099/3812 2340/4097/3810 2335/4208/3914
f 2335/4208/3914 2340/4097/3810 2334/4209/3915
f 2338/4101/3814 2339/4099/3812 2336/4207/3913
f 2336/4207/3913 2339/4099/3812 2335/4208/3914
f 2207/4103/3816 2338/4101/3814 2337/4206/3912
f 2337/4206/3912 2338/4101/3814 2336/4207/3913
f 2212/4106/3818 2412/4233/3939 2342/4107/3819
f 2342/4107/3819 2412/4233/3939 2343/4109/3821
f 2412/4233/3939 2413/4234/3940 2343/4109/3821
f 2343/4109/3821 2413/4234/3940 2344/4111/3823
f 2413/4234/3940 2414/4235/3941 2344/4111/3823
f 2344/4111/3823 2414/4235/3941 2345/4113/3825
f 2414/4235/3941 2415/4232/3938 2345/4113/3825
f 2216/4133/3843 2408/4237/3943 2360/4134/3844
f 2360/4134/3844 2408/4237/3943 2361/4135/3845
f 2408/4237/3943 2409/4238/3944 2361/4135/3845
f 2361/4135/3845 2409/4238/3944 2362/4137/3847
f 2409/4238/3944 2410/4239/3945 2362/4137/3847
f 2362/4137/3847 2410/4239/3945 2363/4139/3849
f 2410/4239/3945 2411/4236/3942 2363/4139/3849
f 2384/4160/3868 2385/4159/3867 2377/4241/3947
f 2377/4241/3947 2385/4159/3867 2220/4158/3866
f 2383/4162/3870 2384/4160/3868 2378/4242/3948
f 2378/4242/3948 2384/4160/3868 2377/4241/3947
f 2382/4164/3872 2383/4162/3870 2379/4243/3949
f 2379/4243/3949 2383/4162/3870 2378/4242/3948
f 2379/4243/3949 2380/4240/3946 2382/4164/3872
f 2222/4170/3877 2449/4244/3950 2386/4171/3878
f 2386/4171/3878 2449/4244/3950 2387/4173/3880
f 2449/4244/3950 2450/4245/3951 2387/4173/3880
f 2387/4173/3880 2450/4245/3951 2388/4175/3882
f 2221/4195/3901 2390/4179/3886 2389/4177/3884
f 2450/4245/3951 2451/4246/3952 2388/4175/3882
f 2388/4175/3882 2451/4246/3952 2389/4177/3884
f 2451/4246/3952 2221/4195/3901 2389/4177/3884
f 2452/4247/3953 2149/4248/3651 2474/4249/3954
f 2474/4249/3954 2149/4248/3651 2181/4250/3650
f 2474/4249/3954 2181/4250/3650 2180/4251/3684
f 2474/4249/3954 2180/4251/3684 2473/4252/3955
f 2473/4252/3955 2180/4251/3684 2179/4253/3696
f 2473/4252/3955 2179/4253/3696 2472/4254/3956
f 2472/4254/3956 2179/4253/3696 2178/4255/3708
f 2472/4254/3956 2178/4255/3708 2471/4256/3957
f 2471/4256/3957 2178/4255/3708 2177/4257/3720
f 2471/4256/3957 2177/4257/3720 2470/4258/3958
f 2470/4258/3958 2177/4257/3720 2176/4259/3732
f 2470/4258/3958 2176/4259/3732 2469/4260/3959
f 2469/4260/3959 2176/4259/3732 2175/4261/3745
f 2469/4260/3959 2175/4261/3745 2468/4262/3960
f 2468/4262/3960 2175/4261/3745 2174/4263/3757
f 2468/4262/3960 2174/4263/3757 2467/4264/3961
f 2467/4264/3961 2174/4263/3757 2173/4265/3769
f 2467/4264/3961 2173/4265/3769 2466/4266/3962
f 2466/4266/3962 2173/4265/3769 2172/4267/3781
f 2466/4266/3962 2172/4267/3781 2465/4268/3963
f 2465/4268/3963 2172/4267/3781 2171/4269/3793
f 2465/4268/3963 2171/4269/3793 2464/4270/3964
f 2464/4270/3964 2171/4269/3793 2170/4271/3807
f 2464/4270/3964 2170/4271/3807 2463/4272/3965
f 2463/4272/3965 2170/4271/3807 2169/4273/3806
f 2463/4272/3965 2169/4273/3806 2462/4274/3966
f 2462/4274/3966 2169/4273/3806 2168/4275/3830
f 2462/4274/3966 2168/4275/3830 2461/4276/3967
f 2461/4276/3967 2168/4275/3830 2167/4277/3829
f 2461/4276/3967 2167/4277/3829 2460/4278/3968
f 2460/4278/3968 2167/4277/3829 2166/4279/3842
f 2460/4278/3968 2166/4279/3842 2459/4280/3969
f 2459/4280/3969 2166/4279/3842 2165/4281/3853
f 2459/4280/3969 2165/4281/3853 2458/4282/3970
f 2458/4282/3970 2165/4281/3853 2164/4283/3865
f 2458/4282/3970 2164/4283/3865 2457/4284/3971
f 2457/4284/3971 2164/4283/3865 2163/4285/3876
f 2457/4284/3971 2163/4285/3876 2456/4286/3972
f 2456/4286/3972 2163/4285/3876 2162/4287/3888
f 2456/4286/3972 2162/4287/3888 2455/4288/3973
f 2455/4288/3973 2162/4287/3888 2161/4289/3900
f 2455/4288/3973 2161/4289/3900 2454/4290/3974
f 2454/4290/3974 2161/4289/3900 2453/4291/3975
f 2453/4291/3975 2161/4289/3900 2160/4292/3911
f 2507/4293/3976 2475/4294/3977 2508/4295/3978
f 2508/4295/3978 2475/4294/3977 2476/4296/3979
f 2508/4295/3978 2476/4296/3979 2477/4297/3980
f 2508/4295/3978 2477/4297/3980 2554/4298/3981
f 2554/4298/3981 2477/4297/3980 2478/4299/3982
f 2554/4298/3981 2478/4299/3982 2553/4300/3983
f 2553/4300/3983 2478/4299/3982 2479/4301/3984
f 2553/4300/3983 2479/4301/3984 2552/4302/3985
f 2552/4302/3985 2479/4301/3984 2480/4303/3986
f 2552/4302/3985 2480/4303/3986 2509/4304/3987
f 2509/4304/3987 2480/4303/3986 2452/4305/3953
f 2509/4304/3987 2452/4305/3953 2474/4306/3954
f 2473/4307/3955 2511/4308/3988 2474/4306/3954
f 2474/4306/3954 2511/4308/3988 2555/4309/3989
f 2474/4306/3954 2555/4309/3989 2564/4310/3990
f 2564/4310/3990 2555/4309/3989 2556/4311/3991
f 2564/4310/3990 2556/4311/3991 2563/4312/3992
f 2563/4312/3992 2556/4311/3991 2557/4313/3993
f 2563/4312/3992 2557/4313/3993 2562/4314/3994
f 2562/4314/3994 2557/4313/3993 2558/4315/3995
f 2562/4314/3994 2558/4315/3995 2561/4316/3996
f 2561/4316/3996 2558/4315/3995 2559/4317/3997
f 2561/4316/3996 2559/4317/3997 2560/4318/3998
f 2560/4318/3998 2559/4317/3997 2507/4293/3976
f 2560/4318/3998 2507/4293/3976 2508/4295/3978
f 2472/4319/3956 2513/4320/3999 2473/4307/3955
f 2473/4307/3955 2513/4320/3999 2572/4321/4000
f 2473/4307/3955 2572/4321/4000 2511/4308/3988
f 2511/4308/3988 2572/4321/4000 2571/4322/4001
f 2511/4308/3988 2571/4322/4001 2753/4323/4002
f 2753/4323/4002 2571/4322/4001 2570/4324/4003
f 2753/4323/4002 2570/4324/4003 2754/4325/4004
f 2754/4325/4004 2570/4324/4003 2569/4326/4005
f 2754/4325/4004 2569/4326/4005 2755/4327/4006
f 2755/4327/4006 2569/4326/4005 2568/4328/4007
f 2755/4327/4006 2568/4328/4007 2510/4329/4008
f 2510/4329/4008 2568/4328/4007 2506/4330/4009
f 2510/4329/4008 2506/4330/4009 2507/4293/3976
f 2471/4331/3957 2515/4332/4010 2472/4319/3956
f 2472/4319/3956 2515/4332/4010 2573/4333/4011
f 2472/4319/3956 2573/4333/4011 2582/4334/4012
f 2582/4334/4012 2573/4333/4011 2574/4335/4013
f 2582/4334/4012 2574/4335/4013 2581/4336/4014
f 2581/4336/4014 2574/4335/4013 2575/4337/4015
f 2581/4336/4014 2575/4337/4015 2580/4338/4016
f 2580/4338/4016 2575/4337/4015 2576/4339/4017
f 2580/4338/4016 2576/4339/4017 2579/4340/4018
f 2579/4340/4018 2576/4339/4017 2577/4341/4019
f 2579/4340/4018 2577/4341/4019 2578/4342/4020
f 2578/4342/4020 2577/4341/4019 2505/4343/4021
f 2578/4342/4020 2505/4343/4021 2512/4344/4022
f 2512/4344/4022 2505/4343/4021 2506/4330/4009
f 2512/4344/4022 2506/4330/4009 2568/4328/4007
f 2470/4345/3958 2517/4346/4023 2471/4331/3957
f 2471/4331/3957 2517/4346/4023 2590/4347/4024
f 2471/4331/3957 2590/4347/4024 2515/4332/4010
f 2515/4332/4010 2590/4347/4024 2589/4348/4025
f 2515/4332/4010 2589/4348/4025 2756/4349/4026
f 2756/4349/4026 2589/4348/4025 2588/4350/4027
f 2756/4349/4026 2588/4350/4027 2757/4351/4028
f 2757/4351/4028 2588/4350/4027 2587/4352/4029
f 2757/4351/4028 2587/4352/4029 2758/4353/4030
f 2758/4353/4030 2587/4352/4029 2586/4354/4031
f 2758/4353/4030 2586/4354/4031 2514/4355/4032
f 2514/4355/4032 2586/4354/4031 2504/4356/4033
f 2514/4355/4032 2504/4356/4033 2505/4343/4021
f 2469/4357/3959 2519/4358/4034 2470/4345/3958
f 2470/4345/3958 2519/4358/4034 2591/4359/4035
f 2470/4345/3958 2591/4359/4035 2600/4360/4036
f 2600/4360/4036 2591/4359/4035 2592/4361/4037
f 2600/4360/4036 2592/4361/4037 2599/4362/4038
f 2599/4362/4038 2592/4361/4037 2593/4363/4039
f 2599/4362/4038 2593/4363/4039 2598/4364/4040
f 2598/4364/4040 2593/4363/4039 2594/4365/4041
f 2598/4364/4040 2594/4365/4041 2597/4366/4042
f 2597/4366/4042 2594/4365/4041 2595/4367/4043
f 2597/4366/4042 2595/4367/4043 2596/4368/4044
f 2596/4368/4044 2595/4367/4043 2503/4369/4045
f 2596/4368/4044 2503/4369/4045 2516/4370/4046
f 2516/4370/4046 2503/4369/4045 2504/4356/4033
f 2516/4370/4046 2504/4356/4033 2586/4354/4031
f 2468/4371/3960 2521/4372/4047 2469/4357/3959
f 2469/4357/3959 2521/4372/4047 2601/4373/4048
f 2469/4357/3959 2601/4373/4048 2610/4374/4049
f 2610/4374/4049 2601/4373/4048 2602/4375/4050
f 2610/4374/4049 2602/4375/4050 2609/4376/4051
f 2609/4376/4051 2602/4375/4050 2603/4377/4052
f 2609/4376/4051 2603/4377/4052 2608/4378/4053
f 2608/4378/4053 2603/4377/4052 2604/4379/4054
f 2608/4378/4053 2604/4379/4054 2607/4380/4055
f 2607/4380/4055 2604/4379/4054 2605/4381/4056
f 2607/4380/4055 2605/4381/4056 2606/4382/4057
f 2606/4382/4057 2605/4381/4056 2502/4383/4058
f 2606/4382/4057 2502/4383/4058 2518/4384/4059
f 2518/4384/4059 2502/4383/4058 2503/4369/4045
f 2518/4384/4059 2503/4369/4045 2595/4367/4043
f 2467/4385/3961 2523/4386/4060 2468/4371/3960
f 2468/4371/3960 2523/4386/4060 2611/4387/4061
f 2468/4371/3960 2611/4387/4061 2521/4372/4047
f 2521/4372/4047 2611/4387/4061 2612/4388/4062
f 2521/4372/4047 2612/4388/4062 2618/4389/4063
f 2618/4389/4063 2612/4388/4062 2613/4390/4064
f 2618/4389/4063 2613/4390/4064 2617/4391/4065
f 2617/4391/4065 2613/4390/4064 2614/4392/4066
f 2617/4391/4065 2614/4392/4066 2616/4393/4067
f 2616/4393/4067 2614/4392/4066 2615/4394/4068
f 2616/4393/4067 2615/4394/4068 2520/4395/4069
f 2520/4395/4069 2615/4394/4068 2501/4396/4070
f 2520/4395/4069 2501/4396/4070 2502/4383/4058
f 2466/4397/3962 2525/4398/4071 2467/4385/3961
f 2467/4385/3961 2525/4398/4071 2619/4399/4072
f 2467/4385/3961 2619/4399/4072 2628/4400/4073
f 2628/4400/4073 2619/4399/4072 2620/4401/4074
f 2628/4400/4073 2620/4401/4074 2627/4402/4075
f 2627/4402/4075 2620/4401/4074 2621/4403/4076
f 2627/4402/4075 2621/4403/4076 2626/4404/4077
f 2626/4404/4077 2621/4403/4076 2622/4405/4078
f 2626/4404/4077 2622/4405/4078 2625/4406/4079
f 2625/4406/4079 2622/4405/4078 2623/4407/4080
f 2625/4406/4079 2623/4407/4080 2624/4408/4081
f 2624/4408/4081 2623/4407/4080 2500/4409/4082
f 2624/4408/4081 2500/4409/4082 2522/4410/4083
f 2522/4410/4083 2500/4409/4082 2501/4396/4070
f 2522/4410/4083 2501/4396/4070 2615/4394/4068
f 2465/4411/3963 2527/4412/4084 2466/4397/3962
f 2466/4397/3962 2527/4412/4084 2629/4413/4085
f 2466/4397/3962 2629/4413/4085 2525/4398/4071
f 2525/4398/4071 2629/4413/4085 2630/4414/4086
f 2525/4398/4071 2630/4414/4086 2636/4415/4087
f 2636/4415/4087 2630/4414/4086 2631/4416/4088
f 2636/4415/4087 2631/4416/4088 2635/4417/4089
f 2635/4417/4089 2631/4416/4088 2632/4418/4090
f 2635/4417/4089 2632/4418/4090 2634/4419/4091
f 2634/4419/4091 2632/4418/4090 2633/4420/4092
f 2634/4419/4091 2633/4420/4092 2524/4421/4093
f 2524/4421/4093 2633/4420/4092 2499/4422/4094
f 2524/4421/4093 2499/4422/4094 2500/4409/4082
f 2464/4423/3964 2529/4424/4095 2465/4411/3963
f 2465/4411/3963 2529/4424/4095 2637/4425/4096
f 2465/4411/3963 2637/4425/4096 2646/4426/4097
f 2646/4426/4097 2637/4425/4096 2638/4427/4098
f 2646/4426/4097 2638/4427/4098 2645/4428/4099
f 2645/4428/4099 2638/4427/4098 2639/4429/4100
f 2645/4428/4099 2639/4429/4100 2644/4430/4101
f 2644/4430/4101 2639/4429/4100 2640/4431/4102
f 2644/4430/4101 2640/4431/4102 2643/4432/4103
f 2643/4432/4103 2640/4431/4102 2641/4433/4104
f 2643/4432/4103 2641/4433/4104 2642/4434/4105
f 2642/4434/4105 2641/4433/4104 2498/4435/4106
f 2642/4434/4105 2498/4435/4106 2526/4436/4107
f 2526/4436/4107 2498/4435/4106 2499/4422/4094
f 2526/4436/4107 2499/4422/4094 2633/4420/4092
f 2463/4437/3965 2531/4438/4108 2464/4423/3964
f 2464/4423/3964 2531/4438/4108 2654/4439/4109
f 2464/4423/3964 2654/4439/4109 2529/4424/4095
f 2529/4424/4095 2654/4439/4109 2653/4440/4110
f 2529/4424/4095 2653/4440/4110 2752/4441/4111
f 2752/4441/4111 2653/4440/4110 2652/4442/4112
f 2752/4441/4111 2652/4442/4112 2751/4443/4113
f 2751/4443/4113 2652/4442/4112 2651/4444/4114
f 2751/4443/4113 2651/4444/4114 2750/4445/4115
f 2750/4445/4115 2651/4444/4114 2650/4446/4116
f 2750/4445/4115 2650/4446/4116 2528/4447/4117
f 2528/4447/4117 2650/4446/4116 2497/4448/4118
f 2528/4447/4117 2497/4448/4118 2498/4435/4106
f 2462/4449/3966 2533/4450/4119 2463/4437/3965
f 2463/4437/3965 2533/4450/4119 2655/4451/4120
f 2463/4437/3965 2655/4451/4120 2664/4452/4121
f 2664/4452/4121 2655/4451/4120 2656/4453/4122
f 2664/4452/4121 2656/4453/4122 2663/4454/4123
f 2663/4454/4123 2656/4453/4122 2657/4455/4124
f 2663/4454/4123 2657/4455/4124 2662/4456/4125
f 2662/4456/4125 2657/4455/4124 2658/4457/4126
f 2662/4456/4125 2658/4457/4126 2661/4458/4127
f 2661/4458/4127 2658/4457/4126 2659/4459/4128
f 2661/4458/4127 2659/4459/4128 2660/4460/4129
f 2660/4460/4129 2659/4459/4128 2496/4461/4130
f 2660/4460/4129 2496/4461/4130 2530/4462/4131
f 2530/4462/4131 2496/4461/4130 2497/4448/4118
f 2530/4462/4131 2497/4448/4118 2650/4446/4116
f 2461/4463/3967 2535/4464/4132 2462/4449/3966
f 2462/4449/3966 2535/4464/4132 2672/4465/4133
f 2462/4449/3966 2672/4465/4133 2533/4450/4119
f 2533/4450/4119 2672/4465/4133 2671/4466/4134
f 2533/4450/4119 2671/4466/4134 2768/4467/4135
f 2768/4467/4135 2671/4466/4134 2670/4468/4136
f 2768/4467/4135 2670/4468/4136 2769/4469/4137
f 2769/4469/4137 2670/4468/4136 2669/4470/4138
f 2769/4469/4137 2669/4470/4138 2770/4471/4139
f 2770/4471/4139 2669/4470/4138 2668/4472/4140
f 2770/4471/4139 2668/4472/4140 2532/4473/4141
f 2532/4473/4141 2668/4472/4140 2495/4474/4142
f 2532/4473/4141 2495/4474/4142 2496/4461/4130
f 2460/4475/3968 2537/4476/4143 2461/4463/3967
f 2461/4463/3967 2537/4476/4143 2673/4477/4144
f 2461/4463/3967 2673/4477/4144 2682/4478/4145
f 2682/4478/4145 2673/4477/4144 2674/4479/4146
f 2682/4478/4145 2674/4479/4146 2681/4480/4147
f 2681/4480/4147 2674/4479/4146 2675/4481/4148
f 2681/4480/4147 2675/4481/4148 2680/4482/4149
f 2680/4482/4149 2675/4481/4148 2676/4483/4150
f 2680/4482/4149 2676/4483/4150 2679/4484/4151
f 2679/4484/4151 2676/4483/4150 2677/4485/4152
f 2679/4484/4151 2677/4485/4152 2678/4486/4153
f 2678/4486/4153 2677/4485/4152 2494/4487/4154
f 2678/4486/4153 2494/4487/4154 2534/4488/4155
f 2534/4488/4155 2494/4487/4154 2495/4474/4142
f 2534/4488/4155 2495/4474/4142 2668/4472/4140
f 2459/4489/3969 2539/4490/4156 2460/4475/3968
f 2460/4475/3968 2539/4490/4156 2690/4491/4157
f 2460/4475/3968 2690/4491/4157 2537/4476/4143
f 2537/4476/4143 2690/4491/4157 2689/4492/4158
f 2537/4476/4143 2689/4492/4158 2771/4493/4159
f 2771/4493/4159 2689/4492/4158 2688/4494/4160
f 2771/4493/4159 2688/4494/4160 2772/4495/4161
f 2772/4495/4161 2688/4494/4160 2687/4496/4162
f 2772/4495/4161 2687/4496/4162 2773/4497/4163
f 2773/4497/4163 2687/4496/4162 2686/4498/4164
f 2773/4497/4163 2686/4498/4164 2536/4499/4165
f 2536/4499/4165 2686/4498/4164 2493/4500/4166
f 2536/4499/4165 2493/4500/4166 2494/4487/4154
f 2458/4501/3970 2541/4502/4167 2459/4489/3969
f 2459/4489/3969 2541/4502/4167 2691/4503/4168
f 2459/4489/3969 2691/4503/4168 2700/4504/4169
f 2700/4504/4169 2691/4503/4168 2692/4505/4170
f 2700/4504/4169 2692/4505/4170 2699/4506/4171
f 2699/4506/4171 2692/4505/4170 2693/4507/4172
f 2699/4506/4171 2693/4507/4172 2698/4508/4173
f 2698/4508/4173 2693/4507/4172 2694/4509/4174
f 2698/4508/4173 2694/4509/4174 2697/4510/4175
f 2697/4510/4175 2694/4509/4174 2695/4511/4176
f 2697/4510/4175 2695/4511/4176 2696/4512/4177
f 2696/4512/4177 2695/4511/4176 2492/4513/4178
f 2696/4512/4177 2492/4513/4178 2538/4514/4179
f 2538/4514/4179 2492/4513/4178 2493/4500/4166
f 2538/4514/4179 2493/4500/4166 2686/4498/4164
f 2457/4515/3971 2543/4516/4180 2458/4501/3970
f 2458/4501/3970 2543/4516/4180 2701/4517/4181
f 2458/4501/3970 2701/4517/4181 2710/4518/4182
f 2710/4518/4182 2701/4517/4181 2702/4519/4183
f 2710/4518/4182 2702/4519/4183 2709/4520/4184
f 2709/4520/4184 2702/4519/4183 2703/4521/4185
f 2709/4520/4184 2703/4521/4185 2708/4522/4186
f 2708/4522/4186 2703/4521/4185 2704/4523/4187
f 2708/4522/4186 2704/4523/4187 2707/4524/4188
f 2707/4524/4188 2704/4523/4187 2705/4525/4189
f 2707/4524/4188 2705/4525/4189 2706/4526/4190
f 2706/4526/4190 2705/4525/4189 2491/4527/4191
f 2706/4526/4190 2491/4527/4191 2540/4528/4192
f 2540/4528/4192 2491/4527/4191 2492/4513/4178
f 2540/4528/4192 2492/4513/4178 2695/4511/4176
f 2456/4529/3972 2545/4530/4193 2457/4515/3971
f 2457/4515/3971 2545/4530/4193 2711/4531/4194
f 2457/4515/3971 2711/4531/4194 2543/4516/4180
f 2543/4516/4180 2711/4531/4194 2712/4532/4195
f 2543/4516/4180 2712/4532/4195 2718/4533/4196
f 2718/4533/4196 2712/4532/4195 2713/4534/4197
f 2718/4533/4196 2713/4534/4197 2717/4535/4198
f 2717/4535/4198 2713/4534/4197 2714/4536/4199
f 2717/4535/4198 2714/4536/4199 2716/4537/4200
f 2716/4537/4200 2714/4536/4199 2715/4538/4201
f 2716/4537/4200 2715/4538/4201 2542/4539/4202
f 2542/4539/4202 2715/4538/4201 2490/4540/4203
f 2542/4539/4202 2490/4540/4203 2491/4527/4191
f 2455/4541/3973 2547/4542/4204 2456/4529/3972
f 2456/4529/3972 2547/4542/4204 2719/4543/4205
f 2456/4529/3972 2719/4543/4205 2728/4544/4206
f 2728/4544/4206 2719/4543/4205 2720/4545/4207
f 2728/4544/4206 2720/4545/4207 2727/4546/4208
f 2727/4546/4208 2720/4545/4207 2721/4547/4209
f 2727/4546/4208 2721/4547/4209 2726/4548/4210
f 2726/4548/4210 2721/4547/4209 2722/4549/4211
f 2726/4548/4210 2722/4549/4211 2725/4550/4212
f 2725/4550/4212 2722/4549/4211 2723/4551/4213
f 2725/4550/4212 2723/4551/4213 2724/4552/4214
f 2724/4552/4214 2723/4551/4213 2489/4553/4215
f 2724/4552/4214 2489/4553/4215 2544/4554/4216
f 2544/4554/4216 2489/4553/4215 2490/4540/4203
f 2544/4554/4216 2490/4540/4203 2715/4538/4201
f 2454/4555/3974 2549/4556/4217 2455/4541/3973
f 2455/4541/3973 2549/4556/4217 2729/4557/4218
f 2455/4541/3973 2729/4557/4218 2547/4542/4204
f 2547/4542/4204 2729/4557/4218 2730/4558/4219
f 2547/4542/4204 2730/4558/4219 2736/4559/4220
f 2736/4559/4220 2730/4558/4219 2731/4560/4221
f 2736/4559/4220 2731/4560/4221 2735/4561/4222
f 2735/4561/4222 2731/4560/4221 2732/4562/4223
f 2735/4561/4222 2732/4562/4223 2734/4563/4224
f 2734/4563/4224 2732/4562/4223 2733/4564/4225
f 2734/4563/4224 2733/4564/4225 2546/4565/4226
f 2546/4565/4226 2733/4564/4225 2488/4566/4227
f 2546/4565/4226 2488/4566/4227 2489/4553/4215
f 2453/4567/3975 2551/4568/4228 2454/4555/3974
f 2454/4555/3974 2551/4568/4228 2737/4569/4229
f 2454/4555/3974 2737/4569/4229 2746/4570/4230
f 2746/4570/4230 2737/4569/4229 2738/4571/4231
f 2746/4570/4230 2738/4571/4231 2745/4572/4232
f 2745/4572/4232 2738/4571/4231 2739/4573/4233
f 2745/4572/4232 2739/4573/4233 2744/4574/4234
f 2744/4574/4234 2739/4573/4233 2740/4575/4235
f 2744/4574/4234 2740/4575/4235 2743/4576/4236
f 2743/4576/4236 2740/4575/4235 2741/4577/4237
f 2743/4576/4236 2741/4577/4237 2742/4578/4238
f 2742/4578/4238 2741/4577/4237 2487/4579/4239
f 2742/4578/4238 2487/4579/4239 2548/4580/4240
f 2548/4580/4240 2487/4579/4239 2488/4566/4227
f 2548/4580/4240 2488/4566/4227 2733/4564/4225
f 2453/4567/3975 2481/4581/4241 2551/4568/4228
f 2551/4568/4228 2481/4581/4241 2482/4582/4242
f 2551/4568/4228 2482/4582/4242 2749/4583/4243
f 2749/4583/4243 2482/4582/4242 2483/4584/4244
f 2749/4583/4243 2483/4584/4244 2748/4585/4245
f 2748/4585/4245 2483/4584/4244 2484/4586/4246
f 2748/4585/4245 2484/4586/4246 2747/4587/4247
f 2747/4587/4247 2484/4586/4246 2485/4588/4248
f 2747/4587/4247 2485/4588/4248 2550/4589/4249
f 2550/4589/4249 2485/4588/4248 2486/4590/4250
f 2550/4589/4249 2486/4590/4250 2487/4579/4239
f 2474/4306/3954 2564/4310/3990 2509/4304/3987
f 2509/4304/3987 2564/4310/3990 2563/4312/3992
f 2509/4304/3987 2563/4312/3992 2552/4302/3985
f 2552/4302/3985 2563/4312/3992 2562/4314/3994
f 2552/4302/3985 2562/4314/3994 2553/4300/3983
f 2553/4300/3983 2562/4314/3994 2561/4316/3996
f 2553/4300/3983 2561/4316/3996 2554/4298/3981
f 2554/4298/3981 2561/4316/3996 2560/4318/3998
f 2554/4298/3981 2560/4318/3998 2508/4295/3978
f 2507/4293/3976 2559/4317/3997 2510/4329/4008
f 2510/4329/4008 2559/4317/3997 2558/4315/3995
f 2510/4329/4008 2558/4315/3995 2755/4327/4006
f 2755/4327/4006 2558/4315/3995 2557/4313/3993
f 2755/4327/4006 2557/4313/3993 2754/4325/4004
f 2754/4325/4004 2557/4313/3993 2556/4311/3991
f 2754/4325/4004 2556/4311/3991 2753/4323/4002
f 2753/4323/4002 2556/4311/3991 2555/4309/3989
f 2753/4323/4002 2555/4309/3989 2511/4308/3988
f 2472/4319/3956 2582/4334/4012 2513/4320/3999
f 2513/4320/3999 2582/4334/4012 2581/4336/4014
f 2513/4320/3999 2581/4336/4014 2565/4591/4251
f 2565/4591/4251 2581/4336/4014 2580/4338/4016
f 2565/4591/4251 2580/4338/4016 2566/4592/4252
f 2566/4592/4252 2580/4338/4016 2579/4340/4018
f 2566/4592/4252 2579/4340/4018 2567/4593/4253
f 2567/4593/4253 2579/4340/4018 2578/4342/4020
f 2567/4593/4253 2578/4342/4020 2512/4344/4022
f 2505/4343/4021 2577/4341/4019 2514/4355/4032
f 2514/4355/4032 2577/4341/4019 2576/4339/4017
f 2514/4355/4032 2576/4339/4017 2758/4353/4030
f 2758/4353/4030 2576/4339/4017 2575/4337/4015
f 2758/4353/4030 2575/4337/4015 2757/4351/4028
f 2757/4351/4028 2575/4337/4015 2574/4335/4013
f 2757/4351/4028 2574/4335/4013 2756/4349/4026
f 2756/4349/4026 2574/4335/4013 2573/4333/4011
f 2756/4349/4026 2573/4333/4011 2515/4332/4010
f 2470/4345/3958 2600/4360/4036 2517/4346/4023
f 2517/4346/4023 2600/4360/4036 2599/4362/4038
f 2517/4346/4023 2599/4362/4038 2583/4594/4254
f 2583/4594/4254 2599/4362/4038 2598/4364/4040
f 2583/4594/4254 2598/4364/4040 2584/4595/4255
f 2584/4595/4255 2598/4364/4040 2597/4366/4042
f 2584/4595/4255 2597/4366/4042 2585/4596/4256
f 2585/4596/4256 2597/4366/4042 2596/4368/4044
f 2585/4596/4256 2596/4368/4044 2516/4370/4046
f 2469/4357/3959 2610/4374/4049 2519/4358/4034
f 2519/4358/4034 2610/4374/4049 2609/4376/4051
f 2519/4358/4034 2609/4376/4051 2759/4597/4257
f 2759/4597/4257 2609/4376/4051 2608/4378/4053
f 2759/4597/4257 2608/4378/4053 2760/4598/4258
f 2760/4598/4258 2608/4378/4053 2607/4380/4055
f 2760/4598/4258 2607/4380/4055 2761/4599/4259
f 2761/4599/4259 2607/4380/4055 2606/4382/4057
f 2761/4599/4259 2606/4382/4057 2518/4384/4059
f 2502/4383/4058 2605/4381/4056 2520/4395/4069
f 2520/4395/4069 2605/4381/4056 2604/4379/4054
f 2520/4395/4069 2604/4379/4054 2616/4393/4067
f 2616/4393/4067 2604/4379/4054 2603/4377/4052
f 2616/4393/4067 2603/4377/4052 2617/4391/4065
f 2617/4391/4065 2603/4377/4052 2602/4375/4050
f 2617/4391/4065 2602/4375/4050 2618/4389/4063
f 2618/4389/4063 2602/4375/4050 2601/4373/4048
f 2618/4389/4063 2601/4373/4048 2521/4372/4047
f 2467/4385/3961 2628/4400/4073 2523/4386/4060
f 2523/4386/4060 2628/4400/4073 2627/4402/4075
f 2523/4386/4060 2627/4402/4075 2762/4600/4260
f 2762/4600/4260 2627/4402/4075 2626/4404/4077
f 2762/4600/4260 2626/4404/4077 2763/4601/4261
f 2763/4601/4261 2626/4404/4077 2625/4406/4079
f 2763/4601/4261 2625/4406/4079 2764/4602/4262
f 2764/4602/4262 2625/4406/4079 2624/4408/4081
f 2764/4602/4262 2624/4408/4081 2522/4410/4083
f 2500/4409/4082 2623/4407/4080 2524/4421/4093
f 2524/4421/4093 2623/4407/4080 2622/4405/4078
f 2524/4421/4093 2622/4405/4078 2634/4419/4091
f 2634/4419/4091 2622/4405/4078 2621/4403/4076
f 2634/4419/4091 2621/4403/4076 2635/4417/4089
f 2635/4417/4089 2621/4403/4076 2620/4401/4074
f 2635/4417/4089 2620/4401/4074 2636/4415/4087
f 2636/4415/4087 2620/4401/4074 2619/4399/4072
f 2636/4415/4087 2619/4399/4072 2525/4398/4071
f 2465/4411/3963 2646/4426/4097 2527/4412/4084
f 2527/4412/4084 2646/4426/4097 2645/4428/4099
f 2527/4412/4084 2645/4428/4099 2765/4603/4263
f 2765/4603/4263 2645/4428/4099 2644/4430/4101
f 2765/4603/4263 2644/4430/4101 2766/4604/4264
f 2766/4604/4264 2644/4430/4101 2643/4432/4103
f 2766/4604/4264 2643/4432/4103 2767/4605/4265
f 2767/4605/4265 2643/4432/4103 2642/4434/4105
f 2767/4605/4265 2642/4434/4105 2526/4436/4107
f 2498/4435/4106 2641/4433/4104 2528/4447/4117
f 2528/4447/4117 2641/4433/4104 2640/4431/4102
f 2528/4447/4117 2640/4431/4102 2750/4445/4115
f 2750/4445/4115 2640/4431/4102 2639/4429/4100
f 2750/4445/4115 2639/4429/4100 2751/4443/4113
f 2751/4443/4113 2639/4429/4100 2638/4427/4098
f 2751/4443/4113 2638/4427/4098 2752/4441/4111
f 2752/4441/4111 2638/4427/4098 2637/4425/4096
f 2752/4441/4111 2637/4425/4096 2529/4424/4095
f 2463/4437/3965 2664/4452/4121 2531/4438/4108
f 2531/4438/4108 2664/4452/4121 2663/4454/4123
f 2531/4438/4108 2663/4454/4123 2647/4606/4266
f 2647/4606/4266 2663/4454/4123 2662/4456/4125
f 2647/4606/4266 2662/4456/4125 2648/4607/4267
f 2648/4607/4267 2662/4456/4125 2661/4458/4127
f 2648/4607/4267 2661/4458/4127 2649/4608/4268
f 2649/4608/4268 2661/4458/4127 2660/4460/4129
f 2649/4608/4268 2660/4460/4129 2530/4462/4131
f 2496/4461/4130 2659/4459/4128 2532/4473/4141
f 2532/4473/4141 2659/4459/4128 2658/4457/4126
f 2532/4473/4141 2658/4457/4126 2770/4471/4139
f 2770/4471/4139 2658/4457/4126 2657/4455/4124
f 2770/4471/4139 2657/4455/4124 2769/4469/4137
f 2769/4469/4137 2657/4455/4124 2656/4453/4122
f 2769/4469/4137 2656/4453/4122 2768/4467/4135
f 2768/4467/4135 2656/4453/4122 2655/4451/4120
f 2768/4467/4135 2655/4451/4120 2533/4450/4119
f 2461/4463/3967 2682/4478/4145 2535/4464/4132
f 2535/4464/4132 2682/4478/4145 2681/4480/4147
f 2535/4464/4132 2681/4480/4147 2665/4609/4269
f 2665/4609/4269 2681/4480/4147 2680/4482/4149
f 2665/4609/4269 2680/4482/4149 2666/4610/4270
f 2666/4610/4270 2680/4482/4149 2679/4484/4151
f 2666/4610/4270 2679/4484/4151 2667/4611/4271
f 2667/4611/4271 2679/4484/4151 2678/4486/4153
f 2667/4611/4271 2678/4486/4153 2534/4488/4155
f 2494/4487/4154 2677/4485/4152 2536/4499/4165
f 2536/4499/4165 2677/4485/4152 2676/4483/4150
f 2536/4499/4165 2676/4483/4150 2773/4497/4163
f 2773/4497/4163 2676/4483/4150 2675/4481/4148
f 2773/4497/4163 2675/4481/4148 2772/4495/4161
f 2772/4495/4161 2675/4481/4148 2674/4479/4146
f 2772/4495/4161 2674/4479/4146 2771/4493/4159
f 2771/4493/4159 2674/4479/4146 2673/4477/4144
f 2771/4493/4159 2673/4477/4144 2537/4476/4143
f 2459/4489/3969 2700/4504/4169 2539/4490/4156
f 2539/4490/4156 2700/4504/4169 2699/4506/4171
f 2539/4490/4156 2699/4506/4171 2683/4612/4272
f 2683/4612/4272 2699/4506/4171 2698/4508/4173
f 2683/4612/4272 2698/4508/4173 2684/4613/4273
f 2684/4613/4273 2698/4508/4173 2697/4510/4175
f 2684/4613/4273 2697/4510/4175 2685/4614/4274
f 2685/4614/4274 2697/4510/4175 2696/4512/4177
f 2685/4614/4274 2696/4512/4177 2538/4514/4179
f 2458/4501/3970 2710/4518/4182 2541/4502/4167
f 2541/4502/4167 2710/4518/4182 2709/4520/4184
f 2541/4502/4167 2709/4520/4184 2774/4615/4275
f 2774/4615/4275 2709/4520/4184 2708/4522/4186
f 2774/4615/4275 2708/4522/4186 2775/4616/4276
f 2775/4616/4276 2708/4522/4186 2707/4524/4188
f 2775/4616/4276 2707/4524/4188 2776/4617/4277
f 2776/4617/4277 2707/4524/4188 2706/4526/4190
f 2776/4617/4277 2706/4526/4190 2540/4528/4192
f 2491/4527/4191 2705/4525/4189 2542/4539/4202
f 2542/4539/4202 2705/4525/4189 2704/4523/4187
f 2542/4539/4202 2704/4523/4187 2716/4537/4200
f 2716/4537/4200 2704/4523/4187 2703/4521/4185
f 2716/4537/4200 2703/4521/4185 2717/4535/4198
f 2717/4535/4198 2703/4521/4185 2702/4519/4183
f 2717/4535/4198 2702/4519/4183 2718/4533/4196
f 2718/4533/4196 2702/4519/4183 2701/4517/4181
f 2718/4533/4196 2701/4517/4181 2543/4516/4180
f 2456/4529/3972 2728/4544/4206 2545/4530/4193
f 2545/4530/4193 2728/4544/4206 2727/4546/4208
f 2545/4530/4193 2727/4546/4208 2777/4618/4278
f 2777/4618/4278 2727/4546/4208 2726/4548/4210
f 2777/4618/4278 2726/4548/4210 2778/4619/4279
f 2778/4619/4279 2726/4548/4210 2725/4550/4212
f 2778/4619/4279 2725/4550/4212 2779/4620/4280
f 2779/4620/4280 2725/4550/4212 2724/4552/4214
f 2779/4620/4280 2724/4552/4214 2544/4554/4216
f 2489/4553/4215 2723/4551/4213 2546/4565/4226
f 2546/4565/4226 2723/4551/4213 2722/4549/4211
f 2546/4565/4226 2722/4549/4211 2734/4563/4224
f 2734/4563/4224 2722/4549/4211 2721/4547/4209
f 2734/4563/4224 2721/4547/4209 2735/4561/4222
f 2735/4561/4222 2721/4547/4209 2720/4545/4207
f 2735/4561/4222 2720/4545/4207 2736/4559/4220
f 2736/4559/4220 2720/4545/4207 2719/4543/4205
f 2736/4559/4220 2719/4543/4205 2547/4542/4204
f 2454/4555/3974 2746/4570/4230 2549/4556/4217
f 2549/4556/4217 2746/4570/4230 2745/4572/4232
f 2549/4556/4217 2745/4572/4232 2780/4621/4281
f 2780/4621/4281 2745/4572/4232 2744/4574/4234
f 2780/4621/4281 2744/4574/4234 2781/4622/4282
f 2781/4622/4282 2744/4574/4234 2743/4576/4236
f 2781/4622/4282 2743/4576/4236 2782/4623/4283
f 2782/4623/4283 2743/4576/4236 2742/4578/4238
f 2782/4623/4283 2742/4578/4238 2548/4580/4240
f 2487/4579/4239 2741/4577/4237 2550/4589/4249
f 2550/4589/4249 2741/4577/4237 2740/4575/4235
f 2550/4589/4249 2740/4575/4235 2747/4587/4247
f 2747/4587/4247 2740/4575/4235 2739/4573/4233
f 2747/4587/4247 2739/4573/4233 2748/4585/4245
f 2748/4585/4245 2739/4573/4233 2738/4571/4231
f 2748/4585/4245 2738/4571/4231 2749/4583/4243
f 2749/4583/4243 2738/4571/4231 2737/4569/4229
f 2749/4583/4243 2737/4569/4229 2551/4568/4228
f 2571/4322/4001 2572/4321/4000 2565/4591/4251
f 2565/4591/4251 2572/4321/4000 2513/4320/3999
f 2570/4324/4003 2571/4322/4001 2566/4592/4252
f 2566/4592/4252 2571/4322/4001 2565/4591/4251
f 2569/4326/4005 2570/4324/4003 2567/4593/4253
f 2567/4593/4253 2570/4324/4003 2566/4592/4252
f 2568/4328/4007 2569/4326/4005 2512/4344/4022
f 2512/4344/4022 2569/4326/4005 2567/4593/4253
f 2589/4348/4025 2590/4347/4024 2583/4594/4254
f 2583/4594/4254 2590/4347/4024 2517/4346/4023
f 2588/4350/4027 2589/4348/4025 2584/4595/4255
f 2584/4595/4255 2589/4348/4025 2583/4594/4254
f 2587/4352/4029 2588/4350/4027 2585/4596/4256
f 2585/4596/4256 2588/4350/4027 2584/4595/4255
f 2586/4354/4031 2587/4352/4029 2516/4370/4046
f 2516/4370/4046 2587/4352/4029 2585/4596/4256
f 2519/4358/4034 2759/4597/4257 2591/4359/4035
f 2591/4359/4035 2759/4597/4257 2592/4361/4037
f 2759/4597/4257 2760/4598/4258 2592/4361/4037
f 2592/4361/4037 2760/4598/4258 2593/4363/4039
f 2518/4384/4059 2595/4367/4043 2594/4365/4041
f 2760/4598/4258 2761/4599/4259 2593/4363/4039
f 2593/4363/4039 2761/4599/4259 2594/4365/4041
f 2761/4599/4259 2518/4384/4059 2594/4365/4041
f 2523/4386/4060 2762/4600/4260 2611/4387/4061
f 2611/4387/4061 2762/4600/4260 2612/4388/4062
f 2762/4600/4260 2763/4601/4261 2612/4388/4062
f 2612/4388/4062 2763/4601/4261 2613/4390/4064
f 2522/4410/4083 2615/4394/4068 2614/4392/4066
f 2763/4601/4261 2764/4602/4262 2613/4390/4064
f 2613/4390/4064 2764/4602/4262 2614/4392/4066
f 2764/4602/4262 2522/4410/4083 2614/4392/4066
f 2527/4412/4084 2765/4603/4263 2629/4413/4085
f 2629/4413/4085 2765/4603/4263 2630/4414/4086
f 2765/4603/4263 2766/4604/4264 2630/4414/4086
f 2630/4414/4086 2766/4604/4264 2631/4416/4088
f 2526/4436/4107 2633/4420/4092 2632/4418/4090
f 2766/4604/4264 2767/4605/4265 2631/4416/4088
f 2631/4416/4088 2767/4605/4265 2632/4418/4090
f 2767/4605/4265 2526/4436/4107 2632/4418/4090
f 2653/4440/4110 2654/4439/4109 2647/4606/4266
f 2647/4606/4266 2654/4439/4109 2531/4438/4108
f 2652/4442/4112 2653/4440/4110 2648/4607/4267
f 2648/4607/4267 2653/4440/4110 2647/4606/4266
f 2651/4444/4114 2652/4442/4112 2649/4608/4268
f 2649/4608/4268 2652/4442/4112 2648/4607/4267
f 2650/4446/4116 2651/4444/4114 2530/4462/4131
f 2530/4462/4131 2651/4444/4114 2649/4608/4268
f 2671/4466/4134 2672/4465/4133 2665/4609/4269
f 2665/4609/4269 2672/4465/4133 2535/4464/4132
f 2670/4468/4136 2671/4466/4134 2666/4610/4270
f 2666/4610/4270 2671/4466/4134 2665/4609/4269
f 2669/4470/4138 2670/4468/4136 2667/4611/4271
f 2667/4611/4271 2670/4468/4136 2666/4610/4270
f 2668/4472/4140 2669/4470/4138 2534/4488/4155
f 2534/4488/4155 2669/4470/4138 2667/4611/4271
f 2689/4492/4158 2690/4491/4157 2683/4612/4272
f 2683/4612/4272 2690/4491/4157 2539/4490/4156
f 2688/4494/4160 2689/4492/4158 2684/4613/4273
f 2684/4613/4273 2689/4492/4158 2683/4612/4272
f 2687/4496/4162 2688/4494/4160 2685/4614/4274
f 2685/4614/4274 2688/4494/4160 2684/4613/4273
f 2686/4498/4164 2687/4496/4162 2538/4514/4179
f 2538/4514/4179 2687/4496/4162 2685/4614/4274
f 2541/4502/4167 2774/4615/4275 2691/4503/4168
f 2691/4503/4168 2774/4615/4275 2692/4505/4170
f 2774/4615/4275 2775/4616/4276 2692/4505/4170
f 2692/4505/4170 2775/4616/4276 2693/4507/4172
f 2540/4528/4192 2695/4511/4176 2694/4509/4174
f 2775/4616/4276 2776/4617/4277 2693/4507/4172
f 2693/4507/4172 2776/4617/4277 2694/4509/4174
f 2776/4617/4277 2540/4528/4192 2694/4509/4174
f 2545/4530/4193 2777/4618/4278 2711/4531/4194
f 2711/4531/4194 2777/4618/4278 2712/4532/4195
f 2777/4618/4278 2778/4619/4279 2712/4532/4195
f 2712/4532/4195 2778/4619/4279 2713/4534/4197
f 2544/4554/4216 2715/4538/4201 2714/4536/4199
f 2778/4619/4279 2779/4620/4280 2713/4534/4197
f 2713/4534/4197 2779/4620/4280 2714/4536/4199
f 2779/4620/4280 2544/4554/4216 2714/4536/4199
f 2549/4556/4217 2780/4621/4281 2729/4557/4218
f 2729/4557/4218 2780/4621/4281 2730/4558/4219
f 2780/4621/4281 2781/4622/4282 2730/4558/4219
f 2730/4558/4219 2781/4622/4282 2731/4560/4221
f 2548/4580/4240 2733/4564/4225 2732/4562/4223
f 2781/4622/4282 2782/4623/4283 2731/4560/4221
f 2731/4560/4221 2782/4623/4283 2732/4562/4223
f 2782/4623/4283 2548/4580/4240 2732/4562/4223
f 2475/4624/3977 2507/4625/3976 2783/4626/4284
f 2783/4626/4284 2507/4625/3976 2805/4627/4285
f 2805/4627/4285 2507/4625/3976 2506/4628/4009
f 2805/4627/4285 2506/4628/4009 2804/4629/4286
f 2804/4629/4286 2506/4628/4009 2505/4630/4021
f 2804/4629/4286 2505/4630/4021 2803/4631/4287
f 2803/4631/4287 2505/4630/4021 2504/4632/4033
f 2803/4631/4287 2504/4632/4033 2802/4633/4288
f 2802/4633/4288 2504/4632/4033 2503/4634/4045
f 2802/4633/4288 2503/4634/4045 2801/4635/4289
f 2801/4635/4289 2503/4634/4045 2502/4636/4058
f 2801/4635/4289 2502/4636/4058 2800/4637/4290
f 2800/4637/4290 2502/4636/4058 2501/4638/4070
f 2800/4637/4290 2501/4638/4070 2799/4639/4291
f 2799/4639/4291 2501/4638/4070 2500/4640/4082
f 2799/4639/4291 2500/4640/4082 2798/4641/4292
f 2798/4641/4292 2500/4640/4082 2499/4642/4094
f 2798/4641/4292 2499/4642/4094 2797/4643/4293
f 2797/4643/4293 2499/4642/4094 2498/4644/4106
f 2797/4643/4293 2498/4644/4106 2796/4645/4294
f 2796/4645/4294 2498/4644/4106 2497/4646/4118
f 2796/4645/4294 2497/4646/4118 2795/4647/4295
f 2795/4647/4295 2497/4646/4118 2794/4648/4296
f 2794/4648/4296 2497/4646/4118 2496/4649/4130
f 2794/4648/4296 2496/4649/4130 2793/4650/4297
f 2793/4650/4297 2496/4649/4130 2495/4651/4142
f 2793/4650/4297 2495/4651/4142 2792/4652/4298
f 2792/4652/4298 2495/4651/4142 2494/4653/4154
f 2792/4652/4298 2494/4653/4154 2791/4654/4299
f 2791/4654/4299 2494/4653/4154 2493/4655/4166
f 2791/4654/4299 2493/4655/4166 2790/4656/4300
f 2790/4656/4300 2493/4655/4166 2492/4657/4178
f 2790/4656/4300 2492/4657/4178 2789/4658/4301
f 2789/4658/4301 2492/4657/4178 2491/4659/4191
f 2789/4658/4301 2491/4659/4191 2788/4660/4302
f 2788/4660/4302 2491/4659/4191 2490/4661/4203
f 2788/4660/4302 2490/4661/4203 2787/4662/4303
f 2787/4662/4303 2490/4661/4203 2489/4663/4215
f 2787/4662/4303 2489/4663/4215 2786/4664/4304
f 2786/4664/4304 2489/4663/4215 2488/4665/4227
f 2786/4664/4304 2488/4665/4227 2785/4666/4305
f 2785/4666/4305 2488/4665/4227 2487/4667/4239
f 2785/4666/4305 2487/4667/4239 2784/4668/4306
f 2784/4668/4306 2487/4667/4239 2486/4669/4250
f 2838/4670/4307 2806/4671/4308 2839/4672/4309
f 2839/4672/4309 2806/4671/4308 2807/4673/4310
f 2839/4672/4309 2807/4673/4310 2808/4674/4311
f 2839/4672/4309 2808/4674/4311 2885/4675/4312
f 2885/4675/4312 2808/4674/4311 2809/4676/4313
f 2885/4675/4312 2809/4676/4313 2884/4677/4314
f 2884/4677/4314 2809/4676/4313 2810/4678/4315
f 2884/4677/4314 2810/4678/4315 2883/4679/4316
f 2883/4679/4316 2810/4678/4315 2811/4680/4317
f 2883/4679/4316 2811/4680/4317 2840/4681/4318
f 2840/4681/4318 2811/4680/4317 2783/4682/4284
f 2840/4681/4318 2783/4682/4284 2805/4683/4285
f 2804/4684/4286 2842/4685/4319 2805/4683/4285
f 2805/4683/4285 2842/4685/4319 2886/4686/4320
f 2805/4683/4285 2886/4686/4320 2895/4687/4321
f 2895/4687/4321 2886/4686/4320 2887/4688/4322
f 2895/4687/4321 2887/4688/4322 2894/4689/4323
f 2894/4689/4323 2887/4688/4322 2888/4690/4324
f 2894/4689/4323 2888/4690/4324 2893/4691/4325
f 2893/4691/4325 2888/4690/4324 2889/4692/4326
f 2893/4691/4325 2889/4692/4326 2892/4693/4327
f 2892/4693/4327 2889/4692/4326 2890/4694/4328
f 2892/4693/4327 2890/4694/4328 2891/4695/4329
f 2891/4695/4329 2890/4694/4328 2838/4670/4307
f 2891/4695/4329 2838/4670/4307 2839/4672/4309
f 2803/4696/4287 2844/4697/4330 2804/4684/4286
f 2804/4684/4286 2844/4697/4330 2903/4698/4331
f 2804/4684/4286 2903/4698/4331 2842/4685/4319
f 2842/4685/4319 2903/4698/4331 2902/4699/4332
f 2842/4685/4319 2902/4699/4332 3084/4700/4333
f 3084/4700/4333 2902/4699/4332 2901/4701/4334
f 3084/4700/4333 2901/4701/4334 3085/4702/4335
f 3085/4702/4335 2901/4701/4334 2900/4703/4336
f 3085/4702/4335 2900/4703/4336 3086/4704/4337
f 3086/4704/4337 2900/4703/4336 2899/4705/4338
f 3086/4704/4337 2899/4705/4338 2841/4706/4339
f 2841/4706/4339 2899/4705/4338 2837/4707/4340
f 2841/4706/4339 2837/4707/4340 2838/4670/4307
f 2802/4708/4288 2846/4709/4341 2803/4696/4287
f 2803/4696/4287 2846/4709/4341 2904/4710/4342
f 2803/4696/4287 2904/4710/4342 2913/4711/4343
f 2913/4711/4343 2904/4710/4342 2905/4712/4344
f 2913/4711/4343 2905/4712/4344 2912/4713/4345
f 2912/4713/4345 2905/4712/4344 2906/4714/4346
f 2912/4713/4345 2906/4714/4346 2911/4715/4347
f 2911/4715/4347 2906/4714/4346 2907/4716/4348
f 2911/4715/4347 2907/4716/4348 2910/4717/4349
f 2910/4717/4349 2907/4716/4348 2908/4718/4350
f 2910/4717/4349 2908/4718/4350 2909/4719/4351
f 2909/4719/4351 2908/4718/4350 2836/4720/4352
f 2909/4719/4351 2836/4720/4352 2843/4721/4353
f 2843/4721/4353 2836/4720/4352 2837/4707/4340
f 2843/4721/4353 2837/4707/4340 2899/4705/4338
f 2801/4722/4289 2848/4723/4354 2802/4708/4288
f 2802/4708/4288 2848/4723/4354 2921/4724/4355
f 2802/4708/4288 2921/4724/4355 2846/4709/4341
f 2846/4709/4341 2921/4724/4355 2920/4725/4356
f 2846/4709/4341 2920/4725/4356 3087/4726/4357
f 3087/4726/4357 2920/4725/4356 2919/4727/4358
f 3087/4726/4357 2919/4727/4358 3088/4728/4359
f 3088/4728/4359 2919/4727/4358 2918/4729/4360
f 3088/4728/4359 2918/4729/4360 3089/4730/4361
f 3089/4730/4361 2918/4729/4360 2917/4731/4362
f 3089/4730/4361 2917/4731/4362 2845/4732/4363
f 2845/4732/4363 2917/4731/4362 2835/4733/4364
f 2845/4732/4363 2835/4733/4364 2836/4720/4352
f 2800/4734/4290 2850/4735/4365 2801/4722/4289
f 2801/4722/4289 2850/4735/4365 2922/4736/4366
f 2801/4722/4289 2922/4736/4366 2931/4737/4367
f 2931/4737/4367 2922/4736/4366 2923/4738/4368
f 2931/4737/4367 2923/4738/4368 2930/4739/4369
f 2930/4739/4369 2923/4738/4368 2924/4740/4370
f 2930/4739/4369 2924/4740/4370 2929/4741/4371
f 2929/4741/4371 2924/4740/4370 2925/4742/4372
f 2929/4741/4371 2925/4742/4372 2928/4743/4373
f 2928/4743/4373 2925/4742/4372 2926/4744/4374
f 2928/4743/4373 2926/4744/4374 2927/4745/4375
f 2927/4745/4375 2926/4744/4374 2834/4746/4376
f 2927/4745/4375 2834/4746/4376 2847/4747/4377
f 2847/4747/4377 2834/4746/4376 2835/4733/4364
f 2847/4747/4377 2835/4733/4364 2917/4731/4362
f 2799/4748/4291 2852/4749/4378 2800/4734/4290
f 2800/4734/4290 2852/4749/4378 2932/4750/4379
f 2800/4734/4290 2932/4750/4379 2941/4751/4380
f 2941/4751/4380 2932/4750/4379 2933/4752/4381
f 2941/4751/4380 2933/4752/4381 2940/4753/4382
f 2940/4753/4382 2933/4752/4381 2934/4754/4383
f 2940/4753/4382 2934/4754/4383 2939/4755/4384
f 2939/4755/4384 2934/4754/4383 2935/4756/4385
f 2939/4755/4384 2935/4756/4385 2938/4757/4386
f 2938/4757/4386 2935/4756/4385 2936/4758/4387
f 2938/4757/4386 2936/4758/4387 2937/4759/4388
f 2937/4759/4388 2936/4758/4387 2833/4760/4389
f 2937/4759/4388 2833/4760/4389 2849/4761/4390
f 2849/4761/4390 2833/4760/4389 2834/4746/4376
f 2849/4761/4390 2834/4746/4376 2926/4744/4374
f 2798/4762/4292 2854/4763/4391 2799/4748/4291
f 2799/4748/4291 2854/4763/4391 2942/4764/4392
f 2799/4748/4291 2942/4764/4392 2852/4749/4378
f 2852/4749/4378 2942/4764/4392 2943/4765/4393
f 2852/4749/4378 2943/4765/4393 2949/4766/4394
f 2949/4766/4394 2943/4765/4393 2944/4767/4395
f 2949/4766/4394 2944/4767/4395 2948/4768/4396
f 2948/4768/4396 2944/4767/4395 2945/4769/4397
f 2948/4768/4396 2945/4769/4397 2947/4770/4398
f 2947/4770/4398 2945/4769/4397 2946/4771/4399
f 2947/4770/4398 2946/4771/4399 2851/4772/4400
f 2851/4772/4400 2946/4771/4399 2832/4773/4401
f 2851/4772/4400 2832/4773/4401 2833/4760/4389
f 2797/4774/4293 2856/4775/4402 2798/4762/4292
f 2798/4762/4292 2856/4775/4402 2950/4776/4403
f 2798/4762/4292 2950/4776/4403 2959/4777/4404
f 2959/4777/4404 2950/4776/4403 2951/4778/4405
f 2959/4777/4404 2951/4778/4405 2958/4779/4406
f 2958/4779/4406 2951/4778/4405 2952/4780/4407
f 2958/4779/4406 2952/4780/4407 2957/4781/4408
f 2957/4781/4408 2952/4780/4407 2953/4782/4409
f 2957/4781/4408 2953/4782/4409 2956/4783/4410
f 2956/4783/4410 2953/4782/4409 2954/4784/4411
f 2956/4783/4410 2954/4784/4411 2955/4785/4412
f 2955/4785/4412 2954/4784/4411 2831/4786/4413
f 2955/4785/4412 2831/4786/4413 2853/4787/4414
f 2853/4787/4414 2831/4786/4413 2832/4773/4401
f 2853/4787/4414 2832/4773/4401 2946/4771/4399
f 2796/4788/4294 2858/4789/4415 2797/4774/4293
f 2797/4774/4293 2858/4789/4415 2960/4790/4416
f 2797/4774/4293 2960/4790/4416 2856/4775/4402
f 2856/4775/4402 2960/4790/4416 2961/4791/4417
f 2856/4775/4402 2961/4791/4417 2967/4792/4418
f 2967/4792/4418 2961/4791/4417 2962/4793/4419
f 2967/4792/4418 2962/4793/4419 2966/4794/4420
f 2966/4794/4420 2962/4793/4419 2963/4795/4421
f 2966/4794/4420 2963/4795/4421 2965/4796/4422
f 2965/4796/4422 2963/4795/4421 2964/4797/4423
f 2965/4796/4422 2964/4797/4423 2855/4798/4424
f 2855/4798/4424 2964/4797/4423 2830/4799/4425
f 2855/4798/4424 2830/4799/4425 2831/4786/4413
f 2795/4800/4295 2860/4801/4426 2796/4788/4294
f 2796/4788/4294 2860/4801/4426 2968/4802/4427
f 2796/4788/4294 2968/4802/4427 2977/4803/4428
f 2977/4803/4428 2968/4802/4427 2969/4804/4429
f 2977/4803/4428 2969/4804/4429 2976/4805/4430
f 2976/4805/4430 2969/4804/4429 2970/4806/4431
f 2976/4805/4430 2970/4806/4431 2975/4807/4432
f 2975/4807/4432 2970/4806/4431 2971/4808/4433
f 2975/4807/4432 2971/4808/4433 2974/4809/4434
f 2974/4809/4434 2971/4808/4433 2972/4810/4435
f 2974/4809/4434 2972/4810/4435 2973/4811/4436
f 2973/4811/4436 2972/4810/4435 2829/4812/4437
f 2973/4811/4436 2829/4812/4437 2857/4813/4438
f 2857/4813/4438 2829/4812/4437 2830/4799/4425
f 2857/4813/4438 2830/4799/4425 2964/4797/4423
f 2794/4814/4296 2862/4815/4439 2795/4800/4295
f 2795/4800/4295 2862/4815/4439 2985/4816/4440
f 2795/4800/4295 2985/4816/4440 2860/4801/4426
f 2860/4801/4426 2985/4816/4440 2984/4817/4441
f 2860/4801/4426 2984/4817/4441 3083/4818/4442
f 3083/4818/4442 2984/4817/4441 2983/4819/4443
f 3083/4818/4442 2983/4819/4443 3082/4820/4444
f 3082/4820/4444 2983/4819/4443 2982/4821/4445
f 3082/4820/4444 2982/4821/4445 3081/4822/4446
f 3081/4822/4446 2982/4821/4445 2981/4823/4447
f 3081/4822/4446 2981/4823/4447 2859/4824/4448
f 2859/4824/4448 2981/4823/4447 2828/4825/4449
f 2859/4824/4448 2828/4825/4449 2829/4812/4437
f 2793/4826/4297 2864/4827/4450 2794/4814/4296
f 2794/4814/4296 2864/4827/4450 2986/4828/4451
f 2794/4814/4296 2986/4828/4451 2995/4829/4452
f 2995/4829/4452 2986/4828/4451 2987/4830/4453
f 2995/4829/4452 2987/4830/4453 2994/4831/4454
f 2994/4831/4454 2987/4830/4453 2988/4832/4455
f 2994/4831/4454 2988/4832/4455 2993/4833/4456
f 2993/4833/4456 2988/4832/4455 2989/4834/4457
f 2993/4833/4456 2989/4834/4457 2992/4835/4458
f 2992/4835/4458 2989/4834/4457 2990/4836/4459
f 2992/4835/4458 2990/4836/4459 2991/4837/4460
f 2991/4837/4460 2990/4836/4459 2827/4838/4461
f 2991/4837/4460 2827/4838/4461 2861/4839/4462
f 2861/4839/4462 2827/4838/4461 2828/4825/4449
f 2861/4839/4462 2828/4825/4449 2981/4823/4447
f 2792/4840/4298 2866/4841/4463 2793/4826/4297
f 2793/4826/4297 2866/4841/4463 3003/4842/4464
f 2793/4826/4297 3003/4842/4464 2864/4827/4450
f 2864/4827/4450 3003/4842/4464 3002/4843/4465
f 2864/4827/4450 3002/4843/4465 3099/4844/4466
f 3099/4844/4466 3002/4843/4465 3001/4845/4467
f 3099/4844/4466 3001/4845/4467 3100/4846/4468
f 3100/4846/4468 3001/4845/4467 3000/4847/4469
f 3100/4846/4468 3000/4847/4469 3101/4848/4470
f 3101/4848/4470 3000/4847/4469 2999/4849/4471
f 3101/4848/4470 2999/4849/4471 2863/4850/4472
f 2863/4850/4472 2999/4849/4471 2826/4851/4473
f 2863/4850/4472 2826/4851/4473 2827/4838/4461
f 2791/4852/4299 2868/4853/4474 2792/4840/4298
f 2792/4840/4298 2868/4853/4474 3004/4854/4475
f 2792/4840/4298 3004/4854/4475 3013/4855/4476
f 3013/4855/4476 3004/4854/4475 3005/4856/4477
f 3013/4855/4476 3005/4856/4477 3012/4857/4478
f 3012/4857/4478 3005/4856/4477 3006/4858/4479
f 3012/4857/4478 3006/4858/4479 3011/4859/4480
f 3011/4859/4480 3006/4858/4479 3007/4860/4481
f 3011/4859/4480 3007/4860/4481 3010/4861/4482
f 3010/4861/4482 3007/4860/4481 3008/4862/4483
f 3010/4861/4482 3008/4862/4483 3009/4863/4484
f 3009/4863/4484 3008/4862/4483 2825/4864/4485
f 3009/4863/4484 2825/4864/4485 2865/4865/4486
f 2865/4865/4486 2825/4864/4485 2826/4851/4473
f 2865/4865/4486 2826/4851/4473 2999/4849/4471
f 2790/4866/4300 2870/4867/4487 2791/4852/4299
f 2791/4852/4299 2870/4867/4487 3021/4868/4488
f 2791/4852/4299 3021/4868/4488 2868/4853/4474
f 2868/4853/4474 3021/4868/4488 3020/4869/4489
f 2868/4853/4474 3020/4869/4489 3102/4870/4490
f 3102/4870/4490 3020/4869/4489 3019/4871/4491
f 3102/4870/4490 3019/4871/4491 3103/4872/4492
f 3103/4872/4492 3019/4871/4491 3018/4873/4493
f 3103/4872/4492 3018/4873/4493 3104/4874/4494
f 3104/4874/4494 3018/4873/4493 3017/4875/4495
f 3104/4874/4494 3017/4875/4495 2867/4876/4496
f 2867/4876/4496 3017/4875/4495 2824/4877/4497
f 2867/4876/4496 2824/4877/4497 2825/4864/4485
f 2789/4878/4301 2872/4879/4498 2790/4866/4300
f 2790/4866/4300 2872/4879/4498 3022/4880/4499
f 2790/4866/4300 3022/4880/4499 3031/4881/4500
f 3031/4881/4500 3022/4880/4499 3023/4882/4501
f 3031/4881/4500 3023/4882/4501 3030/4883/4502
f 3030/4883/4502 3023/4882/4501 3024/4884/4503
f 3030/4883/4502 3024/4884/4503 3029/4885/4504
f 3029/4885/4504 3024/4884/4503 3025/4886/4505
f 3029/4885/4504 3025/4886/4505 3028/4887/4506
f 3028/4887/4506 3025/4886/4505 3026/4888/4507
f 3028/4887/4506 3026/4888/4507 3027/4889/4508
f 3027/4889/4508 3026/4888/4507 2823/4890/4509
f 3027/4889/4508 2823/4890/4509 2869/4891/4510
f 2869/4891/4510 2823/4890/4509 2824/4877/4497
f 2869/4891/4510 2824/4877/4497 3017/4875/4495
f 2788/4892/4302 2874/4893/4511 2789/4878/4301
f 2789/4878/4301 2874/4893/4511 3032/4894/4512
f 2789/4878/4301 3032/4894/4512 3041/4895/4513
f 3041/4895/4513 3032/4894/4512 3033/4896/4514
f 3041/4895/4513 3033/4896/4514 3040/4897/4515
f 3040/4897/4515 3033/4896/4514 3034/4898/4516
f 3040/4897/4515 3034/4898/4516 3039/4899/4517
f 3039/4899/4517 3034/4898/4516 3035/4900/4518
f 3039/4899/4517 3035/4900/4518 3038/4901/4519
f 3038/4901/4519 3035/4900/4518 3036/4902/4520
f 3038/4901/4519 3036/4902/4520 3037/4903/4521
f 3037/4903/4521 3036/4902/4520 2822/4904/4522
f 3037/4903/4521 2822/4904/4522 2871/4905/4523
f 2871/4905/4523 2822/4904/4522 2823/4890/4509
f 2871/4905/4523 2823/4890/4509 3026/4888/4507
f 2787/4906/4303 2876/4907/4524 2788/4892/4302
f 2788/4892/4302 2876/4907/4524 3042/4908/4525
f 2788/4892/4302 3042/4908/4525 2874/4893/4511
f 2874/4893/4511 3042/4908/4525 3043/4909/4526
f 2874/4893/4511 3043/4909/4526 3049/4910/4527
f 3049/4910/4527 3043/4909/4526 3044/4911/4528
f 3049/4910/4527 3044/4911/4528 3048/4912/4529
f 3048/4912/4529 3044/4911/4528 3045/4913/4530
f 3048/4912/4529 3045/4913/4530 3047/4914/4531
f 3047/4914/4531 3045/4913/4530 3046/4915/4532
f 3047/4914/4531 3046/4915/4532 2873/4916/4533
f 2873/4916/4533 3046/4915/4532 2821/4917/4534
f 2873/4916/4533 2821/4917/4534 2822/4904/4522
f 2786/4918/4304 2878/4919/4535 2787/4906/4303
f 2787/4906/4303 2878/4919/4535 3050/4920/4536
f 2787/4906/4303 3050/4920/4536 3059/4921/4537
f 3059/4921/4537 3050/4920/4536 3051/4922/4538
f 3059/4921/4537 3051/4922/4538 3058/4923/4539
f 3058/4923/4539 3051/4922/4538 3052/4924/4540
f 3058/4923/4539 3052/4924/4540 3057/4925/4541
f 3057/4925/4541 3052/4924/4540 3053/4926/4542
f 3057/4925/4541 3053/4926/4542 3056/4927/4543
f 3056/4927/4543 3053/4926/4542 3054/4928/4544
f 3056/4927/4543 3054/4928/4544 3055/4929/4545
f 3055/4929/4545 3054/4928/4544 2820/4930/4546
f 3055/4929/4545 2820/4930/4546 2875/4931/4547
f 2875/4931/4547 2820/4930/4546 2821/4917/4534
f 2875/4931/4547 2821/4917/4534 3046/4915/4532
f 2785/4932/4305 2880/4933/4548 2786/4918/4304
f 2786/4918/4304 2880/4933/4548 3060/4934/4549
f 2786/4918/4304 3060/4934/4549 2878/4919/4535
f 2878/4919/4535 3060/4934/4549 3061/4935/4550
f 2878/4919/4535 3061/4935/4550 3067/4936/4551
f 3067/4936/4551 3061/4935/4550 3062/4937/4552
f 3067/4936/4551 3062/4937/4552 3066/4938/4553
f 3066/4938/4553 3062/4937/4552 3063/4939/4554
f 3066/4938/4553 3063/4939/4554 3065/4940/4555
f 3065/4940/4555 3063/4939/4554 3064/4941/4556
f 3065/4940/4555 3064/4941/4556 2877/4942/4557
f 2877/4942/4557 3064/4941/4556 2819/4943/4558
f 2877/4942/4557 2819/4943/4558 2820/4930/4546
f 2784/4944/4306 2882/4945/4559 2785/4932/4305
f 2785/4932/4305 2882/4945/4559 3068/4946/4560
f 2785/4932/4305 3068/4946/4560 3077/4947/4561
f 3077/4947/4561 3068/4946/4560 3069/4948/4562
f 3077/4947/4561 3069/4948/4562 3076/4949/4563
f 3076/4949/4563 3069/4948/4562 3070/4950/4564
f 3076/4949/4563 3070/4950/4564 3075/4951/4565
f 3075/4951/4565 3070/4950/4564 3071/4952/4566
f 3075/4951/4565 3071/4952/4566 3074/4953/4567
f 3074/4953/4567 3071/4952/4566 3072/4954/4568
f 3074/4953/4567 3072/4954/4568 3073/4955/4569
f 3073/4955/4569 3072/4954/4568 2818/4956/4570
f 3073/4955/4569 2818/4956/4570 2879/4957/4571
f 2879/4957/4571 2818/4956/4570 2819/4943/4558
f 2879/4957/4571 2819/4943/4558 3064/4941/4556
f 2784/4944/4306 2812/4958/4572 2882/4945/4559
f 2882/4945/4559 2812/4958/4572 2813/4959/4573
f 2882/4945/4559 2813/4959/4573 3080/4960/4574
f 3080/4960/4574 2813/4959/4573 2814/4961/4575
f 3080/4960/4574 2814/4961/4575 3079/4962/4576
f 3079/4962/4576 2814/4961/4575 2815/4963/4577
f 3079/4962/4576 2815/4963/4577 3078/4964/4578
f 3078/4964/4578 2815/4963/4577 2816/4965/4579
f 3078/4964/4578 2816/4965/4579 2881/4966/4580
f 2881/4966/4580 2816/4965/4579 2817/4967/4581
f 2881/4966/4580 2817/4967/4581 2818/4956/4570
f 2805/4683/4285 2895/4687/4321 2840/4681/4318
f 2840/4681/4318 2895/4687/4321 2894/4689/4323
f 2840/4681/4318 2894/4689/4323 2883/4679/4316
f 2883/4679/4316 2894/4689/4323 2893/4691/4325
f 2883/4679/4316 2893/4691/4325 2884/4677/4314
f 2884/4677/4314 2893/4691/4325 2892/4693/4327
f 2884/4677/4314 2892/4693/4327 2885/4675/4312
f 2885/4675/4312 2892/4693/4327 2891/4695/4329
f 2885/4675/4312 2891/4695/4329 2839/4672/4309
f 2838/4670/4307 2890/4694/4328 2841/4706/4339
f 2841/4706/4339 2890/4694/4328 2889/4692/4326
f 2841/4706/4339 2889/4692/4326 3086/4704/4337
f 3086/4704/4337 2889/4692/4326 2888/4690/4324
f 3086/4704/4337 2888/4690/4324 3085/4702/4335
f 3085/4702/4335 2888/4690/4324 2887/4688/4322
f 3085/4702/4335 2887/4688/4322 3084/4700/4333
f 3084/4700/4333 2887/4688/4322 2886/4686/4320
f 3084/4700/4333 2886/4686/4320 2842/4685/4319
f 2803/4696/4287 2913/4711/4343 2844/4697/4330
f 2844/4697/4330 2913/4711/4343 2912/4713/4345
f 2844/4697/4330 2912/4713/4345 2896/4968/4582
f 2896/4968/4582 2912/4713/4345 2911/4715/4347
f 2896/4968/4582 2911/4715/4347 2897/4969/4583
f 2897/4969/4583 2911/4715/4347 2910/4717/4349
f 2897/4969/4583 2910/4717/4349 2898/4970/4584
f 2898/4970/4584 2910/4717/4349 2909/4719/4351
f 2898/4970/4584 2909/4719/4351 2843/4721/4353
f 2836/4720/4352 2908/4718/4350 2845/4732/4363
f 2845/4732/4363 2908/4718/4350 2907/4716/4348
f 2845/4732/4363 2907/4716/4348 3089/4730/4361
f 3089/4730/4361 2907/4716/4348 2906/4714/4346
f 3089/4730/4361 2906/4714/4346 3088/4728/4359
f 3088/4728/4359 2906/4714/4346 2905/4712/4344
f 3088/4728/4359 2905/4712/4344 3087/4726/4357
f 3087/4726/4357 2905/4712/4344 2904/4710/4342
f 3087/4726/4357 2904/4710/4342 2846/4709/4341
f 2801/4722/4289 2931/4737/4367 2848/4723/4354
f 2848/4723/4354 2931/4737/4367 2930/4739/4369
f 2848/4723/4354 2930/4739/4369 2914/4971/4585
f 2914/4971/4585 2930/4739/4369 2929/4741/4371
f 2914/4971/4585 2929/4741/4371 2915/4972/4586
f 2915/4972/4586 2929/4741/4371 2928/4743/4373
f 2915/4972/4586 2928/4743/4373 2916/4973/4587
f 2916/4973/4587 2928/4743/4373 2927/4745/4375
f 2916/4973/4587 2927/4745/4375 2847/4747/4377
f 2800/4734/4290 2941/4751/4380 2850/4735/4365
f 2850/4735/4365 2941/4751/4380 2940/4753/4382
f 2850/4735/4365 2940/4753/4382 3090/4974/4588
f 3090/4974/4588 2940/4753/4382 2939/4755/4384
f 3090/4974/4588 2939/4755/4384 3091/4975/4589
f 3091/4975/4589 2939/4755/4384 2938/4757/4386
f 3091/4975/4589 2938/4757/4386 3092/4976/4590
f 3092/4976/4590 2938/4757/4386 2937/4759/4388
f 3092/4976/4590 2937/4759/4388 2849/4761/4390
f 2833/4760/4389 2936/4758/4387 2851/4772/4400
f 2851/4772/4400 2936/4758/4387 2935/4756/4385
f 2851/4772/4400 2935/4756/4385 2947/4770/4398
f 2947/4770/4398 2935/4756/4385 2934/4754/4383
f 2947/4770/4398 2934/4754/4383 2948/4768/4396
f 2948/4768/4396 2934/4754/4383 2933/4752/4381
f 2948/4768/4396 2933/4752/4381 2949/4766/4394
f 2949/4766/4394 2933/4752/4381 2932/4750/4379
f 2949/4766/4394 2932/4750/4379 2852/4749/4378
f 2798/4762/4292 2959/4777/4404 2854/4763/4391
f 2854/4763/4391 2959/4777/4404 2958/4779/4406
f 2854/4763/4391 2958/4779/4406 3093/4977/4591
f 3093/4977/4591 2958/4779/4406 2957/4781/4408
f 3093/4977/4591 2957/4781/4408 3094/4978/4592
f 3094/4978/4592 2957/4781/4408 2956/4783/4410
f 3094/4978/4592 2956/4783/4410 3095/4979/4593
f 3095/4979/4593 2956/4783/4410 2955/4785/4412
f 3095/4979/4593 2955/4785/4412 2853/4787/4414
f 2831/4786/4413 2954/4784/4411 2855/4798/4424
f 2855/4798/4424 2954/4784/4411 2953/4782/4409
f 2855/4798/4424 2953/4782/4409 2965/4796/4422
f 2965/4796/4422 2953/4782/4409 2952/4780/4407
f 2965/4796/4422 2952/4780/4407 2966/4794/4420
f 2966/4794/4420 2952/4780/4407 2951/4778/4405
f 2966/4794/4420 2951/4778/4405 2967/4792/4418
f 2967/4792/4418 2951/4778/4405 2950/4776/4403
f 2967/4792/4418 2950/4776/4403 2856/4775/4402
f 2796/4788/4294 2977/4803/4428 2858/4789/4415
f 2858/4789/4415 2977/4803/4428 2976/4805/4430
f 2858/4789/4415 2976/4805/4430 3096/4980/4594
f 3096/4980/4594 2976/4805/4430 2975/4807/4432
f 3096/4980/4594 2975/4807/4432 3097/4981/4595
f 3097/4981/4595 2975/4807/4432 2974/4809/4434
f 3097/4981/4595 2974/4809/4434 3098/4982/4596
f 3098/4982/4596 2974/4809/4434 2973/4811/4436
f 3098/4982/4596 2973/4811/4436 2857/4813/4438
f 2829/4812/4437 2972/4810/4435 2859/4824/4448
f 2859/4824/4448 2972/4810/4435 2971/4808/4433
f 2859/4824/4448 2971/4808/4433 3081/4822/4446
f 3081/4822/4446 2971/4808/4433 2970/4806/4431
f 3081/4822/4446 2970/4806/4431 3082/4820/4444
f 3082/4820/4444 2970/4806/4431 2969/4804/4429
f 3082/4820/4444 2969/4804/4429 3083/4818/4442
f 3083/4818/4442 2969/4804/4429 2968/4802/4427
f 3083/4818/4442 2968/4802/4427 2860/4801/4426
f 2794/4814/4296 2995/4829/4452 2862/4815/4439
f 2862/4815/4439 2995/4829/4452 2994/4831/4454
f 2862/4815/4439 2994/4831/4454 2978/4983/4597
f 2978/4983/4597 2994/4831/4454 2993/4833/4456
f 2978/4983/4597 2993/4833/4456 2979/4984/4598
f 2979/4984/4598 2993/4833/4456 2992/4835/4458
f 2979/4984/4598 2992/4835/4458 2980/4985/4599
f 2980/4985/4599 2992/4835/4458 2991/4837/4460
f 2980/4985/4599 2991/4837/4460 2861/4839/4462
f 2827/4838/4461 2990/4836/4459 2863/4850/4472
f 2863/4850/4472 2990/4836/4459 2989/4834/4457
f 2863/4850/4472 2989/4834/4457 3101/4848/4470
f 3101/4848/4470 2989/4834/4457 2988/4832/4455
f 3101/4848/4470 2988/4832/4455 3100/4846/4468
f 3100/4846/4468 2988/4832/4455 2987/4830/4453
f 3100/4846/4468 2987/4830/4453 3099/4844/4466
f 3099/4844/4466 2987/4830/4453 2986/4828/4451
f 3099/4844/4466 2986/4828/4451 2864/4827/4450
f 2792/4840/4298 3013/4855/4476 2866/4841/4463
f 2866/4841/4463 3013/4855/4476 3012/4857/4478
f 2866/4841/4463 3012/4857/4478 2996/4986/4600
f 2996/4986/4600 3012/4857/4478 3011/4859/4480
f 2996/4986/4600 3011/4859/4480 2997/4987/4601
f 2997/4987/4601 3011/4859/4480 3010/4861/4482
f 2997/4987/4601 3010/4861/4482 2998/4988/4602
f 2998/4988/4602 3010/4861/4482 3009/4863/4484
f 2998/4988/4602 3009/4863/4484 2865/4865/4486
f 2825/4864/4485 3008/4862/4483 2867/4876/4496
f 2867/4876/4496 3008/4862/4483 3007/4860/4481
f 2867/4876/4496 3007/4860/4481 3104/4874/4494
f 3104/4874/4494 3007/4860/4481 3006/4858/4479
f 3104/4874/4494 3006/4858/4479 3103/4872/4492
f 3103/4872/4492 3006/4858/4479 3005/4856/4477
f 3103/4872/4492 3005/4856/4477 3102/4870/4490
f 3102/4870/4490 3005/4856/4477 3004/4854/4475
f 3102/4870/4490 3004/4854/4475 2868/4853/4474
f 2790/4866/4300 3031/4881/4500 2870/4867/4487
f 2870/4867/4487 3031/4881/4500 3030/4883/4502
f 2870/4867/4487 3030/4883/4502 3014/4989/4603
f 3014/4989/4603 3030/4883/4502 3029/4885/4504
f 3014/4989/4603 3029/4885/4504 3015/4990/4604
f 3015/4990/4604 3029/4885/4504 3028/4887/4506
f 3015/4990/4604 3028/4887/4506 3016/4991/4605
f 3016/4991/4605 3028/4887/4506 3027/4889/4508
f 3016/4991/4605 3027/4889/4508 2869/4891/4510
f 2789/4878/4301 3041/4895/4513 2872/4879/4498
f 2872/4879/4498 3041/4895/4513 3040/4897/4515
f 2872/4879/4498 3040/4897/4515 3105/4992/4606
f 3105/4992/4606 3040/4897/4515 3039/4899/4517
f 3105/4992/4606 3039/4899/4517 3106/4993/4607
f 3106/4993/4607 3039/4899/4517 3038/4901/4519
f 3106/4993/4607 3038/4901/4519 3107/4994/4608
f 3107/4994/4608 3038/4901/4519 3037/4903/4521
f 3107/4994/4608 3037/4903/4521 2871/4905/4523
f 2822/4904/4522 3036/4902/4520 2873/4916/4533
f 2873/4916/4533 3036/4902/4520 3035/4900/4518
f 2873/4916/4533 3035/4900/4518 3047/4914/4531
f 3047/4914/4531 3035/4900/4518 3034/4898/4516
f 3047/4914/4531 3034/4898/4516 3048/4912/4529
f 3048/4912/4529 3034/4898/4516 3033/4896/4514
f 3048/4912/4529 3033/4896/4514 3049/4910/4527
f 3049/4910/4527 3033/4896/4514 3032/4894/4512
f 3049/4910/4527 3032/4894/4512 2874/4893/4511
f 2787/4906/4303 3059/4921/4537 2876/4907/4524
f 2876/4907/4524 3059/4921/4537 3058/4923/4539
f 2876/4907/4524 3058/4923/4539 3108/4995/4609
f 3108/4995/4609 3058/4923/4539 3057/4925/4541
f 3108/4995/4609 3057/4925/4541 3109/4996/4610
f 3109/4996/4610 3057/4925/4541 3056/4927/4543
f 3109/4996/4610 3056/4927/4543 3110/4997/4611
f 3110/4997/4611 3056/4927/4543 3055/4929/4545
f 3110/4997/4611 3055/4929/4545 2875/4931/4547
f 2820/4930/4546 3054/4928/4544 2877/4942/4557
f 2877/4942/4557 3054/4928/4544 3053/4926/4542
f 2877/4942/4557 3053/4926/4542 3065/4940/4555
f 3065/4940/4555 3053/4926/4542 3052/4924/4540
f 3065/4940/4555 3052/4924/4540 3066/4938/4553
f 3066/4938/4553 3052/4924/4540 3051/4922/4538
f 3066/4938/4553 3051/4922/4538 3067/4936/4551
f 3067/4936/4551 3051/4922/4538 3050/4920/4536
f 3067/4936/4551 3050/4920/4536 2878/4919/4535
f 2785/4932/4305 3077/4947/4561 2880/4933/4548
f 2880/4933/4548 3077/4947/4561 3076/4949/4563
f 2880/4933/4548 3076/4949/4563 3111/4998/4612
f 3111/4998/4612 3076/4949/4563 3075/4951/4565
f 3111/4998/4612 3075/4951/4565 3112/4999/4613
f 3112/4999/4613 3075/4951/4565 3074/4953/4567
f 3112/4999/4613 3074/4953/4567 3113/5000/4614
f 3113/5000/4614 3074/4953/4567 3073/4955/4569
f 3113/5000/4614 3073/4955/4569 2879/4957/4571
f 2818/4956/4570 3072/4954/4568 2881/4966/4580
f 2881/4966/4580 3072/4954/4568 3071/4952/4566
f 2881/4966/4580 3071/4952/4566 3078/4964/4578
f 3078/4964/4578 3071/4952/4566 3070/4950/4564
f 3078/4964/4578 3070/4950/4564 3079/4962/4576
f 3079/4962/4576 3070/4950/4564 3069/4948/4562
f 3079/4962/4576 3069/4948/4562 3080/4960/4574
f 3080/4960/4574 3069/4948/4562 3068/4946/4560
f 3080/4960/4574 3068/4946/4560 2882/4945/4559
f 2902/4699/4332 2903/4698/4331 2896/4968/4582
f 2896/4968/4582 2903/4698/4331 2844/4697/4330
f 2901/4701/4334 2902/4699/4332 2897/4969/4583
f 2897/4969/4583 2902/4699/4332 2896/4968/4582
f 2900/4703/4336 2901/4701/4334 2898/4970/4584
f 2898/4970/4584 2901/4701/4334 2897/4969/4583
f 2899/4705/4338 2900/4703/4336 2843/4721/4353
f 2843/4721/4353 2900/4703/4336 2898/4970/4584
f 2920/4725/4356 2921/4724/4355 2914/4971/4585
f 2914/4971/4585 2921/4724/4355 2848/4723/4354
f 2919/4727/4358 2920/4725/4356 2915/4972/4586
f 2915/4972/4586 2920/4725/4356 2914/4971/4585
f 2918/4729/4360 2919/4727/4358 2916/4973/4587
f 2916/4973/4587 2919/4727/4358 2915/4972/4586
f 2917/4731/4362 2918/4729/4360 2847/4747/4377
f 2847/4747/4377 2918/4729/4360 2916/4973/4587
f 2850/4735/4365 3090/4974/4588 2922/4736/4366
f 2922/4736/4366 3090/4974/4588 2923/4738/4368
f 3090/4974/4588 3091/4975/4589 2923/4738/4368
f 2923/4738/4368 3091/4975/4589 2924/4740/4370
f 2849/4761/4390 2926/4744/4374 2925/4742/4372
f 3091/4975/4589 3092/4976/4590 2924/4740/4370
f 2924/4740/4370 3092/4976/4590 2925/4742/4372
f 3092/4976/4590 2849/4761/4390 2925/4742/4372
f 2854/4763/4391 3093/4977/4591 2942/4764/4392
f 2942/4764/4392 3093/4977/4591 2943/4765/4393
f 3093/4977/4591 3094/4978/4592 2943/4765/4393
f 2943/4765/4393 3094/4978/4592 2944/4767/4395
f 2853/4787/4414 2946/4771/4399 2945/4769/4397
f 3094/4978/4592 3095/4979/4593 2944/4767/4395
f 2944/4767/4395 3095/4979/4593 2945/4769/4397
f 3095/4979/4593 2853/4787/4414 2945/4769/4397
f 2858/4789/4415 3096/4980/4594 2960/4790/4416
f 2960/4790/4416 3096/4980/4594 2961/4791/4417
f 3096/4980/4594 3097/4981/4595 2961/4791/4417
f 2961/4791/4417 3097/4981/4595 2962/4793/4419
f 2857/4813/4438 2964/4797/4423 2963/4795/4421
f 3097/4981/4595 3098/4982/4596 2962/4793/4419
f 2962/4793/4419 3098/4982/4596 2963/4795/4421
f 3098/4982/4596 2857/4813/4438 2963/4795/4421
f 2984/4817/4441 2985/4816/4440 2978/4983/4597
f 2978/4983/4597 2985/4816/4440 2862/4815/4439
f 2983/4819/4443 2984/4817/4441 2979/4984/4598
f 2979/4984/4598 2984/4817/4441 2978/4983/4597
f 2982/4821/4445 2983/4819/4443 2980/4985/4599
f 2980/4985/4599 2983/4819/4443 2979/4984/4598
f 2981/4823/4447 2982/4821/4445 2861/4839/4462
f 2861/4839/4462 2982/4821/4445 2980/4985/4599
f 3002/4843/4465 3003/4842/4464 2996/4986/4600
f 2996/4986/4600 3003/4842/4464 2866/4841/4463
f 3001/4845/4467 3002/4843/4465 2997/4987/4601
f 2997/4987/4601 3002/4843/4465 2996/4986/4600
f 3000/4847/4469 3001/4845/4467 2998/4988/4602
f 2998/4988/4602 3001/4845/4467 2997/4987/4601
f 2999/4849/4471 3000/4847/4469 2865/4865/4486
f 2865/4865/4486 3000/4847/4469 2998/4988/4602
f 3020/4869/4489 3021/4868/4488 3014/4989/4603
f 3014/4989/4603 3021/4868/4488 2870/4867/4487
f 3019/4871/4491 3020/4869/4489 3015/4990/4604
f 3015/4990/4604 3020/4869/4489 3014/4989/4603
f 3018/4873/4493 3019/4871/4491 3016/4991/4605
f 3016/4991/4605 3019/4871/4491 3015/4990/4604
f 3017/4875/4495 3018/4873/4493 2869/4891/4510
f 2869/4891/4510 3018/4873/4493 3016/4991/4605
f 2872/4879/4498 3105/4992/4606 3022/4880/4499
f 3022/4880/4499 3105/4992/4606 3023/4882/4501
f 3105/4992/4606 3106/4993/4607 3023/4882/4501
f 3023/4882/4501 3106/4993/4607 3024/4884/4503
f 2871/4905/4523 3026/4888/4507 3025/4886/4505
f 3106/4993/4607 3107/4994/4608 3024/4884/4503
f 3024/4884/4503 3107/4994/4608 3025/4886/4505
f 3107/4994/4608 2871/4905/4523 3025/4886/4505
f 2876/4907/4524 3108/4995/4609 3042/4908/4525
f 3042/4908/4525 3108/4995/4609 3043/4909/4526
f 3108/4995/4609 3109/4996/4610 3043/4909/4526
f 3043/4909/4526 3109/4996/4610 3044/4911/4528
f 2875/4931/4547 3046/4915/4532 3045/4913/4530
f 3109/4996/4610 3110/4997/4611 3044/4911/4528
f 3044/4911/4528 3110/4997/4611 3045/4913/4530
f 3110/4997/4611 2875/4931/4547 3045/4913/4530
f 2880/4933/4548 3111/4998/4612 3060/4934/4549
f 3060/4934/4549 3111/4998/4612 3061/4935/4550
f 3111/4998/4612 3112/4999/4613 3061/4935/4550
f 3061/4935/4550 3112/4999/4613 3062/4937/4552
f 2879/4957/4571 3064/4941/4556 3063/4939/4554
f 3112/4999/4613 3113/5000/4614 3062/4937/4552
f 3062/4937/4552 3113/5000/4614 3063/4939/4554
f 3113/5000/4614 2879/4957/4571 3063/4939/4554
f 3114/5001/4615 2806/5002/4308 3136/5003/4616
f 3136/5003/4616 2806/5002/4308 2838/5004/4307
f 3136/5003/4616 2838/5004/4307 3135/5005/4617
f 3135/5005/4617 2838/5004/4307 2837/5006/4340
f 3135/5005/4617 2837/5006/4340 3134/5007/4618
f 3134/5007/4618 2837/5006/4340 2836/5008/4352
f 3134/5007/4618 2836/5008/4352 3133/5009/4619
f 3133/5009/4619 2836/5008/4352 2835/5010/4364
f 3133/5009/4619 2835/5010/4364 3132/5011/4620
f 3132/5011/4620 2835/5010/4364 2834/5012/4376
f 3132/5011/4620 2834/5012/4376 3131/5013/4621
f 3131/5013/4621 2834/5012/4376 2833/5014/4389
f 3131/5013/4621 2833/5014/4389 3130/5015/4622
f 3130/5015/4622 2833/5014/4389 2832/5016/4401
f 3130/5015/4622 2832/5016/4401 3129/5017/4623
f 3129/5017/4623 2832/5016/4401 2831/5018/4413
f 3129/5017/4623 2831/5018/4413 3128/5019/4624
f 3128/5019/4624 2831/5018/4413 2830/5020/4425
f 3128/5019/4624 2830/5020/4425 3127/5021/4625
f 3127/5021/4625 2830/5020/4425 2829/5022/4437
f 3127/5021/4625 2829/5022/4437 3126/5023/4626
f 3126/5023/4626 2829/5022/4437 2828/5024/4449
f 3126/5023/4626 2828/5024/4449 3125/5025/4627
f 3125/5025/4627 2828/5024/4449 2827/5026/4461
f 3125/5025/4627 2827/5026/4461 3124/5027/4628
f 3124/5027/4628 2827/5026/4461 2826/5028/4473
f 3124/5027/4628 2826/5028/4473 3123/5029/4629
f 3123/5029/4629 2826/5028/4473 2825/5030/4485
f 3123/5029/4629 2825/5030/4485 3122/5031/4630
f 3122/5031/4630 2825/5030/4485 2824/5032/4497
f 3122/5031/4630 2824/5032/4497 3121/5033/4631
f 3121/5033/4631 2824/5032/4497 2823/5034/4509
f 3121/5033/4631 2823/5034/4509 3120/5035/4632
f 3120/5035/4632 2823/5034/4509 2822/5036/4522
f 3120/5035/4632 2822/5036/4522 3119/5037/4633
f 3119/5037/4633 2822/5036/4522 2821/5038/4534
f 3119/5037/4633 2821/5038/4534 3118/5039/4634
f 3118/5039/4634 2821/5038/4534 2820/5040/4546
f 3118/5039/4634 2820/5040/4546 3117/5041/4635
f 3117/5041/4635 2820/5040/4546 2819/5042/4558
f 3117/5041/4635 2819/5042/4558 3116/5043/4636
f 3116/5043/4636 2819/5042/4558 2818/5044/4570
f 3116/5043/4636 2818/5044/4570 3115/5045/4637
f 3115/5045/4637 2818/5044/4570 2817/5046/4581
f 3169/5047/4638 3137/5048/4639 3170/5049/4640
f 3170/5049/4640 3137/5048/4639 3138/5050/4641
f 3170/5049/4640 3138/5050/4641 3139/5051/4642
f 3170/5049/4640 3139/5051/4642 3216/5052/4643
f 3216/5052/4643 3139/5051/4642 3140/5053/4644
f 3216/5052/4643 3140/5053/4644 3215/5054/4645
f 3215/5054/4645 3140/5053/4644 3141/5055/4646
f 3215/5054/4645 3141/5055/4646 3214/5056/4647
f 3214/5056/4647 3141/5055/4646 3142/5057/4648
f 3214/5056/4647 3142/5057/4648 3171/5058/4649
f 3171/5058/4649 3142/5057/4648 3114/5059/4615
f 3171/5058/4649 3114/5059/4615 3136/5060/4616
f 3135/5061/4617 3173/5062/4650 3136/5060/4616
f 3136/5060/4616 3173/5062/4650 3217/5063/4651
f 3136/5060/4616 3217/5063/4651 3226/5064/4652
f 3226/5064/4652 3217/5063/4651 3218/5065/4653
f 3226/5064/4652 3218/5065/4653 3225/5066/4654
f 3225/5066/4654 3218/5065/4653 3219/5067/4655
f 3225/5066/4654 3219/5067/4655 3224/5068/4656
f 3224/5068/4656 3219/5067/4655 3220/5069/4657
f 3224/5068/4656 3220/5069/4657 3223/5070/4658
f 3223/5070/4658 3220/5069/4657 3221/5071/4659
f 3223/5070/4658 3221/5071/4659 3222/5072/4660
f 3222/5072/4660 3221/5071/4659 3169/5047/4638
f 3222/5072/4660 3169/5047/4638 3170/5049/4640
f 3134/5073/4618 3175/5074/4661 3135/5061/4617
f 3135/5061/4617 3175/5074/4661 3234/5075/4662
f 3135/5061/4617 3234/5075/4662 3173/5062/4650
f 3173/5062/4650 3234/5075/4662 3233/5076/4663
f 3173/5062/4650 3233/5076/4663 3414/5077/4664
f 3414/5077/4664 3233/5076/4663 3232/5078/4665
f 3414/5077/4664 3232/5078/4665 3415/5079/4666
f 3415/5079/4666 3232/5078/4665 3231/5080/4667
f 3415/5079/4666 3231/5080/4667 3416/5081/4668
f 3416/5081/4668 3231/5080/4667 3230/5082/4669
f 3416/5081/4668 3230/5082/4669 3172/5083/4670
f 3172/5083/4670 3230/5082/4669 3168/5084/4671
f 3172/5083/4670 3168/5084/4671 3169/5047/4638
f 3133/5085/4619 3177/5086/4672 3134/5073/4618
f 3134/5073/4618 3177/5086/4672 3235/5087/4673
f 3134/5073/4618 3235/5087/4673 3244/5088/4674
f 3244/5088/4674 3235/5087/4673 3236/5089/4675
f 3244/5088/4674 3236/5089/4675 3243/5090/4676
f 3243/5090/4676 3236/5089/4675 3237/5091/4677
f 3243/5090/4676 3237/5091/4677 3242/5092/4678
f 3242/5092/4678 3237/5091/4677 3238/5093/4679
f 3242/5092/4678 3238/5093/4679 3241/5094/4680
f 3241/5094/4680 3238/5093/4679 3239/5095/4681
f 3241/5094/4680 3239/5095/4681 3240/5096/4682
f 3240/5096/4682 3239/5095/4681 3167/5097/4683
f 3240/5096/4682 3167/5097/4683 3174/5098/4684
f 3174/5098/4684 3167/5097/4683 3168/5084/4671
f 3174/5098/4684 3168/5084/4671 3230/5082/4669
f 3132/5099/4620 3179/5100/4685 3133/5085/4619
f 3133/5085/4619 3179/5100/4685 3245/5101/4686
f 3133/5085/4619 3245/5101/4686 3254/5102/4687
f 3254/5102/4687 3245/5101/4686 3246/5103/4688
f 3254/5102/4687 3246/5103/4688 3253/5104/4689
f 3253/5104/4689 3246/5103/4688 3247/5105/4690
f 3253/5104/4689 3247/5105/4690 3252/5106/4691
f 3252/5106/4691 3247/5105/4690 3248/5107/4692
f 3252/5106/4691 3248/5107/4692 3251/5108/4693
f 3251/5108/4693 3248/5107/4692 3249/5109/4694
f 3251/5108/4693 3249/5109/4694 3250/5110/4695
f 3250/5110/4695 3249/5109/4694 3166/5111/4696
f 3250/5110/4695 3166/5111/4696 3176/5112/4697
f 3176/5112/4697 3166/5111/4696 3167/5097/4683
f 3176/5112/4697 3167/5097/4683 3239/5095/4681
f 3131/5113/4621 3181/5114/4698 3132/5099/4620
f 3132/5099/4620 3181/5114/4698 3255/5115/4699
f 3132/5099/4620 3255/5115/4699 3179/5100/4685
f 3179/5100/4685 3255/5115/4699 3256/5116/4700
f 3179/5100/4685 3256/5116/4700 3262/5117/4701
f 3262/5117/4701 3256/5116/4700 3257/5118/4702
f 3262/5117/4701 3257/5118/4702 3261/5119/4703
f 3261/5119/4703 3257/5118/4702 3258/5120/4704
f 3261/5119/4703 3258/5120/4704 3260/5121/4705
f 3260/5121/4705 3258/5120/4704 3259/5122/4706
f 3260/5121/4705 3259/5122/4706 3178/5123/4707
f 3178/5123/4707 3259/5122/4706 3165/5124/4708
f 3178/5123/4707 3165/5124/4708 3166/5111/4696
f 3130/5125/4622 3183/5126/4709 3131/5113/4621
f 3131/5113/4621 3183/5126/4709 3263/5127/4710
f 3131/5113/4621 3263/5127/4710 3272/5128/4711
f 3272/5128/4711 3263/5127/4710 3264/5129/4712
f 3272/5128/4711 3264/5129/4712 3271/5130/4713
f 3271/5130/4713 3264/5129/4712 3265/5131/4714
f 3271/5130/4713 3265/5131/4714 3270/5132/4715
f 3270/5132/4715 3265/5131/4714 3266/5133/4716
f 3270/5132/4715 3266/5133/4716 3269/5134/4717
f 3269/5134/4717 3266/5133/4716 3267/5135/4718
f 3269/5134/4717 3267/5135/4718 3268/5136/4719
f 3268/5136/4719 3267/5135/4718 3164/5137/4720
f 3268/5136/4719 3164/5137/4720 3180/5138/4721
f 3180/5138/4721 3164/5137/4720 3165/5124/4708
f 3180/5138/4721 3165/5124/4708 3259/5122/4706
f 3129/5139/4623 3185/5140/4722 3130/5125/4622
f 3130/5125/4622 3185/5140/4722 3280/5141/4723
f 3130/5125/4622 3280/5141/4723 3183/5126/4709
f 3183/5126/4709 3280/5141/4723 3279/5142/4724
f 3183/5126/4709 3279/5142/4724 3423/5143/4725
f 3423/5143/4725 3279/5142/4724 3278/5144/4726
f 3423/5143/4725 3278/5144/4726 3424/5145/4727
f 3424/5145/4727 3278/5144/4726 3277/5146/4728
f 3424/5145/4727 3277/5146/4728 3425/5147/4729
f 3425/5147/4729 3277/5146/4728 3276/5148/4730
f 3425/5147/4729 3276/5148/4730 3182/5149/4731
f 3182/5149/4731 3276/5148/4730 3163/5150/4732
f 3182/5149/4731 3163/5150/4732 3164/5137/4720
f 3128/5151/4624 3187/5152/4733 3129/5139/4623
f 3129/5139/4623 3187/5152/4733 3281/5153/4734
f 3129/5139/4623 3281/5153/4734 3290/5154/4735
f 3290/5154/4735 3281/5153/4734 3282/5155/4736
f 3290/5154/4735 3282/5155/4736 3289/5156/4737
f 3289/5156/4737 3282/5155/4736 3283/5157/4738
f 3289/5156/4737 3283/5157/4738 3288/5158/4739
f 3288/5158/4739 3283/5157/4738 3284/5159/4740
f 3288/5158/4739 3284/5159/4740 3287/5160/4741
f 3287/5160/4741 3284/5159/4740 3285/5161/4742
f 3287/5160/4741 3285/5161/4742 3286/5162/4743
f 3286/5162/4743 3285/5161/4742 3162/5163/4744
f 3286/5162/4743 3162/5163/4744 3184/5164/4745
f 3184/5164/4745 3162/5163/4744 3163/5150/4732
f 3184/5164/4745 3163/5150/4732 3276/5148/4730
f 3127/5165/4625 3189/5166/4746 3128/5151/4624
f 3128/5151/4624 3189/5166/4746 3291/5167/4747
f 3128/5151/4624 3291/5167/4747 3300/5168/4748
f 3300/5168/4748 3291/5167/4747 3292/5169/4749
f 3300/5168/4748 3292/5169/4749 3299/5170/4750
f 3299/5170/4750 3292/5169/4749 3293/5171/4751
f 3299/5170/4750 3293/5171/4751 3298/5172/4752
f 3298/5172/4752 3293/5171/4751 3294/5173/4753
f 3298/5172/4752 3294/5173/4753 3297/5174/4754
f 3297/5174/4754 3294/5173/4753 3295/5175/4755
f 3297/5174/4754 3295/5175/4755 3296/5176/4756
f 3296/5176/4756 3295/5175/4755 3161/5177/4757
f 3296/5176/4756 3161/5177/4757 3186/5178/4758
f 3186/5178/4758 3161/5177/4757 3162/5163/4744
f 3186/5178/4758 3162/5163/4744 3285/5161/4742
f 3126/5179/4626 3191/5180/4759 3127/5165/4625
f 3127/5165/4625 3191/5180/4759 3301/5181/4760
f 3127/5165/4625 3301/5181/4760 3189/5166/4746
f 3189/5166/4746 3301/5181/4760 3302/5182/4761
f 3189/5166/4746 3302/5182/4761 3308/5183/4762
f 3308/5183/4762 3302/5182/4761 3303/5184/4763
f 3308/5183/4762 3303/5184/4763 3307/5185/4764
f 3307/5185/4764 3303/5184/4763 3304/5186/4765
f 3307/5185/4764 3304/5186/4765 3306/5187/4766
f 3306/5187/4766 3304/5186/4765 3305/5188/4767
f 3306/5187/4766 3305/5188/4767 3188/5189/4768
f 3188/5189/4768 3305/5188/4767 3160/5190/4769
f 3188/5189/4768 3160/5190/4769 3161/5177/4757
f 3125/5191/4627 3193/5192/4770 3126/5179/4626
f 3126/5179/4626 3193/5192/4770 3309/5193/4771
f 3126/5179/4626 3309/5193/4771 3318/5194/4772
f 3318/5194/4772 3309/5193/4771 3310/5195/4773
f 3318/5194/4772 3310/5195/4773 3317/5196/4774
f 3317/5196/4774 3310/5195/4773 3311/5197/4775
f 3317/5196/4774 3311/5197/4775 3316/5198/4776
f 3316/5198/4776 3311/5197/4775 3312/5199/4777
f 3316/5198/4776 3312/5199/4777 3315/5200/4778
f 3315/5200/4778 3312/5199/4777 3313/5201/4779
f 3315/5200/4778 3313/5201/4779 3314/5202/4780
f 3314/5202/4780 3313/5201/4779 3159/5203/4781
f 3314/5202/4780 3159/5203/4781 3190/5204/4782
f 3190/5204/4782 3159/5203/4781 3160/5190/4769
f 3190/5204/4782 3160/5190/4769 3305/5188/4767
f 3124/5205/4628 3195/5206/4783 3125/5191/4627
f 3125/5191/4627 3195/5206/4783 3326/5207/4784
f 3125/5191/4627 3326/5207/4784 3193/5192/4770
f 3193/5192/4770 3326/5207/4784 3325/5208/4785
f 3193/5192/4770 3325/5208/4785 3432/5209/4786
f 3432/5209/4786 3325/5208/4785 3324/5210/4787
f 3432/5209/4786 3324/5210/4787 3433/5211/4788
f 3433/5211/4788 3324/5210/4787 3323/5212/4789
f 3433/5211/4788 3323/5212/4789 3434/5213/4790
f 3434/5213/4790 3323/5212/4789 3322/5214/4791
f 3434/5213/4790 3322/5214/4791 3192/5215/4792
f 3192/5215/4792 3322/5214/4791 3158/5216/4793
f 3192/5215/4792 3158/5216/4793 3159/5203/4781
f 3123/5217/4629 3197/5218/4794 3124/5205/4628
f 3124/5205/4628 3197/5218/4794 3327/5219/4795
f 3124/5205/4628 3327/5219/4795 3336/5220/4796
f 3336/5220/4796 3327/5219/4795 3328/5221/4797
f 3336/5220/4796 3328/5221/4797 3335/5222/4798
f 3335/5222/4798 3328/5221/4797 3329/5223/4799
f 3335/5222/4798 3329/5223/4799 3334/5224/4800
f 3334/5224/4800 3329/5223/4799 3330/5225/4801
f 3334/5224/4800 3330/5225/4801 3333/5226/4802
f 3333/5226/4802 3330/5225/4801 3331/5227/4803
f 3333/5226/4802 3331/5227/4803 3332/5228/4804
f 3332/5228/4804 3331/5227/4803 3157/5229/4805
f 3332/5228/4804 3157/5229/4805 3194/5230/4806
f 3194/5230/4806 3157/5229/4805 3158/5216/4793
f 3194/5230/4806 3158/5216/4793 3322/5214/4791
f 3122/5231/4630 3199/5232/4807 3123/5217/4629
f 3123/5217/4629 3199/5232/4807 3337/5233/4808
f 3123/5217/4629 3337/5233/4808 3346/5234/4809
f 3346/5234/4809 3337/5233/4808 3338/5235/4810
f 3346/5234/4809 3338/5235/4810 3345/5236/4811
f 3345/5236/4811 3338/5235/4810 3339/5237/4812
f 3345/5236/4811 3339/5237/4812 3344/5238/4813
f 3344/5238/4813 3339/5237/4812 3340/5239/4814
f 3344/5238/4813 3340/5239/4814 3343/5240/4815
f 3343/5240/4815 3340/5239/4814 3341/5241/4816
f 3343/5240/4815 3341/5241/4816 3342/5242/4817
f 3342/5242/4817 3341/5241/4816 3156/5243/4818
f 3342/5242/4817 3156/5243/4818 3196/5244/4819
f 3196/5244/4819 3156/5243/4818 3157/5229/4805
f 3196/5244/4819 3157/5229/4805 3331/5227/4803
f 3121/5245/4631 3201/5246/4820 3122/5231/4630
f 3122/5231/4630 3201/5246/4820 3347/5247/4821
f 3122/5231/4630 3347/5247/4821 3199/5232/4807
f 3199/5232/4807 3347/5247/4821 3348/5248/4822
f 3199/5232/4807 3348/5248/4822 3354/5249/4823
f 3354/5249/4823 3348/5248/4822 3349/5250/4824
f 3354/5249/4823 3349/5250/4824 3353/5251/4825
f 3353/5251/4825 3349/5250/4824 3350/5252/4826
f 3353/5251/4825 3350/5252/4826 3352/5253/4827
f 3352/5253/4827 3350/5252/4826 3351/5254/4828
f 3352/5253/4827 3351/5254/4828 3198/5255/4829
f 3198/5255/4829 3351/5254/4828 3155/5256/4830
f 3198/5255/4829 3155/5256/4830 3156/5243/4818
f 3120/5257/4632 3203/5258/4831 3121/5245/4631
f 3121/5245/4631 3203/5258/4831 3355/5259/4832
f 3121/5245/4631 3355/5259/4832 3364/5260/4833
f 3364/5260/4833 3355/5259/4832 3356/5261/4834
f 3364/5260/4833 3356/5261/4834 3363/5262/4835
f 3363/5262/4835 3356/5261/4834 3357/5263/4836
f 3363/5262/4835 3357/5263/4836 3362/5264/4837
f 3362/5264/4837 3357/5263/4836 3358/5265/4838
f 3362/5264/4837 3358/5265/4838 3361/5266/4839
f 3361/5266/4839 3358/5265/4838 3359/5267/4840
f 3361/5266/4839 3359/5267/4840 3360/5268/4841
f 3360/5268/4841 3359/5267/4840 3154/5269/4842
f 3360/5268/4841 3154/5269/4842 3200/5270/4843
f 3200/5270/4843 3154/5269/4842 3155/5256/4830
f 3200/5270/4843 3155/5256/4830 3351/5254/4828
f 3119/5271/4633 3205/5272/4844 3120/5257/4632
f 3120/5257/4632 3205/5272/4844 3372/5273/4845
f 3120/5257/4632 3372/5273/4845 3203/5258/4831
f 3203/5258/4831 3372/5273/4845 3371/5274/4846
f 3203/5258/4831 3371/5274/4846 3441/5275/4847
f 3441/5275/4847 3371/5274/4846 3370/5276/4848
f 3441/5275/4847 3370/5276/4848 3442/5277/4849
f 3442/5277/4849 3370/5276/4848 3369/5278/4850
f 3442/5277/4849 3369/5278/4850 3443/5279/4851
f 3443/5279/4851 3369/5278/4850 3368/5280/4852
f 3443/5279/4851 3368/5280/4852 3202/5281/4853
f 3202/5281/4853 3368/5280/4852 3153/5282/4854
f 3202/5281/4853 3153/5282/4854 3154/5269/4842
f 3118/5283/4634 3207/5284/4855 3119/5271/4633
f 3119/5271/4633 3207/5284/4855 3373/5285/4856
f 3119/5271/4633 3373/5285/4856 3382/5286/4857
f 3382/5286/4857 3373/5285/4856 3374/5287/4858
f 3382/5286/4857 3374/5287/4858 3381/5288/4859
f 3381/5288/4859 3374/5287/4858 3375/5289/4860
f 3381/5288/4859 3375/5289/4860 3380/5290/4861
f 3380/5290/4861 3375/5289/4860 3376/5291/4862
f 3380/5290/4861 3376/5291/4862 3379/5292/4863
f 3379/5292/4863 3376/5291/4862 3377/5293/4864
f 3379/5292/4863 3377/5293/4864 3378/5294/4865
f 3378/5294/4865 3377/5293/4864 3152/5295/4866
f 3378/5294/4865 3152/5295/4866 3204/5296/4867
f 3204/5296/4867 3152/5295/4866 3153/5282/4854
f 3204/5296/4867 3153/5282/4854 3368/5280/4852
f 3117/5297/4635 3209/5298/4868 3118/5283/4634
f 3118/5283/4634 3209/5298/4868 3383/5299/4869
f 3118/5283/4634 3383/5299/4869 3392/5300/4870
f 3392/5300/4870 3383/5299/4869 3384/5301/4871
f 3392/5300/4870 3384/5301/4871 3391/5302/4872
f 3391/5302/4872 3384/5301/4871 3385/5303/4873
f 3391/5302/4872 3385/5303/4873 3390/5304/4874
f 3390/5304/4874 3385/5303/4873 3386/5305/4875
f 3390/5304/4874 3386/5305/4875 3389/5306/4876
f 3389/5306/4876 3386/5305/4875 3387/5307/4877
f 3389/5306/4876 3387/5307/4877 3388/5308/4878
f 3388/5308/4878 3387/5307/4877 3151/5309/4879
f 3388/5308/4878 3151/5309/4879 3206/5310/4880
f 3206/5310/4880 3151/5309/4879 3152/5295/4866
f 3206/5310/4880 3152/5295/4866 3377/5293/4864
f 3116/5311/4636 3211/5312/4881 3117/5297/4635
f 3117/5297/4635 3211/5312/4881 3393/5313/4882
f 3117/5297/4635 3393/5313/4882 3209/5298/4868
f 3209/5298/4868 3393/5313/4882 3394/5314/4883
f 3209/5298/4868 3394/5314/4883 3400/5315/4884
f 3400/5315/4884 3394/5314/4883 3395/5316/4885
f 3400/5315/4884 3395/5316/4885 3399/5317/4886
f 3399/5317/4886 3395/5316/4885 3396/5318/4887
f 3399/5317/4886 3396/5318/4887 3398/5319/4888
f 3398/5319/4888 3396/5318/4887 3397/5320/4889
f 3398/5319/4888 3397/5320/4889 3208/5321/4890
f 3208/5321/4890 3397/5320/4889 3150/5322/4891
f 3208/5321/4890 3150/5322/4891 3151/5309/4879
f 3115/5323/4637 3213/5324/4892 3116/5311/4636
f 3116/5311/4636 3213/5324/4892 3401/5325/4893
f 3116/5311/4636 3401/5325/4893 3410/5326/4894
f 3410/5326/4894 3401/5325/4893 3402/5327/4895
f 3410/5326/4894 3402/5327/4895 3409/5328/4896
f 3409/5328/4896 3402/5327/4895 3403/5329/4897
f 3409/5328/4896 3403/5329/4897 3408/5330/4898
f 3408/5330/4898 3403/5329/4897 3404/5331/4899
f 3408/5330/4898 3404/5331/4899 3407/5332/4900
f 3407/5332/4900 3404/5331/4899 3405/5333/4901
f 3407/5332/4900 3405/5333/4901 3406/5334/4902
f 3406/5334/4902 3405/5333/4901 3149/5335/4903
f 3406/5334/4902 3149/5335/4903 3210/5336/4904
f 3210/5336/4904 3149/5335/4903 3150/5322/4891
f 3210/5336/4904 3150/5322/4891 3397/5320/4889
f 3115/5323/4637 3143/5337/4905 3213/5324/4892
f 3213/5324/4892 3143/5337/4905 3144/5338/4906
f 3213/5324/4892 3144/5338/4906 3413/5339/4907
f 3413/5339/4907 3144/5338/4906 3145/5340/4908
f 3413/5339/4907 3145/5340/4908 3412/5341/4909
f 3412/5341/4909 3145/5340/4908 3146/5342/4910
f 3412/5341/4909 3146/5342/4910 3411/5343/4911
f 3411/5343/4911 3146/5342/4910 3147/5344/4912
f 3411/5343/4911 3147/5344/4912 3212/5345/4913
f 3212/5345/4913 3147/5344/4912 3148/5346/4914
f 3212/5345/4913 3148/5346/4914 3149/5335/4903
f 3136/5060/4616 3226/5064/4652 3171/5058/4649
f 3171/5058/4649 3226/5064/4652 3225/5066/4654
f 3171/5058/4649 3225/5066/4654 3214/5056/4647
f 3214/5056/4647 3225/5066/4654 3224/5068/4656
f 3214/5056/4647 3224/5068/4656 3215/5054/4645
f 3215/5054/4645 3224/5068/4656 3223/5070/4658
f 3215/5054/4645 3223/5070/4658 3216/5052/4643
f 3216/5052/4643 3223/5070/4658 3222/5072/4660
f 3216/5052/4643 3222/5072/4660 3170/5049/4640
f 3169/5047/4638 3221/5071/4659 3172/5083/4670
f 3172/5083/4670 3221/5071/4659 3220/5069/4657
f 3172/5083/4670 3220/5069/4657 3416/5081/4668
f 3416/5081/4668 3220/5069/4657 3219/5067/4655
f 3416/5081/4668 3219/5067/4655 3415/5079/4666
f 3415/5079/4666 3219/5067/4655 3218/5065/4653
f 3415/5079/4666 3218/5065/4653 3414/5077/4664
f 3414/5077/4664 3218/5065/4653 3217/5063/4651
f 3414/5077/4664 3217/5063/4651 3173/5062/4650
f 3134/5073/4618 3244/5088/4674 3175/5074/4661
f 3175/5074/4661 3244/5088/4674 3243/5090/4676
f 3175/5074/4661 3243/5090/4676 3227/5347/4915
f 3227/5347/4915 3243/5090/4676 3242/5092/4678
f 3227/5347/4915 3242/5092/4678 3228/5348/4916
f 3228/5348/4916 3242/5092/4678 3241/5094/4680
f 3228/5348/4916 3241/5094/4680 3229/5349/4917
f 3229/5349/4917 3241/5094/4680 3240/5096/4682
f 3229/5349/4917 3240/5096/4682 3174/5098/4684
f 3133/5085/4619 3254/5102/4687 3177/5086/4672
f 3177/5086/4672 3254/5102/4687 3253/5104/4689
f 3177/5086/4672 3253/5104/4689 3417/5350/4918
f 3417/5350/4918 3253/5104/4689 3252/5106/4691
f 3417/5350/4918 3252/5106/4691 3418/5351/4919
f 3418/5351/4919 3252/5106/4691 3251/5108/4693
f 3418/5351/4919 3251/5108/4693 3419/5352/4920
f 3419/5352/4920 3251/5108/4693 3250/5110/4695
f 3419/5352/4920 3250/5110/4695 3176/5112/4697
f 3166/5111/4696 3249/5109/4694 3178/5123/4707
f 3178/5123/4707 3249/5109/4694 3248/5107/4692
f 3178/5123/4707 3248/5107/4692 3260/5121/4705
f 3260/5121/4705 3248/5107/4692 3247/5105/4690
f 3260/5121/4705 3247/5105/4690 3261/5119/4703
f 3261/5119/4703 3247/5105/4690 3246/5103/4688
f 3261/5119/4703 3246/5103/4688 3262/5117/4701
f 3262/5117/4701 3246/5103/4688 3245/5101/4686
f 3262/5117/4701 3245/5101/4686 3179/5100/4685
f 3131/5113/4621 3272/5128/4711 3181/5114/4698
f 3181/5114/4698 3272/5128/4711 3271/5130/4713
f 3181/5114/4698 3271/5130/4713 3420/5353/4921
f 3420/5353/4921 3271/5130/4713 3270/5132/4715
f 3420/5353/4921 3270/5132/4715 3421/5354/4922
f 3421/5354/4922 3270/5132/4715 3269/5134/4717
f 3421/5354/4922 3269/5134/4717 3422/5355/4923
f 3422/5355/4923 3269/5134/4717 3268/5136/4719
f 3422/5355/4923 3268/5136/4719 3180/5138/4721
f 3164/5137/4720 3267/5135/4718 3182/5149/4731
f 3182/5149/4731 3267/5135/4718 3266/5133/4716
f 3182/5149/4731 3266/5133/4716 3425/5147/4729
f 3425/5147/4729 3266/5133/4716 3265/5131/4714
f 3425/5147/4729 3265/5131/4714 3424/5145/4727
f 3424/5145/4727 3265/5131/4714 3264/5129/4712
f 3424/5145/4727 3264/5129/4712 3423/5143/4725
f 3423/5143/4725 3264/5129/4712 3263/5127/4710
f 3423/5143/4725 3263/5127/4710 3183/5126/4709
f 3129/5139/4623 3290/5154/4735 3185/5140/4722
f 3185/5140/4722 3290/5154/4735 3289/5156/4737
f 3185/5140/4722 3289/5156/4737 3273/5356/4924
f 3273/5356/4924 3289/5156/4737 3288/5158/4739
f 3273/5356/4924 3288/5158/4739 3274/5357/4925
f 3274/5357/4925 3288/5158/4739 3287/5160/4741
f 3274/5357/4925 3287/5160/4741 3275/5358/4926
f 3275/5358/4926 3287/5160/4741 3286/5162/4743
f 3275/5358/4926 3286/5162/4743 3184/5164/4745
f 3128/5151/4624 3300/5168/4748 3187/5152/4733
f 3187/5152/4733 3300/5168/4748 3299/5170/4750
f 3187/5152/4733 3299/5170/4750 3426/5359/4927
f 3426/5359/4927 3299/5170/4750 3298/5172/4752
f 3426/5359/4927 3298/5172/4752 3427/5360/4928
f 3427/5360/4928 3298/5172/4752 3297/5174/4754
f 3427/5360/4928 3297/5174/4754 3428/5361/4929
f 3428/5361/4929 3297/5174/4754 3296/5176/4756
f 3428/5361/4929 3296/5176/4756 3186/5178/4758
f 3161/5177/4757 3295/5175/4755 3188/5189/4768
f 3188/5189/4768 3295/5175/4755 3294/5173/4753
f 3188/5189/4768 3294/5173/4753 3306/5187/4766
f 3306/5187/4766 3294/5173/4753 3293/5171/4751
f 3306/5187/4766 3293/5171/4751 3307/5185/4764
f 3307/5185/4764 3293/5171/4751 3292/5169/4749
f 3307/5185/4764 3292/5169/4749 3308/5183/4762
f 3308/5183/4762 3292/5169/4749 3291/5167/4747
f 3308/5183/4762 3291/5167/4747 3189/5166/4746
f 3126/5179/4626 3318/5194/4772 3191/5180/4759
f 3191/5180/4759 3318/5194/4772 3317/5196/4774
f 3191/5180/4759 3317/5196/4774 3429/5362/4930
f 3429/5362/4930 3317/5196/4774 3316/5198/4776
f 3429/5362/4930 3316/5198/4776 3430/5363/4931
f 3430/5363/4931 3316/5198/4776 3315/5200/4778
f 3430/5363/4931 3315/5200/4778 3431/5364/4932
f 3431/5364/4932 3315/5200/4778 3314/5202/4780
f 3431/5364/4932 3314/5202/4780 3190/5204/4782
f 3159/5203/4781 3313/5201/4779 3192/5215/4792
f 3192/5215/4792 3313/5201/4779 3312/5199/4777
f 3192/5215/4792 3312/5199/4777 3434/5213/4790
f 3434/5213/4790 3312/5199/4777 3311/5197/4775
f 3434/5213/4790 3311/5197/4775 3433/5211/4788
f 3433/5211/4788 3311/5197/4775 3310/5195/4773
f 3433/5211/4788 3310/5195/4773 3432/5209/4786
f 3432/5209/4786 3310/5195/4773 3309/5193/4771
f 3432/5209/4786 3309/5193/4771 3193/5192/4770
f 3124/5205/4628 3336/5220/4796 3195/5206/4783
f 3195/5206/4783 3336/5220/4796 3335/5222/4798
f 3195/5206/4783 3335/5222/4798 3319/5365/4933
f 3319/5365/4933 3335/5222/4798 3334/5224/4800
f 3319/5365/4933 3334/5224/4800 3320/5366/4934
f 3320/5366/4934 3334/5224/4800 3333/5226/4802
f 3320/5366/4934 3333/5226/4802 3321/5367/4935
f 3321/5367/4935 3333/5226/4802 3332/5228/4804
f 3321/5367/4935 3332/5228/4804 3194/5230/4806
f 3123/5217/4629 3346/5234/4809 3197/5218/4794
f 3197/5218/4794 3346/5234/4809 3345/5236/4811
f 3197/5218/4794 3345/5236/4811 3435/5368/4936
f 3435/5368/4936 3345/5236/4811 3344/5238/4813
f 3435/5368/4936 3344/5238/4813 3436/5369/4937
f 3436/5369/4937 3344/5238/4813 3343/5240/4815
f 3436/5369/4937 3343/5240/4815 3437/5370/4938
f 3437/5370/4938 3343/5240/4815 3342/5242/4817
f 3437/5370/4938 3342/5242/4817 3196/5244/4819
f 3156/5243/4818 3341/5241/4816 3198/5255/4829
f 3198/5255/4829 3341/5241/4816 3340/5239/4814
f 3198/5255/4829 3340/5239/4814 3352/5253/4827
f 3352/5253/4827 3340/5239/4814 3339/5237/4812
f 3352/5253/4827 3339/5237/4812 3353/5251/4825
f 3353/5251/4825 3339/5237/4812 3338/5235/4810
f 3353/5251/4825 3338/5235/4810 3354/5249/4823
f 3354/5249/4823 3338/5235/4810 3337/5233/4808
f 3354/5249/4823 3337/5233/4808 3199/5232/4807
f 3121/5245/4631 3364/5260/4833 3201/5246/4820
f 3201/5246/4820 3364/5260/4833 3363/5262/4835
f 3201/5246/4820 3363/5262/4835 3438/5371/4939
f 3438/5371/4939 3363/5262/4835 3362/5264/4837
f 3438/5371/4939 3362/5264/4837 3439/5372/4940
f 3439/5372/4940 3362/5264/4837 3361/5266/4839
f 3439/5372/4940 3361/5266/4839 3440/5373/4941
f 3440/5373/4941 3361/5266/4839 3360/5268/4841
f 3440/5373/4941 3360/5268/4841 3200/5270/4843
f 3154/5269/4842 3359/5267/4840 3202/5281/4853
f 3202/5281/4853 3359/5267/4840 3358/5265/4838
f 3202/5281/4853 3358/5265/4838 3443/5279/4851
f 3443/5279/4851 3358/5265/4838 3357/5263/4836
f 3443/5279/4851 3357/5263/4836 3442/5277/4849
f 3442/5277/4849 3357/5263/4836 3356/5261/4834
f 3442/5277/4849 3356/5261/4834 3441/5275/4847
f 3441/5275/4847 3356/5261/4834 3355/5259/4832
f 3441/5275/4847 3355/5259/4832 3203/5258/4831
f 3119/5271/4633 3382/5286/4857 3205/5272/4844
f 3205/5272/4844 3382/5286/4857 3381/5288/4859
f 3205/5272/4844 3381/5288/4859 3365/5374/4942
f 3365/5374/4942 3381/5288/4859 3380/5290/4861
f 3365/5374/4942 3380/5290/4861 3366/5375/4943
f 3366/5375/4943 3380/5290/4861 3379/5292/4863
f 3366/5375/4943 3379/5292/4863 3367/5376/4944
f 3367/5376/4944 3379/5292/4863 3378/5294/4865
f 3367/5376/4944 3378/5294/4865 3204/5296/4867
f 3118/5283/4634 3392/5300/4870 3207/5284/4855
f 3207/5284/4855 3392/5300/4870 3391/5302/4872
f 3207/5284/4855 3391/5302/4872 3444/5377/4945
f 3444/5377/4945 3391/5302/4872 3390/5304/4874
f 3444/5377/4945 3390/5304/4874 3445/5378/4946
f 3445/5378/4946 3390/5304/4874 3389/5306/4876
f 3445/5378/4946 3389/5306/4876 3446/5379/4947
f 3446/5379/4947 3389/5306/4876 3388/5308/4878
f 3446/5379/4947 3388/5308/4878 3206/5310/4880
f 3151/5309/4879 3387/5307/4877 3208/5321/4890
f 3208/5321/4890 3387/5307/4877 3386/5305/4875
f 3208/5321/4890 3386/5305/4875 3398/5319/4888
f 3398/5319/4888 3386/5305/4875 3385/5303/4873
f 3398/5319/4888 3385/5303/4873 3399/5317/4886
f 3399/5317/4886 3385/5303/4873 3384/5301/4871
f 3399/5317/4886 3384/5301/4871 3400/5315/4884
f 3400/5315/4884 3384/5301/4871 3383/5299/4869
f 3400/5315/4884 3383/5299/4869 3209/5298/4868
f 3116/5311/4636 3410/5326/4894 3211/5312/4881
f 3211/5312/4881 3410/5326/4894 3409/5328/4896
f 3211/5312/4881 3409/5328/4896 3447/5380/4948
f 3447/5380/4948 3409/5328/4896 3408/5330/4898
f 3447/5380/4948 3408/5330/4898 3448/5381/4949
f 3448/5381/4949 3408/5330/4898 3407/5332/4900
f 3448/5381/4949 3407/5332/4900 3449/5382/4950
f 3449/5382/4950 3407/5332/4900 3406/5334/4902
f 3449/5382/4950 3406/5334/4902 3210/5336/4904
f 3149/5335/4903 3405/5333/4901 3212/5345/4913
f 3212/5345/4913 3405/5333/4901 3404/5331/4899
f 3212/5345/4913 3404/5331/4899 3411/5343/4911
f 3411/5343/4911 3404/5331/4899 3403/5329/4897
f 3411/5343/4911 3403/5329/4897 3412/5341/4909
f 3412/5341/4909 3403/5329/4897 3402/5327/4895
f 3412/5341/4909 3402/5327/4895 3413/5339/4907
f 3413/5339/4907 3402/5327/4895 3401/5325/4893
f 3413/5339/4907 3401/5325/4893 3213/5324/4892
f 3233/5076/4663 3234/5075/4662 3227/5347/4915
f 3227/5347/4915 3234/5075/4662 3175/5074/4661
f 3232/5078/4665 3233/5076/4663 3228/5348/4916
f 3228/5348/4916 3233/5076/4663 3227/5347/4915
f 3231/5080/4667 3232/5078/4665 3229/5349/4917
f 3229/5349/4917 3232/5078/4665 3228/5348/4916
f 3230/5082/4669 3231/5080/4667 3174/5098/4684
f 3174/5098/4684 3231/5080/4667 3229/5349/4917
f 3177/5086/4672 3417/5350/4918 3235/5087/4673
f 3235/5087/4673 3417/5350/4918 3236/5089/4675
f 3417/5350/4918 3418/5351/4919 3236/5089/4675
f 3236/5089/4675 3418/5351/4919 3237/5091/4677
f 3176/5112/4697 3239/5095/4681 3238/5093/4679
f 3418/5351/4919 3419/5352/4920 3237/5091/4677
f 3237/5091/4677 3419/5352/4920 3238/5093/4679
f 3419/5352/4920 3176/5112/4697 3238/5093/4679
f 3181/5114/4698 3420/5353/4921 3255/5115/4699
f 3255/5115/4699 3420/5353/4921 3256/5116/4700
f 3420/5353/4921 3421/5354/4922 3256/5116/4700
f 3256/5116/4700 3421/5354/4922 3257/5118/4702
f 3180/5138/4721 3259/5122/4706 3258/5120/4704
f 3421/5354/4922 3422/5355/4923 3257/5118/4702
f 3257/5118/4702 3422/5355/4923 3258/5120/4704
f 3422/5355/4923 3180/5138/4721 3258/5120/4704
f 3279/5142/4724 3280/5141/4723 3273/5356/4924
f 3273/5356/4924 3280/5141/4723 3185/5140/4722
f 3278/5144/4726 3279/5142/4724 3274/5357/4925
f 3274/5357/4925 3279/5142/4724 3273/5356/4924
f 3277/5146/4728 3278/5144/4726 3275/5358/4926
f 3275/5358/4926 3278/5144/4726 3274/5357/4925
f 3276/5148/4730 3277/5146/4728 3184/5164/4745
f 3184/5164/4745 3277/5146/4728 3275/5358/4926
f 3187/5152/4733 3426/5359/4927 3281/5153/4734
f 3281/5153/4734 3426/5359/4927 3282/5155/4736
f 3426/5359/4927 3427/5360/4928 3282/5155/4736
f 3282/5155/4736 3427/5360/4928 3283/5157/4738
f 3186/5178/4758 3285/5161/4742 3284/5159/4740
f 3427/5360/4928 3428/5361/4929 3283/5157/4738
f 3283/5157/4738 3428/5361/4929 3284/5159/4740
f 3428/5361/4929 3186/5178/4758 3284/5159/4740
f 3191/5180/4759 3429/5362/4930 3301/5181/4760
f 3301/5181/4760 3429/5362/4930 3302/5182/4761
f 3429/5362/4930 3430/5363/4931 3302/5182/4761
f 3302/5182/4761 3430/5363/4931 3303/5184/4763
f 3190/5204/4782 3305/5188/4767 3304/5186/4765
f 3430/5363/4931 3431/5364/4932 3303/5184/4763
f 3303/5184/4763 3431/5364/4932 3304/5186/4765
f 3431/5364/4932 3190/5204/4782 3304/5186/4765
f 3325/5208/4785 3326/5207/4784 3319/5365/4933
f 3319/5365/4933 3326/5207/4784 3195/5206/4783
f 3324/5210/4787 3325/5208/4785 3320/5366/4934
f 3320/5366/4934 3325/5208/4785 3319/5365/4933
f 3323/5212/4789 3324/5210/4787 3321/5367/4935
f 3321/5367/4935 3324/5210/4787 3320/5366/4934
f 3322/5214/4791 3323/5212/4789 3194/5230/4806
f 3194/5230/4806 3323/5212/4789 3321/5367/4935
f 3197/5218/4794 3435/5368/4936 3327/5219/4795
f 3327/5219/4795 3435/5368/4936 3328/5221/4797
f 3435/5368/4936 3436/5369/4937 3328/5221/4797
f 3328/5221/4797 3436/5369/4937 3329/5223/4799
f 3196/5244/4819 3331/5227/4803 3330/5225/4801
f 3436/5369/4937 3437/5370/4938 3329/5223/4799
f 3329/5223/4799 3437/5370/4938 3330/5225/4801
f 3437/5370/4938 3196/5244/4819 3330/5225/4801
f 3201/5246/4820 3438/5371/4939 3347/5247/4821
f 3347/5247/4821 3438/5371/4939 3348/5248/4822
f 3438/5371/4939 3439/5372/4940 3348/5248/4822
f 3348/5248/4822 3439/5372/4940 3349/5250/4824
f 3200/5270/4843 3351/5254/4828 3350/5252/4826
f 3439/5372/4940 3440/5373/4941 3349/5250/4824
f 3349/5250/4824 3440/5373/4941 3350/5252/4826
f 3440/5373/4941 3200/5270/4843 3350/5252/4826
f 3371/5274/4846 3372/5273/4845 3365/5374/4942
f 3365/5374/4942 3372/5273/4845 3205/5272/4844
f 3370/5276/4848 3371/5274/4846 3366/5375/4943
f 3366/5375/4943 3371/5274/4846 3365/5374/4942
f 3369/5278/4850 3370/5276/4848 3367/5376/4944
f 3367/5376/4944 3370/5276/4848 3366/5375/4943
f 3368/5280/4852 3369/5278/4850 3204/5296/4867
f 3204/5296/4867 3369/5278/4850 3367/5376/4944
f 3207/5284/4855 3444/5377/4945 3373/5285/4856
f 3373/5285/4856 3444/5377/4945 3374/5287/4858
f 3444/5377/4945 3445/5378/4946 3374/5287/4858
f 3374/5287/4858 3445/5378/4946 3375/5289/4860
f 3206/5310/4880 3377/5293/4864 3376/5291/4862
f 3445/5378/4946 3446/5379/4947 3375/5289/4860
f 3375/5289/4860 3446/5379/4947 3376/5291/4862
f 3446/5379/4947 3206/5310/4880 3376/5291/4862
f 3211/5312/4881 3447/5380/4948 3393/5313/4882
f 3393/5313/4882 3447/5380/4948 3394/5314/4883
f 3447/5380/4948 3448/5381/4949 3394/5314/4883
f 3394/5314/4883 3448/5381/4949 3395/5316/4885
f 3210/5336/4904 3397/5320/4889 3396/5318/4887
f 3448/5381/4949 3449/5382/4950 3395/5316/4885
f 3395/5316/4885 3449/5382/4950 3396/5318/4887
f 3449/5382/4950 3210/5336/4904 3396/5318/4887
f 3137/5383/4639 3169/5384/4638 3450/5385/4951
f 3450/5385/4951 3169/5384/4638 3472/5386/4952
f 3472/5386/4952 3169/5384/4638 3168/5387/4671
f 3472/5386/4952 3168/5387/4671 3471/5388/4953
f 3471/5388/4953 3168/5387/4671 3167/5389/4683
f 3471/5388/4953 3167/5389/4683 3470/5390/4954
f 3470/5390/4954 3167/5389/4683 3166/5391/4696
f 3470/5390/4954 3166/5391/4696 3469/5392/4955
f 3469/5392/4955 3166/5391/4696 3165/5393/4708
f 3469/5392/4955 3165/5393/4708 3468/5394/4956
f 3468/5394/4956 3165/5393/4708 3164/5395/4720
f 3468/5394/4956 3164/5395/4720 3467/5396/4957
f 3467/5396/4957 3164/5395/4720 3163/5397/4732
f 3467/5396/4957 3163/5397/4732 3466/5398/4958
f 3466/5398/4958 3163/5397/4732 3162/5399/4744
f 3466/5398/4958 3162/5399/4744 3465/5400/4959
f 3465/5400/4959 3162/5399/4744 3161/5401/4757
f 3465/5400/4959 3161/5401/4757 3464/5402/4960
f 3464/5402/4960 3161/5401/4757 3160/5403/4769
f 3464/5402/4960 3160/5403/4769 3463/5404/4961
f 3463/5404/4961 3160/5403/4769 3159/5405/4781
f 3463/5404/4961 3159/5405/4781 3462/5406/4962
f 3462/5406/4962 3159/5405/4781 3461/5407/4963
f 3461/5407/4963 3159/5405/4781 3158/5408/4793
f 3461/5407/4963 3158/5408/4793 3460/5409/4964
f 3460/5409/4964 3158/5408/4793 3157/5410/4805
f 3460/5409/4964 3157/5410/4805 3459/5411/4965
f 3459/5411/4965 3157/5410/4805 3156/5412/4818
f 3459/5411/4965 3156/5412/4818 3458/5413/4966
f 3458/5413/4966 3156/5412/4818 3155/5414/4830
f 3458/5413/4966 3155/5414/4830 3457/5415/4967
f 3457/5415/4967 3155/5414/4830 3154/5416/4842
f 3457/5415/4967 3154/5416/4842 3456/5417/4968
f 3456/5417/4968 3154/5416/4842 3153/5418/4854
f 3456/5417/4968 3153/5418/4854 3455/5419/4969
f 3455/5419/4969 3153/5418/4854 3152/5420/4866
f 3455/5419/4969 3152/5420/4866 3454/5421/4970
f 3454/5421/4970 3152/5420/4866 3151/5422/4879
f 3454/5421/4970 3151/5422/4879 3453/5423/4971
f 3453/5423/4971 3151/5422/4879 3150/5424/4891
f 3453/5423/4971 3150/5424/4891 3452/5425/4972
f 3452/5425/4972 3150/5424/4891 3149/5426/4903
f 3452/5425/4972 3149/5426/4903 3451/5427/4973
f 3451/5427/4973 3149/5426/4903 3148/5428/4914
f 3473/5429/4974 3450/5430/4975 3495/5431/4976
f 3495/5431/4976 3450/5430/4975 3472/5432/4977
f 3495/5431/4976 3472/5432/4977 3494/5433/4978
f 3494/5433/4978 3472/5432/4977 3471/5434/4979
f 3494/5433/4978 3471/5434/4979 3493/5435/4980
f 3493/5435/4980 3471/5434/4979 3470/5436/4981
f 3493/5435/4980 3470/5436/4981 3492/5437/4982
f 3492/5437/4982 3470/5436/4981 3469/5438/4983
f 3492/5437/4982 3469/5438/4983 3491/5439/4984
f 3491/5439/4984 3469/5438/4983 3468/5440/4985
f 3491/5439/4984 3468/5440/4985 3490/5441/4986
f 3490/5441/4986 3468/5440/4985 3467/5442/4987
f 3490/5441/4986 3467/5442/4987 3489/5443/4988
f 3489/5443/4988 3467/5442/4987 3466/5444/4989
f 3489/5443/4988 3466/5444/4989 3488/5445/4990
f 3488/5445/4990 3466/5444/4989 3465/5446/4991
f 3488/5445/4990 3465/5446/4991 3487/5447/4992
f 3487/5447/4992 3465/5446/4991 3464/5448/4993
f 3487/5447/4992 3464/5448/4993 3486/5449/4994
f 3486/5449/4994 3464/5448/4993 3463/5450/4995
f 3486/5449/4994 3463/5450/4995 3485/5451/4996
f 3485/5451/4996 3463/5450/4995 3462/5452/4997
f 3485/5451/4996 3462/5452/4997 3484/5453/4998
f 3484/5453/4998 3462/5452/4997 3461/5454/4999
f 3484/5453/4998 3461/5454/4999 3483/5455/5000
f 3483/5455/5000 3461/5454/4999 3460/5456/5001
f 3483/5455/5000 3460/5456/5001 3482/5457/5002
f 3482/5457/5002 3460/5456/5001 3459/5458/5003
f 3482/5457/5002 3459/5458/5003 3481/5459/5004
f 3481/5459/5004 3459/5458/5003 3458/5460/5005
f 3481/5459/5004 3458/5460/5005 3480/5461/5006
f 3480/5461/5006 3458/5460/5005 3457/5462/5007
f 3480/5461/5006 3457/5462/5007 3479/5463/5008
f 3479/5463/5008 3457/5462/5007 3456/5464/5009
f 3479/5463/5008 3456/5464/5009 3478/5465/5010
f 3478/5465/5010 3456/5464/5009 3455/5466/5011
f 3478/5465/5010 3455/5466/5011 3477/5467/5012
f 3477/5467/5012 3455/5466/5011 3454/5468/5013
f 3477/5467/5012 3454/5468/5013 3476/5469/5014
f 3476/5469/5014 3454/5468/5013 3453/5470/5015
f 3476/5469/5014 3453/5470/5015 3475/5471/5016
f 3475/5471/5016 3453/5470/5015 3452/5472/5017
f 3475/5471/5016 3452/5472/5017 3474/5473/5018
f 3474/5473/5018 3452/5472/5017 3451/5474/5019
f 3496/5475/5020 3473/5476/5021 3519/5477/5022
f 3519/5477/5022 3473/5476/5021 3495/5478/5023
f 3519/5477/5022 3495/5478/5023 3518/5479/5024
f 3518/5479/5024 3495/5478/5023 3494/5480/5025
f 3518/5479/5024 3494/5480/5025 3517/5481/5026
f 3517/5481/5026 3494/5480/5025 3493/5482/5027
f 3517/5481/5026 3493/5482/5027 3516/5483/5028
f 3516/5483/5028 3493/5482/5027 3492/5484/5029
f 3516/5483/5028 3492/5484/5029 3515/5485/5030
f 3515/5485/5030 3492/5484/5029 3491/5486/5031
f 3515/5485/5030 3491/5486/5031 3514/5487/5032
f 3514/5487/5032 3491/5486/5031 3490/5488/5033
f 3514/5487/5032 3490/5488/5033 3513/5489/5034
f 3513/5489/5034 3490/5488/5033 3489/5490/5035
f 3513/5489/5034 3489/5490/5035 3512/5491/5036
f 3512/5491/5036 3489/5490/5035 3488/5492/5037
f 3512/5491/5036 3488/5492/5037 3511/5493/5038
f 3511/5493/5038 3488/5492/5037 3487/5494/5039
f 3511/5493/5038 3487/5494/5039 3510/5495/5040
f 3510/5495/5040 3487/5494/5039 3486/5496/5041
f 3510/5495/5040 3486/5496/5041 3509/5497/5042
f 3509/5497/5042 3486/5496/5041 3485/5498/5043
f 3509/5497/5042 3485/5498/5043 3508/5499/5044
f 3508/5499/5044 3485/5498/5043 3484/5500/5045
f 3508/5499/5044 3484/5500/5045 3507/5501/5046
f 3507/5501/5046 3484/5500/5045 3483/5502/5047
f 3507/5501/5046 3483/5502/5047 3506/5503/5048
f 3506/5503/5048 3483/5502/5047 3482/5504/5049
f 3506/5503/5048 3482/5504/5049 3505/5505/5050
f 3505/5505/5050 3482/5504/5049 3481/5506/5051
f 3505/5505/5050 3481/5506/5051 3504/5507/5052
f 3504/5507/5052 3481/5506/5051 3480/5508/5053
f 3504/5507/5052 3480/5508/5053 3503/5509/5054
f 3503/5509/5054 3480/5508/5053 3479/5510/5055
f 3503/5509/5054 3479/5510/5055 3502/5511/5056
f 3502/5511/5056 3479/5510/5055 3478/5512/5057
f 3502/5511/5056 3478/5512/5057 3501/5513/5058
f 3501/5513/5058 3478/5512/5057 3477/5514/5059
f 3501/5513/5058 3477/5514/5059 3500/5515/5060
f 3500/5515/5060 3477/5514/5059 3476/5516/5061
f 3500/5515/5060 3476/5516/5061 3499/5517/5062
f 3499/5517/5062 3476/5516/5061 3475/5518/5063
f 3499/5517/5062 3475/5518/5063 3498/5519/5064
f 3498/5519/5064 3475/5518/5063 3474/5520/5065
f 3498/5519/5064 3474/5520/5065 3497/5521/5066
f 3520/5522/5067 3521/5523/5068 3545/5524/5069
f 3545/5524/5069 3521/5523/5068 3519/5525/5070
f 3545/5524/5069 3519/5525/5070 3544/5526/5071
f 3544/5526/5071 3519/5525/5070 3518/5527/5072
f 3544/5526/5071 3518/5527/5072 3543/5528/5073
f 3543/5528/5073 3518/5527/5072 3517/5529/5074
f 3543/5528/5073 3517/5529/5074 3542/5530/5075
f 3542/5530/5075 3517/5529/5074 3516/5531/5076
f 3542/5530/5075 3516/5531/5076 3541/5532/5077
f 3541/5532/5077 3516/5531/5076 3515/5533/5078
f 3541/5532/5077 3515/5533/5078 3540/5534/5079
f 3540/5534/5079 3515/5533/5078 3514/5535/5080
f 3540/5534/5079 3514/5535/5080 3539/5536/5081
f 3539/5536/5081 3514/5535/5080 3513/5537/5082
f 3539/5536/5081 3513/5537/5082 3538/5538/5083
f 3538/5538/5083 3513/5537/5082 3512/5539/5084
f 3538/5538/5083 3512/5539/5084 3537/5540/5085
f 3537/5540/5085 3512/5539/5084 3511/5541/5086
f 3537/5540/5085 3511/5541/5086 3536/5542/5087
f 3536/5542/5087 3511/5541/5086 3510/5543/5088
f 3536/5542/5087 3510/5543/5088 3535/5544/5089
f 3535/5544/5089 3510/5543/5088 3509/5545/5090
f 3535/5544/5089 3509/5545/5090 3534/5546/5091
f 3534/5546/5091 3509/5545/5090 3508/5547/5092
f 3534/5546/5091 3508/5547/5092 3533/5548/5093
f 3533/5548/5093 3508/5547/5092 3507/5549/5094
f 3533/5548/5093 3507/5549/5094 3532/5550/5095
f 3532/5550/5095 3507/5549/5094 3506/5551/5096
f 3532/5550/5095 3506/5551/5096 3531/5552/5097
f 3531/5552/5097 3506/5551/5096 3505/5553/5098
f 3531/5552/5097 3505/5553/5098 3530/5554/5099
f 3530/5554/5099 3505/5553/5098 3504/5555/5100
f 3530/5554/5099 3504/5555/5100 3529/5556/5101
f 3529/5556/5101 3504/5555/5100 3503/5557/5102
f 3529/5556/5101 3503/5557/5102 3528/5558/5103
f 3528/5558/5103 3503/5557/5102 3502/5559/5104
f 3528/5558/5103 3502/5559/5104 3527/5560/5105
f 3527/5560/5105 3502/5559/5104 3501/5561/5106
f 3527/5560/5105 3501/5561/5106 3526/5562/5107
f 3526/5562/5107 3501/5561/5106 3500/5563/5108
f 3526/5562/5107 3500/5563/5108 3525/5564/5109
f 3525/5564/5109 3500/5563/5108 3499/5565/5110
f 3525/5564/5109 3499/5565/5110 3524/5566/5111
f 3524/5566/5111 3499/5565/5110 3498/5567/5112
f 3524/5566/5111 3498/5567/5112 3522/5568/5113
f 3522/5568/5113 3498/5567/5112 3497/5569/5114
f 3521/5523/5068 3496/5570/5115 3519/5525/5070
f 3522/5568/5113 3523/5571/5116 3524/5566/5111
f 3520/5572/5117 3545/5573/5118 3546/5574/5119
f 3546/5574/5119 3545/5573/5118 3568/5575/5120
f 3568/5575/5120 3545/5573/5118 3544/5576/5121
f 3568/5575/5120 3544/5576/5121 3567/5577/5122
f 3567/5577/5122 3544/5576/5121 3543/5578/5123
f 3567/5577/5122 3543/5578/5123 3566/5579/5124
f 3566/5579/5124 3543/5578/5123 3542/5580/5125
f 3566/5579/5124 3542/5580/5125 3565/5581/5126
f 3565/5581/5126 3542/5580/5125 3541/5582/5127
f 3565/5581/5126 3541/5582/5127 3564/5583/5128
f 3564/5583/5128 3541/5582/5127 3540/5584/5129
f 3564/5583/5128 3540/5584/5129 3563/5585/5130
f 3563/5585/5130 3540/5584/5129 3539/5586/5131
f 3563/5585/5130 3539/5586/5131 3562/5587/5132
f 3562/5587/5132 3539/5586/5131 3538/5588/5133
f 3562/5587/5132 3538/5588/5133 3561/5589/5134
f 3561/5589/5134 3538/5588/5133 3537/5590/5135
f 3561/5589/5134 3537/5590/5135 3560/5591/5136
f 3560/5591/5136 3537/5590/5135 3536/5592/5137
f 3560/5591/5136 3536/5592/5137 3559/5593/5138
f 3559/5593/5138 3536/5592/5137 3535/5594/5139
f 3559/5593/5138 3535/5594/5139 3558/5595/5140
f 3558/5595/5140 3535/5594/5139 3534/5596/5141
f 3558/5595/5140 3534/5596/5141 3557/5597/5142
f 3557/5597/5142 3534/5596/5141 3533/5598/5143
f 3557/5597/5142 3533/5598/5143 3556/5599/5144
f 3556/5599/5144 3533/5598/5143 3532/5600/5145
f 3556/5599/5144 3532/5600/5145 3555/5601/5146
f 3555/5601/5146 3532/5600/5145 3531/5602/5147
f 3555/5601/5146 3531/5602/5147 3554/5603/5148
f 3554/5603/5148 3531/5602/5147 3530/5604/5149
f 3554/5603/5148 3530/5604/5149 3553/5605/5150
f 3553/5605/5150 3530/5604/5149 3529/5606/5151
f 3553/5605/5150 3529/5606/5151 3552/5607/5152
f 3552/5607/5152 3529/5606/5151 3528/5608/5153
f 3552/5607/5152 3528/5608/5153 3551/5609/5154
f 3551/5609/5154 3528/5608/5153 3527/5610/5155
f 3551/5609/5154 3527/5610/5155 3550/5611/5156
f 3550/5611/5156 3527/5610/5155 3526/5612/5157
f 3550/5611/5156 3526/5612/5157 3549/5613/5158
f 3549/5613/5158 3526/5612/5157 3525/5614/5159
f 3549/5613/5158 3525/5614/5159 3548/5615/5160
f 3548/5615/5160 3525/5614/5159 3524/5616/5161
f 3548/5615/5160 3524/5616/5161 3547/5617/5162
f 3547/5617/5162 3524/5616/5161 3523/5618/5163
f 3569/5619/5164 3546/5620/5165 3591/5621/5166
f 3591/5621/5166 3546/5620/5165 3568/5622/5167
f 3591/5621/5166 3568/5622/5167 3590/5623/5168
f 3590/5623/5168 3568/5622/5167 3567/5624/5169
f 3590/5623/5168 3567/5624/5169 3589/5625/5170
f 3589/5625/5170 3567/5624/5169 3566/5626/5171
f 3589/5625/5170 3566/5626/5171 3588/5627/5172
f 3588/5627/5172 3566/5626/5171 3565/5628/5173
f 3588/5627/5172 3565/5628/5173 3587/5629/5174
f 3587/5629/5174 3565/5628/5173 3564/5630/5175
f 3587/5629/5174 3564/5630/5175 3586/5631/5176
f 3586/5631/5176 3564/5630/5175 3563/5632/5177
f 3586/5631/5176 3563/5632/5177 3585/5633/5178
f 3585/5633/5178 3563/5632/5177 3562/5634/5179
f 3585/5633/5178 3562/5634/5179 3584/5635/5180
f 3584/5635/5180 3562/5634/5179 3561/5636/5181
f 3584/5635/5180 3561/5636/5181 3583/5637/5182
f 3583/5637/5182 3561/5636/5181 3560/5638/5183
f 3583/5637/5182 3560/5638/5183 3582/5639/5184
f 3582/5639/5184 3560/5638/5183 3559/5640/5185
f 3582/5639/5184 3559/5640/5185 3581/5641/5186
f 3581/5641/5186 3559/5640/5185 3558/5642/5187
f 3581/5641/5186 3558/5642/5187 3580/5643/5188
f 3580/5643/5188 3558/5642/5187 3557/5644/5189
f 3580/5643/5188 3557/5644/5189 3579/5645/5190
f 3579/5645/5190 3557/5644/5189 3556/5646/5191
f 3579/5645/5190 3556/5646/5191 3578/5647/5192
f 3578/5647/5192 3556/5646/5191 3555/5648/5193
f 3578/5647/5192 3555/5648/5193 3577/5649/5194
f 3577/5649/5194 3555/5648/5193 3554/5650/5195
f 3577/5649/5194 3554/5650/5195 3576/5651/5196
f 3576/5651/5196 3554/5650/5195 3553/5652/5197
f 3576/5651/5196 3553/5652/5197 3575/5653/5198
f 3575/5653/5198 3553/5652/5197 3552/5654/5199
f 3575/5653/5198 3552/5654/5199 3574/5655/5200
f 3574/5655/5200 3552/5654/5199 3551/5656/5201
f 3574/5655/5200 3551/5656/5201 3573/5657/5202
f 3573/5657/5202 3551/5656/5201 3550/5658/5203
f 3573/5657/5202 3550/5658/5203 3572/5659/5204
f 3572/5659/5204 3550/5658/5203 3549/5660/5205
f 3572/5659/5204 3549/5660/5205 3571/5661/5206
f 3571/5661/5206 3549/5660/5205 3548/5662/5207
f 3571/5661/5206 3548/5662/5207 3570/5663/5208
f 3570/5663/5208 3548/5662/5207 3547/5664/5209
f 3592/5665/5210 3569/5666/5211 3615/5667/5212
f 3615/5667/5212 3569/5666/5211 3591/5668/5213
f 3615/5667/5212 3591/5668/5213 3614/5669/5214
f 3614/5669/5214 3591/5668/5213 3590/5670/5215
f 3614/5669/5214 3590/5670/5215 3613/5671/5216
f 3613/5671/5216 3590/5670/5215 3589/5672/5217
f 3613/5671/5216 3589/5672/5217 3612/5673/5218
f 3612/5673/5218 3589/5672/5217 3588/5674/5219
f 3612/5673/5218 3588/5674/5219 3611/5675/5220
f 3611/5675/5220 3588/5674/5219 3587/5676/5221
f 3611/5675/5220 3587/5676/5221 3610/5677/5222
f 3610/5677/5222 3587/5676/5221 3586/5678/5223
f 3610/5677/5222 3586/5678/5223 3609/5679/5224
f 3609/5679/5224 3586/5678/5223 3585/5680/5225
f 3609/5679/5224 3585/5680/5225 3608/5681/5226
f 3608/5681/5226 3585/5680/5225 3584/5682/5227
f 3608/5681/5226 3584/5682/5227 3607/5683/5228
f 3607/5683/5228 3584/5682/5227 3583/5684/5229
f 3607/5683/5228 3583/5684/5229 3606/5685/5230
f 3606/5685/5230 3583/5684/5229 3582/5686/5231
f 3606/5685/5230 3582/5686/5231 3605/5687/5232
f 3605/5687/5232 3582/5686/5231 3581/5688/5233
f 3605/5687/5232 3581/5688/5233 3604/5689/5234
f 3604/5689/5234 3581/5688/5233 3580/5690/5235
f 3604/5689/5234 3580/5690/5235 3603/5691/5236
f 3603/5691/5236 3580/5690/5235 3579/5692/5237
f 3603/5691/5236 3579/5692/5237 3602/5693/5238
f 3602/5693/5238 3579/5692/5237 3578/5694/5239
f 3602/5693/5238 3578/5694/5239 3601/5695/5240
f 3601/5695/5240 3578/5694/5239 3577/5696/5241
f 3601/5695/5240 3577/5696/5241 3600/5697/5242
f 3600/5697/5242 3577/5696/5241 3576/5698/5243
f 3600/5697/5242 3576/5698/5243 3599/5699/5244
f 3599/5699/5244 3576/5698/5243 3575/5700/5245
f 3599/5699/5244 3575/5700/5245 3598/5701/5246
f 3598/5701/5246 3575/5700/5245 3574/5702/5247
f 3598/5701/5246 3574/5702/5247 3597/5703/5248
f 3597/5703/5248 3574/5702/5247 3573/5704/5249
f 3597/5703/5248 3573/5704/5249 3596/5705/5250
f 3596/5705/5250 3573/5704/5249 3572/5706/5251
f 3596/5705/5250 3572/5706/5251 3595/5707/5252
f 3595/5707/5252 3572/5706/5251 3571/5708/5253
f 3595/5707/5252 3571/5708/5253 3594/5709/5254
f 3594/5709/5254 3571/5708/5253 3570/5710/5255
f 3594/5709/5254 3570/5710/5255 3593/5711/5256
f 3616/5712/5257 3592/5713/5258 3639/5714/5259
f 3639/5714/5259 3592/5713/5258 3615/5715/5260
f 3639/5714/5259 3615/5715/5260 3638/5716/5261
f 3638/5716/5261 3615/5715/5260 3614/5717/5262
f 3638/5716/5261 3614/5717/5262 3637/5718/5263
f 3637/5718/5263 3614/5717/5262 3613/5719/5264
f 3637/5718/5263 3613/5719/5264 3636/5720/5265
f 3636/5720/5265 3613/5719/5264 3612/5721/5266
f 3636/5720/5265 3612/5721/5266 3635/5722/5267
f 3635/5722/5267 3612/5721/5266 3611/5723/5268
f 3635/5722/5267 3611/5723/5268 3634/5724/5269
f 3634/5724/5269 3611/5723/5268 3610/5725/5270
f 3634/5724/5269 3610/5725/5270 3633/5726/5271
f 3633/5726/5271 3610/5725/5270 3609/5727/5272
f 3633/5726/5271 3609/5727/5272 3632/5728/5273
f 3632/5728/5273 3609/5727/5272 3608/5729/5274
f 3632/5728/5273 3608/5729/5274 3631/5730/5275
f 3631/5730/5275 3608/5729/5274 3607/5731/5276
f 3631/5730/5275 3607/5731/5276 3630/5732/5277
f 3630/5732/5277 3607/5731/5276 3606/5733/5278
f 3630/5732/5277 3606/5733/5278 3629/5734/5279
f 3629/5734/5279 3606/5733/5278 3605/5735/5280
f 3629/5734/5279 3605/5735/5280 3628/5736/5281
f 3628/5736/5281 3605/5735/5280 3604/5737/5282
f 3628/5736/5281 3604/5737/5282 3627/5738/5283
f 3627/5738/5283 3604/5737/5282 3603/5739/5284
f 3627/5738/5283 3603/5739/5284 3626/5740/5285
f 3626/5740/5285 3603/5739/5284 3602/5741/5286
f 3626/5740/5285 3602/5741/5286 3625/5742/5287
f 3625/5742/5287 3602/5741/5286 3601/5743/5288
f 3625/5742/5287 3601/5743/5288 3624/5744/5289
f 3624/5744/5289 3601/5743/5288 3600/5745/5290
f 3624/5744/5289 3600/5745/5290 3623/5746/5291
f 3623/5746/5291 3600/5745/5290 3599/5747/5292
f 3623/5746/5291 3599/5747/5292 3622/5748/5293
f 3622/5748/5293 3599/5747/5292 3598/5749/5294
f 3622/5748/5293 3598/5749/5294 3621/5750/5295
f 3621/5750/5295 3598/5749/5294 3597/5751/5296
f 3621/5750/5295 3597/5751/5296 3620/5752/5297
f 3620/5752/5297 3597/5751/5296 3596/5753/5298
f 3620/5752/5297 3596/5753/5298 3619/5754/5299
f 3619/5754/5299 3596/5753/5298 3595/5755/5300
f 3619/5754/5299 3595/5755/5300 3618/5756/5301
f 3618/5756/5301 3595/5755/5300 3594/5757/5302
f 3618/5756/5301 3594/5757/5302 3617/5758/5303
f 3617/5758/5303 3594/5757/5302 3593/5759/5304
f 3616/5760/5305 3639/5761/5306 3640/5762/5307
f 3640/5762/5307 3639/5761/5306 3662/5763/5308
f 3662/5763/5308 3639/5761/5306 3638/5764/5309
f 3662/5763/5308 3638/5764/5309 3661/5765/5310
f 3661/5765/5310 3638/5764/5309 3637/5766/5311
f 3661/5765/5310 3637/5766/5311 3660/5767/5312
f 3660/5767/5312 3637/5766/5311 3636/5768/5313
f 3660/5767/5312 3636/5768/5313 3659/5769/5314
f 3659/5769/5314 3636/5768/5313 3635/5770/5315
f 3659/5769/5314 3635/5770/5315 3658/5771/5316
f 3658/5771/5316 3635/5770/5315 3634/5772/5317
f 3658/5771/5316 3634/5772/5317 3657/5773/5318
f 3657/5773/5318 3634/5772/5317 3633/5774/5319
f 3657/5773/5318 3633/5774/5319 3656/5775/5320
f 3656/5775/5320 3633/5774/5319 3632/5776/5321
f 3656/5775/5320 3632/5776/5321 3655/5777/5322
f 3655/5777/5322 3632/5776/5321 3631/5778/5323
f 3655/5777/5322 3631/5778/5323 3654/5779/5324
f 3654/5779/5324 3631/5778/5323 3630/5780/5325
f 3654/5779/5324 3630/5780/5325 3653/5781/5326
f 3653/5781/5326 3630/5780/5325 3629/5782/5327
f 3653/5781/5326 3629/5782/5327 3652/5783/5328
f 3652/5783/5328 3629/5782/5327 3628/5784/5329
f 3652/5783/5328 3628/5784/5329 3651/5785/5330
f 3651/5785/5330 3628/5784/5329 3627/5786/5331
f 3651/5785/5330 3627/5786/5331 3650/5787/5332
f 3650/5787/5332 3627/5786/5331 3626/5788/5333
f 3650/5787/5332 3626/5788/5333 3649/5789/5334
f 3649/5789/5334 3626/5788/5333 3625/5790/5335
f 3649/5789/5334 3625/5790/5335 3648/5791/5336
f 3648/5791/5336 3625/5790/5335 3624/5792/5337
f 3648/5791/5336 3624/5792/5337 3647/5793/5338
f 3647/5793/5338 3624/5792/5337 3623/5794/5339
f 3647/5793/5338 3623/5794/5339 3646/5795/5340
f 3646/5795/5340 3623/5794/5339 3622/5796/5341
f 3646/5795/5340 3622/5796/5341 3645/5797/5342
f 3645/5797/5342 3622/5796/5341 3621/5798/5343
f 3645/5797/5342 3621/5798/5343 3644/5799/5344
f 3644/5799/5344 3621/5798/5343 3620/5800/5345
f 3644/5799/5344 3620/5800/5345 3643/5801/5346
f 3643/5801/5346 3620/5800/5345 3619/5802/5347
f 3643/5801/5346 3619/5802/5347 3642/5803/5348
f 3642/5803/5348 3619/5802/5347 3618/5804/5349
f 3642/5803/5348 3618/5804/5349 3641/5805/5350
f 3641/5805/5350 3618/5804/5349 3617/5806/5351
f 3663/5807/5352 3640/5808/5353 3685/5809/5354
f 3685/5809/5354 3640/5808/5353 3662/5810/5355
f 3685/5809/5354 3662/5810/5355 3684/5811/5356
f 3684/5811/5356 3662/5810/5355 3661/5812/5357
f 3684/5811/5356 3661/5812/5357 3683/5813/5358
f 3683/5813/5358 3661/5812/5357 3660/5814/5359
f 3683/5813/5358 3660/5814/5359 3682/5815/5360
f 3682/5815/5360 3660/5814/5359 3659/5816/5361
f 3682/5815/5360 3659/5816/5361 3681/5817/5362
f 3681/5817/5362 3659/5816/5361 3658/5818/5363
f 3681/5817/5362 3658/5818/5363 3680/5819/5364
f 3680/5819/5364 3658/5818/5363 3657/5820/5365
f 3680/5819/5364 3657/5820/5365 3679/5821/5366
f 3679/5821/5366 3657/5820/5365 3656/5822/5367
f 3679/5821/5366 3656/5822/5367 3678/5823/5368
f 3678/5823/5368 3656/5822/5367 3655/5824/5369
f 3678/5823/5368 3655/5824/5369 3677/5825/5370
f 3677/5825/5370 3655/5824/5369 3654/5826/5371
f 3677/5825/5370 3654/5826/5371 3676/5827/5372
f 3676/5827/5372 3654/5826/5371 3653/5828/5373
f 3676/5827/5372 3653/5828/5373 3675/5829/5374
f 3675/5829/5374 3653/5828/5373 3652/5830/5375
f 3675/5829/5374 3652/5830/5375 3674/5831/5376
f 3674/5831/5376 3652/5830/5375 3651/5832/5377
f 3674/5831/5376 3651/5832/5377 3673/5833/5378
f 3673/5833/5378 3651/5832/5377 3650/5834/5379
f 3673/5833/5378 3650/5834/5379 3672/5835/5380
f 3672/5835/5380 3650/5834/5379 3649/5836/5381
f 3672/5835/5380 3649/5836/5381 3671/5837/5382
f 3671/5837/5382 3649/5836/5381 3648/5838/5383
f 3671/5837/5382 3648/5838/5383 3670/5839/5384
f 3670/5839/5384 3648/5838/5383 3647/5840/5385
f 3670/5839/5384 3647/5840/5385 3669/5841/5386
f 3669/5841/5386 3647/5840/5385 3646/5842/5387
f 3669/5841/5386 3646/5842/5387 3668/5843/5388
f 3668/5843/5388 3646/5842/5387 3645/5844/5389
f 3668/5843/5388 3645/5844/5389 3667/5845/5390
f 3667/5845/5390 3645/5844/5389 3644/5846/5391
f 3667/5845/5390 3644/5846/5391 3666/5847/5392
f 3666/5847/5392 3644/5846/5391 3643/5848/5393
f 3666/5847/5392 3643/5848/5393 3665/5849/5394
f 3665/5849/5394 3643/5848/5393 3642/5850/5395
f 3665/5849/5394 3642/5850/5395 3664/5851/5396
f 3664/5851/5396 3642/5850/5395 3641/5852/5397
f 3686/5853/5398 3663/5854/5399 3704/5855/5400
f 3704/5855/5400 3663/5854/5399 3685/5856/5401
f 3704/5855/5400 3685/5856/5401 3703/5857/5402
f 3703/5857/5402 3685/5856/5401 3684/5858/5403
f 3703/5857/5402 3684/5858/5403 3702/5859/5404
f 3702/5859/5404 3684/5858/5403 3683/5860/5405
f 3702/5859/5404 3683/5860/5405 3682/5861/5406
f 3702/5859/5404 3682/5861/5406 3701/5862/5407
f 3701/5862/5407 3682/5861/5406 3681/5863/5408
f 3701/5862/5407 3681/5863/5408 3700/5864/5409
f 3700/5864/5409 3681/5863/5408 3680/5865/5410
f 3700/5864/5409 3680/5865/5410 3699/5866/5411
f 3699/5866/5411 3680/5865/5410 3679/5867/5412
f 3699/5866/5411 3679/5867/5412 3698/5868/5413
f 3698/5868/5413 3679/5867/5412 3678/5869/5414
f 3698/5868/5413 3678/5869/5414 3697/5870/5415
f 3697/5870/5415 3678/5869/5414 3677/5871/5416
f 3697/5870/5415 3677/5871/5416 3676/5872/5417
f 3697/5870/5415 3676/5872/5417 3696/5873/5418
f 3696/5873/5418 3676/5872/5417 3675/5874/5419
f 3696/5873/5418 3675/5874/5419 3674/5875/5420
f 3696/5873/5418 3674/5875/5420 3695/5876/5421
f 3695/5876/5421 3674/5875/5420 3673/5877/5422
f 3695/5876/5421 3673/5877/5422 3672/5878/5423
f 3695/5876/5421 3672/5878/5423 3694/5879/5424
f 3694/5879/5424 3672/5878/5423 3671/5880/5425
f 3694/5879/5424 3671/5880/5425 3693/5881/5426
f 3693/5881/5426 3671/5880/5425 3670/5882/5427
f 3693/5881/5426 3670/5882/5427 3692/5883/5428
f 3692/5883/5428 3670/5882/5427 3669/5884/5429
f 3692/5883/5428 3669/5884/5429 3691/5885/5430
f 3691/5885/5430 3669/5884/5429 3668/5886/5431
f 3691/5885/5430 3668/5886/5431 3690/5887/5432
f 3690/5887/5432 3668/5886/5431 3667/5888/5433
f 3690/5887/5432 3667/5888/5433 3666/5889/5434
f 3690/5887/5432 3666/5889/5434 3689/5890/5435
f 3689/5890/5435 3666/5889/5434 3665/5891/5436
f 3689/5890/5435 3665/5891/5436 3688/5892/5437
f 3688/5892/5437 3665/5891/5436 3664/5893/5438
f 3688/5892/5437 3664/5893/5438 3687/5894/5439
f 3732/5895/5440 3705/5896/5441 3737/5897/5442
f 3737/5897/5442 3705/5896/5441 3706/5898/5443
f 3737/5897/5442 3706/5898/5443 3707/5899/5444
f 3737/5897/5442 3707/5899/5444 3736/5900/5445
f 3736/5900/5445 3707/5899/5444 3708/5901/5446
f 3736/5900/5445 3708/5901/5446 3735/5902/5447
f 3735/5902/5447 3708/5901/5446 3709/5903/5448
f 3735/5902/5447 3709/5903/5448 3734/5904/5449
f 3734/5904/5449 3709/5903/5448 3710/5905/5450
f 3734/5904/5449 3710/5905/5450 3733/5906/5451
f 3733/5906/5451 3710/5905/5450 3686/5907/5398
f 3733/5906/5451 3686/5907/5398 3704/5908/5400
f 3733/5906/5451 3704/5908/5400 3738/5909/5452
f 3738/5909/5452 3704/5908/5400 3703/5910/5402
f 3738/5909/5452 3703/5910/5402 3743/5911/5453
f 3743/5911/5453 3703/5910/5402 3702/5912/5404
f 3743/5911/5453 3702/5912/5404 3748/5913/5454
f 3748/5913/5454 3702/5912/5404 3701/5914/5407
f 3748/5913/5454 3701/5914/5407 3753/5915/5455
f 3753/5915/5455 3701/5914/5407 3700/5916/5409
f 3753/5915/5455 3700/5916/5409 3758/5917/5456
f 3758/5917/5456 3700/5916/5409 3699/5918/5411
f 3758/5917/5456 3699/5918/5411 3763/5919/5457
f 3763/5919/5457 3699/5918/5411 3698/5920/5413
f 3763/5919/5457 3698/5920/5413 3768/5921/5458
f 3768/5921/5458 3698/5920/5413 3697/5922/5415
f 3768/5921/5458 3697/5922/5415 3773/5923/5459
f 3773/5923/5459 3697/5922/5415 3696/5924/5418
f 3773/5923/5459 3696/5924/5418 3778/5925/5460
f 3778/5925/5460 3696/5924/5418 3695/5926/5421
f 3778/5925/5460 3695/5926/5421 3783/5927/5461
f 3783/5927/5461 3695/5926/5421 3694/5928/5424
f 3783/5927/5461 3694/5928/5424 3788/5929/5462
f 3788/5929/5462 3694/5928/5424 3693/5930/5426
f 3788/5929/5462 3693/5930/5426 3793/5931/5463
f 3793/5931/5463 3693/5930/5426 3692/5932/5428
f 3793/5931/5463 3692/5932/5428 3798/5933/5464
f 3798/5933/5464 3692/5932/5428 3691/5934/5430
f 3798/5933/5464 3691/5934/5430 3803/5935/5465
f 3803/5935/5465 3691/5934/5430 3690/5936/5432
f 3803/5935/5465 3690/5936/5432 3808/5937/5466
f 3808/5937/5466 3690/5936/5432 3689/5938/5435
f 3808/5937/5466 3689/5938/5435 3813/5939/5467
f 3813/5939/5467 3689/5938/5435 3688/5940/5437
f 3813/5939/5467 3688/5940/5437 3711/5941/5468
f 3711/5941/5468 3688/5940/5437 3687/5942/5439
f 3711/5941/5468 3712/5943/5469 3813/5939/5467
f 3813/5939/5467 3712/5943/5469 3814/5944/5470
f 3813/5939/5467 3814/5944/5470 3808/5937/5466
f 3808/5937/5466 3814/5944/5470 3809/5945/5471
f 3808/5937/5466 3809/5945/5471 3803/5935/5465
f 3803/5935/5465 3809/5945/5471 3804/5946/5472
f 3803/5935/5465 3804/5946/5472 3798/5933/5464
f 3798/5933/5464 3804/5946/5472 3799/5947/5473
f 3798/5933/5464 3799/5947/5473 3793/5931/5463
f 3793/5931/5463 3799/5947/5473 3794/5948/5474
f 3793/5931/5463 3794/5948/5474 3788/5929/5462
f 3788/5929/5462 3794/5948/5474 3789/5949/5475
f 3788/5929/5462 3789/5949/5475 3783/5927/5461
f 3783/5927/5461 3789/5949/5475 3784/5950/5476
f 3783/5927/5461 3784/5950/5476 3778/5925/5460
f 3778/5925/5460 3784/5950/5476 3779/5951/5477
f 3778/5925/5460 3779/5951/5477 3773/5923/5459
f 3773/5923/5459 3779/5951/5477 3774/5952/5478
f 3773/5923/5459 3774/5952/5478 3768/5921/5458
f 3768/5921/5458 3774/5952/5478 3769/5953/5479
f 3768/5921/5458 3769/5953/5479 3763/5919/5457
f 3763/5919/5457 3769/5953/5479 3764/5954/5480
f 3763/5919/5457 3764/5954/5480 3758/5917/5456
f 3758/5917/5456 3764/5954/5480 3759/5955/5481
f 3758/5917/5456 3759/5955/5481 3753/5915/5455
f 3753/5915/5455 3759/5955/5481 3754/5956/5482
f 3753/5915/5455 3754/5956/5482 3748/5913/5454
f 3748/5913/5454 3754/5956/5482 3749/5957/5483
f 3748/5913/5454 3749/5957/5483 3743/5911/5453
f 3743/5911/5453 3749/5957/5483 3744/5958/5484
f 3743/5911/5453 3744/5958/5484 3738/5909/5452
f 3738/5909/5452 3744/5958/5484 3739/5959/5485
f 3738/5909/5452 3739/5959/5485 3733/5906/5451
f 3733/5906/5451 3739/5959/5485 3734/5904/5449
f 3712/5943/5469 3713/5960/5486 3814/5944/5470
f 3814/5944/5470 3713/5960/5486 3815/5961/5487
f 3814/5944/5470 3815/5961/5487 3809/5945/5471
f 3809/5945/5471 3815/5961/5487 3810/5962/5488
f 3809/5945/5471 3810/5962/5488 3804/5946/5472
f 3804/5946/5472 3810/5962/5488 3805/5963/5489
f 3804/5946/5472 3805/5963/5489 3799/5947/5473
f 3799/5947/5473 3805/5963/5489 3800/5964/5490
f 3799/5947/5473 3800/5964/5490 3794/5948/5474
f 3794/5948/5474 3800/5964/5490 3795/5965/5491
f 3794/5948/5474 3795/5965/5491 3789/5949/5475
f 3789/5949/5475 3795/5965/5491 3790/5966/5492
f 3789/5949/5475 3790/5966/5492 3784/5950/5476
f 3784/5950/5476 3790/5966/5492 3785/5967/5493
f 3784/5950/5476 3785/5967/5493 3779/5951/5477
f 3779/5951/5477 3785/5967/5493 3780/5968/5494
f 3779/5951/5477 3780/5968/5494 3774/5952/5478
f 3774/5952/5478 3780/5968/5494 3775/5969/5495
f 3774/5952/5478 3775/5969/5495 3769/5953/5479
f 3769/5953/5479 3775/5969/5495 3770/5970/5496
f 3769/5953/5479 3770/5970/5496 3764/5954/5480
f 3764/5954/5480 3770/5970/5496 3765/5971/5497
f 3764/5954/5480 3765/5971/5497 3759/5955/5481
f 3759/5955/5481 3765/5971/5497 3760/5972/5498
f 3759/5955/5481 3760/5972/5498 3754/5956/5482
f 3754/5956/5482 3760/5972/5498 3755/5973/5499
f 3754/5956/5482 3755/5973/5499 3749/5957/5483
f 3749/5957/5483 3755/5973/5499 3750/5974/5500
f 3749/5957/5483 3750/5974/5500 3744/5958/5484
f 3744/5958/5484 3750/5974/5500 3745/5975/5501
f 3744/5958/5484 3745/5975/5501 3739/5959/5485
f 3739/5959/5485 3745/5975/5501 3740/5976/5502
f 3739/5959/5485 3740/5976/5502 3734/5904/5449
f 3734/5904/5449 3740/5976/5502 3735/5902/5447
f 3713/5960/5486 3714/5977/5503 3815/5961/5487
f 3815/5961/5487 3714/5977/5503 3816/5978/5504
f 3815/5961/5487 3816/5978/5504 3810/5962/5488
f 3810/5962/5488 3816/5978/5504 3811/5979/5505
f 3810/5962/5488 3811/5979/5505 3805/5963/5489
f 3805/5963/5489 3811/5979/5505 3806/5980/5506
f 3805/5963/5489 3806/5980/5506 3800/5964/5490
f 3800/5964/5490 3806/5980/5506 3801/5981/5507
f 3800/5964/5490 3801/5981/5507 3795/5965/5491
f 3795/5965/5491 3801/5981/5507 3796/5982/5508
f 3795/5965/5491 3796/5982/5508 3790/5966/5492
f 3790/5966/5492 3796/5982/5508 3791/5983/5509
f 3790/5966/5492 3791/5983/5509 3785/5967/5493
f 3785/5967/5493 3791/5983/5509 3786/5984/5510
f 3785/5967/5493 3786/5984/5510 3780/5968/5494
f 3780/5968/5494 3786/5984/5510 3781/5985/5511
f 3780/5968/5494 3781/5985/5511 3775/5969/5495
f 3775/5969/5495 3781/5985/5511 3776/5986/5512
f 3775/5969/5495 3776/5986/5512 3770/5970/5496
f 3770/5970/5496 3776/5986/5512 3771/5987/5513
f 3770/5970/5496 3771/5987/5513 3765/5971/5497
f 3765/5971/5497 3771/5987/5513 3766/5988/5514
f 3765/5971/5497 3766/5988/5514 3760/5972/5498
f 3760/5972/5498 3766/5988/5514 3761/5989/5515
f 3760/5972/5498 3761/5989/5515 3755/5973/5499
f 3755/5973/5499 3761/5989/5515 3756/5990/5516
f 3755/5973/5499 3756/5990/5516 3750/5974/5500
f 3750/5974/5500 3756/5990/5516 3751/5991/5517
f 3750/5974/5500 3751/5991/5517 3745/5975/5501
f 3745/5975/5501 3751/5991/5517 3746/5992/5518
f 3745/5975/5501 3746/5992/5518 3740/5976/5502
f 3740/5976/5502 3746/5992/5518 3741/5993/5519
f 3740/5976/5502 3741/5993/5519 3735/5902/5447
f 3735/5902/5447 3741/5993/5519 3736/5900/5445
f 3714/5977/5503 3715/5994/5520 3816/5978/5504
f 3816/5978/5504 3715/5994/5520 3817/5995/5521
f 3816/5978/5504 3817/5995/5521 3811/5979/5505
f 3811/5979/5505 3817/5995/5521 3812/5996/5522
f 3811/5979/5505 3812/5996/5522 3806/5980/5506
f 3806/5980/5506 3812/5996/5522 3807/5997/5523
f 3806/5980/5506 3807/5997/5523 3801/5981/5507
f 3801/5981/5507 3807/5997/5523 3802/5998/5524
f 3801/5981/5507 3802/5998/5524 3796/5982/5508
f 3796/5982/5508 3802/5998/5524 3797/5999/5525
f 3796/5982/5508 3797/5999/5525 3791/5983/5509
f 3791/5983/5509 3797/5999/5525 3792/6000/5526
f 3791/5983/5509 3792/6000/5526 3786/5984/5510
f 3786/5984/5510 3792/6000/5526 3787/6001/5527
f 3786/5984/5510 3787/6001/5527 3781/5985/5511
f 3781/5985/5511 3787/6001/5527 3782/6002/5528
f 3781/5985/5511 3782/6002/5528 3776/5986/5512
f 3776/5986/5512 3782/6002/5528 3777/6003/5529
f 3776/5986/5512 3777/6003/5529 3771/5987/5513
f 3771/5987/5513 3777/6003/5529 3772/6004/5530
f 3771/5987/5513 3772/6004/5530 3766/5988/5514
f 3766/5988/5514 3772/6004/5530 3767/6005/5531
f 3766/5988/5514 3767/6005/5531 3761/5989/5515
f 3761/5989/5515 3767/6005/5531 3762/6006/5532
f 3761/5989/5515 3762/6006/5532 3756/5990/5516
f 3756/5990/5516 3762/6006/5532 3757/6007/5533
f 3756/5990/5516 3757/6007/5533 3751/5991/5517
f 3751/5991/5517 3757/6007/5533 3752/6008/5534
f 3751/5991/5517 3752/6008/5534 3746/5992/5518
f 3746/5992/5518 3752/6008/5534 3747/6009/5535
f 3746/5992/5518 3747/6009/5535 3741/5993/5519
f 3741/5993/5519 3747/6009/5535 3742/6010/5536
f 3741/5993/5519 3742/6010/5536 3736/5900/5445
f 3736/5900/5445 3742/6010/5536 3737/5897/5442
f 3715/5994/5520 3716/6011/5537 3817/5995/5521
f 3817/5995/5521 3716/6011/5537 3717/6012/5538
f 3817/5995/5521 3717/6012/5538 3812/5996/5522
f 3812/5996/5522 3717/6012/5538 3718/6013/5539
f 3812/5996/5522 3718/6013/5539 3807/5997/5523
f 3807/5997/5523 3718/6013/5539 3719/6014/5540
f 3807/5997/5523 3719/6014/5540 3802/5998/5524
f 3802/5998/5524 3719/6014/5540 3720/6015/5541
f 3802/5998/5524 3720/6015/5541 3797/5999/5525
f 3797/5999/5525 3720/6015/5541 3721/6016/5542
f 3797/5999/5525 3721/6016/5542 3792/6000/5526
f 3792/6000/5526 3721/6016/5542 3722/6017/5543
f 3792/6000/5526 3722/6017/5543 3787/6001/5527
f 3787/6001/5527 3722/6017/5543 3723/6018/5544
f 3787/6001/5527 3723/6018/5544 3782/6002/5528
f 3782/6002/5528 3723/6018/5544 3724/6019/5545
f 3782/6002/5528 3724/6019/5545 3777/6003/5529
f 3777/6003/5529 3724/6019/5545 3725/6020/5546
f 3777/6003/5529 3725/6020/5546 3772/6004/5530
f 3772/6004/5530 3725/6020/5546 3726/6021/5547
f 3772/6004/5530 3726/6021/5547 3767/6005/5531
f 3767/6005/5531 3726/6021/5547 3727/6022/5548
f 3767/6005/5531 3727/6022/5548 3762/6006/5532
f 3762/6006/5532 3727/6022/5548 3728/6023/5549
f 3762/6006/5532 3728/6023/5549 3757/6007/5533
f 3757/6007/5533 3728/6023/5549 3729/6024/5550
f 3757/6007/5533 3729/6024/5550 3752/6008/5534
f 3752/6008/5534 3729/6024/5550 3730/6025/5551
f 3752/6008/5534 3730/6025/5551 3747/6009/5535
f 3747/6009/5535 3730/6025/5551 3731/6026/5552
f 3747/6009/5535 3731/6026/5552 3742/6010/5536
f 3742/6010/5536 3731/6026/5552 3732/5895/5440
f 3742/6010/5536 3732/5895/5440 3737/5897/5442
f 3818/6027/5553 3705/6028/5441 3835/6029/5554
f 3835/6029/5554 3705/6028/5441 3732/6030/5440
f 3835/6029/5554 3732/6030/5440 3834/6031/5555
f 3834/6031/5555 3732/6030/5440 3731/6032/5552
f 3834/6031/5555 3731/6032/5552 3833/6033/5556
f 3833/6033/5556 3731/6032/5552 3730/6034/5551
f 3833/6033/5556 3730/6034/5551 3832/6035/5557
f 3832/6035/5557 3730/6034/5551 3729/6036/5550
f 3832/6035/5557 3729/6036/5550 3831/6037/5558
f 3831/6037/5558 3729/6036/5550 3728/6038/5549
f 3831/6037/5558 3728/6038/5549 3830/6039/5559
f 3830/6039/5559 3728/6038/5549 3727/6040/5548
f 3830/6039/5559 3727/6040/5548 3829/6041/5560
f 3829/6041/5560 3727/6040/5548 3726/6042/5547
f 3829/6041/5560 3726/6042/5547 3828/6043/5561
f 3828/6043/5561 3726/6042/5547 3725/6044/5546
f 3828/6043/5561 3725/6044/5546 3827/6045/5562
f 3827/6045/5562 3725/6044/5546 3724/6046/5545
f 3827/6045/5562 3724/6046/5545 3826/6047/5563
f 3826/6047/5563 3724/6046/5545 3723/6048/5544
f 3826/6047/5563 3723/6048/5544 3825/6049/5564
f 3825/6049/5564 3723/6048/5544 3722/6050/5543
f 3825/6049/5564 3722/6050/5543 3824/6051/5565
f 3824/6051/5565 3722/6050/5543 3721/6052/5542
f 3824/6051/5565 3721/6052/5542 3823/6053/5566
f 3823/6053/5566 3721/6052/5542 3720/6054/5541
f 3823/6053/5566 3720/6054/5541 3822/6055/5567
f 3822/6055/5567 3720/6054/5541 3719/6056/5540
f 3822/6055/5567 3719/6056/5540 3821/6057/5568
f 3821/6057/5568 3719/6056/5540 3718/6058/5539
f 3821/6057/5568 3718/6058/5539 3820/6059/5569
f 3820/6059/5569 3718/6058/5539 3717/6060/5538
f 3820/6059/5569 3717/6060/5538 3819/6061/5570
f 3819/6061/5570 3717/6060/5538 3716/6062/5537
f 3836/6063/5571 3837/6064/5572 3864/6065/5573
f 3864/6065/5573 3837/6064/5572 3869/6066/5574
f 3864/6065/5573 3869/6066/5574 3863/6067/5575
f 3863/6067/5575 3869/6066/5574 3874/6068/5576
f 3863/6067/5575 3874/6068/5576 3862/6069/5577
f 3862/6069/5577 3874/6068/5576 3879/6070/5578
f 3862/6069/5577 3879/6070/5578 3861/6071/5579
f 3861/6071/5579 3879/6070/5578 3884/6072/5580
f 3861/6071/5579 3884/6072/5580 3860/6073/5581
f 3860/6073/5581 3884/6072/5580 3889/6074/5582
f 3860/6073/5581 3889/6074/5582 3859/6075/5583
f 3859/6075/5583 3889/6074/5582 3894/6076/5584
f 3859/6075/5583 3894/6076/5584 3858/6077/5585
f 3858/6077/5585 3894/6076/5584 3899/6078/5586
f 3858/6077/5585 3899/6078/5586 3857/6079/5587
f 3857/6079/5587 3899/6078/5586 3904/6080/5588
f 3857/6079/5587 3904/6080/5588 3856/6081/5589
f 3856/6081/5589 3904/6080/5588 3909/6082/5590
f 3856/6081/5589 3909/6082/5590 3855/6083/5591
f 3855/6083/5591 3909/6082/5590 3914/6084/5592
f 3855/6083/5591 3914/6084/5592 3854/6085/5593
f 3854/6085/5593 3914/6084/5592 3919/6086/5594
f 3854/6085/5593 3919/6086/5594 3853/6087/5595
f 3853/6087/5595 3919/6086/5594 3924/6088/5596
f 3853/6087/5595 3924/6088/5596 3852/6089/5597
f 3852/6089/5597 3924/6088/5596 3929/6090/5598
f 3852/6089/5597 3929/6090/5598 3851/6091/5599
f 3851/6091/5599 3929/6090/5598 3934/6092/5600
f 3851/6091/5599 3934/6092/5600 3850/6093/5601
f 3850/6093/5601 3934/6092/5600 3939/6094/5602
f 3850/6093/5601 3939/6094/5602 3849/6095/5603
f 3849/6095/5603 3939/6094/5602 3944/6096/5604
f 3849/6095/5603 3944/6096/5604 3848/6097/5605
f 3848/6097/5605 3944/6096/5604 3949/6098/5606
f 3848/6097/5605 3949/6098/5606 3847/6099/5607
f 3847/6099/5607 3949/6098/5606 3846/6100/5608
f 3846/6100/5608 3949/6098/5606 3948/6101/5609
f 3846/6100/5608 3948/6101/5609 3845/6102/5610
f 3845/6102/5610 3948/6101/5609 3947/6103/5611
f 3845/6102/5610 3947/6103/5611 3844/6104/5612
f 3844/6104/5612 3947/6103/5611 3946/6105/5613
f 3844/6104/5612 3946/6105/5613 3843/6106/5614
f 3843/6106/5614 3946/6105/5613 3945/6107/5615
f 3843/6106/5614 3945/6107/5615 3842/6108/5616
f 3842/6108/5616 3945/6107/5615 3819/6109/5570
f 3819/6109/5570 3945/6107/5615 3820/6110/5569
f 3820/6110/5569 3945/6107/5615 3940/6111/5617
f 3820/6110/5569 3940/6111/5617 3821/6112/5568
f 3821/6112/5568 3940/6111/5617 3935/6113/5618
f 3821/6112/5568 3935/6113/5618 3822/6114/5567
f 3822/6114/5567 3935/6113/5618 3930/6115/5619
f 3822/6114/5567 3930/6115/5619 3823/6116/5566
f 3823/6116/5566 3930/6115/5619 3925/6117/5620
f 3823/6116/5566 3925/6117/5620 3824/6118/5565
f 3824/6118/5565 3925/6117/5620 3920/6119/5621
f 3824/6118/5565 3920/6119/5621 3825/6120/5564
f 3825/6120/5564 3920/6119/5621 3915/6121/5622
f 3825/6120/5564 3915/6121/5622 3826/6122/5563
f 3826/6122/5563 3915/6121/5622 3910/6123/5623
f 3826/6122/5563 3910/6123/5623 3827/6124/5562
f 3827/6124/5562 3910/6123/5623 3905/6125/5624
f 3827/6124/5562 3905/6125/5624 3828/6126/5561
f 3828/6126/5561 3905/6125/5624 3900/6127/5625
f 3828/6126/5561 3900/6127/5625 3829/6128/5560
f 3829/6128/5560 3900/6127/5625 3895/6129/5626
f 3829/6128/5560 3895/6129/5626 3830/6130/5559
f 3830/6130/5559 3895/6129/5626 3890/6131/5627
f 3830/6130/5559 3890/6131/5627 3831/6132/5558
f 3831/6132/5558 3890/6131/5627 3885/6133/5628
f 3831/6132/5558 3885/6133/5628 3832/6134/5557
f 3832/6134/5557 3885/6133/5628 3880/6135/5629
f 3832/6134/5557 3880/6135/5629 3833/6136/5556
f 3833/6136/5556 3880/6135/5629 3875/6137/5630
f 3833/6136/5556 3875/6137/5630 3834/6138/5555
f 3834/6138/5555 3875/6137/5630 3870/6139/5631
f 3834/6138/5555 3870/6139/5631 3835/6140/5554
f 3835/6140/5554 3870/6139/5631 3865/6141/5632
f 3835/6140/5554 3865/6141/5632 3818/6142/5553
f 3818/6142/5553 3865/6141/5632 3841/6143/5633
f 3841/6143/5633 3865/6141/5632 3866/6144/5634
f 3841/6143/5633 3866/6144/5634 3840/6145/5635
f 3840/6145/5635 3866/6144/5634 3867/6146/5636
f 3840/6145/5635 3867/6146/5636 3839/6147/5637
f 3839/6147/5637 3867/6146/5636 3868/6148/5638
f 3839/6147/5637 3868/6148/5638 3838/6149/5639
f 3838/6149/5639 3868/6148/5638 3869/6066/5574
f 3838/6149/5639 3869/6066/5574 3837/6064/5572
f 3866/6144/5634 3865/6141/5632 3871/6150/5640
f 3871/6150/5640 3865/6141/5632 3870/6139/5631
f 3871/6150/5640 3870/6139/5631 3876/6151/5641
f 3876/6151/5641 3870/6139/5631 3875/6137/5630
f 3876/6151/5641 3875/6137/5630 3881/6152/5642
f 3881/6152/5642 3875/6137/5630 3880/6135/5629
f 3881/6152/5642 3880/6135/5629 3886/6153/5643
f 3886/6153/5643 3880/6135/5629 3885/6133/5628
f 3886/6153/5643 3885/6133/5628 3891/6154/5644
f 3891/6154/5644 3885/6133/5628 3890/6131/5627
f 3891/6154/5644 3890/6131/5627 3896/6155/5645
f 3896/6155/5645 3890/6131/5627 3895/6129/5626
f 3896/6155/5645 3895/6129/5626 3901/6156/5646
f 3901/6156/5646 3895/6129/5626 3900/6127/5625
f 3901/6156/5646 3900/6127/5625 3906/6157/5647
f 3906/6157/5647 3900/6127/5625 3905/6125/5624
f 3906/6157/5647 3905/6125/5624 3911/6158/5648
f 3911/6158/5648 3905/6125/5624 3910/6123/5623
f 3911/6158/5648 3910/6123/5623 3916/6159/5649
f 3916/6159/5649 3910/6123/5623 3915/6121/5622
f 3916/6159/5649 3915/6121/5622 3921/6160/5650
f 3921/6160/5650 3915/6121/5622 3920/6119/5621
f 3921/6160/5650 3920/6119/5621 3926/6161/5651
f 3926/6161/5651 3920/6119/5621 3925/6117/5620
f 3926/6161/5651 3925/6117/5620 3931/6162/5652
f 3931/6162/5652 3925/6117/5620 3930/6115/5619
f 3931/6162/5652 3930/6115/5619 3936/6163/5653
f 3936/6163/5653 3930/6115/5619 3935/6113/5618
f 3936/6163/5653 3935/6113/5618 3941/6164/5654
f 3941/6164/5654 3935/6113/5618 3940/6111/5617
f 3941/6164/5654 3940/6111/5617 3946/6105/5613
f 3946/6105/5613 3940/6111/5617 3945/6107/5615
f 3867/6146/5636 3866/6144/5634 3872/6165/5655
f 3872/6165/5655 3866/6144/5634 3871/6150/5640
f 3872/6165/5655 3871/6150/5640 3877/6166/5656
f 3877/6166/5656 3871/6150/5640 3876/6151/5641
f 3877/6166/5656 3876/6151/5641 3882/6167/5657
f 3882/6167/5657 3876/6151/5641 3881/6152/5642
f 3882/6167/5657 3881/6152/5642 3887/6168/5658
f 3887/6168/5658 3881/6152/5642 3886/6153/5643
f 3887/6168/5658 3886/6153/5643 3892/6169/5659
f 3892/6169/5659 3886/6153/5643 3891/6154/5644
f 3892/6169/5659 3891/6154/5644 3897/6170/5660
f 3897/6170/5660 3891/6154/5644 3896/6155/5645
f 3897/6170/5660 3896/6155/5645 3902/6171/5661
f 3902/6171/5661 3896/6155/5645 3901/6156/5646
f 3902/6171/5661 3901/6156/5646 3907/6172/5662
f 3907/6172/5662 3901/6156/5646 3906/6157/5647
f 3907/6172/5662 3906/6157/5647 3912/6173/5663
f 3912/6173/5663 3906/6157/5647 3911/6158/5648
f 3912/6173/5663 3911/6158/5648 3917/6174/5664
f 3917/6174/5664 3911/6158/5648 3916/6159/5649
f 3917/6174/5664 3916/6159/5649 3922/6175/5665
f 3922/6175/5665 3916/6159/5649 3921/6160/5650
f 3922/6175/5665 3921/6160/5650 3927/6176/5666
f 3927/6176/5666 3921/6160/5650 3926/6161/5651
f 3927/6176/5666 3926/6161/5651 3932/6177/5667
f 3932/6177/5667 3926/6161/5651 3931/6162/5652
f 3932/6177/5667 3931/6162/5652 3937/6178/5668
f 3937/6178/5668 3931/6162/5652 3936/6163/5653
f 3937/6178/5668 3936/6163/5653 3942/6179/5669
f 3942/6179/5669 3936/6163/5653 3941/6164/5654
f 3942/6179/5669 3941/6164/5654 3947/6103/5611
f 3947/6103/5611 3941/6164/5654 3946/6105/5613
f 3874/6068/5576 3869/6066/5574 3868/6148/5638
f 3868/6148/5638 3867/6146/5636 3873/6180/5670
f 3873/6180/5670 3867/6146/5636 3872/6165/5655
f 3873/6180/5670 3872/6165/5655 3878/6181/5671
f 3878/6181/5671 3872/6165/5655 3877/6166/5656
f 3878/6181/5671 3877/6166/5656 3883/6182/5672
f 3883/6182/5672 3877/6166/5656 3882/6167/5657
f 3883/6182/5672 3882/6167/5657 3888/6183/5673
f 3888/6183/5673 3882/6167/5657 3887/6168/5658
f 3888/6183/5673 3887/6168/5658 3893/6184/5674
f 3893/6184/5674 3887/6168/5658 3892/6169/5659
f 3893/6184/5674 3892/6169/5659 3898/6185/5675
f 3898/6185/5675 3892/6169/5659 3897/6170/5660
f 3898/6185/5675 3897/6170/5660 3903/6186/5676
f 3903/6186/5676 3897/6170/5660 3902/6171/5661
f 3903/6186/5676 3902/6171/5661 3908/6187/5677
f 3908/6187/5677 3902/6171/5661 3907/6172/5662
f 3908/6187/5677 3907/6172/5662 3913/6188/5678
f 3913/6188/5678 3907/6172/5662 3912/6173/5663
f 3913/6188/5678 3912/6173/5663 3918/6189/5679
f 3918/6189/5679 3912/6173/5663 3917/6174/5664
f 3918/6189/5679 3917/6174/5664 3923/6190/5680
f 3923/6190/5680 3917/6174/5664 3922/6175/5665
f 3923/6190/5680 3922/6175/5665 3928/6191/5681
f 3928/6191/5681 3922/6175/5665 3927/6176/5666
f 3928/6191/5681 3927/6176/5666 3933/6192/5682
f 3933/6192/5682 3927/6176/5666 3932/6177/5667
f 3933/6192/5682 3932/6177/5667 3938/6193/5683
f 3938/6193/5683 3932/6177/5667 3937/6178/5668
f 3938/6193/5683 3937/6178/5668 3943/6194/5684
f 3943/6194/5684 3937/6178/5668 3942/6179/5669
f 3943/6194/5684 3942/6179/5669 3948/6101/5609
f 3948/6101/5609 3942/6179/5669 3947/6103/5611
f 3879/6070/5578 3874/6068/5576 3873/6180/5670
f 3873/6180/5670 3874/6068/5576 3868/6148/5638
f 3879/6070/5578 3873/6180/5670 3878/6181/5671
f 3884/6072/5580 3879/6070/5578 3878/6181/5671
f 3884/6072/5580 3878/6181/5671 3883/6182/5672
f 3889/6074/5582 3884/6072/5580 3883/6182/5672
f 3889/6074/5582 3883/6182/5672 3888/6183/5673
f 3894/6076/5584 3889/6074/5582 3888/6183/5673
f 3894/6076/5584 3888/6183/5673 3893/6184/5674
f 3899/6078/5586 3894/6076/5584 3893/6184/5674
f 3899/6078/5586 3893/6184/5674 3898/6185/5675
f 3904/6080/5588 3899/6078/5586 3898/6185/5675
f 3904/6080/5588 3898/6185/5675 3903/6186/5676
f 3909/6082/5590 3904/6080/5588 3903/6186/5676
f 3909/6082/5590 3903/6186/5676 3908/6187/5677
f 3914/6084/5592 3909/6082/5590 3908/6187/5677
f 3914/6084/5592 3908/6187/5677 3913/6188/5678
f 3919/6086/5594 3914/6084/5592 3913/6188/5678
f 3919/6086/5594 3913/6188/5678 3918/6189/5679
f 3924/6088/5596 3919/6086/5594 3918/6189/5679
f 3924/6088/5596 3918/6189/5679 3923/6190/5680
f 3929/6090/5598 3924/6088/5596 3923/6190/5680
f 3929/6090/5598 3923/6190/5680 3928/6191/5681
f 3934/6092/5600 3929/6090/5598 3928/6191/5681
f 3934/6092/5600 3928/6191/5681 3933/6192/5682
f 3939/6094/5602 3934/6092/5600 3933/6192/5682
f 3939/6094/5602 3933/6192/5682 3938/6193/5683
f 3944/6096/5604 3939/6094/5602 3938/6193/5683
f 3944/6096/5604 3938/6193/5683 3943/6194/5684
f 3949/6098/5606 3944/6096/5604 3943/6194/5684
f 3949/6098/5606 3943/6194/5684 3948/6101/5609
f 3950/6195/5685 3836/6196/5571 3968/6197/5686
f 3968/6197/5686 3836/6196/5571 3864/6198/5573
f 3968/6197/5686 3864/6198/5573 3967/6199/5687
f 3967/6199/5687 3864/6198/5573 3863/6200/5575
f 3967/6199/5687 3863/6200/5575 3966/6201/5688
f 3966/6201/5688 3863/6200/5575 3862/6202/5577
f 3966/6201/5688 3862/6202/5577 3965/6203/5689
f 3965/6203/5689 3862/6202/5577 3861/6204/5579
f 3965/6203/5689 3861/6204/5579 3964/6205/5690
f 3964/6205/5690 3861/6204/5579 3860/6206/5581
f 3964/6205/5690 3860/6206/5581 3963/6207/5691
f 3963/6207/5691 3860/6206/5581 3859/6208/5583
f 3963/6207/5691 3859/6208/5583 3962/6209/5692
f 3962/6209/5692 3859/6208/5583 3858/6210/5585
f 3962/6209/5692 3858/6210/5585 3961/6211/5693
f 3961/6211/5693 3858/6210/5585 3857/6212/5587
f 3961/6211/5693 3857/6212/5587 3960/6213/5694
f 3960/6213/5694 3857/6212/5587 3856/6214/5589
f 3960/6213/5694 3856/6214/5589 3959/6215/5695
f 3959/6215/5695 3856/6214/5589 3855/6216/5591
f 3959/6215/5695 3855/6216/5591 3854/6217/5593
f 3959/6215/5695 3854/6217/5593 3958/6218/5696
f 3958/6218/5696 3854/6217/5593 3853/6219/5595
f 3958/6218/5696 3853/6219/5595 3957/6220/5697
f 3957/6220/5697 3853/6219/5595 3852/6221/5597
f 3957/6220/5697 3852/6221/5597 3956/6222/5698
f 3956/6222/5698 3852/6221/5597 3851/6223/5599
f 3956/6222/5698 3851/6223/5599 3955/6224/5699
f 3955/6224/5699 3851/6223/5599 3850/6225/5601
f 3955/6224/5699 3850/6225/5601 3954/6226/5700
f 3954/6226/5700 3850/6225/5601 3849/6227/5603
f 3954/6226/5700 3849/6227/5603 3953/6228/5701
f 3953/6228/5701 3849/6227/5603 3848/6229/5605
f 3953/6228/5701 3848/6229/5605 3952/6230/5702
f 3952/6230/5702 3848/6229/5605 3951/6231/5703
f 3951/6231/5703 3848/6229/5605 3847/6232/5607
f 2091/6233/3574 2090/6234/3572 3979/6235/5704
f 3979/6235/5704 2090/6234/3572 3969/6236/5705
f 3979/6235/5704 3969/6236/5705 3970/6237/5706
f 3979/6235/5704 3970/6237/5706 4017/6238/5707
f 4017/6238/5707 3970/6237/5706 3971/6239/5708
f 4017/6238/5707 3971/6239/5708 4016/6240/5709
f 4016/6240/5709 3971/6239/5708 3972/6241/5710
f 4016/6240/5709 3972/6241/5710 4015/6242/5711
f 4015/6242/5711 3972/6241/5710 3973/6243/5712
f 4015/6242/5711 3973/6243/5712 3980/6244/5713
f 3980/6244/5713 3973/6243/5712 3950/6245/5685
f 3980/6244/5713 3950/6245/5685 3968/6246/5686
f 3967/6247/5687 3982/6248/5714 3968/6246/5686
f 3968/6246/5686 3982/6248/5714 4025/6249/5715
f 3968/6246/5686 4025/6249/5715 3980/6244/5713
f 3980/6244/5713 4025/6249/5715 4024/6250/5716
f 3980/6244/5713 4024/6250/5716 4015/6242/5711
f 4015/6242/5711 4024/6250/5716 4023/6251/5717
f 4015/6242/5711 4023/6251/5717 4016/6240/5709
f 4016/6240/5709 4023/6251/5717 4022/6252/5718
f 4016/6240/5709 4022/6252/5718 4017/6238/5707
f 4017/6238/5707 4022/6252/5718 4021/6253/5719
f 4017/6238/5707 4021/6253/5719 3979/6235/5704
f 3979/6235/5704 4021/6253/5719 2091/6233/3574
f 3966/6254/5688 3984/6255/5720 3967/6247/5687
f 3967/6247/5687 3984/6255/5720 4033/6256/5721
f 3967/6247/5687 4033/6256/5721 3982/6248/5714
f 3982/6248/5714 4033/6256/5721 4032/6257/5722
f 3982/6248/5714 4032/6257/5722 4018/6258/5723
f 4018/6258/5723 4032/6257/5722 4031/6259/5724
f 4018/6258/5723 4031/6259/5724 4019/6260/5725
f 4019/6260/5725 4031/6259/5724 4030/6261/5726
f 4019/6260/5725 4030/6261/5726 4020/6262/5727
f 4020/6262/5727 4030/6261/5726 4029/6263/5728
f 4020/6262/5727 4029/6263/5728 3981/6264/5729
f 3981/6264/5729 4029/6263/5728 2092/6265/3576
f 3981/6264/5729 2092/6265/3576 2091/6233/3574
f 3965/6266/5689 3986/6267/5730 3966/6254/5688
f 3966/6254/5688 3986/6267/5730 4034/6268/5731
f 3966/6254/5688 4034/6268/5731 4043/6269/5732
f 4043/6269/5732 4034/6268/5731 4035/6270/5733
f 4043/6269/5732 4035/6270/5733 4042/6271/5734
f 4042/6271/5734 4035/6270/5733 4036/6272/5735
f 4042/6271/5734 4036/6272/5735 4041/6273/5736
f 4041/6273/5736 4036/6272/5735 4037/6274/5737
f 4041/6273/5736 4037/6274/5737 4040/6275/5738
f 4040/6275/5738 4037/6274/5737 4038/6276/5739
f 4040/6275/5738 4038/6276/5739 4039/6277/5740
f 4039/6277/5740 4038/6276/5739 2093/6278/3578
f 4039/6277/5740 2093/6278/3578 3983/6279/5741
f 3983/6279/5741 2093/6278/3578 2092/6265/3576
f 3983/6279/5741 2092/6265/3576 4029/6263/5728
f 3964/6280/5690 3988/6281/5742 3965/6266/5689
f 3965/6266/5689 3988/6281/5742 4044/6282/5743
f 3965/6266/5689 4044/6282/5743 3986/6267/5730
f 3986/6267/5730 4044/6282/5743 4045/6283/5744
f 3986/6267/5730 4045/6283/5744 4051/6284/5745
f 4051/6284/5745 4045/6283/5744 4046/6285/5746
f 4051/6284/5745 4046/6285/5746 4050/6286/5747
f 4050/6286/5747 4046/6285/5746 4047/6287/5748
f 4050/6286/5747 4047/6287/5748 4049/6288/5749
f 4049/6288/5749 4047/6287/5748 4048/6289/5750
f 4049/6288/5749 4048/6289/5750 3985/6290/5751
f 3985/6290/5751 4048/6289/5750 2094/6291/3580
f 3985/6290/5751 2094/6291/3580 2093/6278/3578
f 3963/6292/5691 3990/6293/5752 3964/6280/5690
f 3964/6280/5690 3990/6293/5752 4052/6294/5753
f 3964/6280/5690 4052/6294/5753 3988/6281/5742
f 3988/6281/5742 4052/6294/5753 4053/6295/5754
f 3988/6281/5742 4053/6295/5754 4059/6296/5755
f 4059/6296/5755 4053/6295/5754 4054/6297/5756
f 4059/6296/5755 4054/6297/5756 4058/6298/5757
f 4058/6298/5757 4054/6297/5756 4055/6299/5758
f 4058/6298/5757 4055/6299/5758 4057/6300/5759
f 4057/6300/5759 4055/6299/5758 4056/6301/5760
f 4057/6300/5759 4056/6301/5760 3987/6302/5761
f 3987/6302/5761 4056/6301/5760 2095/6303/3582
f 3987/6302/5761 2095/6303/3582 2094/6291/3580
f 3962/6304/5692 3992/6305/5762 3963/6292/5691
f 3963/6292/5691 3992/6305/5762 4067/6306/5763
f 3963/6292/5691 4067/6306/5763 3990/6293/5752
f 3990/6293/5752 4067/6306/5763 4066/6307/5764
f 3990/6293/5752 4066/6307/5764 4168/6308/5765
f 4168/6308/5765 4066/6307/5764 4065/6309/5766
f 4168/6308/5765 4065/6309/5766 4167/6310/5767
f 4167/6310/5767 4065/6309/5766 4064/6311/5768
f 4167/6310/5767 4064/6311/5768 4166/6312/5769
f 4166/6312/5769 4064/6311/5768 4063/6313/5770
f 4166/6312/5769 4063/6313/5770 3989/6314/5771
f 3989/6314/5771 4063/6313/5770 2096/6315/3584
f 3989/6314/5771 2096/6315/3584 2095/6303/3582
f 3961/6316/5693 3994/6317/5772 3962/6304/5692
f 3962/6304/5692 3994/6317/5772 4075/6318/5773
f 3962/6304/5692 4075/6318/5773 3992/6305/5762
f 3992/6305/5762 4075/6318/5773 4074/6319/5774
f 3992/6305/5762 4074/6319/5774 4060/6320/5775
f 4060/6320/5775 4074/6319/5774 4073/6321/5776
f 4060/6320/5775 4073/6321/5776 4061/6322/5777
f 4061/6322/5777 4073/6321/5776 4072/6323/5778
f 4061/6322/5777 4072/6323/5778 4062/6324/5779
f 4062/6324/5779 4072/6323/5778 4071/6325/5780
f 4062/6324/5779 4071/6325/5780 3991/6326/5781
f 3991/6326/5781 4071/6325/5780 2097/6327/3586
f 3991/6326/5781 2097/6327/3586 2096/6315/3584
f 3960/6328/5694 3996/6329/5782 3961/6316/5693
f 3961/6316/5693 3996/6329/5782 4083/6330/5783
f 3961/6316/5693 4083/6330/5783 3994/6317/5772
f 3994/6317/5772 4083/6330/5783 4082/6331/5784
f 3994/6317/5772 4082/6331/5784 4068/6332/5785
f 4068/6332/5785 4082/6331/5784 4081/6333/5786
f 4068/6332/5785 4081/6333/5786 4069/6334/5787
f 4069/6334/5787 4081/6333/5786 4080/6335/5788
f 4069/6334/5787 4080/6335/5788 4070/6336/5789
f 4070/6336/5789 4080/6335/5788 4079/6337/5790
f 4070/6336/5789 4079/6337/5790 3993/6338/5791
f 3993/6338/5791 4079/6337/5790 2098/6339/3588
f 3993/6338/5791 2098/6339/3588 2097/6327/3586
f 3959/6340/5695 3998/6341/5792 3960/6328/5694
f 3960/6328/5694 3998/6341/5792 4084/6342/5793
f 3960/6328/5694 4084/6342/5793 4093/6343/5794
f 4093/6343/5794 4084/6342/5793 4085/6344/5795
f 4093/6343/5794 4085/6344/5795 4092/6345/5796
f 4092/6345/5796 4085/6344/5795 4086/6346/5797
f 4092/6345/5796 4086/6346/5797 4091/6347/5798
f 4091/6347/5798 4086/6346/5797 4087/6348/5799
f 4091/6347/5798 4087/6348/5799 4090/6349/5800
f 4090/6349/5800 4087/6348/5799 4088/6350/5801
f 4090/6349/5800 4088/6350/5801 4089/6351/5802
f 4089/6351/5802 4088/6350/5801 2099/6352/3590
f 4089/6351/5802 2099/6352/3590 3995/6353/5803
f 3995/6353/5803 2099/6352/3590 2098/6339/3588
f 3995/6353/5803 2098/6339/3588 4079/6337/5790
f 3958/6354/5696 4000/6355/5804 3959/6340/5695
f 3959/6340/5695 4000/6355/5804 4094/6356/5805
f 3959/6340/5695 4094/6356/5805 3998/6341/5792
f 3998/6341/5792 4094/6356/5805 4095/6357/5806
f 3998/6341/5792 4095/6357/5806 4101/6358/5807
f 4101/6358/5807 4095/6357/5806 4096/6359/5808
f 4101/6358/5807 4096/6359/5808 4100/6360/5809
f 4100/6360/5809 4096/6359/5808 4097/6361/5810
f 4100/6360/5809 4097/6361/5810 4099/6362/5811
f 4099/6362/5811 4097/6361/5810 4098/6363/5812
f 4099/6362/5811 4098/6363/5812 3997/6364/5813
f 3997/6364/5813 4098/6363/5812 2100/6365/3592
f 3997/6364/5813 2100/6365/3592 2099/6352/3590
f 3957/6366/5697 4002/6367/5814 3958/6354/5696
f 3958/6354/5696 4002/6367/5814 4102/6368/5815
f 3958/6354/5696 4102/6368/5815 4000/6355/5804
f 4000/6355/5804 4102/6368/5815 4103/6369/5816
f 4000/6355/5804 4103/6369/5816 4109/6370/5817
f 4109/6370/5817 4103/6369/5816 4104/6371/5818
f 4109/6370/5817 4104/6371/5818 4108/6372/5819
f 4108/6372/5819 4104/6371/5818 4105/6373/5820
f 4108/6372/5819 4105/6373/5820 4107/6374/5821
f 4107/6374/5821 4105/6373/5820 4106/6375/5822
f 4107/6374/5821 4106/6375/5822 3999/6376/5823
f 3999/6376/5823 4106/6375/5822 2101/6377/3594
f 3999/6376/5823 2101/6377/3594 2100/6365/3592
f 3956/6378/5698 4004/6379/5824 3957/6366/5697
f 3957/6366/5697 4004/6379/5824 4117/6380/5825
f 3957/6366/5697 4117/6380/5825 4002/6367/5814
f 4002/6367/5814 4117/6380/5825 4116/6381/5826
f 4002/6367/5814 4116/6381/5826 4165/6382/5827
f 4165/6382/5827 4116/6381/5826 4115/6383/5828
f 4165/6382/5827 4115/6383/5828 4164/6384/5829
f 4164/6384/5829 4115/6383/5828 4114/6385/5830
f 4164/6384/5829 4114/6385/5830 4163/6386/5831
f 4163/6386/5831 4114/6385/5830 4113/6387/5832
f 4163/6386/5831 4113/6387/5832 4001/6388/5833
f 4001/6388/5833 4113/6387/5832 2102/6389/3596
f 4001/6388/5833 2102/6389/3596 2101/6377/3594
f 3955/6390/5699 4006/6391/5834 3956/6378/5698
f 3956/6378/5698 4006/6391/5834 4125/6392/5835
f 3956/6378/5698 4125/6392/5835 4004/6379/5824
f 4004/6379/5824 4125/6392/5835 4124/6393/5836
f 4004/6379/5824 4124/6393/5836 4110/6394/5837
f 4110/6394/5837 4124/6393/5836 4123/6395/5838
f 4110/6394/5837 4123/6395/5838 4111/6396/5839
f 4111/6396/5839 4123/6395/5838 4122/6397/5840
f 4111/6396/5839 4122/6397/5840 4112/6398/5841
f 4112/6398/5841 4122/6397/5840 4121/6399/5842
f 4112/6398/5841 4121/6399/5842 4003/6400/5843
f 4003/6400/5843 4121/6399/5842 2103/6401/3598
f 4003/6400/5843 2103/6401/3598 2102/6389/3596
f 3954/6402/5700 4008/6403/5844 3955/6390/5699
f 3955/6390/5699 4008/6403/5844 4133/6404/5845
f 3955/6390/5699 4133/6404/5845 4006/6391/5834
f 4006/6391/5834 4133/6404/5845 4132/6405/5846
f 4006/6391/5834 4132/6405/5846 4118/6406/5847
f 4118/6406/5847 4132/6405/5846 4131/6407/5848
f 4118/6406/5847 4131/6407/5848 4119/6408/5849
f 4119/6408/5849 4131/6407/5848 4130/6409/5850
f 4119/6408/5849 4130/6409/5850 4120/6410/5851
f 4120/6410/5851 4130/6409/5850 4129/6411/5852
f 4120/6410/5851 4129/6411/5852 4005/6412/5853
f 4005/6412/5853 4129/6411/5852 2104/6413/3600
f 4005/6412/5853 2104/6413/3600 2103/6401/3598
f 3953/6414/5701 4010/6415/5854 3954/6402/5700
f 3954/6402/5700 4010/6415/5854 4134/6416/5855
f 3954/6402/5700 4134/6416/5855 4143/6417/5856
f 4143/6417/5856 4134/6416/5855 4135/6418/5857
f 4143/6417/5856 4135/6418/5857 4142/6419/5858
f 4142/6419/5858 4135/6418/5857 4136/6420/5859
f 4142/6419/5858 4136/6420/5859 4141/6421/5860
f 4141/6421/5860 4136/6420/5859 4137/6422/5861
f 4141/6421/5860 4137/6422/5861 4140/6423/5862
f 4140/6423/5862 4137/6422/5861 4138/6424/5863
f 4140/6423/5862 4138/6424/5863 4139/6425/5864
f 4139/6425/5864 4138/6424/5863 2105/6426/3602
f 4139/6425/5864 2105/6426/3602 4007/6427/5865
f 4007/6427/5865 2105/6426/3602 2104/6413/3600
f 4007/6427/5865 2104/6413/3600 4129/6411/5852
f 3952/6428/5702 4012/6429/5866 3953/6414/5701
f 3953/6414/5701 4012/6429/5866 4144/6430/5867
f 3953/6414/5701 4144/6430/5867 4010/6415/5854
f 4010/6415/5854 4144/6430/5867 4145/6431/5868
f 4010/6415/5854 4145/6431/5868 4151/6432/5869
f 4151/6432/5869 4145/6431/5868 4146/6433/5870
f 4151/6432/5869 4146/6433/5870 4150/6434/5871
f 4150/6434/5871 4146/6433/5870 4147/6435/5872
f 4150/6434/5871 4147/6435/5872 4149/6436/5873
f 4149/6436/5873 4147/6435/5872 4148/6437/5874
f 4149/6436/5873 4148/6437/5874 4009/6438/5875
f 4009/6438/5875 4148/6437/5874 2106/6439/3604
f 4009/6438/5875 2106/6439/3604 2105/6426/3602
f 3951/6440/5703 4014/6441/5876 3952/6428/5702
f 3952/6428/5702 4014/6441/5876 4152/6442/5877
f 3952/6428/5702 4152/6442/5877 4012/6429/5866
f 4012/6429/5866 4152/6442/5877 4153/6443/5878
f 4012/6429/5866 4153/6443/5878 4159/6444/5879
f 4159/6444/5879 4153/6443/5878 4154/6445/5880
f 4159/6444/5879 4154/6445/5880 4158/6446/5881
f 4158/6446/5881 4154/6445/5880 4155/6447/5882
f 4158/6446/5881 4155/6447/5882 4157/6448/5883
f 4157/6448/5883 4155/6447/5882 4156/6449/5884
f 4157/6448/5883 4156/6449/5884 4011/6450/5885
f 4011/6450/5885 4156/6449/5884 2107/6451/3606
f 4011/6450/5885 2107/6451/3606 2106/6439/3604
f 3951/6440/5703 3974/6452/5886 4014/6441/5876
f 4014/6441/5876 3974/6452/5886 3975/6453/5887
f 4014/6441/5876 3975/6453/5887 4162/6454/5888
f 4162/6454/5888 3975/6453/5887 3976/6455/5889
f 4162/6454/5888 3976/6455/5889 4161/6456/5890
f 4161/6456/5890 3976/6455/5889 3977/6457/5891
f 4161/6456/5890 3977/6457/5891 4160/6458/5892
f 4160/6458/5892 3977/6457/5891 3978/6459/5893
f 4160/6458/5892 3978/6459/5893 4013/6460/5894
f 4013/6460/5894 3978/6459/5893 2108/6461/3608
f 4013/6460/5894 2108/6461/3608 2107/6451/3606
f 3966/6254/5688 4043/6269/5732 3984/6255/5720
f 3984/6255/5720 4043/6269/5732 4042/6271/5734
f 3984/6255/5720 4042/6271/5734 4026/6462/5895
f 4026/6462/5895 4042/6271/5734 4041/6273/5736
f 4026/6462/5895 4041/6273/5736 4027/6463/5896
f 4027/6463/5896 4041/6273/5736 4040/6275/5738
f 4027/6463/5896 4040/6275/5738 4028/6464/5897
f 4028/6464/5897 4040/6275/5738 4039/6277/5740
f 4028/6464/5897 4039/6277/5740 3983/6279/5741
f 2093/6278/3578 4038/6276/5739 3985/6290/5751
f 3985/6290/5751 4038/6276/5739 4037/6274/5737
f 3985/6290/5751 4037/6274/5737 4049/6288/5749
f 4049/6288/5749 4037/6274/5737 4036/6272/5735
f 4049/6288/5749 4036/6272/5735 4050/6286/5747
f 4050/6286/5747 4036/6272/5735 4035/6270/5733
f 4050/6286/5747 4035/6270/5733 4051/6284/5745
f 4051/6284/5745 4035/6270/5733 4034/6268/5731
f 4051/6284/5745 4034/6268/5731 3986/6267/5730
f 2094/6291/3580 4048/6289/5750 3987/6302/5761
f 3987/6302/5761 4048/6289/5750 4047/6287/5748
f 3987/6302/5761 4047/6287/5748 4057/6300/5759
f 4057/6300/5759 4047/6287/5748 4046/6285/5746
f 4057/6300/5759 4046/6285/5746 4058/6298/5757
f 4058/6298/5757 4046/6285/5746 4045/6283/5744
f 4058/6298/5757 4045/6283/5744 4059/6296/5755
f 4059/6296/5755 4045/6283/5744 4044/6282/5743
f 4059/6296/5755 4044/6282/5743 3988/6281/5742
f 2095/6303/3582 4056/6301/5760 3989/6314/5771
f 3989/6314/5771 4056/6301/5760 4055/6299/5758
f 3989/6314/5771 4055/6299/5758 4166/6312/5769
f 4166/6312/5769 4055/6299/5758 4054/6297/5756
f 4166/6312/5769 4054/6297/5756 4167/6310/5767
f 4167/6310/5767 4054/6297/5756 4053/6295/5754
f 4167/6310/5767 4053/6295/5754 4168/6308/5765
f 4168/6308/5765 4053/6295/5754 4052/6294/5753
f 4168/6308/5765 4052/6294/5753 3990/6293/5752
f 2096/6315/3584 4063/6313/5770 3991/6326/5781
f 3991/6326/5781 4063/6313/5770 4064/6311/5768
f 3991/6326/5781 4064/6311/5768 4062/6324/5779
f 4062/6324/5779 4064/6311/5768 4065/6309/5766
f 4062/6324/5779 4065/6309/5766 4061/6322/5777
f 4061/6322/5777 4065/6309/5766 4066/6307/5764
f 4061/6322/5777 4066/6307/5764 4060/6320/5775
f 4060/6320/5775 4066/6307/5764 4067/6306/5763
f 4060/6320/5775 4067/6306/5763 3992/6305/5762
f 3960/6328/5694 4093/6343/5794 3996/6329/5782
f 3996/6329/5782 4093/6343/5794 4092/6345/5796
f 3996/6329/5782 4092/6345/5796 4076/6465/5898
f 4076/6465/5898 4092/6345/5796 4091/6347/5798
f 4076/6465/5898 4091/6347/5798 4077/6466/5899
f 4077/6466/5899 4091/6347/5798 4090/6349/5800
f 4077/6466/5899 4090/6349/5800 4078/6467/5900
f 4078/6467/5900 4090/6349/5800 4089/6351/5802
f 4078/6467/5900 4089/6351/5802 3995/6353/5803
f 2099/6352/3590 4088/6350/5801 3997/6364/5813
f 3997/6364/5813 4088/6350/5801 4087/6348/5799
f 3997/6364/5813 4087/6348/5799 4099/6362/5811
f 4099/6362/5811 4087/6348/5799 4086/6346/5797
f 4099/6362/5811 4086/6346/5797 4100/6360/5809
f 4100/6360/5809 4086/6346/5797 4085/6344/5795
f 4100/6360/5809 4085/6344/5795 4101/6358/5807
f 4101/6358/5807 4085/6344/5795 4084/6342/5793
f 4101/6358/5807 4084/6342/5793 3998/6341/5792
f 2100/6365/3592 4098/6363/5812 3999/6376/5823
f 3999/6376/5823 4098/6363/5812 4097/6361/5810
f 3999/6376/5823 4097/6361/5810 4107/6374/5821
f 4107/6374/5821 4097/6361/5810 4096/6359/5808
f 4107/6374/5821 4096/6359/5808 4108/6372/5819
f 4108/6372/5819 4096/6359/5808 4095/6357/5806
f 4108/6372/5819 4095/6357/5806 4109/6370/5817
f 4109/6370/5817 4095/6357/5806 4094/6356/5805
f 4109/6370/5817 4094/6356/5805 4000/6355/5804
f 2101/6377/3594 4106/6375/5822 4001/6388/5833
f 4001/6388/5833 4106/6375/5822 4105/6373/5820
f 4001/6388/5833 4105/6373/5820 4163/6386/5831
f 4163/6386/5831 4105/6373/5820 4104/6371/5818
f 4163/6386/5831 4104/6371/5818 4164/6384/5829
f 4164/6384/5829 4104/6371/5818 4103/6369/5816
f 4164/6384/5829 4103/6369/5816 4165/6382/5827
f 4165/6382/5827 4103/6369/5816 4102/6368/5815
f 4165/6382/5827 4102/6368/5815 4002/6367/5814
f 2102/6389/3596 4113/6387/5832 4003/6400/5843
f 4003/6400/5843 4113/6387/5832 4114/6385/5830
f 4003/6400/5843 4114/6385/5830 4112/6398/5841
f 4112/6398/5841 4114/6385/5830 4115/6383/5828
f 4112/6398/5841 4115/6383/5828 4111/6396/5839
f 4111/6396/5839 4115/6383/5828 4116/6381/5826
f 4111/6396/5839 4116/6381/5826 4110/6394/5837
f 4110/6394/5837 4116/6381/5826 4117/6380/5825
f 4110/6394/5837 4117/6380/5825 4004/6379/5824
f 3954/6402/5700 4143/6417/5856 4008/6403/5844
f 4008/6403/5844 4143/6417/5856 4142/6419/5858
f 4008/6403/5844 4142/6419/5858 4126/6468/5901
f 4126/6468/5901 4142/6419/5858 4141/6421/5860
f 4126/6468/5901 4141/6421/5860 4127/6469/5902
f 4127/6469/5902 4141/6421/5860 4140/6423/5862
f 4127/6469/5902 4140/6423/5862 4128/6470/5903
f 4128/6470/5903 4140/6423/5862 4139/6425/5864
f 4128/6470/5903 4139/6425/5864 4007/6427/5865
f 2105/6426/3602 4138/6424/5863 4009/6438/5875
f 4009/6438/5875 4138/6424/5863 4137/6422/5861
f 4009/6438/5875 4137/6422/5861 4149/6436/5873
f 4149/6436/5873 4137/6422/5861 4136/6420/5859
f 4149/6436/5873 4136/6420/5859 4150/6434/5871
f 4150/6434/5871 4136/6420/5859 4135/6418/5857
f 4150/6434/5871 4135/6418/5857 4151/6432/5869
f 4151/6432/5869 4135/6418/5857 4134/6416/5855
f 4151/6432/5869 4134/6416/5855 4010/6415/5854
f 2106/6439/3604 4148/6437/5874 4011/6450/5885
f 4011/6450/5885 4148/6437/5874 4147/6435/5872
f 4011/6450/5885 4147/6435/5872 4157/6448/5883
f 4157/6448/5883 4147/6435/5872 4146/6433/5870
f 4157/6448/5883 4146/6433/5870 4158/6446/5881
f 4158/6446/5881 4146/6433/5870 4145/6431/5868
f 4158/6446/5881 4145/6431/5868 4159/6444/5879
f 4159/6444/5879 4145/6431/5868 4144/6430/5867
f 4159/6444/5879 4144/6430/5867 4012/6429/5866
f 2107/6451/3606 4156/6449/5884 4013/6460/5894
f 4013/6460/5894 4156/6449/5884 4155/6447/5882
f 4013/6460/5894 4155/6447/5882 4160/6458/5892
f 4160/6458/5892 4155/6447/5882 4154/6445/5880
f 4160/6458/5892 4154/6445/5880 4161/6456/5890
f 4161/6456/5890 4154/6445/5880 4153/6443/5878
f 4161/6456/5890 4153/6443/5878 4162/6454/5888
f 4162/6454/5888 4153/6443/5878 4152/6442/5877
f 4162/6454/5888 4152/6442/5877 4014/6441/5876
f 3981/6264/5729 2091/6233/3574 4021/6253/5719
f 4024/6250/5716 4025/6249/5715 4018/6258/5723
f 4018/6258/5723 4025/6249/5715 3982/6248/5714
f 4023/6251/5717 4024/6250/5716 4019/6260/5725
f 4019/6260/5725 4024/6250/5716 4018/6258/5723
f 4022/6252/5718 4023/6251/5717 4020/6262/5727
f 4020/6262/5727 4023/6251/5717 4019/6260/5725
f 4021/6253/5719 4022/6252/5718 3981/6264/5729
f 3981/6264/5729 4022/6252/5718 4020/6262/5727
f 4032/6257/5722 4033/6256/5721 4026/6462/5895
f 4026/6462/5895 4033/6256/5721 3984/6255/5720
f 4031/6259/5724 4032/6257/5722 4027/6463/5896
f 4027/6463/5896 4032/6257/5722 4026/6462/5895
f 4030/6261/5726 4031/6259/5724 4028/6464/5897
f 4028/6464/5897 4031/6259/5724 4027/6463/5896
f 4029/6263/5728 4030/6261/5726 3983/6279/5741
f 3983/6279/5741 4030/6261/5726 4028/6464/5897
f 3993/6338/5791 2097/6327/3586 4071/6325/5780
f 4074/6319/5774 4075/6318/5773 4068/6332/5785
f 4068/6332/5785 4075/6318/5773 3994/6317/5772
f 4073/6321/5776 4074/6319/5774 4069/6334/5787
f 4069/6334/5787 4074/6319/5774 4068/6332/5785
f 4072/6323/5778 4073/6321/5776 4070/6336/5789
f 4070/6336/5789 4073/6321/5776 4069/6334/5787
f 4071/6325/5780 4072/6323/5778 3993/6338/5791
f 3993/6338/5791 4072/6323/5778 4070/6336/5789
f 4082/6331/5784 4083/6330/5783 4076/6465/5898
f 4076/6465/5898 4083/6330/5783 3996/6329/5782
f 4081/6333/5786 4082/6331/5784 4077/6466/5899
f 4077/6466/5899 4082/6331/5784 4076/6465/5898
f 4080/6335/5788 4081/6333/5786 4078/6467/5900
f 4078/6467/5900 4081/6333/5786 4077/6466/5899
f 4079/6337/5790 4080/6335/5788 3995/6353/5803
f 3995/6353/5803 4080/6335/5788 4078/6467/5900
f 4005/6412/5853 2103/6401/3598 4121/6399/5842
f 4124/6393/5836 4125/6392/5835 4118/6406/5847
f 4118/6406/5847 4125/6392/5835 4006/6391/5834
f 4123/6395/5838 4124/6393/5836 4119/6408/5849
f 4119/6408/5849 4124/6393/5836 4118/6406/5847
f 4122/6397/5840 4123/6395/5838 4120/6410/5851
f 4120/6410/5851 4123/6395/5838 4119/6408/5849
f 4121/6399/5842 4122/6397/5840 4005/6412/5853
f 4005/6412/5853 4122/6397/5840 4120/6410/5851
f 4132/6405/5846 4133/6404/5845 4126/6468/5901
f 4126/6468/5901 4133/6404/5845 4008/6403/5844
f 4131/6407/5848 4132/6405/5846 4127/6469/5902
f 4127/6469/5902 4132/6405/5846 4126/6468/5901
f 4130/6409/5850 4131/6407/5848 4128/6470/5903
f 4128/6470/5903 4131/6407/5848 4127/6469/5902
f 4129/6411/5852 4130/6409/5850 4007/6427/5865
f 4007/6427/5865 4130/6409/5850 4128/6470/5903
f 3978/6471/5904 3951/6472/5905 2108/6473/5906
f 2108/6473/5906 3951/6472/5905 3847/6474/5907
f 2108/6473/5906 3847/6474/5907 2109/6475/5908
f 2109/6475/5908 3847/6474/5907 3819/6476/5909
f 2109/6475/5908 3819/6476/5909 3716/6477/5910
f 3978/6471/5904 3977/6478/5911 3951/6472/5905
f 3951/6472/5905 3977/6478/5911 3976/6479/5912
f 3951/6472/5905 3976/6479/5912 3975/6480/5913
f 3975/6480/5913 3974/6481/5914 3951/6472/5905
f 3846/6482/5915 3845/6483/5916 3847/6474/5907
f 3847/6474/5907 3845/6483/5916 3844/6484/5917
f 3847/6474/5907 3844/6484/5917 3843/6485/5918
f 3843/6485/5918 3842/6486/5919 3847/6474/5907
f 3847/6474/5907 3842/6486/5919 3819/6476/5909
f 2109/6475/5908 3716/6477/5910 3687/6487/5920
f 3687/6487/5920 3716/6477/5910 3715/6488/5921
f 3687/6487/5920 3715/6488/5921 3714/6489/5922
f 3714/6489/5922 3713/6490/5923 3687/6487/5920
f 3687/6487/5920 3713/6490/5923 3712/6491/5924
f 3687/6487/5920 3712/6491/5924 3711/6492/5925
f 2109/6475/5908 3687/6487/5920 2128/6493/5926
f 2128/6493/5926 3687/6487/5920 3664/6494/5927
f 2128/6493/5926 3664/6494/5927 2155/6495/5928
f 2155/6495/5928 3664/6494/5927 3641/6496/5929
f 2155/6495/5928 3641/6496/5929 2156/6497/5930
f 2156/6497/5930 3641/6496/5929 2157/6498/5931
f 2157/6498/5931 3641/6496/5929 2158/6499/5932
f 2158/6499/5932 3641/6496/5929 2159/6500/5933
f 2159/6500/5933 3641/6496/5929 3570/6501/5934
f 2159/6500/5933 3570/6501/5934 2160/6502/5935
f 2160/6502/5935 3570/6501/5934 3547/6503/5936
f 2160/6502/5935 3547/6503/5936 2453/6504/5937
f 2453/6504/5937 3547/6503/5936 2812/6505/5938
f 2453/6504/5937 2812/6505/5938 2784/6506/5939
f 3641/6496/5929 3617/6507/5940 3570/6501/5934
f 3570/6501/5934 3617/6507/5940 3593/6508/5941
f 3523/6509/5942 3451/6510/5943 3547/6503/5936
f 3547/6503/5936 3451/6510/5943 2817/6511/5944
f 3547/6503/5936 2817/6511/5944 2816/6512/5945
f 3523/6509/5942 3522/6513/5946 3451/6510/5943
f 3451/6510/5943 3522/6513/5946 3474/6514/5947
f 3474/6514/5947 3522/6513/5946 3497/6515/5948
f 2817/6511/5944 3451/6510/5943 3115/6516/5949
f 3115/6516/5949 3451/6510/5943 3148/6517/5950
f 3115/6516/5949 3148/6517/5950 3143/6518/5951
f 3143/6518/5951 3148/6517/5950 3144/6519/5952
f 3144/6519/5952 3148/6517/5950 3145/6520/5953
f 3145/6520/5953 3148/6517/5950 3146/6521/5954
f 3146/6521/5954 3148/6517/5950 3147/6522/5955
f 2816/6512/5945 2815/6523/5956 3547/6503/5936
f 3547/6503/5936 2815/6523/5956 2814/6524/5957
f 3547/6503/5936 2814/6524/5957 2813/6525/5958
f 2813/6525/5958 2812/6505/5938 3547/6503/5936
f 2784/6506/5939 2486/6526/5959 2453/6504/5937
f 2453/6504/5937 2486/6526/5959 2481/6527/5960
f 2481/6527/5960 2486/6526/5959 2482/6528/5961
f 2482/6528/5961 2486/6526/5959 2483/6529/5962
f 2483/6529/5962 2486/6526/5959 2484/6530/5963
f 2484/6530/5963 2486/6526/5959 2485/6531/5964
f 3973/6532/5965 3972/6533/5966 3950/6534/5967
f 3950/6534/5967 3972/6533/5966 3971/6535/5968
f 3950/6534/5967 3971/6535/5968 3970/6536/5969
f 3970/6536/5969 3969/6537/5970 3950/6534/5967
f 3950/6534/5967 3969/6537/5970 2090/6538/5971
f 3950/6534/5967 2090/6538/5971 3836/6539/5972
f 3836/6539/5972 2090/6538/5971 2089/6540/5973
f 3836/6539/5972 2089/6540/5973 3818/6541/5974
f 3818/6541/5974 2089/6540/5973 3705/6542/5975
f 3705/6542/5975 2089/6540/5973 3686/6543/5976
f 3705/6542/5975 3686/6543/5976 3706/6544/5977
f 3706/6544/5977 3686/6543/5976 3707/6545/5978
f 3707/6545/5978 3686/6543/5976 3708/6546/5979
f 3708/6546/5979 3686/6543/5976 3709/6547/5980
f 3709/6547/5980 3686/6543/5976 3710/6548/5981
f 2089/6540/5973 2127/6549/5982 3686/6543/5976
f 3686/6543/5976 2127/6549/5982 3663/6550/5983
f 3663/6550/5983 2127/6549/5982 2154/6551/5984
f 3663/6550/5983 2154/6551/5984 3640/6552/5985
f 3640/6552/5985 2154/6551/5984 2153/6553/5986
f 3640/6552/5985 2153/6553/5986 2152/6554/5987
f 2152/6554/5987 2151/6555/5988 3640/6552/5985
f 3640/6552/5985 2151/6555/5988 2150/6556/5989
f 3640/6552/5985 2150/6556/5989 3569/6557/5990
f 3569/6557/5990 2150/6556/5989 2149/6558/5991
f 3569/6557/5990 2149/6558/5991 3546/6559/5992
f 3546/6559/5992 2149/6558/5991 2452/6560/5993
f 3546/6559/5992 2452/6560/5993 2811/6561/5994
f 2811/6561/5994 2452/6560/5993 2783/6562/5995
f 2783/6562/5995 2452/6560/5993 2475/6563/5996
f 2475/6563/5996 2452/6560/5993 2480/6564/5997
f 2475/6563/5996 2480/6564/5997 2479/6565/5998
f 2479/6565/5998 2478/6566/5999 2475/6563/5996
f 2475/6563/5996 2478/6566/5999 2477/6567/6000
f 2475/6563/5996 2477/6567/6000 2476/6568/6001
f 2811/6561/5994 2810/6569/6002 3546/6559/5992
f 3546/6559/5992 2810/6569/6002 2809/6570/6003
f 3546/6559/5992 2809/6570/6003 2808/6571/6004
f 2808/6571/6004 2807/6572/6005 3546/6559/5992
f 3546/6559/5992 2807/6572/6005 2806/6573/6006
f 3546/6559/5992 2806/6573/6006 3450/6574/6007
f 3450/6574/6007 2806/6573/6006 3114/6575/6008
f 3450/6574/6007 3114/6575/6008 3137/6576/6009
f 3137/6576/6009 3114/6575/6008 3142/6577/6010
f 3137/6576/6009 3142/6577/6010 3141/6578/6011
f 3141/6578/6011 3140/6579/6012 3137/6576/6009
f 3137/6576/6009 3140/6579/6012 3139/6580/6013
f 3137/6576/6009 3139/6580/6013 3138/6581/6014
f 3473/6582/6015 3521/6583/6016 3450/6574/6007
f 3450/6574/6007 3521/6583/6016 3520/6584/6017
f 3450/6574/6007 3520/6584/6017 3546/6559/5992
f 3473/6582/6015 3496/6585/6018 3521/6583/6016
f 3592/6586/6019 3616/6587/6020 3569/6557/5990
f 3569/6557/5990 3616/6587/6020 3640/6552/5985
f 3818/6541/5974 3841/6588/6021 3836/6539/5972
f 3836/6539/5972 3841/6588/6021 3840/6589/6022
f 3836/6539/5972 3840/6589/6022 3839/6590/6023
f 3839/6590/6023 3838/6591/6024 3836/6539/5972
f 3836/6539/5972 3838/6591/6024 3837/6592/6025
# 4168 vertices
# 6592 texture params
# 6025 normals
# 8336 facets

# 3 groups
