# WaveFront *.obj file (generated by Autodesk ATF)

mtllib ВАЛ.mtl

g Body1

v -0.500000 0.718070 36.000000
v -0.490214 0.724865 36.097784
v -0.461249 0.743555 36.193001
v -0.414460 0.770550 36.279483
v -0.354220 0.800096 36.352885
v -0.280861 0.828635 36.413516
v -0.193934 0.853238 36.460857
v -0.098096 0.869365 36.490140
v -0.000000 0.875000 36.500000
v 0.098096 0.869365 36.490140
v 0.193934 0.853238 36.460857
v 0.280861 0.828635 36.413516
v 0.354220 0.800096 36.352885
v 0.414460 0.770550 36.279483
v 0.461249 0.743555 36.193001
v 0.490214 0.724865 36.097784
v 0.500000 0.718070 36.000000
v 0.490214 0.724865 35.902216
v 0.461249 0.743555 35.806999
v 0.414460 0.770550 35.720517
v 0.354220 0.800096 35.647115
v 0.280861 0.828635 35.586484
v 0.193934 0.853238 35.539143
v 0.098096 0.869365 35.509860
v 0.000000 0.875000 35.500000
v -0.098096 0.869365 35.509860
v -0.193934 0.853238 35.539143
v -0.280861 0.828635 35.586484
v -0.354220 0.800096 35.647115
v -0.414460 0.770550 35.720517
v -0.461249 0.743555 35.806999
v -0.490214 0.724865 35.902216
v -0.500000 -0.718070 36.000000
v -0.490214 -0.724865 35.902216
v -0.461249 -0.743555 35.806999
v -0.414460 -0.770550 35.720517
v -0.354220 -0.800096 35.647115
v -0.280861 -0.828635 35.586484
v -0.193934 -0.853238 35.539143
v -0.098096 -0.869365 35.509860
v 0.000000 -0.875000 35.500000
v 0.098096 -0.869365 35.509860
v 0.193934 -0.853238 35.539143
v 0.280861 -0.828635 35.586484
v 0.354220 -0.800096 35.647115
v 0.414460 -0.770550 35.720517
v 0.461249 -0.743555 35.806999
v 0.490214 -0.724865 35.902216
v 0.500000 -0.718070 36.000000
v 0.490214 -0.724865 36.097784
v 0.461249 -0.743555 36.193001
v 0.414460 -0.770550 36.279483
v 0.354220 -0.800096 36.352885
v 0.280861 -0.828635 36.413516
v 0.193934 -0.853238 36.460857
v 0.098096 -0.869365 36.490140
v -0.000000 -0.875000 36.500000
v -0.098096 -0.869365 36.490140
v -0.193934 -0.853238 36.460857
v -0.280861 -0.828635 36.413516
v -0.354220 -0.800096 36.352885
v -0.414460 -0.770550 36.279483
v -0.461249 -0.743555 36.193001
v -0.490214 -0.724865 36.097784
v -0.875000 -0.000000 38.700000
v -0.845185 -0.226467 38.700000
v -0.757772 -0.437500 38.700000
v -0.618718 -0.618718 38.700000
v -0.437500 -0.757772 38.700000
v -0.226467 -0.845185 38.700000
v 0.000000 -0.875000 38.700000
v 0.226467 -0.845185 38.700000
v 0.437500 -0.757772 38.700000
v 0.618718 -0.618718 38.700000
v 0.757772 -0.437500 38.700000
v 0.845185 -0.226467 38.700000
v 0.875000 0.000000 38.700000
v 0.845185 0.226467 38.700000
v 0.757772 0.437500 38.700000
v 0.618718 0.618718 38.700000
v 0.437500 0.757772 38.700000
v 0.226467 0.845185 38.700000
v 0.000000 0.875000 38.700000
v -0.226467 0.845185 38.700000
v -0.437500 0.757772 38.700000
v -0.618718 0.618718 38.700000
v -0.757772 0.437500 38.700000
v -0.845185 0.226467 38.700000
v -0.575000 0.000000 39.000000
v -0.555407 0.148821 39.000000
v -0.497965 0.287500 39.000000
v -0.406586 0.406586 39.000000
v -0.287500 0.497965 39.000000
v -0.148821 0.555407 39.000000
v 0.000000 0.575000 39.000000
v 0.148821 0.555407 39.000000
v 0.287500 0.497965 39.000000
v 0.406586 0.406586 39.000000
v 0.497965 0.287500 39.000000
v 0.555407 0.148821 39.000000
v 0.575000 0.000000 39.000000
v 0.555407 -0.148821 39.000000
v 0.497965 -0.287500 39.000000
v 0.406586 -0.406586 39.000000
v 0.287500 -0.497965 39.000000
v 0.148821 -0.555407 39.000000
v 0.000000 -0.575000 39.000000
v -0.148821 -0.555407 39.000000
v -0.287500 -0.497965 39.000000
v -0.406586 -0.406586 39.000000
v -0.497965 -0.287500 39.000000
v -0.555407 -0.148821 39.000000
v -0.864778 0.000000 38.777646
v -0.834808 0.000000 38.850000
v -0.787132 0.000000 38.912132
v -0.725000 0.000000 38.959808
v -0.652646 0.000000 38.989778
v -0.835311 -0.223821 38.777646
v -0.806362 -0.216064 38.850000
v -0.760311 -0.203725 38.912132
v -0.700296 -0.187644 38.959808
v -0.630407 -0.168917 38.989778
v -0.748919 -0.432389 38.777646
v -0.722965 -0.417404 38.850000
v -0.681676 -0.393566 38.912132
v -0.627868 -0.362500 38.959808
v -0.565208 -0.326323 38.989778
v -0.611490 -0.611490 38.777646
v -0.590298 -0.590298 38.850000
v -0.556586 -0.556586 38.912132
v -0.512652 -0.512652 38.959808
v -0.461490 -0.461490 38.989778
v -0.432389 -0.748919 38.777646
v -0.417404 -0.722965 38.850000
v -0.393566 -0.681676 38.912132
v -0.362500 -0.627868 38.959808
v -0.326323 -0.565208 38.989778
v -0.223821 -0.835311 38.777646
v -0.216064 -0.806362 38.850000
v -0.203725 -0.760311 38.912132
v -0.187644 -0.700296 38.959808
v -0.168917 -0.630407 38.989778
v 0.000000 -0.864778 38.777646
v 0.000000 -0.834808 38.850000
v 0.000000 -0.787132 38.912132
v 0.000000 -0.725000 38.959808
v 0.000000 -0.652646 38.989778
v 0.223821 -0.835311 38.777646
v 0.216064 -0.806362 38.850000
v 0.203725 -0.760311 38.912132
v 0.187644 -0.700296 38.959808
v 0.168917 -0.630407 38.989778
v 0.432389 -0.748919 38.777646
v 0.417404 -0.722965 38.850000
v 0.393566 -0.681676 38.912132
v 0.362500 -0.627868 38.959808
v 0.326323 -0.565208 38.989778
v 0.611490 -0.611490 38.777646
v 0.590298 -0.590298 38.850000
v 0.556586 -0.556586 38.912132
v 0.512652 -0.512652 38.959808
v 0.461490 -0.461490 38.989778
v 0.748919 -0.432389 38.777646
v 0.722965 -0.417404 38.850000
v 0.681676 -0.393566 38.912132
v 0.627868 -0.362500 38.959808
v 0.565208 -0.326323 38.989778
v 0.835311 -0.223821 38.777646
v 0.806362 -0.216064 38.850000
v 0.760311 -0.203725 38.912132
v 0.700296 -0.187644 38.959808
v 0.630407 -0.168917 38.989778
v 0.864778 0.000000 38.777646
v 0.834808 0.000000 38.850000
v 0.787132 0.000000 38.912132
v 0.725000 0.000000 38.959808
v 0.652646 0.000000 38.989778
v 0.835311 0.223821 38.777646
v 0.806362 0.216064 38.850000
v 0.760311 0.203725 38.912132
v 0.700296 0.187644 38.959808
v 0.630407 0.168917 38.989778
v 0.748919 0.432389 38.777646
v 0.722965 0.417404 38.850000
v 0.681676 0.393566 38.912132
v 0.627868 0.362500 38.959808
v 0.565208 0.326323 38.989778
v 0.611490 0.611490 38.777646
v 0.590298 0.590298 38.850000
v 0.556586 0.556586 38.912132
v 0.512652 0.512652 38.959808
v 0.461490 0.461490 38.989778
v 0.432389 0.748919 38.777646
v 0.417404 0.722965 38.850000
v 0.393566 0.681676 38.912132
v 0.362500 0.627868 38.959808
v 0.326323 0.565208 38.989778
v 0.223821 0.835311 38.777646
v 0.216064 0.806362 38.850000
v 0.203725 0.760311 38.912132
v 0.187644 0.700296 38.959808
v 0.168917 0.630407 38.989778
v 0.000000 0.864778 38.777646
v 0.000000 0.834808 38.850000
v 0.000000 0.787132 38.912132
v 0.000000 0.725000 38.959808
v 0.000000 0.652646 38.989778
v -0.223821 0.835311 38.777646
v -0.216064 0.806362 38.850000
v -0.203725 0.760311 38.912132
v -0.187644 0.700296 38.959808
v -0.168917 0.630407 38.989778
v -0.432389 0.748919 38.777646
v -0.417404 0.722965 38.850000
v -0.393566 0.681676 38.912132
v -0.362500 0.627868 38.959808
v -0.326323 0.565208 38.989778
v -0.611490 0.611490 38.777646
v -0.590298 0.590298 38.850000
v -0.556586 0.556586 38.912132
v -0.512652 0.512652 38.959808
v -0.461490 0.461490 38.989778
v -0.748919 0.432389 38.777646
v -0.722965 0.417404 38.850000
v -0.681676 0.393566 38.912132
v -0.627868 0.362500 38.959808
v -0.565208 0.326323 38.989778
v -0.835311 0.223821 38.777646
v -0.806362 0.216064 38.850000
v -0.760311 0.203725 38.912132
v -0.700296 0.187644 38.959808
v -0.630407 0.168917 38.989778
v 0.875000 -0.000000 33.256215
v 0.845185 0.226467 33.256215
v 0.757772 0.437500 33.256215
v 0.618718 0.618718 33.256215
v 0.437500 0.757772 33.256215
v 0.226467 0.845185 33.256215
v -0.000000 0.875000 33.256215
v -0.226467 0.845185 33.256215
v -0.437500 0.757772 33.256215
v -0.618718 0.618718 33.256215
v -0.757772 0.437500 33.256215
v -0.845185 0.226467 33.256215
v -0.875000 0.000000 33.256215
v -0.845185 -0.226467 33.256215
v -0.757772 -0.437500 33.256215
v -0.618718 -0.618718 33.256215
v -0.437500 -0.757772 33.256215
v -0.226467 -0.845185 33.256215
v -0.000000 -0.875000 33.256215
v 0.226467 -0.845185 33.256215
v 0.437500 -0.757772 33.256215
v 0.618718 -0.618718 33.256215
v 0.757772 -0.437500 33.256215
v 0.845185 -0.226467 33.256215
v -0.875000 0.000000 35.978107
v -0.618718 0.618718 35.978107
v 0.618718 0.618718 35.978107
v 0.618718 -0.618718 35.978107
v -0.618718 -0.618718 35.978107
v 0.845185 0.226467 35.978107
v 0.875000 -0.000000 35.978107
v 0.757772 0.437500 35.978107
v -0.757772 0.437500 35.978107
v -0.845185 0.226467 35.978107
v -0.845185 -0.226467 35.978107
v -0.757772 -0.437500 35.978107
v 0.757772 -0.437500 35.978107
v 0.845185 -0.226467 35.978107
v 1.062500 0.000000 32.978107
v 1.026296 0.274995 32.978107
v 0.920152 0.531250 32.978107
v 0.751301 0.751301 32.978107
v 0.531250 0.920152 32.978107
v 0.274995 1.026296 32.978107
v -0.000000 1.062500 32.978107
v -0.274995 1.026296 32.978107
v -0.531250 0.920152 32.978107
v -0.751301 0.751301 32.978107
v -0.920152 0.531250 32.978107
v -1.026296 0.274995 32.978107
v -1.062500 0.000000 32.978107
v -1.026296 -0.274995 32.978107
v -0.920152 -0.531250 32.978107
v -0.751301 -0.751301 32.978107
v -0.531250 -0.920152 32.978107
v -0.274995 -1.026296 32.978107
v -0.000000 -1.062500 32.978107
v 0.274995 -1.026296 32.978107
v 0.531250 -0.920152 32.978107
v 0.751301 -0.751301 32.978107
v 0.920152 -0.531250 32.978107
v 1.026296 -0.274995 32.978107
v 0.883406 0.000000 33.185697
v 0.908152 0.000000 33.119131
v 0.947852 0.000000 33.060247
v 1.000280 0.000000 33.012344
v 0.853304 -0.228642 33.185697
v 0.877207 -0.235047 33.119131
v 0.915554 -0.245322 33.060247
v 0.966197 -0.258892 33.012344
v 0.765052 -0.441703 33.185697
v 0.786483 -0.454076 33.119131
v 0.820864 -0.473926 33.060247
v 0.866268 -0.500140 33.012344
v 0.624662 -0.624662 33.185697
v 0.642160 -0.642160 33.119131
v 0.670232 -0.670232 33.060247
v 0.707305 -0.707305 33.012344
v 0.441703 -0.765052 33.185697
v 0.454076 -0.786483 33.119131
v 0.473926 -0.820864 33.060247
v 0.500140 -0.866268 33.012344
v 0.228642 -0.853304 33.185697
v 0.235047 -0.877207 33.119131
v 0.245322 -0.915554 33.060247
v 0.258892 -0.966197 33.012344
v -0.000000 -0.883406 33.185697
v -0.000000 -0.908152 33.119131
v -0.000000 -0.947852 33.060247
v -0.000000 -1.000280 33.012344
v -0.228642 -0.853304 33.185697
v -0.235047 -0.877207 33.119131
v -0.245322 -0.915554 33.060247
v -0.258892 -0.966197 33.012344
v -0.441703 -0.765052 33.185697
v -0.454076 -0.786483 33.119131
v -0.473926 -0.820864 33.060247
v -0.500140 -0.866268 33.012344
v -0.624662 -0.624662 33.185697
v -0.642160 -0.642160 33.119131
v -0.670232 -0.670232 33.060247
v -0.707305 -0.707305 33.012344
v -0.765052 -0.441703 33.185697
v -0.786483 -0.454076 33.119131
v -0.820864 -0.473926 33.060247
v -0.866268 -0.500140 33.012344
v -0.853304 -0.228642 33.185697
v -0.877207 -0.235047 33.119131
v -0.915554 -0.245322 33.060247
v -0.966197 -0.258892 33.012344
v -0.883406 0.000000 33.185697
v -0.908152 0.000000 33.119131
v -0.947852 0.000000 33.060247
v -1.000280 0.000000 33.012344
v -0.853304 0.228642 33.185697
v -0.877207 0.235047 33.119131
v -0.915554 0.245322 33.060247
v -0.966197 0.258892 33.012344
v -0.765052 0.441703 33.185697
v -0.786483 0.454076 33.119131
v -0.820864 0.473926 33.060247
v -0.866268 0.500140 33.012344
v -0.624662 0.624662 33.185697
v -0.642160 0.642160 33.119131
v -0.670232 0.670232 33.060247
v -0.707305 0.707305 33.012344
v -0.441703 0.765052 33.185697
v -0.454076 0.786483 33.119131
v -0.473926 0.820864 33.060247
v -0.500140 0.866268 33.012344
v -0.228642 0.853304 33.185697
v -0.235047 0.877207 33.119131
v -0.245322 0.915554 33.060247
v -0.258892 0.966197 33.012344
v -0.000000 0.883406 33.185697
v -0.000000 0.908152 33.119131
v -0.000000 0.947852 33.060247
v -0.000000 1.000280 33.012344
v 0.228642 0.853304 33.185697
v 0.235047 0.877207 33.119131
v 0.245322 0.915554 33.060247
v 0.258892 0.966197 33.012344
v 0.441703 0.765052 33.185697
v 0.454076 0.786483 33.119131
v 0.473926 0.820864 33.060247
v 0.500140 0.866268 33.012344
v 0.624662 0.624662 33.185697
v 0.642160 0.642160 33.119131
v 0.670232 0.670232 33.060247
v 0.707305 0.707305 33.012344
v 0.765052 0.441703 33.185697
v 0.786483 0.454076 33.119131
v 0.820864 0.473926 33.060247
v 0.866268 0.500140 33.012344
v 0.853304 0.228642 33.185697
v 0.877207 0.235047 33.119131
v 0.915554 0.245322 33.060247
v 0.966197 0.258892 33.012344
v -1.250000 -0.000000 32.700000
v -1.207407 -0.323524 32.700000
v -1.082532 -0.625000 32.700000
v -0.883883 -0.883883 32.700000
v -0.625000 -1.082532 32.700000
v -0.323524 -1.207407 32.700000
v 0.000000 -1.250000 32.700000
v 0.323524 -1.207407 32.700000
v 0.625000 -1.082532 32.700000
v 0.883883 -0.883883 32.700000
v 1.082532 -0.625000 32.700000
v 1.207407 -0.323524 32.700000
v 1.250000 0.000000 32.700000
v 1.207407 0.323524 32.700000
v 1.082532 0.625000 32.700000
v 0.883883 0.883883 32.700000
v 0.625000 1.082532 32.700000
v 0.323524 1.207407 32.700000
v 0.000000 1.250000 32.700000
v -0.323524 1.207407 32.700000
v -0.625000 1.082532 32.700000
v -0.883883 0.883883 32.700000
v -1.082532 0.625000 32.700000
v -1.207407 0.323524 32.700000
v -1.241594 0.000000 32.770518
v -1.216848 0.000000 32.837084
v -1.177148 0.000000 32.895968
v -1.124720 0.000000 32.943871
v -1.199288 -0.321348 32.770518
v -1.175385 -0.314943 32.837084
v -1.137038 -0.304668 32.895968
v -1.086396 -0.291099 32.943871
v -1.075252 -0.620797 32.770518
v -1.053821 -0.608424 32.837084
v -1.019440 -0.588574 32.895968
v -0.974036 -0.562360 32.943871
v -0.877940 -0.877940 32.770518
v -0.860442 -0.860442 32.837084
v -0.832370 -0.832370 32.895968
v -0.795297 -0.795297 32.943871
v -0.620797 -1.075252 32.770518
v -0.608424 -1.053821 32.837084
v -0.588574 -1.019440 32.895968
v -0.562360 -0.974036 32.943871
v -0.321348 -1.199288 32.770518
v -0.314943 -1.175385 32.837084
v -0.304668 -1.137038 32.895968
v -0.291099 -1.086396 32.943871
v 0.000000 -1.241594 32.770518
v 0.000000 -1.216848 32.837084
v 0.000000 -1.177148 32.895968
v 0.000000 -1.124720 32.943871
v 0.321348 -1.199288 32.770518
v 0.314943 -1.175385 32.837084
v 0.304668 -1.137038 32.895968
v 0.291099 -1.086396 32.943871
v 0.620797 -1.075252 32.770518
v 0.608424 -1.053821 32.837084
v 0.588574 -1.019440 32.895968
v 0.562360 -0.974036 32.943871
v 0.877940 -0.877940 32.770518
v 0.860442 -0.860442 32.837084
v 0.832370 -0.832370 32.895968
v 0.795297 -0.795297 32.943871
v 1.075252 -0.620797 32.770518
v 1.053821 -0.608424 32.837084
v 1.019440 -0.588574 32.895968
v 0.974036 -0.562360 32.943871
v 1.199288 -0.321348 32.770518
v 1.175385 -0.314943 32.837084
v 1.137038 -0.304668 32.895968
v 1.086396 -0.291099 32.943871
v 1.241594 0.000000 32.770518
v 1.216848 0.000000 32.837084
v 1.177148 0.000000 32.895968
v 1.124720 0.000000 32.943871
v 1.199288 0.321348 32.770518
v 1.175385 0.314943 32.837084
v 1.137038 0.304668 32.895968
v 1.086396 0.291099 32.943871
v 1.075252 0.620797 32.770518
v 1.053821 0.608424 32.837084
v 1.019440 0.588574 32.895968
v 0.974036 0.562360 32.943871
v 0.877940 0.877940 32.770518
v 0.860442 0.860442 32.837084
v 0.832370 0.832370 32.895968
v 0.795297 0.795297 32.943871
v 0.620797 1.075252 32.770518
v 0.608424 1.053821 32.837084
v 0.588574 1.019440 32.895968
v 0.562360 0.974036 32.943871
v 0.321348 1.199288 32.770518
v 0.314943 1.175385 32.837084
v 0.304668 1.137038 32.895968
v 0.291099 1.086396 32.943871
v 0.000000 1.241594 32.770518
v 0.000000 1.216848 32.837084
v 0.000000 1.177148 32.895968
v 0.000000 1.124720 32.943871
v -0.321348 1.199288 32.770518
v -0.314943 1.175385 32.837084
v -0.304668 1.137038 32.895968
v -0.291099 1.086396 32.943871
v -0.620797 1.075252 32.770518
v -0.608424 1.053821 32.837084
v -0.588574 1.019440 32.895968
v -0.562360 0.974036 32.943871
v -0.877940 0.877940 32.770518
v -0.860442 0.860442 32.837084
v -0.832370 0.832370 32.895968
v -0.795297 0.795297 32.943871
v -1.075252 0.620797 32.770518
v -1.053821 0.608424 32.837084
v -1.019440 0.588574 32.895968
v -0.974036 0.562360 32.943871
v -1.199288 0.321348 32.770518
v -1.175385 0.314943 32.837084
v -1.137038 0.304668 32.895968
v -1.086396 0.291099 32.943871
v 1.250000 -0.000000 24.295804
v 1.207407 0.323524 24.295804
v 1.082532 0.625000 24.295804
v 0.883883 0.883883 24.295804
v 0.625000 1.082532 24.295804
v 0.323524 1.207407 24.295804
v -0.000000 1.250000 24.295804
v -0.323524 1.207407 24.295804
v -0.625000 1.082532 24.295804
v -0.883883 0.883883 24.295804
v -1.082532 0.625000 24.295804
v -1.207407 0.323524 24.295804
v -1.250000 0.000000 24.295804
v -1.207407 -0.323524 24.295804
v -1.082532 -0.625000 24.295804
v -0.883883 -0.883883 24.295804
v -0.625000 -1.082532 24.295804
v -0.323524 -1.207407 24.295804
v -0.000000 -1.250000 24.295804
v 0.323524 -1.207407 24.295804
v 0.625000 -1.082532 24.295804
v 0.883883 -0.883883 24.295804
v 1.082532 -0.625000 24.295804
v 1.207407 -0.323524 24.295804
v -1.250000 0.000000 28.497902
v 1.207407 0.323524 28.497902
v 1.250000 -0.000000 28.497902
v 1.082532 0.625000 28.497902
v 0.883883 0.883883 28.497902
v 0.625000 1.082532 28.497902
v 0.323524 1.207407 28.497902
v -0.000000 1.250000 28.497902
v -0.323524 1.207407 28.497902
v -0.625000 1.082532 28.497902
v -0.883883 0.883883 28.497902
v -1.082532 0.625000 28.497902
v -1.207407 0.323524 28.497902
v -1.207407 -0.323524 28.497902
v -1.082532 -0.625000 28.497902
v -0.883883 -0.883883 28.497902
v -0.625000 -1.082532 28.497902
v -0.323524 -1.207407 28.497902
v -0.000000 -1.250000 28.497902
v 0.323524 -1.207407 28.497902
v 0.625000 -1.082532 28.497902
v 0.883883 -0.883883 28.497902
v 1.082532 -0.625000 28.497902
v 1.207407 -0.323524 28.497902
v 1.000000 0.000000 23.808464
v 0.965926 0.258819 23.808464
v 0.866025 0.500000 23.808464
v 0.707107 0.707107 23.808464
v 0.500000 0.866025 23.808464
v 0.258819 0.965926 23.808464
v -0.000000 1.000000 23.808464
v -0.258819 0.965926 23.808464
v -0.500000 0.866025 23.808464
v -0.707107 0.707107 23.808464
v -0.866025 0.500000 23.808464
v -0.965926 0.258819 23.808464
v -1.000000 -0.000000 23.808464
v -0.965926 -0.258819 23.808464
v -0.866025 -0.500000 23.808464
v -0.707107 -0.707107 23.808464
v -0.500000 -0.866025 23.808464
v -0.258819 -0.965926 23.808464
v 0.000000 -1.000000 23.808464
v 0.258819 -0.965926 23.808464
v 0.500000 -0.866025 23.808464
v 0.707107 -0.707107 23.808464
v 0.866025 -0.500000 23.808464
v 0.965926 -0.258819 23.808464
v 1.125000 0.000000 24.052134
v 1.086667 -0.291171 24.052134
v 0.974279 -0.562500 24.052134
v 0.795495 -0.795495 24.052134
v 0.562500 -0.974279 24.052134
v 0.291171 -1.086667 24.052134
v 0.000000 -1.125000 24.052134
v -0.291171 -1.086667 24.052134
v -0.562500 -0.974279 24.052134
v -0.795495 -0.795495 24.052134
v -0.974279 -0.562500 24.052134
v -1.086667 -0.291171 24.052134
v -1.125000 -0.000000 24.052134
v -1.086667 0.291171 24.052134
v -0.974279 0.562500 24.052134
v -0.795495 0.795495 24.052134
v -0.562500 0.974279 24.052134
v -0.291171 1.086667 24.052134
v -0.000000 1.125000 24.052134
v 0.291171 1.086667 24.052134
v 0.562500 0.974279 24.052134
v 0.795495 0.795495 24.052134
v 0.974279 0.562500 24.052134
v 1.086667 0.291171 24.052134
v -1.008385 0.000000 23.878898
v -1.033073 0.000000 23.945395
v -1.072683 0.000000 24.004237
v 0.974026 0.260989 23.878898
v 0.997872 0.267379 23.945395
v 1.036132 0.277631 24.004237
v 1.072683 0.000000 24.004237
v 1.033073 0.000000 23.945395
v 1.008385 0.000000 23.878898
v 0.873287 0.504193 23.878898
v 0.894667 0.516537 23.945395
v 0.928970 0.536341 24.004237
v 0.713036 0.713036 23.878898
v 0.730493 0.730493 23.945395
v 0.758501 0.758501 24.004237
v 0.504193 0.873287 23.878898
v 0.516537 0.894667 23.945395
v 0.536341 0.928970 24.004237
v 0.260989 0.974026 23.878898
v 0.267379 0.997872 23.945395
v 0.277631 1.036132 24.004237
v -0.000000 1.008385 23.878898
v -0.000000 1.033073 23.945395
v -0.000000 1.072683 24.004237
v -0.260989 0.974026 23.878898
v -0.267379 0.997872 23.945395
v -0.277631 1.036132 24.004237
v -0.504193 0.873287 23.878898
v -0.516537 0.894667 23.945395
v -0.536341 0.928970 24.004237
v -0.713036 0.713036 23.878898
v -0.730493 0.730493 23.945395
v -0.758501 0.758501 24.004237
v -0.873287 0.504193 23.878898
v -0.894667 0.516537 23.945395
v -0.928970 0.536341 24.004237
v -0.974026 0.260989 23.878898
v -0.997872 0.267379 23.945395
v -1.036132 0.277631 24.004237
v -0.974026 -0.260989 23.878898
v -0.997872 -0.267379 23.945395
v -1.036132 -0.277631 24.004237
v -0.873287 -0.504193 23.878898
v -0.894667 -0.516537 23.945395
v -0.928970 -0.536341 24.004237
v -0.713036 -0.713036 23.878898
v -0.730493 -0.730493 23.945395
v -0.758501 -0.758501 24.004237
v -0.504193 -0.873287 23.878898
v -0.516537 -0.894667 23.945395
v -0.536341 -0.928970 24.004237
v -0.260989 -0.974026 23.878898
v -0.267379 -0.997872 23.945395
v -0.277631 -1.036132 24.004237
v 0.000000 -1.008385 23.878898
v 0.000000 -1.033073 23.945395
v 0.000000 -1.072683 24.004237
v 0.260989 -0.974026 23.878898
v 0.267379 -0.997872 23.945395
v 0.277631 -1.036132 24.004237
v 0.504193 -0.873287 23.878898
v 0.516537 -0.894667 23.945395
v 0.536341 -0.928970 24.004237
v 0.713036 -0.713036 23.878898
v 0.730493 -0.730493 23.945395
v 0.758501 -0.758501 24.004237
v 0.873287 -0.504193 23.878898
v 0.894667 -0.516537 23.945395
v 0.928970 -0.536341 24.004237
v 0.974026 -0.260989 23.878898
v 0.997872 -0.267379 23.945395
v 1.036132 -0.277631 24.004237
v 1.000000 -0.000000 12.122902
v 0.965926 0.258819 12.122902
v 0.866025 0.500000 12.122902
v 0.707107 0.707107 12.122902
v 0.500000 0.866025 12.122902
v 0.258819 0.965926 12.122902
v 0.000000 1.000000 12.122902
v -0.258819 0.965926 12.122902
v -0.500000 0.866025 12.122902
v -0.707107 0.707107 12.122902
v -0.866025 0.500000 12.122902
v -0.965926 0.258819 12.122902
v -1.000000 0.000000 12.122902
v -0.965926 -0.258819 12.122902
v -0.866025 -0.500000 12.122902
v -0.707107 -0.707107 12.122902
v -0.500000 -0.866025 12.122902
v -0.258819 -0.965926 12.122902
v -0.000000 -1.000000 12.122902
v 0.258819 -0.965926 12.122902
v 0.500000 -0.866025 12.122902
v 0.707107 -0.707107 12.122902
v 0.866025 -0.500000 12.122902
v 0.965926 -0.258819 12.122902
v -1.000000 0.000000 17.965683
v 0.965926 0.258819 17.965683
v 1.000000 0.000000 17.965683
v 0.866025 0.500000 17.965683
v 0.707107 0.707107 17.965683
v 0.500000 0.866025 17.965683
v 0.258819 0.965926 17.965683
v 0.000000 1.000000 17.965683
v -0.258819 0.965926 17.965683
v -0.500000 0.866025 17.965683
v -0.707107 0.707107 17.965683
v -0.866025 0.500000 17.965683
v -0.965926 0.258819 17.965683
v -0.965926 -0.258819 17.965683
v -0.866025 -0.500000 17.965683
v -0.707107 -0.707107 17.965683
v -0.500000 -0.866025 17.965683
v -0.258819 -0.965926 17.965683
v 0.000000 -1.000000 17.965683
v 0.258819 -0.965926 17.965683
v 0.500000 -0.866025 17.965683
v 0.707107 -0.707107 17.965683
v 0.866025 -0.500000 17.965683
v 0.965926 -0.258819 17.965683
v 1.177317 -0.000000 24.100032
v 1.216927 -0.000000 24.158873
v 1.241615 -0.000000 24.225370
v 1.137201 0.304712 24.100032
v 1.175461 0.314964 24.158873
v 1.199308 0.321353 24.225370
v 1.019587 0.588659 24.100032
v 1.053890 0.608463 24.158873
v 1.075270 0.620807 24.225370
v 0.832489 0.832489 24.100032
v 0.860497 0.860497 24.158873
v 0.877954 0.877954 24.225370
v 0.588659 1.019587 24.100032
v 0.608463 1.053890 24.158873
v 0.620807 1.075270 24.225370
v 0.304712 1.137201 24.100032
v 0.314964 1.175461 24.158873
v 0.321353 1.199308 24.225370
v -0.000000 1.177317 24.100032
v -0.000000 1.216927 24.158873
v -0.000000 1.241615 24.225370
v -0.304712 1.137201 24.100032
v -0.314964 1.175461 24.158873
v -0.321353 1.199308 24.225370
v -0.588659 1.019587 24.100032
v -0.608463 1.053890 24.158873
v -0.620807 1.075270 24.225370
v -0.832489 0.832489 24.100032
v -0.860497 0.860497 24.158873
v -0.877954 0.877954 24.225370
v -1.019587 0.588659 24.100032
v -1.053890 0.608463 24.158873
v -1.075270 0.620807 24.225370
v -1.137201 0.304712 24.100032
v -1.175461 0.314964 24.158873
v -1.199308 0.321353 24.225370
v -1.177317 -0.000000 24.100032
v -1.216927 -0.000000 24.158873
v -1.241615 -0.000000 24.225370
v -1.137201 -0.304712 24.100032
v -1.175461 -0.314964 24.158873
v -1.199308 -0.321353 24.225370
v -1.019587 -0.588659 24.100032
v -1.053890 -0.608463 24.158873
v -1.075270 -0.620807 24.225370
v -0.832489 -0.832489 24.100032
v -0.860497 -0.860497 24.158873
v -0.877954 -0.877954 24.225370
v -0.588659 -1.019587 24.100032
v -0.608463 -1.053890 24.158873
v -0.620807 -1.075270 24.225370
v -0.304712 -1.137201 24.100032
v -0.314964 -1.175461 24.158873
v -0.321353 -1.199308 24.225370
v 0.000000 -1.177317 24.100032
v 0.000000 -1.216927 24.158873
v 0.000000 -1.241615 24.225370
v 0.304712 -1.137201 24.100032
v 0.314964 -1.175461 24.158873
v 0.321353 -1.199308 24.225370
v 0.588659 -1.019587 24.100032
v 0.608463 -1.053890 24.158873
v 0.620807 -1.075270 24.225370
v 0.832489 -0.832489 24.100032
v 0.860497 -0.860497 24.158873
v 0.877954 -0.877954 24.225370
v 1.019587 -0.588659 24.100032
v 1.053890 -0.608463 24.158873
v 1.075270 -0.620807 24.225370
v 1.137201 -0.304712 24.100032
v 1.175461 -0.314964 24.158873
v 1.199308 -0.321353 24.225370
v 1.062500 -0.000000 11.939616
v 1.026296 0.274995 11.939616
v 0.920152 0.531250 11.939616
v 0.751301 0.751301 11.939616
v 0.531250 0.920152 11.939616
v 0.274995 1.026296 11.939616
v 0.000000 1.062500 11.939616
v -0.274995 1.026296 11.939616
v -0.531250 0.920152 11.939616
v -0.751301 0.751301 11.939616
v -0.920152 0.531250 11.939616
v -1.026296 0.274995 11.939616
v -1.062500 0.000000 11.939616
v -1.026296 -0.274995 11.939616
v -0.920152 -0.531250 11.939616
v -0.751301 -0.751301 11.939616
v -0.531250 -0.920152 11.939616
v -0.274995 -1.026296 11.939616
v -0.000000 -1.062500 11.939616
v 0.274995 -1.026296 11.939616
v 0.531250 -0.920152 11.939616
v 0.751301 -0.751301 11.939616
v 0.920152 -0.531250 11.939616
v 1.026296 -0.274995 11.939616
v 1.007171 0.000000 12.057700
v 1.028342 0.000000 11.995616
v 0.972853 -0.260675 12.057700
v 0.993302 -0.266154 11.995616
v 0.872236 -0.503586 12.057700
v 0.890570 -0.514171 11.995616
v 0.712178 -0.712178 12.057700
v 0.727148 -0.727148 11.995616
v 0.503586 -0.872236 12.057700
v 0.514171 -0.890570 11.995616
v 0.260675 -0.972853 12.057700
v 0.266154 -0.993302 11.995616
v -0.000000 -1.007171 12.057700
v -0.000000 -1.028342 11.995616
v -0.260675 -0.972853 12.057700
v -0.266154 -0.993302 11.995616
v -0.503586 -0.872236 12.057700
v -0.514171 -0.890570 11.995616
v -0.712178 -0.712178 12.057700
v -0.727148 -0.727148 11.995616
v -0.872236 -0.503586 12.057700
v -0.890570 -0.514171 11.995616
v -0.972853 -0.260675 12.057700
v -0.993302 -0.266154 11.995616
v -1.007171 0.000000 12.057700
v -1.028342 0.000000 11.995616
v -0.972853 0.260675 12.057700
v -0.993302 0.266154 11.995616
v -0.872236 0.503586 12.057700
v -0.890570 0.514171 11.995616
v -0.712178 0.712178 12.057700
v -0.727148 0.727148 11.995616
v -0.503586 0.872236 12.057700
v -0.514171 0.890570 11.995616
v -0.260675 0.972853 12.057700
v -0.266154 0.993302 11.995616
v 0.000000 1.007171 12.057700
v 0.000000 1.028342 11.995616
v 0.260675 0.972853 12.057700
v 0.266154 0.993302 11.995616
v 0.503586 0.872236 12.057700
v 0.514171 0.890570 11.995616
v 0.712178 0.712178 12.057700
v 0.727148 0.727148 11.995616
v 0.872236 0.503586 12.057700
v 0.890570 0.514171 11.995616
v 0.972853 0.260675 12.057700
v 0.993302 0.266154 11.995616
v 1.125000 0.000000 11.756330
v 1.086667 0.291171 11.756330
v 0.974279 0.562500 11.756330
v 0.795495 0.795495 11.756330
v 0.562500 0.974279 11.756330
v 0.291171 1.086667 11.756330
v -0.000000 1.125000 11.756330
v -0.291171 1.086667 11.756330
v -0.562500 0.974279 11.756330
v -0.795495 0.795495 11.756330
v -0.974279 0.562500 11.756330
v -1.086667 0.291171 11.756330
v -1.125000 0.000000 11.756330
v -1.086667 -0.291171 11.756330
v -0.974279 -0.562500 11.756330
v -0.795495 -0.795495 11.756330
v -0.562500 -0.974279 11.756330
v -0.291171 -1.086667 11.756330
v -0.000000 -1.125000 11.756330
v 0.291171 -1.086667 11.756330
v 0.562500 -0.974279 11.756330
v 0.795495 -0.795495 11.756330
v 0.974279 -0.562500 11.756330
v 1.086667 -0.291171 11.756330
v 1.096658 0.000000 11.883617
v 1.117829 0.000000 11.821532
v 1.059290 -0.283836 11.883617
v 1.079740 -0.289315 11.821532
v 0.949734 -0.548329 11.883617
v 0.968068 -0.558914 11.821532
v 0.775454 -0.775454 11.883617
v 0.790424 -0.790424 11.821532
v 0.548329 -0.949734 11.883617
v 0.558914 -0.968068 11.821532
v 0.283836 -1.059290 11.883617
v 0.289315 -1.079740 11.821532
v -0.000000 -1.096658 11.883617
v -0.000000 -1.117829 11.821532
v -0.283836 -1.059290 11.883617
v -0.289315 -1.079740 11.821532
v -0.548329 -0.949734 11.883617
v -0.558914 -0.968068 11.821532
v -0.775454 -0.775454 11.883617
v -0.790424 -0.790424 11.821532
v -0.949734 -0.548329 11.883617
v -0.968068 -0.558914 11.821532
v -1.059290 -0.283836 11.883617
v -1.079740 -0.289315 11.821532
v -1.096658 0.000000 11.883617
v -1.117829 0.000000 11.821532
v -1.059290 0.283836 11.883617
v -1.079740 0.289315 11.821532
v -0.949734 0.548329 11.883617
v -0.968068 0.558914 11.821532
v -0.775454 0.775454 11.883617
v -0.790424 0.790424 11.821532
v -0.548329 0.949734 11.883617
v -0.558914 0.968068 11.821532
v -0.283836 1.059290 11.883617
v -0.289315 1.079740 11.821532
v 0.000000 1.096658 11.883617
v -0.000000 1.117829 11.821532
v 0.283836 1.059290 11.883617
v 0.289315 1.079740 11.821532
v 0.548329 0.949734 11.883617
v 0.558914 0.968068 11.821532
v 0.775454 0.775454 11.883617
v 0.790424 0.790424 11.821532
v 0.949734 0.548329 11.883617
v 0.968068 0.558914 11.821532
v 1.059290 0.283836 11.883617
v 1.079740 0.289315 11.821532
v 1.125000 -0.000000 8.295804
v 1.086667 0.291171 8.295804
v 0.974279 0.562500 8.295804
v 0.795495 0.795495 8.295804
v 0.562500 0.974279 8.295804
v 0.291171 1.086667 8.295804
v -0.000000 1.125000 8.295804
v -0.291171 1.086667 8.295804
v -0.562500 0.974279 8.295804
v -0.795495 0.795495 8.295804
v -0.974279 0.562500 8.295804
v -1.086667 0.291171 8.295804
v -1.125000 0.000000 8.295804
v -1.086667 -0.291171 8.295804
v -0.974279 -0.562500 8.295804
v -0.795495 -0.795495 8.295804
v -0.562500 -0.974279 8.295804
v -0.291171 -1.086667 8.295804
v -0.000000 -1.125000 8.295804
v 0.291171 -1.086667 8.295804
v 0.562500 -0.974279 8.295804
v 0.795495 -0.795495 8.295804
v 0.974279 -0.562500 8.295804
v 1.086667 -0.291171 8.295804
v 0.875000 0.000000 7.808464
v 0.845185 0.226467 7.808464
v 0.757772 0.437500 7.808464
v 0.618718 0.618718 7.808464
v 0.437500 0.757772 7.808464
v 0.226467 0.845185 7.808464
v -0.000000 0.875000 7.808464
v -0.226467 0.845185 7.808464
v -0.437500 0.757772 7.808464
v -0.618718 0.618718 7.808464
v -0.757772 0.437500 7.808464
v -0.845185 0.226467 7.808464
v -0.875000 -0.000000 7.808464
v -0.845185 -0.226467 7.808464
v -0.757772 -0.437500 7.808464
v -0.618718 -0.618718 7.808464
v -0.437500 -0.757772 7.808464
v -0.226467 -0.845185 7.808464
v 0.000000 -0.875000 7.808464
v 0.226467 -0.845185 7.808464
v 0.437500 -0.757772 7.808464
v 0.618718 -0.618718 7.808464
v 0.757772 -0.437500 7.808464
v 0.845185 -0.226467 7.808464
v 1.000000 0.000000 8.052134
v 0.965926 -0.258819 8.052134
v 0.866025 -0.500000 8.052134
v 0.707107 -0.707107 8.052134
v 0.500000 -0.866025 8.052134
v 0.258819 -0.965926 8.052134
v 0.000000 -1.000000 8.052134
v -0.258819 -0.965926 8.052134
v -0.500000 -0.866025 8.052134
v -0.707107 -0.707107 8.052134
v -0.866025 -0.500000 8.052134
v -0.965926 -0.258819 8.052134
v -1.000000 -0.000000 8.052134
v -0.965926 0.258819 8.052134
v -0.866025 0.500000 8.052134
v -0.707107 0.707107 8.052134
v -0.500000 0.866025 8.052134
v -0.258819 0.965926 8.052134
v -0.000000 1.000000 8.052134
v 0.258819 0.965926 8.052134
v 0.500000 0.866025 8.052134
v 0.707107 0.707107 8.052134
v 0.866025 0.500000 8.052134
v 0.965926 0.258819 8.052134
v -0.883385 0.000000 7.878898
v -0.908073 0.000000 7.945395
v -0.947683 0.000000 8.004237
v 0.853285 0.228637 7.878898
v 0.877131 0.235027 7.945395
v 0.915391 0.245278 8.004237
v 0.947683 0.000000 8.004237
v 0.908073 0.000000 7.945395
v 0.883385 0.000000 7.878898
v 0.765034 0.441693 7.878898
v 0.786414 0.454037 7.945395
v 0.820717 0.473841 8.004237
v 0.624648 0.624648 7.878898
v 0.642105 0.642105 7.945395
v 0.670113 0.670113 8.004237
v 0.441693 0.765034 7.878898
v 0.454037 0.786414 7.945395
v 0.473841 0.820717 8.004237
v 0.228637 0.853285 7.878898
v 0.235027 0.877131 7.945395
v 0.245278 0.915391 8.004237
v -0.000000 0.883385 7.878898
v -0.000000 0.908073 7.945395
v -0.000000 0.947683 8.004237
v -0.228637 0.853285 7.878898
v -0.235027 0.877131 7.945395
v -0.245278 0.915391 8.004237
v -0.441693 0.765034 7.878898
v -0.454037 0.786414 7.945395
v -0.473841 0.820717 8.004237
v -0.624648 0.624648 7.878898
v -0.642105 0.642105 7.945395
v -0.670113 0.670113 8.004237
v -0.765034 0.441693 7.878898
v -0.786414 0.454037 7.945395
v -0.820717 0.473841 8.004237
v -0.853285 0.228637 7.878898
v -0.877131 0.235027 7.945395
v -0.915391 0.245278 8.004237
v -0.853285 -0.228637 7.878898
v -0.877131 -0.235027 7.945395
v -0.915391 -0.245278 8.004237
v -0.765034 -0.441693 7.878898
v -0.786414 -0.454037 7.945395
v -0.820717 -0.473841 8.004237
v -0.624648 -0.624648 7.878898
v -0.642105 -0.642105 7.945395
v -0.670113 -0.670113 8.004237
v -0.441693 -0.765034 7.878898
v -0.454037 -0.786414 7.945395
v -0.473841 -0.820717 8.004237
v -0.228637 -0.853285 7.878898
v -0.235027 -0.877131 7.945395
v -0.245278 -0.915391 8.004237
v 0.000000 -0.883385 7.878898
v 0.000000 -0.908073 7.945395
v 0.000000 -0.947683 8.004237
v 0.228637 -0.853285 7.878898
v 0.235027 -0.877131 7.945395
v 0.245278 -0.915391 8.004237
v 0.441693 -0.765034 7.878898
v 0.454037 -0.786414 7.945395
v 0.473841 -0.820717 8.004237
v 0.624648 -0.624648 7.878898
v 0.642105 -0.642105 7.945395
v 0.670113 -0.670113 8.004237
v 0.765034 -0.441693 7.878898
v 0.786414 -0.454037 7.945395
v 0.820717 -0.473841 8.004237
v 0.853285 -0.228637 7.878898
v 0.877131 -0.235027 7.945395
v 0.915391 -0.245278 8.004237
v -0.875000 0.000000 0.300000
v -0.845185 -0.226467 0.300000
v -0.757772 -0.437500 0.300000
v -0.618718 -0.618718 0.300000
v -0.437500 -0.757772 0.300000
v -0.226467 -0.845185 0.300000
v 0.000000 -0.875000 0.300000
v 0.226467 -0.845185 0.300000
v 0.437500 -0.757772 0.300000
v 0.618718 -0.618718 0.300000
v 0.757772 -0.437500 0.300000
v 0.845185 -0.226467 0.300000
v 0.875000 0.000000 0.300000
v 0.845185 0.226467 0.300000
v 0.757772 0.437500 0.300000
v 0.618718 0.618718 0.300000
v 0.437500 0.757772 0.300000
v 0.226467 0.845185 0.300000
v 0.000000 0.875000 0.300000
v -0.226467 0.845185 0.300000
v -0.437500 0.757772 0.300000
v -0.618718 0.618718 0.300000
v -0.757772 0.437500 0.300000
v -0.845185 0.226467 0.300000
v -0.875000 0.000000 4.054232
v -0.845185 -0.226467 4.054232
v -0.757772 -0.437500 4.054232
v -0.618718 -0.618718 4.054232
v -0.437500 -0.757772 4.054232
v -0.226467 -0.845185 4.054232
v 0.000000 -0.875000 4.054232
v 0.226467 -0.845185 4.054232
v 0.437500 -0.757772 4.054232
v 0.618718 -0.618718 4.054232
v 0.757772 -0.437500 4.054232
v 0.845185 -0.226467 4.054232
v 0.875000 0.000000 4.054232
v 0.845185 0.226467 4.054232
v 0.757772 0.437500 4.054232
v 0.618718 0.618718 4.054232
v 0.437500 0.757772 4.054232
v 0.226467 0.845185 4.054232
v 0.000000 0.875000 4.054232
v -0.226467 0.845185 4.054232
v -0.437500 0.757772 4.054232
v -0.618718 0.618718 4.054232
v -0.757772 0.437500 4.054232
v -0.845185 0.226467 4.054232
v 1.052317 -0.000000 8.100032
v 1.091927 -0.000000 8.158873
v 1.116615 -0.000000 8.225370
v 1.016460 0.272360 8.100032
v 1.054720 0.282611 8.158873
v 1.078567 0.289001 8.225370
v 0.911334 0.526159 8.100032
v 0.945636 0.545963 8.158873
v 0.967017 0.558307 8.225370
v 0.744101 0.744101 8.100032
v 0.772109 0.772109 8.158873
v 0.789566 0.789566 8.225370
v 0.526159 0.911334 8.100032
v 0.545963 0.945636 8.158873
v 0.558307 0.967017 8.225370
v 0.272360 1.016460 8.100032
v 0.282611 1.054720 8.158873
v 0.289001 1.078567 8.225370
v -0.000000 1.052317 8.100032
v -0.000000 1.091927 8.158873
v -0.000000 1.116615 8.225370
v -0.272360 1.016460 8.100032
v -0.282611 1.054720 8.158873
v -0.289001 1.078567 8.225370
v -0.526159 0.911334 8.100032
v -0.545963 0.945636 8.158873
v -0.558307 0.967017 8.225370
v -0.744101 0.744101 8.100032
v -0.772109 0.772109 8.158873
v -0.789566 0.789566 8.225370
v -0.911334 0.526159 8.100032
v -0.945636 0.545963 8.158873
v -0.967017 0.558307 8.225370
v -1.016460 0.272360 8.100032
v -1.054720 0.282611 8.158873
v -1.078567 0.289001 8.225370
v -1.052317 -0.000000 8.100032
v -1.091927 -0.000000 8.158873
v -1.116615 -0.000000 8.225370
v -1.016460 -0.272360 8.100032
v -1.054720 -0.282611 8.158873
v -1.078567 -0.289001 8.225370
v -0.911334 -0.526159 8.100032
v -0.945636 -0.545963 8.158873
v -0.967017 -0.558307 8.225370
v -0.744101 -0.744101 8.100032
v -0.772109 -0.772109 8.158873
v -0.789566 -0.789566 8.225370
v -0.526159 -0.911334 8.100032
v -0.545963 -0.945636 8.158873
v -0.558307 -0.967017 8.225370
v -0.272360 -1.016460 8.100032
v -0.282611 -1.054720 8.158873
v -0.289001 -1.078567 8.225370
v 0.000000 -1.052317 8.100032
v 0.000000 -1.091927 8.158873
v 0.000000 -1.116615 8.225370
v 0.272360 -1.016460 8.100032
v 0.282611 -1.054720 8.158873
v 0.289001 -1.078567 8.225370
v 0.526159 -0.911334 8.100032
v 0.545963 -0.945636 8.158873
v 0.558307 -0.967017 8.225370
v 0.744101 -0.744101 8.100032
v 0.772109 -0.772109 8.158873
v 0.789566 -0.789566 8.225370
v 0.911334 -0.526159 8.100032
v 0.945636 -0.545963 8.158873
v 0.967017 -0.558307 8.225370
v 1.016460 -0.272360 8.100032
v 1.054720 -0.282611 8.158873
v 1.078567 -0.289001 8.225370
v -0.575000 -0.000000 0.000000
v -0.555407 -0.148821 0.000000
v -0.497965 -0.287500 0.000000
v -0.406586 -0.406586 0.000000
v -0.287500 -0.497965 0.000000
v -0.148821 -0.555407 0.000000
v 0.000000 -0.575000 0.000000
v 0.148821 -0.555407 0.000000
v 0.287500 -0.497965 0.000000
v 0.406586 -0.406586 0.000000
v 0.497965 -0.287500 0.000000
v 0.555407 -0.148821 0.000000
v 0.575000 0.000000 0.000000
v 0.555407 0.148821 0.000000
v 0.497965 0.287500 0.000000
v 0.406586 0.406586 0.000000
v 0.287500 0.497965 0.000000
v 0.148821 0.555407 0.000000
v 0.000000 0.575000 0.000000
v -0.148821 0.555407 0.000000
v -0.287500 0.497965 0.000000
v -0.406586 0.406586 0.000000
v -0.497965 0.287500 0.000000
v -0.555407 0.148821 0.000000
v -0.652646 0.000000 0.010222
v -0.725000 0.000000 0.040192
v -0.787132 0.000000 0.087868
v -0.834808 0.000000 0.150000
v -0.864778 0.000000 0.222354
v -0.630407 -0.168917 0.010222
v -0.700296 -0.187644 0.040192
v -0.760311 -0.203725 0.087868
v -0.806362 -0.216064 0.150000
v -0.835311 -0.223821 0.222354
v -0.565208 -0.326323 0.010222
v -0.627868 -0.362500 0.040192
v -0.681676 -0.393566 0.087868
v -0.722965 -0.417404 0.150000
v -0.748919 -0.432389 0.222354
v -0.461490 -0.461490 0.010222
v -0.512652 -0.512652 0.040192
v -0.556586 -0.556586 0.087868
v -0.590298 -0.590298 0.150000
v -0.611490 -0.611490 0.222354
v -0.326323 -0.565208 0.010222
v -0.362500 -0.627868 0.040192
v -0.393566 -0.681676 0.087868
v -0.417404 -0.722965 0.150000
v -0.432389 -0.748919 0.222354
v -0.168917 -0.630407 0.010222
v -0.187644 -0.700296 0.040192
v -0.203725 -0.760311 0.087868
v -0.216064 -0.806362 0.150000
v -0.223821 -0.835311 0.222354
v 0.000000 -0.652646 0.010222
v 0.000000 -0.725000 0.040192
v 0.000000 -0.787132 0.087868
v 0.000000 -0.834808 0.150000
v 0.000000 -0.864778 0.222354
v 0.168917 -0.630407 0.010222
v 0.187644 -0.700296 0.040192
v 0.203725 -0.760311 0.087868
v 0.216064 -0.806362 0.150000
v 0.223821 -0.835311 0.222354
v 0.326323 -0.565208 0.010222
v 0.362500 -0.627868 0.040192
v 0.393566 -0.681676 0.087868
v 0.417404 -0.722965 0.150000
v 0.432389 -0.748919 0.222354
v 0.461490 -0.461490 0.010222
v 0.512652 -0.512652 0.040192
v 0.556586 -0.556586 0.087868
v 0.590298 -0.590298 0.150000
v 0.611490 -0.611490 0.222354
v 0.565208 -0.326323 0.010222
v 0.627868 -0.362500 0.040192
v 0.681676 -0.393566 0.087868
v 0.722965 -0.417404 0.150000
v 0.748919 -0.432389 0.222354
v 0.630407 -0.168917 0.010222
v 0.700296 -0.187644 0.040192
v 0.760311 -0.203725 0.087868
v 0.806362 -0.216064 0.150000
v 0.835311 -0.223821 0.222354
v 0.652646 0.000000 0.010222
v 0.725000 0.000000 0.040192
v 0.787132 0.000000 0.087868
v 0.834808 0.000000 0.150000
v 0.864778 0.000000 0.222354
v 0.630407 0.168917 0.010222
v 0.700296 0.187644 0.040192
v 0.760311 0.203725 0.087868
v 0.806362 0.216064 0.150000
v 0.835311 0.223821 0.222354
v 0.565208 0.326323 0.010222
v 0.627868 0.362500 0.040192
v 0.681676 0.393566 0.087868
v 0.722965 0.417404 0.150000
v 0.748919 0.432389 0.222354
v 0.461490 0.461490 0.010222
v 0.512652 0.512652 0.040192
v 0.556586 0.556586 0.087868
v 0.590298 0.590298 0.150000
v 0.611490 0.611490 0.222354
v 0.326323 0.565208 0.010222
v 0.362500 0.627868 0.040192
v 0.393566 0.681676 0.087868
v 0.417404 0.722965 0.150000
v 0.432389 0.748919 0.222354
v 0.168917 0.630407 0.010222
v 0.187644 0.700296 0.040192
v 0.203725 0.760311 0.087868
v 0.216064 0.806362 0.150000
v 0.223821 0.835311 0.222354
v 0.000000 0.652646 0.010222
v 0.000000 0.725000 0.040192
v 0.000000 0.787132 0.087868
v 0.000000 0.834808 0.150000
v 0.000000 0.864778 0.222354
v -0.168917 0.630407 0.010222
v -0.187644 0.700296 0.040192
v -0.203725 0.760311 0.087868
v -0.216064 0.806362 0.150000
v -0.223821 0.835311 0.222354
v -0.326323 0.565208 0.010222
v -0.362500 0.627868 0.040192
v -0.393566 0.681676 0.087868
v -0.417404 0.722965 0.150000
v -0.432389 0.748919 0.222354
v -0.461490 0.461490 0.010222
v -0.512652 0.512652 0.040192
v -0.556586 0.556586 0.087868
v -0.590298 0.590298 0.150000
v -0.611490 0.611490 0.222354
v -0.565208 0.326323 0.010222
v -0.627868 0.362500 0.040192
v -0.681676 0.393566 0.087868
v -0.722965 0.417404 0.150000
v -0.748919 0.432389 0.222354
v -0.630407 0.168917 0.010222
v -0.700296 0.187644 0.040192
v -0.760311 0.203725 0.087868
v -0.806362 0.216064 0.150000
v -0.835311 0.223821 0.222354
vt 0.724865 -1.472352 0.000000
vt -0.724865 -1.472352 0.000000
vt 0.718070 -1.570796 0.000000
vt -0.718070 -1.570796 0.000000
vt 0.718070 1.570796 0.000000
vt -0.718070 1.570796 0.000000
vt 0.724865 1.472352 0.000000
vt -0.724865 1.472352 0.000000
vt -0.743555 1.372649 0.000000
vt 0.743555 -1.372649 0.000000
vt -0.743555 -1.372649 0.000000
vt 0.770550 -1.274151 0.000000
vt -0.770550 -1.274151 0.000000
vt -0.800096 -1.179041 0.000000
vt 0.800096 -1.179041 0.000000
vt -0.828635 -1.083714 0.000000
vt 0.828635 -1.083714 0.000000
vt 0.853238 -0.984557 0.000000
vt -0.853238 -0.984557 0.000000
vt 0.869365 -0.884162 0.000000
vt -0.869365 -0.884162 0.000000
vt -0.875000 -0.785398 0.000000
vt 0.875000 -0.785398 0.000000
vt -0.869365 -0.686634 0.000000
vt 0.869365 -0.686634 0.000000
vt 0.853238 -0.586240 0.000000
vt -0.853238 -0.586240 0.000000
vt 0.828635 -0.487083 0.000000
vt -0.828635 -0.487083 0.000000
vt -0.800096 -0.391755 0.000000
vt 0.800096 -0.391755 0.000000
vt -0.770550 -0.296645 0.000000
vt 0.770550 -0.296645 0.000000
vt 0.743555 -0.198147 0.000000
vt -0.743555 -0.198147 0.000000
vt 0.724865 -0.098444 0.000000
vt -0.724865 -0.098444 0.000000
vt -0.718070 0.000000 0.000000
vt 0.718070 0.000000 0.000000
vt -0.724865 0.098444 0.000000
vt 0.724865 0.098444 0.000000
vt 0.743555 0.198147 0.000000
vt -0.743555 0.198147 0.000000
vt 0.770550 0.296645 0.000000
vt -0.770550 0.296645 0.000000
vt -0.800096 0.391755 0.000000
vt 0.800096 0.391755 0.000000
vt -0.828635 0.487083 0.000000
vt 0.828635 0.487083 0.000000
vt 0.853238 0.586240 0.000000
vt -0.853238 0.586240 0.000000
vt 0.869365 0.686634 0.000000
vt -0.869365 0.686634 0.000000
vt -0.875000 0.785398 0.000000
vt 0.875000 0.785398 0.000000
vt -0.869365 0.884162 0.000000
vt 0.869365 0.884162 0.000000
vt 0.853238 0.984557 0.000000
vt -0.853238 0.984557 0.000000
vt 0.828635 1.083714 0.000000
vt -0.828635 1.083714 0.000000
vt -0.800096 1.179041 0.000000
vt 0.800096 1.179041 0.000000
vt -0.770550 1.274151 0.000000
vt 0.770550 1.274151 0.000000
vt 0.743555 1.372649 0.000000
vt -0.000000 -2.266778 0.000000
vt -0.078540 -2.266778 0.000000
vt -0.000000 -2.472848 0.000000
vt -0.078540 -2.472848 0.000000
vt -0.000000 2.472848 0.000000
vt -0.078540 2.472848 0.000000
vt -0.000000 2.266778 0.000000
vt -0.078540 2.266778 0.000000
vt -0.000000 2.060707 0.000000
vt -0.078540 2.060707 0.000000
vt -0.000000 1.854636 0.000000
vt -0.078540 1.854636 0.000000
vt -0.000000 1.648565 0.000000
vt -0.078540 1.648565 0.000000
vt -0.000000 1.442495 0.000000
vt -0.078540 1.442495 0.000000
vt -0.000000 1.236424 0.000000
vt -0.078540 1.236424 0.000000
vt -0.000000 1.030353 0.000000
vt -0.078540 1.030353 0.000000
vt -0.000000 0.824283 0.000000
vt -0.078540 0.824283 0.000000
vt -0.000000 0.618212 0.000000
vt -0.078540 0.618212 0.000000
vt -0.000000 0.412141 0.000000
vt -0.078540 0.412141 0.000000
vt -0.000000 0.206071 0.000000
vt -0.078540 0.206071 0.000000
vt -0.000000 0.000000 0.000000
vt -0.078540 0.000000 0.000000
vt -0.000000 -0.206071 0.000000
vt -0.078540 -0.206071 0.000000
vt -0.000000 -0.412141 0.000000
vt -0.078540 -0.412141 0.000000
vt -0.000000 -0.618212 0.000000
vt -0.078540 -0.618212 0.000000
vt -0.000000 -0.824283 0.000000
vt -0.078540 -0.824283 0.000000
vt -0.000000 -1.030353 0.000000
vt -0.078540 -1.030353 0.000000
vt -0.000000 -1.236424 0.000000
vt -0.078540 -1.236424 0.000000
vt -0.000000 -1.442495 0.000000
vt -0.078540 -1.442495 0.000000
vt -0.000000 -1.648565 0.000000
vt -0.078540 -1.648565 0.000000
vt -0.000000 -1.854636 0.000000
vt -0.078540 -1.854636 0.000000
vt -0.000000 -2.060707 0.000000
vt -0.078540 -2.060707 0.000000
vt -0.471239 2.266778 0.000000
vt -0.392699 2.266778 0.000000
vt -0.471239 2.472848 0.000000
vt -0.392699 2.472848 0.000000
vt -0.471239 -2.472848 0.000000
vt -0.392699 -2.472848 0.000000
vt -0.471239 -2.266778 0.000000
vt -0.392699 -2.266778 0.000000
vt -0.471239 -2.060707 0.000000
vt -0.392699 -2.060707 0.000000
vt -0.471239 -1.854636 0.000000
vt -0.392699 -1.854636 0.000000
vt -0.471239 -1.648565 0.000000
vt -0.392699 -1.648565 0.000000
vt -0.471239 -1.442495 0.000000
vt -0.392699 -1.442495 0.000000
vt -0.471239 -1.236424 0.000000
vt -0.392699 -1.236424 0.000000
vt -0.471239 -1.030353 0.000000
vt -0.392699 -1.030353 0.000000
vt -0.471239 -0.824283 0.000000
vt -0.392699 -0.824283 0.000000
vt -0.471239 -0.618212 0.000000
vt -0.392699 -0.618212 0.000000
vt -0.471239 -0.412141 0.000000
vt -0.392699 -0.412141 0.000000
vt -0.471239 -0.206071 0.000000
vt -0.392699 -0.206071 0.000000
vt -0.471239 0.000000 0.000000
vt -0.392699 0.000000 0.000000
vt -0.471239 0.206071 0.000000
vt -0.392699 0.206071 0.000000
vt -0.471239 0.412141 0.000000
vt -0.392699 0.412141 0.000000
vt -0.471239 0.618212 0.000000
vt -0.392699 0.618212 0.000000
vt -0.471239 0.824283 0.000000
vt -0.392699 0.824283 0.000000
vt -0.471239 1.030353 0.000000
vt -0.392699 1.030353 0.000000
vt -0.471239 1.236424 0.000000
vt -0.392699 1.236424 0.000000
vt -0.471239 1.442495 0.000000
vt -0.392699 1.442495 0.000000
vt -0.471239 1.648565 0.000000
vt -0.392699 1.648565 0.000000
vt -0.471239 1.854636 0.000000
vt -0.392699 1.854636 0.000000
vt -0.471239 2.060707 0.000000
vt -0.392699 2.060707 0.000000
vt -0.157080 2.472848 0.000000
vt -0.157080 2.266778 0.000000
vt -0.157080 2.060707 0.000000
vt -0.157080 1.854636 0.000000
vt -0.157080 1.648565 0.000000
vt -0.157080 1.442495 0.000000
vt -0.157080 1.236424 0.000000
vt -0.157080 1.030353 0.000000
vt -0.157080 0.824283 0.000000
vt -0.157080 0.618212 0.000000
vt -0.157080 0.412141 0.000000
vt -0.157080 0.206071 0.000000
vt -0.157080 0.000000 0.000000
vt -0.157080 -0.206071 0.000000
vt -0.157080 -0.412141 0.000000
vt -0.157080 -0.618212 0.000000
vt -0.157080 -0.824283 0.000000
vt -0.157080 -1.030353 0.000000
vt -0.157080 -1.236424 0.000000
vt -0.157080 -1.442495 0.000000
vt -0.157080 -1.648565 0.000000
vt -0.157080 -1.854636 0.000000
vt -0.157080 -2.060707 0.000000
vt -0.157080 -2.266778 0.000000
vt -0.157080 -2.472848 0.000000
vt -0.235619 2.472848 0.000000
vt -0.235619 2.266778 0.000000
vt -0.235619 2.060707 0.000000
vt -0.235619 1.854636 0.000000
vt -0.235619 1.648565 0.000000
vt -0.235619 1.442495 0.000000
vt -0.235619 1.236424 0.000000
vt -0.235619 1.030353 0.000000
vt -0.235619 0.824283 0.000000
vt -0.235619 0.618212 0.000000
vt -0.235619 0.412141 0.000000
vt -0.235619 0.206071 0.000000
vt -0.235619 0.000000 0.000000
vt -0.235619 -0.206071 0.000000
vt -0.235619 -0.412141 0.000000
vt -0.235619 -0.618212 0.000000
vt -0.235619 -0.824283 0.000000
vt -0.235619 -1.030353 0.000000
vt -0.235619 -1.236424 0.000000
vt -0.235619 -1.442495 0.000000
vt -0.235619 -1.648565 0.000000
vt -0.235619 -1.854636 0.000000
vt -0.235619 -2.060707 0.000000
vt -0.235619 -2.266778 0.000000
vt -0.235619 -2.472848 0.000000
vt -0.314159 2.472848 0.000000
vt -0.314159 2.266778 0.000000
vt -0.314159 2.060707 0.000000
vt -0.314159 1.854636 0.000000
vt -0.314159 1.648565 0.000000
vt -0.314159 1.442495 0.000000
vt -0.314159 1.236424 0.000000
vt -0.314159 1.030353 0.000000
vt -0.314159 0.824283 0.000000
vt -0.314159 0.618212 0.000000
vt -0.314159 0.412141 0.000000
vt -0.314159 0.206071 0.000000
vt -0.314159 0.000000 0.000000
vt -0.314159 -0.206071 0.000000
vt -0.314159 -0.412141 0.000000
vt -0.314159 -0.618212 0.000000
vt -0.314159 -0.824283 0.000000
vt -0.314159 -1.030353 0.000000
vt -0.314159 -1.236424 0.000000
vt -0.314159 -1.442495 0.000000
vt -0.314159 -1.648565 0.000000
vt -0.314159 -1.854636 0.000000
vt -0.314159 -2.060707 0.000000
vt -0.314159 -2.266778 0.000000
vt -0.314159 -2.472848 0.000000
vt -2.902216 1.894748 0.000000
vt -0.256215 1.832596 0.000000
vt -3.000000 1.906662 0.000000
vt -0.256215 2.061670 0.000000
vt -2.978107 2.061670 0.000000
vt -2.978107 2.290745 0.000000
vt -5.700000 2.290745 0.000000
vt -5.700000 2.519819 0.000000
vt -2.978107 2.519819 0.000000
vt -5.700000 2.748894 0.000000
vt -2.978107 2.748894 0.000000
vt -5.700000 -2.748894 0.000000
vt -2.978107 -2.748894 0.000000
vt -5.700000 -2.519819 0.000000
vt -2.978107 -2.519819 0.000000
vt -5.700000 -2.290745 0.000000
vt -2.978107 -2.290745 0.000000
vt -5.700000 -2.061670 0.000000
vt -2.978107 -2.061670 0.000000
vt -3.000000 -1.906662 0.000000
vt -0.256215 -2.061670 0.000000
vt -2.902216 -1.894748 0.000000
vt -0.256215 -1.832596 0.000000
vt -2.806999 -1.860276 0.000000
vt -2.720517 -1.806248 0.000000
vt -2.647115 -1.739134 0.000000
vt -0.256215 -1.603521 0.000000
vt -2.586484 -1.660390 0.000000
vt -2.539143 -1.570005 0.000000
vt -2.509860 -1.472762 0.000000
vt -0.256215 -1.374447 0.000000
vt -2.500000 -1.374447 0.000000
vt -2.509860 -1.276131 0.000000
vt -0.256215 -1.145372 0.000000
vt -2.539143 -1.178889 0.000000
vt -2.586484 -1.088504 0.000000
vt -2.647115 -1.009760 0.000000
vt -0.256215 -0.916298 0.000000
vt -2.720517 -0.942646 0.000000
vt -2.806999 -0.888618 0.000000
vt -2.902216 -0.854145 0.000000
vt -3.000000 -0.842232 0.000000
vt -0.256215 -0.687223 0.000000
vt -2.978107 -0.687223 0.000000
vt -2.978107 -0.458149 0.000000
vt -5.700000 -0.458149 0.000000
vt -5.700000 -0.229074 0.000000
vt -2.978107 -0.229074 0.000000
vt -5.700000 0.000000 0.000000
vt -2.978107 -0.000000 0.000000
vt -5.700000 0.229074 0.000000
vt -2.978107 0.229074 0.000000
vt -5.700000 0.458149 0.000000
vt -2.978107 0.458149 0.000000
vt -5.700000 0.687223 0.000000
vt -2.978107 0.687223 0.000000
vt -3.000000 0.842232 0.000000
vt -0.256215 0.687223 0.000000
vt -2.902216 0.854145 0.000000
vt -0.256215 0.916298 0.000000
vt -2.806999 0.888618 0.000000
vt -2.720517 0.942646 0.000000
vt -2.647115 1.009760 0.000000
vt -0.256215 1.145372 0.000000
vt -2.586484 1.088504 0.000000
vt -2.539143 1.178889 0.000000
vt -2.509860 1.276131 0.000000
vt -0.256215 1.374447 0.000000
vt -2.500000 1.374447 0.000000
vt -2.509860 1.472762 0.000000
vt -0.256215 1.603521 0.000000
vt -2.539143 1.570005 0.000000
vt -2.586484 1.660390 0.000000
vt -2.647115 1.739134 0.000000
vt -2.720517 1.806248 0.000000
vt -2.806999 1.860276 0.000000
vt -3.097784 0.854145 0.000000
vt -5.700000 0.916298 0.000000
vt -3.193001 0.888618 0.000000
vt -3.279483 0.942646 0.000000
vt -3.352885 1.009760 0.000000
vt -5.700000 1.145372 0.000000
vt -3.413516 1.088504 0.000000
vt -3.460857 1.178889 0.000000
vt -3.490140 1.276131 0.000000
vt -5.700000 1.374447 0.000000
vt -3.500000 1.374447 0.000000
vt -3.490140 1.472762 0.000000
vt -5.700000 1.603521 0.000000
vt -3.460857 1.570005 0.000000
vt -3.413516 1.660390 0.000000
vt -3.352885 1.739134 0.000000
vt -5.700000 1.832596 0.000000
vt -3.279483 1.806248 0.000000
vt -3.193001 1.860276 0.000000
vt -3.097784 1.894748 0.000000
vt -5.700000 2.061670 0.000000
vt -3.097784 -1.894748 0.000000
vt -5.700000 -1.832596 0.000000
vt -3.193001 -1.860276 0.000000
vt -3.279483 -1.806248 0.000000
vt -3.352885 -1.739134 0.000000
vt -5.700000 -1.603521 0.000000
vt -3.413516 -1.660390 0.000000
vt -3.460857 -1.570005 0.000000
vt -3.490140 -1.472762 0.000000
vt -5.700000 -1.374447 0.000000
vt -3.500000 -1.374447 0.000000
vt -3.490140 -1.276131 0.000000
vt -5.700000 -1.145372 0.000000
vt -3.460857 -1.178889 0.000000
vt -3.413516 -1.088504 0.000000
vt -3.352885 -1.009760 0.000000
vt -5.700000 -0.916298 0.000000
vt -3.279483 -0.942646 0.000000
vt -3.193001 -0.888618 0.000000
vt -3.097784 -0.854145 0.000000
vt -5.700000 -0.687223 0.000000
vt -0.256215 0.229074 0.000000
vt -0.256215 -0.000000 0.000000
vt -0.256215 -0.229074 0.000000
vt -0.256215 -0.458149 0.000000
vt -0.256215 0.458149 0.000000
vt -0.256215 2.290745 0.000000
vt -0.256215 2.519819 0.000000
vt -0.256215 2.748894 0.000000
vt -0.256215 -2.748894 0.000000
vt -0.256215 -2.519819 0.000000
vt -0.256215 -2.290745 0.000000
vt -0.555407 -0.148821 0.000000
vt 0.555407 -0.148821 0.000000
vt -0.575000 0.000000 0.000000
vt 0.575000 0.000000 0.000000
vt -0.555407 0.148821 0.000000
vt 0.555407 0.148821 0.000000
vt -0.497965 0.287500 0.000000
vt 0.497965 0.287500 0.000000
vt -0.406586 0.406586 0.000000
vt 0.406586 0.406586 0.000000
vt -0.287500 0.497965 0.000000
vt 0.287500 0.497965 0.000000
vt -0.148821 0.555407 0.000000
vt 0.148821 0.555407 0.000000
vt 0.000000 0.575000 0.000000
vt 0.497965 -0.287500 0.000000
vt -0.497965 -0.287500 0.000000
vt 0.406586 -0.406586 0.000000
vt -0.406586 -0.406586 0.000000
vt 0.287500 -0.497965 0.000000
vt -0.287500 -0.497965 0.000000
vt 0.148821 -0.555407 0.000000
vt -0.148821 -0.555407 0.000000
vt 0.000000 -0.575000 0.000000
vt -0.942478 2.667418 0.000000
vt -0.871294 2.667418 0.000000
vt -0.942478 2.909910 0.000000
vt -0.871294 2.909910 0.000000
vt -0.942478 -2.909910 0.000000
vt -0.871294 -2.909910 0.000000
vt -0.942478 -2.667418 0.000000
vt -0.871294 -2.667418 0.000000
vt -0.942478 -2.424925 0.000000
vt -0.871294 -2.424925 0.000000
vt -0.942478 -2.182433 0.000000
vt -0.871294 -2.182433 0.000000
vt -0.942478 -1.939940 0.000000
vt -0.871294 -1.939940 0.000000
vt -0.942478 -1.697448 0.000000
vt -0.871294 -1.697448 0.000000
vt -0.942478 -1.454955 0.000000
vt -0.871294 -1.454955 0.000000
vt -0.942478 -1.212463 0.000000
vt -0.871294 -1.212463 0.000000
vt -0.942478 -0.969970 0.000000
vt -0.871294 -0.969970 0.000000
vt -0.942478 -0.727478 0.000000
vt -0.871294 -0.727478 0.000000
vt -0.942478 -0.484985 0.000000
vt -0.871294 -0.484985 0.000000
vt -0.942478 -0.242493 0.000000
vt -0.871294 -0.242493 0.000000
vt -0.942478 0.000000 0.000000
vt -0.871294 0.000000 0.000000
vt -0.942478 0.242493 0.000000
vt -0.871294 0.242493 0.000000
vt -0.942478 0.484985 0.000000
vt -0.871294 0.484985 0.000000
vt -0.942478 0.727478 0.000000
vt -0.871294 0.727478 0.000000
vt -0.942478 0.969970 0.000000
vt -0.871294 0.969970 0.000000
vt -0.942478 1.212463 0.000000
vt -0.871294 1.212463 0.000000
vt -0.942478 1.454955 0.000000
vt -0.871294 1.454955 0.000000
vt -0.942478 1.697448 0.000000
vt -0.871294 1.697448 0.000000
vt -0.942478 1.939940 0.000000
vt -0.871294 1.939940 0.000000
vt -0.942478 2.182433 0.000000
vt -0.871294 2.182433 0.000000
vt -0.942478 2.424925 0.000000
vt -0.871294 2.424925 0.000000
vt -0.586558 -2.667418 0.000000
vt -0.657742 -2.667418 0.000000
vt -0.586558 -2.909910 0.000000
vt -0.657742 -2.909910 0.000000
vt -0.586558 2.909910 0.000000
vt -0.657742 2.909910 0.000000
vt -0.586558 2.667418 0.000000
vt -0.657742 2.667418 0.000000
vt -0.586558 2.424925 0.000000
vt -0.657742 2.424925 0.000000
vt -0.586558 2.182433 0.000000
vt -0.657742 2.182433 0.000000
vt -0.586558 1.939940 0.000000
vt -0.657742 1.939940 0.000000
vt -0.586558 1.697448 0.000000
vt -0.657742 1.697448 0.000000
vt -0.586558 1.454955 0.000000
vt -0.657742 1.454955 0.000000
vt -0.586558 1.212463 0.000000
vt -0.657742 1.212463 0.000000
vt -0.586558 0.969970 0.000000
vt -0.657742 0.969970 0.000000
vt -0.586558 0.727478 0.000000
vt -0.657742 0.727478 0.000000
vt -0.586558 0.484985 0.000000
vt -0.657742 0.484985 0.000000
vt -0.586558 0.242493 0.000000
vt -0.657742 0.242493 0.000000
vt -0.586558 0.000000 0.000000
vt -0.657742 0.000000 0.000000
vt -0.586558 -0.242493 0.000000
vt -0.657742 -0.242493 0.000000
vt -0.586558 -0.484985 0.000000
vt -0.657742 -0.484985 0.000000
vt -0.586558 -0.727478 0.000000
vt -0.657742 -0.727478 0.000000
vt -0.586558 -0.969970 0.000000
vt -0.657742 -0.969970 0.000000
vt -0.586558 -1.212463 0.000000
vt -0.657742 -1.212463 0.000000
vt -0.586558 -1.454955 0.000000
vt -0.657742 -1.454955 0.000000
vt -0.586558 -1.697448 0.000000
vt -0.657742 -1.697448 0.000000
vt -0.586558 -1.939940 0.000000
vt -0.657742 -1.939940 0.000000
vt -0.586558 -2.182433 0.000000
vt -0.657742 -2.182433 0.000000
vt -0.586558 -2.424925 0.000000
vt -0.657742 -2.424925 0.000000
vt -0.800110 -2.909910 0.000000
vt -0.800110 -2.667418 0.000000
vt -0.800110 -2.424925 0.000000
vt -0.800110 -2.182433 0.000000
vt -0.800110 -1.939940 0.000000
vt -0.800110 -1.697448 0.000000
vt -0.800110 -1.454955 0.000000
vt -0.800110 -1.212463 0.000000
vt -0.800110 -0.969970 0.000000
vt -0.800110 -0.727478 0.000000
vt -0.800110 -0.484985 0.000000
vt -0.800110 -0.242493 0.000000
vt -0.800110 0.000000 0.000000
vt -0.800110 0.242493 0.000000
vt -0.800110 0.484985 0.000000
vt -0.800110 0.727478 0.000000
vt -0.800110 0.969970 0.000000
vt -0.800110 1.212463 0.000000
vt -0.800110 1.454955 0.000000
vt -0.800110 1.697448 0.000000
vt -0.800110 1.939940 0.000000
vt -0.800110 2.182433 0.000000
vt -0.800110 2.424925 0.000000
vt -0.800110 2.667418 0.000000
vt -0.800110 2.909910 0.000000
vt -0.728926 -2.909910 0.000000
vt -0.728926 -2.667418 0.000000
vt -0.728926 -2.424925 0.000000
vt -0.728926 -2.182433 0.000000
vt -0.728926 -1.939940 0.000000
vt -0.728926 -1.697448 0.000000
vt -0.728926 -1.454955 0.000000
vt -0.728926 -1.212463 0.000000
vt -0.728926 -0.969970 0.000000
vt -0.728926 -0.727478 0.000000
vt -0.728926 -0.484985 0.000000
vt -0.728926 -0.242493 0.000000
vt -0.728926 0.000000 0.000000
vt -0.728926 0.242493 0.000000
vt -0.728926 0.484985 0.000000
vt -0.728926 0.727478 0.000000
vt -0.728926 0.969970 0.000000
vt -0.728926 1.212463 0.000000
vt -0.728926 1.454955 0.000000
vt -0.728926 1.697448 0.000000
vt -0.728926 1.939940 0.000000
vt -0.728926 2.182433 0.000000
vt -0.728926 2.424925 0.000000
vt -0.728926 2.667418 0.000000
vt -0.728926 2.909910 0.000000
vt -0.000000 -3.452143 0.000000
vt -0.071184 -3.452143 0.000000
vt -0.000000 -3.765974 0.000000
vt -0.071184 -3.765974 0.000000
vt -0.000000 3.765974 0.000000
vt -0.071184 3.765974 0.000000
vt -0.000000 3.452143 0.000000
vt -0.071184 3.452143 0.000000
vt -0.000000 3.138312 0.000000
vt -0.071184 3.138312 0.000000
vt -0.000000 2.824481 0.000000
vt -0.071184 2.824481 0.000000
vt -0.000000 2.510650 0.000000
vt -0.071184 2.510650 0.000000
vt -0.000000 2.196818 0.000000
vt -0.071184 2.196818 0.000000
vt -0.000000 1.882987 0.000000
vt -0.071184 1.882987 0.000000
vt -0.000000 1.569156 0.000000
vt -0.071184 1.569156 0.000000
vt -0.000000 1.255325 0.000000
vt -0.071184 1.255325 0.000000
vt -0.000000 0.941494 0.000000
vt -0.071184 0.941494 0.000000
vt -0.000000 0.627662 0.000000
vt -0.071184 0.627662 0.000000
vt -0.000000 0.313831 0.000000
vt -0.071184 0.313831 0.000000
vt -0.000000 0.000000 0.000000
vt -0.071184 0.000000 0.000000
vt -0.000000 -0.313831 0.000000
vt -0.071184 -0.313831 0.000000
vt -0.000000 -0.627662 0.000000
vt -0.071184 -0.627662 0.000000
vt -0.000000 -0.941494 0.000000
vt -0.071184 -0.941494 0.000000
vt -0.000000 -1.255325 0.000000
vt -0.071184 -1.255325 0.000000
vt -0.000000 -1.569156 0.000000
vt -0.071184 -1.569156 0.000000
vt -0.000000 -1.882987 0.000000
vt -0.071184 -1.882987 0.000000
vt -0.000000 -2.196818 0.000000
vt -0.071184 -2.196818 0.000000
vt -0.000000 -2.510650 0.000000
vt -0.071184 -2.510650 0.000000
vt -0.000000 -2.824481 0.000000
vt -0.071184 -2.824481 0.000000
vt -0.000000 -3.138312 0.000000
vt -0.071184 -3.138312 0.000000
vt -0.355920 -0.313831 0.000000
vt -0.284736 -0.313831 0.000000
vt -0.355920 0.000000 0.000000
vt -0.284736 0.000000 0.000000
vt -0.355920 0.313831 0.000000
vt -0.284736 0.313831 0.000000
vt -0.355920 0.627662 0.000000
vt -0.284736 0.627662 0.000000
vt -0.355920 0.941494 0.000000
vt -0.284736 0.941494 0.000000
vt -0.355920 1.255325 0.000000
vt -0.284736 1.255325 0.000000
vt -0.355920 1.569156 0.000000
vt -0.284736 1.569156 0.000000
vt -0.355920 1.882987 0.000000
vt -0.284736 1.882987 0.000000
vt -0.355920 2.196818 0.000000
vt -0.284736 2.196818 0.000000
vt -0.355920 2.510650 0.000000
vt -0.284736 2.510650 0.000000
vt -0.355920 2.824481 0.000000
vt -0.284736 2.824481 0.000000
vt -0.355920 3.138312 0.000000
vt -0.284736 3.138312 0.000000
vt -0.355920 3.452143 0.000000
vt -0.284736 3.452143 0.000000
vt -0.355920 3.765974 0.000000
vt -0.284736 3.765974 0.000000
vt -0.355920 -3.765974 0.000000
vt -0.284736 -3.765974 0.000000
vt -0.355920 -3.452143 0.000000
vt -0.284736 -3.452143 0.000000
vt -0.355920 -3.138312 0.000000
vt -0.284736 -3.138312 0.000000
vt -0.355920 -2.824481 0.000000
vt -0.284736 -2.824481 0.000000
vt -0.355920 -2.510650 0.000000
vt -0.284736 -2.510650 0.000000
vt -0.355920 -2.196818 0.000000
vt -0.284736 -2.196818 0.000000
vt -0.355920 -1.882987 0.000000
vt -0.284736 -1.882987 0.000000
vt -0.355920 -1.569156 0.000000
vt -0.284736 -1.569156 0.000000
vt -0.355920 -1.255325 0.000000
vt -0.284736 -1.255325 0.000000
vt -0.355920 -0.941494 0.000000
vt -0.284736 -0.941494 0.000000
vt -0.355920 -0.627662 0.000000
vt -0.284736 -0.627662 0.000000
vt -0.142368 3.765974 0.000000
vt -0.142368 3.452143 0.000000
vt -0.142368 3.138312 0.000000
vt -0.142368 2.824481 0.000000
vt -0.142368 2.510650 0.000000
vt -0.142368 2.196818 0.000000
vt -0.142368 1.882987 0.000000
vt -0.142368 1.569156 0.000000
vt -0.142368 1.255325 0.000000
vt -0.142368 0.941494 0.000000
vt -0.142368 0.627662 0.000000
vt -0.142368 0.313831 0.000000
vt -0.142368 0.000000 0.000000
vt -0.142368 -0.313831 0.000000
vt -0.142368 -0.627662 0.000000
vt -0.142368 -0.941494 0.000000
vt -0.142368 -1.255325 0.000000
vt -0.142368 -1.569156 0.000000
vt -0.142368 -1.882987 0.000000
vt -0.142368 -2.196818 0.000000
vt -0.142368 -2.510650 0.000000
vt -0.142368 -2.824481 0.000000
vt -0.142368 -3.138312 0.000000
vt -0.142368 -3.452143 0.000000
vt -0.142368 -3.765974 0.000000
vt -0.213552 3.765974 0.000000
vt -0.213552 3.452143 0.000000
vt -0.213552 3.138312 0.000000
vt -0.213552 2.824481 0.000000
vt -0.213552 2.510650 0.000000
vt -0.213552 2.196818 0.000000
vt -0.213552 1.882987 0.000000
vt -0.213552 1.569156 0.000000
vt -0.213552 1.255325 0.000000
vt -0.213552 0.941494 0.000000
vt -0.213552 0.627662 0.000000
vt -0.213552 0.313831 0.000000
vt -0.213552 0.000000 0.000000
vt -0.213552 -0.313831 0.000000
vt -0.213552 -0.627662 0.000000
vt -0.213552 -0.941494 0.000000
vt -0.213552 -1.255325 0.000000
vt -0.213552 -1.569156 0.000000
vt -0.213552 -1.882987 0.000000
vt -0.213552 -2.196818 0.000000
vt -0.213552 -2.510650 0.000000
vt -0.213552 -2.824481 0.000000
vt -0.213552 -3.138312 0.000000
vt -0.213552 -3.452143 0.000000
vt -0.213552 -3.765974 0.000000
vt -0.295804 0.327249 0.000000
vt -4.497902 0.327249 0.000000
vt -0.295804 -0.000000 0.000000
vt -4.497902 -0.000000 0.000000
vt -0.295804 -0.327249 0.000000
vt -4.497902 -0.327249 0.000000
vt -0.295804 -0.654498 0.000000
vt -4.497902 -0.654498 0.000000
vt -0.295804 -0.981748 0.000000
vt -4.497902 -0.981748 0.000000
vt -0.295804 -1.308997 0.000000
vt -4.497902 -1.308997 0.000000
vt -0.295804 -1.636246 0.000000
vt -4.497902 -1.636246 0.000000
vt -0.295804 -1.963495 0.000000
vt -4.497902 -1.963495 0.000000
vt -0.295804 -2.290745 0.000000
vt -4.497902 -2.290745 0.000000
vt -0.295804 -2.617994 0.000000
vt -4.497902 -2.617994 0.000000
vt -0.295804 -2.945243 0.000000
vt -4.497902 -2.945243 0.000000
vt -0.295804 -3.272492 0.000000
vt -4.497902 -3.272492 0.000000
vt -0.295804 -3.599742 0.000000
vt -4.497902 -3.599742 0.000000
vt -0.295804 -3.926991 0.000000
vt -4.497902 -3.926991 0.000000
vt -0.295804 3.926991 0.000000
vt -4.497902 3.926991 0.000000
vt -0.295804 3.599742 0.000000
vt -4.497902 3.599742 0.000000
vt -0.295804 3.272492 0.000000
vt -4.497902 3.272492 0.000000
vt -0.295804 2.945243 0.000000
vt -4.497902 2.945243 0.000000
vt -0.295804 2.617994 0.000000
vt -4.497902 2.617994 0.000000
vt -0.295804 2.290745 0.000000
vt -4.497902 2.290745 0.000000
vt -0.295804 1.963495 0.000000
vt -4.497902 1.963495 0.000000
vt -0.295804 1.636246 0.000000
vt -4.497902 1.636246 0.000000
vt -0.295804 1.308997 0.000000
vt -4.497902 1.308997 0.000000
vt -0.295804 0.981748 0.000000
vt -4.497902 0.981748 0.000000
vt -0.295804 0.654498 0.000000
vt -4.497902 0.654498 0.000000
vt -8.700000 3.599742 0.000000
vt -8.700000 3.926991 0.000000
vt -8.700000 -3.926991 0.000000
vt -8.700000 -3.599742 0.000000
vt -8.700000 -3.272492 0.000000
vt -8.700000 -2.945243 0.000000
vt -8.700000 -2.617994 0.000000
vt -8.700000 -2.290745 0.000000
vt -8.700000 -1.963495 0.000000
vt -8.700000 -1.636246 0.000000
vt -8.700000 -1.308997 0.000000
vt -8.700000 -0.981748 0.000000
vt -8.700000 -0.654498 0.000000
vt -8.700000 -0.327249 0.000000
vt -8.700000 0.000000 0.000000
vt -8.700000 0.327249 0.000000
vt -8.700000 0.654498 0.000000
vt -8.700000 0.981748 0.000000
vt -8.700000 1.308997 0.000000
vt -8.700000 1.636246 0.000000
vt -8.700000 1.963495 0.000000
vt -8.700000 2.290745 0.000000
vt -8.700000 2.617994 0.000000
vt -8.700000 2.945243 0.000000
vt -8.700000 3.272492 0.000000
vt 0.942478 0.270458 0.000000
vt 0.871380 0.270458 0.000000
vt 0.942478 0.000000 0.000000
vt 0.871380 0.000000 0.000000
vt 0.942478 -0.270458 0.000000
vt 0.871380 -0.270458 0.000000
vt 0.942478 -0.540916 0.000000
vt 0.871380 -0.540916 0.000000
vt 0.942478 -0.811374 0.000000
vt 0.871380 -0.811374 0.000000
vt 0.942478 -1.081832 0.000000
vt 0.871380 -1.081832 0.000000
vt 0.942478 -1.352289 0.000000
vt 0.871380 -1.352289 0.000000
vt 0.942478 -1.622747 0.000000
vt 0.871380 -1.622747 0.000000
vt 0.942478 -1.893205 0.000000
vt 0.871380 -1.893205 0.000000
vt 0.942478 -2.163663 0.000000
vt 0.871380 -2.163663 0.000000
vt 0.942478 -2.434121 0.000000
vt 0.871380 -2.434121 0.000000
vt 0.942478 -2.704579 0.000000
vt 0.871380 -2.704579 0.000000
vt 0.942478 -2.975037 0.000000
vt 0.871380 -2.975037 0.000000
vt 0.942478 -3.245495 0.000000
vt 0.871380 -3.245495 0.000000
vt 0.942478 3.245495 0.000000
vt 0.871380 3.245495 0.000000
vt 0.942478 2.975037 0.000000
vt 0.871380 2.975037 0.000000
vt 0.942478 2.704579 0.000000
vt 0.871380 2.704579 0.000000
vt 0.942478 2.434121 0.000000
vt 0.871380 2.434121 0.000000
vt 0.942478 2.163663 0.000000
vt 0.871380 2.163663 0.000000
vt 0.942478 1.893205 0.000000
vt 0.871380 1.893205 0.000000
vt 0.942478 1.622747 0.000000
vt 0.871380 1.622747 0.000000
vt 0.942478 1.352289 0.000000
vt 0.871380 1.352289 0.000000
vt 0.942478 1.081832 0.000000
vt 0.871380 1.081832 0.000000
vt 0.942478 0.811374 0.000000
vt 0.871380 0.811374 0.000000
vt 0.942478 0.540916 0.000000
vt 0.871380 0.540916 0.000000
vt 0.658087 -0.270458 0.000000
vt 0.729185 -0.270458 0.000000
vt 0.658087 0.000000 0.000000
vt 0.729185 0.000000 0.000000
vt 0.658087 0.270458 0.000000
vt 0.729185 0.270458 0.000000
vt 0.658087 0.540916 0.000000
vt 0.729185 0.540916 0.000000
vt 0.658087 0.811374 0.000000
vt 0.729185 0.811374 0.000000
vt 0.658087 1.081832 0.000000
vt 0.729185 1.081832 0.000000
vt 0.658087 1.352289 0.000000
vt 0.729185 1.352289 0.000000
vt 0.658087 1.622747 0.000000
vt 0.729185 1.622747 0.000000
vt 0.658087 1.893205 0.000000
vt 0.729185 1.893205 0.000000
vt 0.658087 2.163663 0.000000
vt 0.729185 2.163663 0.000000
vt 0.658087 2.434121 0.000000
vt 0.729185 2.434121 0.000000
vt 0.658087 2.704579 0.000000
vt 0.729185 2.704579 0.000000
vt 0.658087 2.975037 0.000000
vt 0.729185 2.975037 0.000000
vt 0.658087 3.245495 0.000000
vt 0.729185 3.245495 0.000000
vt 0.658087 -3.245495 0.000000
vt 0.729185 -3.245495 0.000000
vt 0.658087 -2.975037 0.000000
vt 0.729185 -2.975037 0.000000
vt 0.658087 -2.704579 0.000000
vt 0.729185 -2.704579 0.000000
vt 0.658087 -2.434121 0.000000
vt 0.729185 -2.434121 0.000000
vt 0.658087 -2.163663 0.000000
vt 0.729185 -2.163663 0.000000
vt 0.658087 -1.893205 0.000000
vt 0.729185 -1.893205 0.000000
vt 0.658087 -1.622747 0.000000
vt 0.729185 -1.622747 0.000000
vt 0.658087 -1.352289 0.000000
vt 0.729185 -1.352289 0.000000
vt 0.658087 -1.081832 0.000000
vt 0.729185 -1.081832 0.000000
vt 0.658087 -0.811374 0.000000
vt 0.729185 -0.811374 0.000000
vt 0.658087 -0.540916 0.000000
vt 0.729185 -0.540916 0.000000
vt 0.800282 3.245495 0.000000
vt 0.800282 2.975037 0.000000
vt 0.800282 2.704579 0.000000
vt 0.800282 2.434121 0.000000
vt 0.800282 2.163663 0.000000
vt 0.800282 1.893205 0.000000
vt 0.800282 1.622747 0.000000
vt 0.800282 1.352289 0.000000
vt 0.800282 1.081832 0.000000
vt 0.800282 0.811374 0.000000
vt 0.800282 0.540916 0.000000
vt 0.800282 0.270458 0.000000
vt 0.800282 0.000000 0.000000
vt 0.800282 -0.270458 0.000000
vt 0.800282 -0.540916 0.000000
vt 0.800282 -0.811374 0.000000
vt 0.800282 -1.081832 0.000000
vt 0.800282 -1.352289 0.000000
vt 0.800282 -1.622747 0.000000
vt 0.800282 -1.893205 0.000000
vt 0.800282 -2.163663 0.000000
vt 0.800282 -2.434121 0.000000
vt 0.800282 -2.704579 0.000000
vt 0.800282 -2.975037 0.000000
vt 0.800282 -3.245495 0.000000
vt -0.122902 0.261799 0.000000
vt -5.965683 0.261799 0.000000
vt -0.122902 -0.000000 0.000000
vt -5.965683 0.000000 0.000000
vt -0.122902 -0.261799 0.000000
vt -5.965683 -0.261799 0.000000
vt -0.122902 -0.523599 0.000000
vt -5.965683 -0.523599 0.000000
vt -0.122902 -0.785398 0.000000
vt -5.965683 -0.785398 0.000000
vt -0.122902 -1.047198 0.000000
vt -5.965683 -1.047198 0.000000
vt -0.122902 -1.308997 0.000000
vt -5.965683 -1.308997 0.000000
vt -0.122902 -1.570796 0.000000
vt -5.965683 -1.570796 0.000000
vt -0.122902 -1.832596 0.000000
vt -5.965683 -1.832596 0.000000
vt -0.122902 -2.094395 0.000000
vt -5.965683 -2.094395 0.000000
vt -0.122902 -2.356194 0.000000
vt -5.965683 -2.356194 0.000000
vt -0.122902 -2.617994 0.000000
vt -5.965683 -2.617994 0.000000
vt -0.122902 -2.879793 0.000000
vt -5.965683 -2.879793 0.000000
vt -0.122902 -3.141593 0.000000
vt -5.965683 -3.141593 0.000000
vt -0.122902 3.141593 0.000000
vt -5.965683 3.141593 0.000000
vt -0.122902 2.879793 0.000000
vt -5.965683 2.879793 0.000000
vt -0.122902 2.617994 0.000000
vt -5.965683 2.617994 0.000000
vt -0.122902 2.356194 0.000000
vt -5.965683 2.356194 0.000000
vt -0.122902 2.094395 0.000000
vt -5.965683 2.094395 0.000000
vt -0.122902 1.832596 0.000000
vt -5.965683 1.832596 0.000000
vt -0.122902 1.570796 0.000000
vt -5.965683 1.570796 0.000000
vt -0.122902 1.308997 0.000000
vt -5.965683 1.308997 0.000000
vt -0.122902 1.047198 0.000000
vt -5.965683 1.047198 0.000000
vt -0.122902 0.785398 0.000000
vt -5.965683 0.785398 0.000000
vt -0.122902 0.523599 0.000000
vt -5.965683 0.523599 0.000000
vt -11.808464 -0.261799 0.000000
vt -11.808464 0.000000 0.000000
vt -11.808464 0.261799 0.000000
vt -11.808464 0.523599 0.000000
vt -11.808464 0.785398 0.000000
vt -11.808464 1.047198 0.000000
vt -11.808464 1.308997 0.000000
vt -11.808464 1.570796 0.000000
vt -11.808464 1.832596 0.000000
vt -11.808464 2.094395 0.000000
vt -11.808464 2.356194 0.000000
vt -11.808464 2.617994 0.000000
vt -11.808464 2.879793 0.000000
vt -11.808464 3.141593 0.000000
vt -11.808464 -3.141593 0.000000
vt -11.808464 -2.879793 0.000000
vt -11.808464 -2.617994 0.000000
vt -11.808464 -2.356194 0.000000
vt -11.808464 -2.094395 0.000000
vt -11.808464 -1.832596 0.000000
vt -11.808464 -1.570796 0.000000
vt -11.808464 -1.308997 0.000000
vt -11.808464 -1.047198 0.000000
vt -11.808464 -0.785398 0.000000
vt -11.808464 -0.523599 0.000000
vt -0.284391 3.504498 0.000000
vt -0.213293 3.504498 0.000000
vt -0.284391 3.823089 0.000000
vt -0.213293 3.823089 0.000000
vt -0.284391 -3.823089 0.000000
vt -0.213293 -3.823089 0.000000
vt -0.284391 -3.504498 0.000000
vt -0.213293 -3.504498 0.000000
vt -0.284391 -3.185907 0.000000
vt -0.213293 -3.185907 0.000000
vt -0.284391 -2.867317 0.000000
vt -0.213293 -2.867317 0.000000
vt -0.284391 -2.548726 0.000000
vt -0.213293 -2.548726 0.000000
vt -0.284391 -2.230135 0.000000
vt -0.213293 -2.230135 0.000000
vt -0.284391 -1.911544 0.000000
vt -0.213293 -1.911544 0.000000
vt -0.284391 -1.592954 0.000000
vt -0.213293 -1.592954 0.000000
vt -0.284391 -1.274363 0.000000
vt -0.213293 -1.274363 0.000000
vt -0.284391 -0.955772 0.000000
vt -0.213293 -0.955772 0.000000
vt -0.284391 -0.637181 0.000000
vt -0.213293 -0.637181 0.000000
vt -0.284391 -0.318591 0.000000
vt -0.213293 -0.318591 0.000000
vt -0.284391 -0.000000 0.000000
vt -0.213293 -0.000000 0.000000
vt -0.284391 0.318591 0.000000
vt -0.213293 0.318591 0.000000
vt -0.284391 0.637181 0.000000
vt -0.213293 0.637181 0.000000
vt -0.284391 0.955772 0.000000
vt -0.213293 0.955772 0.000000
vt -0.284391 1.274363 0.000000
vt -0.213293 1.274363 0.000000
vt -0.284391 1.592954 0.000000
vt -0.213293 1.592954 0.000000
vt -0.284391 1.911544 0.000000
vt -0.213293 1.911544 0.000000
vt -0.284391 2.230135 0.000000
vt -0.213293 2.230135 0.000000
vt -0.284391 2.548726 0.000000
vt -0.213293 2.548726 0.000000
vt -0.284391 2.867317 0.000000
vt -0.213293 2.867317 0.000000
vt -0.284391 3.185907 0.000000
vt -0.213293 3.185907 0.000000
vt 0.000000 -3.504498 0.000000
vt -0.071098 -3.504498 0.000000
vt 0.000000 -3.823089 0.000000
vt -0.071098 -3.823089 0.000000
vt 0.000000 3.823089 0.000000
vt -0.071098 3.823089 0.000000
vt 0.000000 3.504498 0.000000
vt -0.071098 3.504498 0.000000
vt 0.000000 3.185907 0.000000
vt -0.071098 3.185907 0.000000
vt 0.000000 2.867317 0.000000
vt -0.071098 2.867317 0.000000
vt 0.000000 2.548726 0.000000
vt -0.071098 2.548726 0.000000
vt 0.000000 2.230135 0.000000
vt -0.071098 2.230135 0.000000
vt 0.000000 1.911544 0.000000
vt -0.071098 1.911544 0.000000
vt 0.000000 1.592954 0.000000
vt -0.071098 1.592954 0.000000
vt 0.000000 1.274363 0.000000
vt -0.071098 1.274363 0.000000
vt 0.000000 0.955772 0.000000
vt -0.071098 0.955772 0.000000
vt 0.000000 0.637181 0.000000
vt -0.071098 0.637181 0.000000
vt 0.000000 0.318591 0.000000
vt -0.071098 0.318591 0.000000
vt 0.000000 -0.000000 0.000000
vt -0.071098 -0.000000 0.000000
vt 0.000000 -0.318591 0.000000
vt -0.071098 -0.318591 0.000000
vt 0.000000 -0.637181 0.000000
vt -0.071098 -0.637181 0.000000
vt 0.000000 -0.955772 0.000000
vt -0.071098 -0.955772 0.000000
vt 0.000000 -1.274363 0.000000
vt -0.071098 -1.274363 0.000000
vt 0.000000 -1.592954 0.000000
vt -0.071098 -1.592954 0.000000
vt 0.000000 -1.911544 0.000000
vt -0.071098 -1.911544 0.000000
vt 0.000000 -2.230135 0.000000
vt -0.071098 -2.230135 0.000000
vt 0.000000 -2.548726 0.000000
vt -0.071098 -2.548726 0.000000
vt 0.000000 -2.867317 0.000000
vt -0.071098 -2.867317 0.000000
vt 0.000000 -3.185907 0.000000
vt -0.071098 -3.185907 0.000000
vt -0.142195 -3.823089 0.000000
vt -0.142195 -3.504498 0.000000
vt -0.142195 -3.185907 0.000000
vt -0.142195 -2.867317 0.000000
vt -0.142195 -2.548726 0.000000
vt -0.142195 -2.230135 0.000000
vt -0.142195 -1.911544 0.000000
vt -0.142195 -1.592954 0.000000
vt -0.142195 -1.274363 0.000000
vt -0.142195 -0.955772 0.000000
vt -0.142195 -0.637181 0.000000
vt -0.142195 -0.318591 0.000000
vt -0.142195 -0.000000 0.000000
vt -0.142195 0.318591 0.000000
vt -0.142195 0.637181 0.000000
vt -0.142195 0.955772 0.000000
vt -0.142195 1.274363 0.000000
vt -0.142195 1.592954 0.000000
vt -0.142195 1.911544 0.000000
vt -0.142195 2.230135 0.000000
vt -0.142195 2.548726 0.000000
vt -0.142195 2.867317 0.000000
vt -0.142195 3.185907 0.000000
vt -0.142195 3.504498 0.000000
vt -0.142195 3.823089 0.000000
vt 0.942478 -2.926027 0.000000
vt 0.876751 -2.926027 0.000000
vt 0.942478 -3.192030 0.000000
vt 0.876751 -3.192030 0.000000
vt 0.942478 3.192030 0.000000
vt 0.876751 3.192030 0.000000
vt 0.942478 2.926027 0.000000
vt 0.876751 2.926027 0.000000
vt 0.942478 2.660025 0.000000
vt 0.876751 2.660025 0.000000
vt 0.942478 2.394022 0.000000
vt 0.876751 2.394022 0.000000
vt 0.942478 2.128020 0.000000
vt 0.876751 2.128020 0.000000
vt 0.942478 1.862017 0.000000
vt 0.876751 1.862017 0.000000
vt 0.942478 1.596015 0.000000
vt 0.876751 1.596015 0.000000
vt 0.942478 1.330012 0.000000
vt 0.876751 1.330012 0.000000
vt 0.942478 1.064010 0.000000
vt 0.876751 1.064010 0.000000
vt 0.942478 0.798007 0.000000
vt 0.876751 0.798007 0.000000
vt 0.942478 0.532005 0.000000
vt 0.876751 0.532005 0.000000
vt 0.942478 0.266002 0.000000
vt 0.876751 0.266002 0.000000
vt 0.942478 0.000000 0.000000
vt 0.876751 0.000000 0.000000
vt 0.942478 -0.266002 0.000000
vt 0.876751 -0.266002 0.000000
vt 0.942478 -0.532005 0.000000
vt 0.876751 -0.532005 0.000000
vt 0.942478 -0.798007 0.000000
vt 0.876751 -0.798007 0.000000
vt 0.942478 -1.064010 0.000000
vt 0.876751 -1.064010 0.000000
vt 0.942478 -1.330012 0.000000
vt 0.876751 -1.330012 0.000000
vt 0.942478 -1.596015 0.000000
vt 0.876751 -1.596015 0.000000
vt 0.942478 -1.862017 0.000000
vt 0.876751 -1.862017 0.000000
vt 0.942478 -2.128020 0.000000
vt 0.876751 -2.128020 0.000000
vt 0.942478 -2.394022 0.000000
vt 0.876751 -2.394022 0.000000
vt 0.942478 -2.660025 0.000000
vt 0.876751 -2.660025 0.000000
vt 0.745299 2.926027 0.000000
vt 0.811025 2.926027 0.000000
vt 0.745299 3.192030 0.000000
vt 0.811025 3.192030 0.000000
vt 0.745299 -3.192030 0.000000
vt 0.811025 -3.192030 0.000000
vt 0.745299 -2.926027 0.000000
vt 0.811025 -2.926027 0.000000
vt 0.745299 -2.660025 0.000000
vt 0.811025 -2.660025 0.000000
vt 0.745299 -2.394022 0.000000
vt 0.811025 -2.394022 0.000000
vt 0.745299 -2.128020 0.000000
vt 0.811025 -2.128020 0.000000
vt 0.745299 -1.862017 0.000000
vt 0.811025 -1.862017 0.000000
vt 0.745299 -1.596015 0.000000
vt 0.811025 -1.596015 0.000000
vt 0.745299 -1.330012 0.000000
vt 0.811025 -1.330012 0.000000
vt 0.745299 -1.064010 0.000000
vt 0.811025 -1.064010 0.000000
vt 0.745299 -0.798007 0.000000
vt 0.811025 -0.798007 0.000000
vt 0.745299 -0.532005 0.000000
vt 0.811025 -0.532005 0.000000
vt 0.745299 -0.266002 0.000000
vt 0.811025 -0.266002 0.000000
vt 0.745299 0.000000 0.000000
vt 0.811025 0.000000 0.000000
vt 0.745299 0.266002 0.000000
vt 0.811025 0.266002 0.000000
vt 0.745299 0.532005 0.000000
vt 0.811025 0.532005 0.000000
vt 0.745299 0.798007 0.000000
vt 0.811025 0.798007 0.000000
vt 0.745299 1.064010 0.000000
vt 0.811025 1.064010 0.000000
vt 0.745299 1.330012 0.000000
vt 0.811025 1.330012 0.000000
vt 0.745299 1.596015 0.000000
vt 0.811025 1.596015 0.000000
vt 0.745299 1.862017 0.000000
vt 0.811025 1.862017 0.000000
vt 0.745299 2.128020 0.000000
vt 0.811025 2.128020 0.000000
vt 0.745299 2.394022 0.000000
vt 0.811025 2.394022 0.000000
vt 0.745299 2.660025 0.000000
vt 0.811025 2.660025 0.000000
vt -0.197179 3.193534 0.000000
vt -0.131453 3.193534 0.000000
vt -0.197179 3.483855 0.000000
vt -0.131453 3.483855 0.000000
vt -0.197179 -3.483855 0.000000
vt -0.131453 -3.483855 0.000000
vt -0.197179 -3.193534 0.000000
vt -0.131453 -3.193534 0.000000
vt -0.197179 -2.903212 0.000000
vt -0.131453 -2.903212 0.000000
vt -0.197179 -2.612891 0.000000
vt -0.131453 -2.612891 0.000000
vt -0.197179 -2.322570 0.000000
vt -0.131453 -2.322570 0.000000
vt -0.197179 -2.032249 0.000000
vt -0.131453 -2.032249 0.000000
vt -0.197179 -1.741927 0.000000
vt -0.131453 -1.741927 0.000000
vt -0.197179 -1.451606 0.000000
vt -0.131453 -1.451606 0.000000
vt -0.197179 -1.161285 0.000000
vt -0.131453 -1.161285 0.000000
vt -0.197179 -0.870964 0.000000
vt -0.131453 -0.870964 0.000000
vt -0.197179 -0.580642 0.000000
vt -0.131453 -0.580642 0.000000
vt -0.197179 -0.290321 0.000000
vt -0.131453 -0.290321 0.000000
vt -0.197179 -0.000000 0.000000
vt -0.131453 -0.000000 0.000000
vt -0.197179 0.290321 0.000000
vt -0.131453 0.290321 0.000000
vt -0.197179 0.580642 0.000000
vt -0.131453 0.580642 0.000000
vt -0.197179 0.870964 0.000000
vt -0.131453 0.870964 0.000000
vt -0.197179 1.161285 0.000000
vt -0.131453 1.161285 0.000000
vt -0.197179 1.451606 0.000000
vt -0.131453 1.451606 0.000000
vt -0.197179 1.741927 0.000000
vt -0.131453 1.741927 0.000000
vt -0.197179 2.032249 0.000000
vt -0.131453 2.032249 0.000000
vt -0.197179 2.322570 0.000000
vt -0.131453 2.322570 0.000000
vt -0.197179 2.612891 0.000000
vt -0.131453 2.612891 0.000000
vt -0.197179 2.903212 0.000000
vt -0.131453 2.903212 0.000000
vt 0.000000 -3.193534 0.000000
vt -0.065726 -3.193534 0.000000
vt 0.000000 -3.483855 0.000000
vt -0.065726 -3.483855 0.000000
vt 0.000000 3.483855 0.000000
vt -0.065726 3.483855 0.000000
vt 0.000000 3.193534 0.000000
vt -0.065726 3.193534 0.000000
vt 0.000000 2.903212 0.000000
vt -0.065726 2.903212 0.000000
vt 0.000000 2.612891 0.000000
vt -0.065726 2.612891 0.000000
vt 0.000000 2.322570 0.000000
vt -0.065726 2.322570 0.000000
vt 0.000000 2.032249 0.000000
vt -0.065726 2.032249 0.000000
vt 0.000000 1.741927 0.000000
vt -0.065726 1.741927 0.000000
vt 0.000000 1.451606 0.000000
vt -0.065726 1.451606 0.000000
vt 0.000000 1.161285 0.000000
vt -0.065726 1.161285 0.000000
vt 0.000000 0.870964 0.000000
vt -0.065726 0.870964 0.000000
vt 0.000000 0.580642 0.000000
vt -0.065726 0.580642 0.000000
vt 0.000000 0.290321 0.000000
vt -0.065726 0.290321 0.000000
vt 0.000000 -0.000000 0.000000
vt -0.065726 -0.000000 0.000000
vt 0.000000 -0.290321 0.000000
vt -0.065726 -0.290321 0.000000
vt 0.000000 -0.580642 0.000000
vt -0.065726 -0.580642 0.000000
vt 0.000000 -0.870964 0.000000
vt -0.065726 -0.870964 0.000000
vt 0.000000 -1.161285 0.000000
vt -0.065726 -1.161285 0.000000
vt 0.000000 -1.451606 0.000000
vt -0.065726 -1.451606 0.000000
vt 0.000000 -1.741927 0.000000
vt -0.065726 -1.741927 0.000000
vt 0.000000 -2.032249 0.000000
vt -0.065726 -2.032249 0.000000
vt 0.000000 -2.322570 0.000000
vt -0.065726 -2.322570 0.000000
vt 0.000000 -2.612891 0.000000
vt -0.065726 -2.612891 0.000000
vt 0.000000 -2.903212 0.000000
vt -0.065726 -2.903212 0.000000
vt -0.295804 0.294524 0.000000
vt -3.756330 0.294524 0.000000
vt -0.295804 -0.000000 0.000000
vt -3.756330 0.000000 0.000000
vt -0.295804 -0.294524 0.000000
vt -3.756330 -0.294524 0.000000
vt -0.295804 -0.589049 0.000000
vt -3.756330 -0.589049 0.000000
vt -0.295804 -0.883573 0.000000
vt -3.756330 -0.883573 0.000000
vt -0.295804 -1.178097 0.000000
vt -3.756330 -1.178097 0.000000
vt -0.295804 -1.472622 0.000000
vt -3.756330 -1.472622 0.000000
vt -0.295804 -1.767146 0.000000
vt -3.756330 -1.767146 0.000000
vt -0.295804 -2.061670 0.000000
vt -3.756330 -2.061670 0.000000
vt -0.295804 -2.356194 0.000000
vt -3.756330 -2.356194 0.000000
vt -0.295804 -2.650719 0.000000
vt -3.756330 -2.650719 0.000000
vt -0.295804 -2.945243 0.000000
vt -3.756330 -2.945243 0.000000
vt -0.295804 -3.239767 0.000000
vt -3.756330 -3.239767 0.000000
vt -0.295804 -3.534292 0.000000
vt -3.756330 -3.534292 0.000000
vt -0.295804 3.534292 0.000000
vt -3.756330 3.534292 0.000000
vt -0.295804 3.239767 0.000000
vt -3.756330 3.239767 0.000000
vt -0.295804 2.945243 0.000000
vt -3.756330 2.945243 0.000000
vt -0.295804 2.650719 0.000000
vt -3.756330 2.650719 0.000000
vt -0.295804 2.356194 0.000000
vt -3.756330 2.356194 0.000000
vt -0.295804 2.061670 0.000000
vt -3.756330 2.061670 0.000000
vt -0.295804 1.767146 0.000000
vt -3.756330 1.767146 0.000000
vt -0.295804 1.472622 0.000000
vt -3.756330 1.472622 0.000000
vt -0.295804 1.178097 0.000000
vt -3.756330 1.178097 0.000000
vt -0.295804 0.883573 0.000000
vt -3.756330 0.883573 0.000000
vt -0.295804 0.589049 0.000000
vt -3.756330 0.589049 0.000000
vt 0.942478 0.237733 0.000000
vt 0.871380 0.237733 0.000000
vt 0.942478 0.000000 0.000000
vt 0.871380 0.000000 0.000000
vt 0.942478 -0.237733 0.000000
vt 0.871380 -0.237733 0.000000
vt 0.942478 -0.475466 0.000000
vt 0.871380 -0.475466 0.000000
vt 0.942478 -0.713199 0.000000
vt 0.871380 -0.713199 0.000000
vt 0.942478 -0.950932 0.000000
vt 0.871380 -0.950932 0.000000
vt 0.942478 -1.188665 0.000000
vt 0.871380 -1.188665 0.000000
vt 0.942478 -1.426398 0.000000
vt 0.871380 -1.426398 0.000000
vt 0.942478 -1.664131 0.000000
vt 0.871380 -1.664131 0.000000
vt 0.942478 -1.901864 0.000000
vt 0.871380 -1.901864 0.000000
vt 0.942478 -2.139597 0.000000
vt 0.871380 -2.139597 0.000000
vt 0.942478 -2.377330 0.000000
vt 0.871380 -2.377330 0.000000
vt 0.942478 -2.615063 0.000000
vt 0.871380 -2.615063 0.000000
vt 0.942478 -2.852796 0.000000
vt 0.871380 -2.852796 0.000000
vt 0.942478 2.852796 0.000000
vt 0.871380 2.852796 0.000000
vt 0.942478 2.615063 0.000000
vt 0.871380 2.615063 0.000000
vt 0.942478 2.377330 0.000000
vt 0.871380 2.377330 0.000000
vt 0.942478 2.139597 0.000000
vt 0.871380 2.139597 0.000000
vt 0.942478 1.901864 0.000000
vt 0.871380 1.901864 0.000000
vt 0.942478 1.664131 0.000000
vt 0.871380 1.664131 0.000000
vt 0.942478 1.426398 0.000000
vt 0.871380 1.426398 0.000000
vt 0.942478 1.188665 0.000000
vt 0.871380 1.188665 0.000000
vt 0.942478 0.950932 0.000000
vt 0.871380 0.950932 0.000000
vt 0.942478 0.713199 0.000000
vt 0.871380 0.713199 0.000000
vt 0.942478 0.475466 0.000000
vt 0.871380 0.475466 0.000000
vt 0.658087 -0.237733 0.000000
vt 0.729185 -0.237733 0.000000
vt 0.658087 0.000000 0.000000
vt 0.729185 0.000000 0.000000
vt 0.658087 0.237733 0.000000
vt 0.729185 0.237733 0.000000
vt 0.658087 0.475466 0.000000
vt 0.729185 0.475466 0.000000
vt 0.658087 0.713199 0.000000
vt 0.729185 0.713199 0.000000
vt 0.658087 0.950932 0.000000
vt 0.729185 0.950932 0.000000
vt 0.658087 1.188665 0.000000
vt 0.729185 1.188665 0.000000
vt 0.658087 1.426398 0.000000
vt 0.729185 1.426398 0.000000
vt 0.658087 1.664131 0.000000
vt 0.729185 1.664131 0.000000
vt 0.658087 1.901864 0.000000
vt 0.729185 1.901864 0.000000
vt 0.658087 2.139597 0.000000
vt 0.729185 2.139597 0.000000
vt 0.658087 2.377330 0.000000
vt 0.729185 2.377330 0.000000
vt 0.658087 2.615063 0.000000
vt 0.729185 2.615063 0.000000
vt 0.658087 2.852796 0.000000
vt 0.729185 2.852796 0.000000
vt 0.658087 -2.852796 0.000000
vt 0.729185 -2.852796 0.000000
vt 0.658087 -2.615063 0.000000
vt 0.729185 -2.615063 0.000000
vt 0.658087 -2.377330 0.000000
vt 0.729185 -2.377330 0.000000
vt 0.658087 -2.139597 0.000000
vt 0.729185 -2.139597 0.000000
vt 0.658087 -1.901864 0.000000
vt 0.729185 -1.901864 0.000000
vt 0.658087 -1.664131 0.000000
vt 0.729185 -1.664131 0.000000
vt 0.658087 -1.426398 0.000000
vt 0.729185 -1.426398 0.000000
vt 0.658087 -1.188665 0.000000
vt 0.729185 -1.188665 0.000000
vt 0.658087 -0.950932 0.000000
vt 0.729185 -0.950932 0.000000
vt 0.658087 -0.713199 0.000000
vt 0.729185 -0.713199 0.000000
vt 0.658087 -0.475466 0.000000
vt 0.729185 -0.475466 0.000000
vt 0.800282 2.852796 0.000000
vt 0.800282 2.615063 0.000000
vt 0.800282 2.377330 0.000000
vt 0.800282 2.139597 0.000000
vt 0.800282 1.901864 0.000000
vt 0.800282 1.664131 0.000000
vt 0.800282 1.426398 0.000000
vt 0.800282 1.188665 0.000000
vt 0.800282 0.950932 0.000000
vt 0.800282 0.713199 0.000000
vt 0.800282 0.475466 0.000000
vt 0.800282 0.237733 0.000000
vt 0.800282 0.000000 0.000000
vt 0.800282 -0.237733 0.000000
vt 0.800282 -0.475466 0.000000
vt 0.800282 -0.713199 0.000000
vt 0.800282 -0.950932 0.000000
vt 0.800282 -1.188665 0.000000
vt 0.800282 -1.426398 0.000000
vt 0.800282 -1.664131 0.000000
vt 0.800282 -1.901864 0.000000
vt 0.800282 -2.139597 0.000000
vt 0.800282 -2.377330 0.000000
vt 0.800282 -2.615063 0.000000
vt 0.800282 -2.852796 0.000000
vt -0.300000 -2.519819 0.000000
vt -4.054232 -2.519819 0.000000
vt -0.300000 -2.748894 0.000000
vt -4.054232 -2.748894 0.000000
vt -0.300000 2.748894 0.000000
vt -4.054232 2.748894 0.000000
vt -0.300000 2.519819 0.000000
vt -4.054232 2.519819 0.000000
vt -0.300000 2.290745 0.000000
vt -4.054232 2.290745 0.000000
vt -0.300000 2.061670 0.000000
vt -4.054232 2.061670 0.000000
vt -0.300000 1.832596 0.000000
vt -4.054232 1.832596 0.000000
vt -0.300000 1.603521 0.000000
vt -4.054232 1.603521 0.000000
vt -0.300000 1.374447 0.000000
vt -4.054232 1.374447 0.000000
vt -0.300000 1.145372 0.000000
vt -4.054232 1.145372 0.000000
vt -0.300000 0.916298 0.000000
vt -4.054232 0.916298 0.000000
vt -0.300000 0.687223 0.000000
vt -4.054232 0.687223 0.000000
vt -0.300000 0.458149 0.000000
vt -4.054232 0.458149 0.000000
vt -0.300000 0.229074 0.000000
vt -4.054232 0.229074 0.000000
vt -0.300000 0.000000 0.000000
vt -4.054232 0.000000 0.000000
vt -0.300000 -0.229074 0.000000
vt -4.054232 -0.229074 0.000000
vt -0.300000 -0.458149 0.000000
vt -4.054232 -0.458149 0.000000
vt -0.300000 -0.687223 0.000000
vt -4.054232 -0.687223 0.000000
vt -0.300000 -0.916298 0.000000
vt -4.054232 -0.916298 0.000000
vt -0.300000 -1.145372 0.000000
vt -4.054232 -1.145372 0.000000
vt -0.300000 -1.374447 0.000000
vt -4.054232 -1.374447 0.000000
vt -0.300000 -1.603521 0.000000
vt -4.054232 -1.603521 0.000000
vt -0.300000 -1.832596 0.000000
vt -4.054232 -1.832596 0.000000
vt -0.300000 -2.061670 0.000000
vt -4.054232 -2.061670 0.000000
vt -0.300000 -2.290745 0.000000
vt -4.054232 -2.290745 0.000000
vt -7.808464 -0.229074 0.000000
vt -7.808464 0.000000 0.000000
vt -7.808464 0.229074 0.000000
vt -7.808464 0.458149 0.000000
vt -7.808464 0.687223 0.000000
vt -7.808464 0.916298 0.000000
vt -7.808464 1.145372 0.000000
vt -7.808464 1.374447 0.000000
vt -7.808464 1.603521 0.000000
vt -7.808464 1.832596 0.000000
vt -7.808464 2.061670 0.000000
vt -7.808464 2.290745 0.000000
vt -7.808464 2.519819 0.000000
vt -7.808464 2.748894 0.000000
vt -7.808464 -2.748894 0.000000
vt -7.808464 -2.519819 0.000000
vt -7.808464 -2.290745 0.000000
vt -7.808464 -2.061670 0.000000
vt -7.808464 -1.832596 0.000000
vt -7.808464 -1.603521 0.000000
vt -7.808464 -1.374447 0.000000
vt -7.808464 -1.145372 0.000000
vt -7.808464 -0.916298 0.000000
vt -7.808464 -0.687223 0.000000
vt -7.808464 -0.458149 0.000000
vt -0.284391 3.144524 0.000000
vt -0.213293 3.144524 0.000000
vt -0.284391 3.430390 0.000000
vt -0.213293 3.430390 0.000000
vt -0.284391 -3.430390 0.000000
vt -0.213293 -3.430390 0.000000
vt -0.284391 -3.144524 0.000000
vt -0.213293 -3.144524 0.000000
vt -0.284391 -2.858658 0.000000
vt -0.213293 -2.858658 0.000000
vt -0.284391 -2.572792 0.000000
vt -0.213293 -2.572792 0.000000
vt -0.284391 -2.286926 0.000000
vt -0.213293 -2.286926 0.000000
vt -0.284391 -2.001061 0.000000
vt -0.213293 -2.001061 0.000000
vt -0.284391 -1.715195 0.000000
vt -0.213293 -1.715195 0.000000
vt -0.284391 -1.429329 0.000000
vt -0.213293 -1.429329 0.000000
vt -0.284391 -1.143463 0.000000
vt -0.213293 -1.143463 0.000000
vt -0.284391 -0.857597 0.000000
vt -0.213293 -0.857597 0.000000
vt -0.284391 -0.571732 0.000000
vt -0.213293 -0.571732 0.000000
vt -0.284391 -0.285866 0.000000
vt -0.213293 -0.285866 0.000000
vt -0.284391 -0.000000 0.000000
vt -0.213293 -0.000000 0.000000
vt -0.284391 0.285866 0.000000
vt -0.213293 0.285866 0.000000
vt -0.284391 0.571732 0.000000
vt -0.213293 0.571732 0.000000
vt -0.284391 0.857597 0.000000
vt -0.213293 0.857597 0.000000
vt -0.284391 1.143463 0.000000
vt -0.213293 1.143463 0.000000
vt -0.284391 1.429329 0.000000
vt -0.213293 1.429329 0.000000
vt -0.284391 1.715195 0.000000
vt -0.213293 1.715195 0.000000
vt -0.284391 2.001061 0.000000
vt -0.213293 2.001061 0.000000
vt -0.284391 2.286926 0.000000
vt -0.213293 2.286926 0.000000
vt -0.284391 2.572792 0.000000
vt -0.213293 2.572792 0.000000
vt -0.284391 2.858658 0.000000
vt -0.213293 2.858658 0.000000
vt 0.000000 -3.144524 0.000000
vt -0.071098 -3.144524 0.000000
vt 0.000000 -3.430390 0.000000
vt -0.071098 -3.430390 0.000000
vt 0.000000 3.430390 0.000000
vt -0.071098 3.430390 0.000000
vt 0.000000 3.144524 0.000000
vt -0.071098 3.144524 0.000000
vt 0.000000 2.858658 0.000000
vt -0.071098 2.858658 0.000000
vt 0.000000 2.572792 0.000000
vt -0.071098 2.572792 0.000000
vt 0.000000 2.286926 0.000000
vt -0.071098 2.286926 0.000000
vt 0.000000 2.001061 0.000000
vt -0.071098 2.001061 0.000000
vt 0.000000 1.715195 0.000000
vt -0.071098 1.715195 0.000000
vt 0.000000 1.429329 0.000000
vt -0.071098 1.429329 0.000000
vt 0.000000 1.143463 0.000000
vt -0.071098 1.143463 0.000000
vt 0.000000 0.857597 0.000000
vt -0.071098 0.857597 0.000000
vt 0.000000 0.571732 0.000000
vt -0.071098 0.571732 0.000000
vt 0.000000 0.285866 0.000000
vt -0.071098 0.285866 0.000000
vt 0.000000 -0.000000 0.000000
vt -0.071098 -0.000000 0.000000
vt 0.000000 -0.285866 0.000000
vt -0.071098 -0.285866 0.000000
vt 0.000000 -0.571732 0.000000
vt -0.071098 -0.571732 0.000000
vt 0.000000 -0.857597 0.000000
vt -0.071098 -0.857597 0.000000
vt 0.000000 -1.143463 0.000000
vt -0.071098 -1.143463 0.000000
vt 0.000000 -1.429329 0.000000
vt -0.071098 -1.429329 0.000000
vt 0.000000 -1.715195 0.000000
vt -0.071098 -1.715195 0.000000
vt 0.000000 -2.001061 0.000000
vt -0.071098 -2.001061 0.000000
vt 0.000000 -2.286926 0.000000
vt -0.071098 -2.286926 0.000000
vt 0.000000 -2.572792 0.000000
vt -0.071098 -2.572792 0.000000
vt 0.000000 -2.858658 0.000000
vt -0.071098 -2.858658 0.000000
vt -0.142195 -3.430390 0.000000
vt -0.142195 -3.144524 0.000000
vt -0.142195 -2.858658 0.000000
vt -0.142195 -2.572792 0.000000
vt -0.142195 -2.286926 0.000000
vt -0.142195 -2.001061 0.000000
vt -0.142195 -1.715195 0.000000
vt -0.142195 -1.429329 0.000000
vt -0.142195 -1.143463 0.000000
vt -0.142195 -0.857597 0.000000
vt -0.142195 -0.571732 0.000000
vt -0.142195 -0.285866 0.000000
vt -0.142195 -0.000000 0.000000
vt -0.142195 0.285866 0.000000
vt -0.142195 0.571732 0.000000
vt -0.142195 0.857597 0.000000
vt -0.142195 1.143463 0.000000
vt -0.142195 1.429329 0.000000
vt -0.142195 1.715195 0.000000
vt -0.142195 2.001061 0.000000
vt -0.142195 2.286926 0.000000
vt -0.142195 2.572792 0.000000
vt -0.142195 2.858658 0.000000
vt -0.142195 3.144524 0.000000
vt -0.142195 3.430390 0.000000
vt 0.471239 -2.266778 0.000000
vt 0.392699 -2.266778 0.000000
vt 0.471239 -2.472848 0.000000
vt 0.392699 -2.472848 0.000000
vt 0.471239 2.472848 0.000000
vt 0.392699 2.472848 0.000000
vt 0.471239 2.266778 0.000000
vt 0.392699 2.266778 0.000000
vt 0.471239 2.060707 0.000000
vt 0.392699 2.060707 0.000000
vt 0.471239 1.854636 0.000000
vt 0.392699 1.854636 0.000000
vt 0.471239 1.648565 0.000000
vt 0.392699 1.648565 0.000000
vt 0.471239 1.442495 0.000000
vt 0.392699 1.442495 0.000000
vt 0.471239 1.236424 0.000000
vt 0.392699 1.236424 0.000000
vt 0.471239 1.030353 0.000000
vt 0.392699 1.030353 0.000000
vt 0.471239 0.824283 0.000000
vt 0.392699 0.824283 0.000000
vt 0.471239 0.618212 0.000000
vt 0.392699 0.618212 0.000000
vt 0.471239 0.412141 0.000000
vt 0.392699 0.412141 0.000000
vt 0.471239 0.206071 0.000000
vt 0.392699 0.206071 0.000000
vt 0.471239 0.000000 0.000000
vt 0.392699 0.000000 0.000000
vt 0.471239 -0.206071 0.000000
vt 0.392699 -0.206071 0.000000
vt 0.471239 -0.412141 0.000000
vt 0.392699 -0.412141 0.000000
vt 0.471239 -0.618212 0.000000
vt 0.392699 -0.618212 0.000000
vt 0.471239 -0.824283 0.000000
vt 0.392699 -0.824283 0.000000
vt 0.471239 -1.030353 0.000000
vt 0.392699 -1.030353 0.000000
vt 0.471239 -1.236424 0.000000
vt 0.392699 -1.236424 0.000000
vt 0.471239 -1.442495 0.000000
vt 0.392699 -1.442495 0.000000
vt 0.471239 -1.648565 0.000000
vt 0.392699 -1.648565 0.000000
vt 0.471239 -1.854636 0.000000
vt 0.392699 -1.854636 0.000000
vt 0.471239 -2.060707 0.000000
vt 0.392699 -2.060707 0.000000
vt -0.000000 2.266778 0.000000
vt 0.078540 2.266778 0.000000
vt -0.000000 2.472848 0.000000
vt 0.078540 2.472848 0.000000
vt -0.000000 -2.472848 0.000000
vt 0.078540 -2.472848 0.000000
vt -0.000000 -2.266778 0.000000
vt 0.078540 -2.266778 0.000000
vt -0.000000 -2.060707 0.000000
vt 0.078540 -2.060707 0.000000
vt -0.000000 -1.854636 0.000000
vt 0.078540 -1.854636 0.000000
vt -0.000000 -1.648565 0.000000
vt 0.078540 -1.648565 0.000000
vt -0.000000 -1.442495 0.000000
vt 0.078540 -1.442495 0.000000
vt -0.000000 -1.236424 0.000000
vt 0.078540 -1.236424 0.000000
vt -0.000000 -1.030353 0.000000
vt 0.078540 -1.030353 0.000000
vt -0.000000 -0.824283 0.000000
vt 0.078540 -0.824283 0.000000
vt -0.000000 -0.618212 0.000000
vt 0.078540 -0.618212 0.000000
vt -0.000000 -0.412141 0.000000
vt 0.078540 -0.412141 0.000000
vt -0.000000 -0.206071 0.000000
vt 0.078540 -0.206071 0.000000
vt -0.000000 0.000000 0.000000
vt 0.078540 0.000000 0.000000
vt -0.000000 0.206071 0.000000
vt 0.078540 0.206071 0.000000
vt -0.000000 0.412141 0.000000
vt 0.078540 0.412141 0.000000
vt -0.000000 0.618212 0.000000
vt 0.078540 0.618212 0.000000
vt -0.000000 0.824283 0.000000
vt 0.078540 0.824283 0.000000
vt -0.000000 1.030353 0.000000
vt 0.078540 1.030353 0.000000
vt -0.000000 1.236424 0.000000
vt 0.078540 1.236424 0.000000
vt -0.000000 1.442495 0.000000
vt 0.078540 1.442495 0.000000
vt -0.000000 1.648565 0.000000
vt 0.078540 1.648565 0.000000
vt -0.000000 1.854636 0.000000
vt 0.078540 1.854636 0.000000
vt -0.000000 2.060707 0.000000
vt 0.078540 2.060707 0.000000
vt 0.314159 2.472848 0.000000
vt 0.314159 2.266778 0.000000
vt 0.314159 2.060707 0.000000
vt 0.314159 1.854636 0.000000
vt 0.314159 1.648565 0.000000
vt 0.314159 1.442495 0.000000
vt 0.314159 1.236424 0.000000
vt 0.314159 1.030353 0.000000
vt 0.314159 0.824283 0.000000
vt 0.314159 0.618212 0.000000
vt 0.314159 0.412141 0.000000
vt 0.314159 0.206071 0.000000
vt 0.314159 0.000000 0.000000
vt 0.314159 -0.206071 0.000000
vt 0.314159 -0.412141 0.000000
vt 0.314159 -0.618212 0.000000
vt 0.314159 -0.824283 0.000000
vt 0.314159 -1.030353 0.000000
vt 0.314159 -1.236424 0.000000
vt 0.314159 -1.442495 0.000000
vt 0.314159 -1.648565 0.000000
vt 0.314159 -1.854636 0.000000
vt 0.314159 -2.060707 0.000000
vt 0.314159 -2.266778 0.000000
vt 0.314159 -2.472848 0.000000
vt 0.235619 2.472848 0.000000
vt 0.235619 2.266778 0.000000
vt 0.235619 2.060707 0.000000
vt 0.235619 1.854636 0.000000
vt 0.235619 1.648565 0.000000
vt 0.235619 1.442495 0.000000
vt 0.235619 1.236424 0.000000
vt 0.235619 1.030353 0.000000
vt 0.235619 0.824283 0.000000
vt 0.235619 0.618212 0.000000
vt 0.235619 0.412141 0.000000
vt 0.235619 0.206071 0.000000
vt 0.235619 0.000000 0.000000
vt 0.235619 -0.206071 0.000000
vt 0.235619 -0.412141 0.000000
vt 0.235619 -0.618212 0.000000
vt 0.235619 -0.824283 0.000000
vt 0.235619 -1.030353 0.000000
vt 0.235619 -1.236424 0.000000
vt 0.235619 -1.442495 0.000000
vt 0.235619 -1.648565 0.000000
vt 0.235619 -1.854636 0.000000
vt 0.235619 -2.060707 0.000000
vt 0.235619 -2.266778 0.000000
vt 0.235619 -2.472848 0.000000
vt 0.157080 2.472848 0.000000
vt 0.157080 2.266778 0.000000
vt 0.157080 2.060707 0.000000
vt 0.157080 1.854636 0.000000
vt 0.157080 1.648565 0.000000
vt 0.157080 1.442495 0.000000
vt 0.157080 1.236424 0.000000
vt 0.157080 1.030353 0.000000
vt 0.157080 0.824283 0.000000
vt 0.157080 0.618212 0.000000
vt 0.157080 0.412141 0.000000
vt 0.157080 0.206071 0.000000
vt 0.157080 0.000000 0.000000
vt 0.157080 -0.206071 0.000000
vt 0.157080 -0.412141 0.000000
vt 0.157080 -0.618212 0.000000
vt 0.157080 -0.824283 0.000000
vt 0.157080 -1.030353 0.000000
vt 0.157080 -1.236424 0.000000
vt 0.157080 -1.442495 0.000000
vt 0.157080 -1.648565 0.000000
vt 0.157080 -1.854636 0.000000
vt 0.157080 -2.060707 0.000000
vt 0.157080 -2.266778 0.000000
vt 0.157080 -2.472848 0.000000
vt 0.555407 0.148821 0.000000
vt -0.555407 0.148821 0.000000
vt 0.575000 -0.000000 0.000000
vt -0.575000 0.000000 0.000000
vt 0.555407 -0.148821 0.000000
vt -0.555407 -0.148821 0.000000
vt 0.497965 -0.287500 0.000000
vt -0.497965 -0.287500 0.000000
vt 0.406586 -0.406586 0.000000
vt -0.406586 -0.406586 0.000000
vt 0.287500 -0.497965 0.000000
vt -0.287500 -0.497965 0.000000
vt 0.148821 -0.555407 0.000000
vt -0.148821 -0.555407 0.000000
vt -0.000000 -0.575000 0.000000
vt -0.497965 0.287500 0.000000
vt 0.497965 0.287500 0.000000
vt -0.406586 0.406586 0.000000
vt 0.406586 0.406586 0.000000
vt -0.287500 0.497965 0.000000
vt 0.287500 0.497965 0.000000
vt -0.148821 0.555407 0.000000
vt 0.148821 0.555407 0.000000
vt -0.000000 0.575000 0.000000
vn 0.980680 0.000000 -0.195618
vn 0.980680 0.000000 -0.195618
vn 1.000000 0.000000 -0.000000
vn 1.000000 0.000000 -0.000000
vn 0.980680 -0.000000 0.195618
vn 0.980680 -0.000000 0.195618
vn 0.922498 -0.000000 0.386003
vn 0.922498 0.000000 -0.386003
vn 0.922498 0.000000 -0.386003
vn 0.829106 0.000000 -0.559092
vn 0.829106 0.000000 -0.559092
vn 0.708440 0.000000 -0.705771
vn 0.708440 0.000000 -0.705771
vn 0.561859 0.000000 -0.827233
vn 0.561859 0.000000 -0.827233
vn 0.387868 0.000000 -0.921715
vn 0.387868 0.000000 -0.921715
vn 0.196246 0.000000 -0.980555
vn 0.196246 0.000000 -0.980555
vn 0.000000 0.000000 -1.000000
vn 0.000000 0.000000 -1.000000
vn -0.196246 0.000000 -0.980555
vn -0.196246 0.000000 -0.980555
vn -0.387868 0.000000 -0.921715
vn -0.387868 0.000000 -0.921715
vn -0.561859 0.000000 -0.827233
vn -0.561859 0.000000 -0.827233
vn -0.708440 0.000000 -0.705771
vn -0.708440 0.000000 -0.705771
vn -0.829106 0.000000 -0.559092
vn -0.829106 0.000000 -0.559092
vn -0.922498 0.000000 -0.386003
vn -0.922498 0.000000 -0.386003
vn -0.980680 0.000000 -0.195618
vn -0.980680 0.000000 -0.195618
vn -1.000000 0.000000 0.000000
vn -1.000000 0.000000 0.000000
vn -0.980680 0.000000 0.195618
vn -0.980680 0.000000 0.195618
vn -0.922498 0.000000 0.386003
vn -0.922498 0.000000 0.386003
vn -0.829106 0.000000 0.559092
vn -0.829106 0.000000 0.559092
vn -0.708440 0.000000 0.705771
vn -0.708440 0.000000 0.705771
vn -0.561859 0.000000 0.827233
vn -0.561859 0.000000 0.827233
vn -0.387868 0.000000 0.921715
vn -0.387868 0.000000 0.921715
vn -0.196246 0.000000 0.980555
vn -0.196246 0.000000 0.980555
vn -0.000000 0.000000 1.000000
vn -0.000000 0.000000 1.000000
vn 0.196246 -0.000000 0.980555
vn 0.196246 -0.000000 0.980555
vn 0.387868 -0.000000 0.921715
vn 0.387868 -0.000000 0.921715
vn 0.561859 -0.000000 0.827233
vn 0.561859 -0.000000 0.827233
vn 0.708440 -0.000000 0.705771
vn 0.708440 -0.000000 0.705771
vn 0.829106 -0.000000 0.559092
vn 0.829106 -0.000000 0.559092
vn 0.922498 -0.000000 0.386003
vn -0.965926 -0.258819 0.000000
vn -0.933013 -0.250000 0.258819
vn -1.000000 -0.000000 0.000000
vn -0.965926 -0.000000 0.258819
vn -0.965926 0.258819 -0.000000
vn -0.933013 0.250000 0.258819
vn -0.866025 0.500000 -0.000000
vn -0.836516 0.482963 0.258819
vn -0.707107 0.707107 -0.000000
vn -0.683013 0.683013 0.258819
vn -0.500000 0.866025 -0.000000
vn -0.482963 0.836516 0.258819
vn -0.258819 0.965926 -0.000000
vn -0.250000 0.933013 0.258819
vn 0.000000 1.000000 -0.000000
vn 0.000000 0.965926 0.258819
vn 0.258819 0.965926 -0.000000
vn 0.250000 0.933013 0.258819
vn 0.500000 0.866025 -0.000000
vn 0.482963 0.836516 0.258819
vn 0.707107 0.707107 -0.000000
vn 0.683013 0.683013 0.258819
vn 0.866025 0.500000 -0.000000
vn 0.836516 0.482963 0.258819
vn 0.965926 0.258819 -0.000000
vn 0.933013 0.250000 0.258819
vn 1.000000 -0.000000 -0.000000
vn 0.965926 -0.000000 0.258819
vn 0.965926 -0.258819 -0.000000
vn 0.933013 -0.250000 0.258819
vn 0.866025 -0.500000 -0.000000
vn 0.836516 -0.482963 0.258819
vn 0.707107 -0.707107 -0.000000
vn 0.683013 -0.683013 0.258819
vn 0.500000 -0.866025 -0.000000
vn 0.482963 -0.836516 0.258819
vn 0.258819 -0.965926 -0.000000
vn 0.250000 -0.933013 0.258819
vn 0.000000 -1.000000 -0.000000
vn 0.000000 -0.965926 0.258819
vn -0.258819 -0.965926 0.000000
vn -0.250000 -0.933013 0.258819
vn -0.500000 -0.866025 0.000000
vn -0.482963 -0.836516 0.258819
vn -0.707107 -0.707107 0.000000
vn -0.683013 -0.683013 0.258819
vn -0.866025 -0.500000 0.000000
vn -0.836516 -0.482963 0.258819
vn -0.000000 0.000000 1.000000
vn -0.250000 0.066987 0.965926
vn -0.000000 0.000000 1.000000
vn -0.258819 0.000000 0.965926
vn -0.000000 -0.000000 1.000000
vn -0.250000 -0.066987 0.965926
vn -0.000000 -0.000000 1.000000
vn -0.224144 -0.129410 0.965926
vn -0.000000 -0.000000 1.000000
vn -0.183013 -0.183013 0.965926
vn -0.000000 -0.000000 1.000000
vn -0.129410 -0.224144 0.965926
vn -0.000000 -0.000000 1.000000
vn -0.066987 -0.250000 0.965926
vn 0.000000 -0.000000 1.000000
vn 0.000000 -0.258819 0.965926
vn 0.000000 -0.000000 1.000000
vn 0.066987 -0.250000 0.965926
vn 0.000000 -0.000000 1.000000
vn 0.129410 -0.224144 0.965926
vn 0.000000 -0.000000 1.000000
vn 0.183013 -0.183013 0.965926
vn 0.000000 -0.000000 1.000000
vn 0.224144 -0.129410 0.965926
vn 0.000000 -0.000000 1.000000
vn 0.250000 -0.066987 0.965926
vn 0.000000 -0.000000 1.000000
vn 0.258819 -0.000000 0.965926
vn 0.000000 0.000000 1.000000
vn 0.250000 0.066987 0.965926
vn 0.000000 0.000000 1.000000
vn 0.224144 0.129410 0.965926
vn 0.000000 0.000000 1.000000
vn 0.183013 0.183013 0.965926
vn 0.000000 0.000000 1.000000
vn 0.129410 0.224144 0.965926
vn 0.000000 0.000000 1.000000
vn 0.066987 0.250000 0.965926
vn 0.000000 0.000000 1.000000
vn 0.000000 0.258819 0.965926
vn -0.000000 0.000000 1.000000
vn -0.066987 0.250000 0.965926
vn -0.000000 0.000000 1.000000
vn -0.129410 0.224144 0.965926
vn -0.000000 0.000000 1.000000
vn -0.183013 0.183013 0.965926
vn -0.000000 0.000000 1.000000
vn -0.224144 0.129410 0.965926
vn -0.866025 0.000000 0.500000
vn -0.836516 0.224144 0.500000
vn -0.750000 0.433013 0.500000
vn -0.612372 0.612372 0.500000
vn -0.433013 0.750000 0.500000
vn -0.224144 0.836516 0.500000
vn 0.000000 0.866025 0.500000
vn 0.224144 0.836516 0.500000
vn 0.433013 0.750000 0.500000
vn 0.612372 0.612372 0.500000
vn 0.750000 0.433013 0.500000
vn 0.836516 0.224144 0.500000
vn 0.866025 -0.000000 0.500000
vn 0.836516 -0.224144 0.500000
vn 0.750000 -0.433013 0.500000
vn 0.612372 -0.612372 0.500000
vn 0.433013 -0.750000 0.500000
vn 0.224144 -0.836516 0.500000
vn 0.000000 -0.866025 0.500000
vn -0.224144 -0.836516 0.500000
vn -0.433013 -0.750000 0.500000
vn -0.612372 -0.612372 0.500000
vn -0.750000 -0.433013 0.500000
vn -0.836516 -0.224144 0.500000
vn -0.707107 0.000000 0.707107
vn -0.683013 0.183013 0.707107
vn -0.612372 0.353553 0.707107
vn -0.500000 0.500000 0.707107
vn -0.353553 0.612372 0.707107
vn -0.183013 0.683013 0.707107
vn 0.000000 0.707107 0.707107
vn 0.183013 0.683013 0.707107
vn 0.353553 0.612372 0.707107
vn 0.500000 0.500000 0.707107
vn 0.612372 0.353553 0.707107
vn 0.683013 0.183013 0.707107
vn 0.707107 -0.000000 0.707107
vn 0.683013 -0.183013 0.707107
vn 0.612372 -0.353553 0.707107
vn 0.500000 -0.500000 0.707107
vn 0.353553 -0.612372 0.707107
vn 0.183013 -0.683013 0.707107
vn 0.000000 -0.707107 0.707107
vn -0.183013 -0.683013 0.707107
vn -0.353553 -0.612372 0.707107
vn -0.500000 -0.500000 0.707107
vn -0.612372 -0.353553 0.707107
vn -0.683013 -0.183013 0.707107
vn -0.500000 0.000000 0.866025
vn -0.482963 0.129410 0.866025
vn -0.433013 0.250000 0.866025
vn -0.353553 0.353553 0.866025
vn -0.250000 0.433013 0.866025
vn -0.129410 0.482963 0.866025
vn 0.000000 0.500000 0.866025
vn 0.129410 0.482963 0.866025
vn 0.250000 0.433013 0.866025
vn 0.353553 0.353553 0.866025
vn 0.433013 0.250000 0.866025
vn 0.482963 0.129410 0.866025
vn 0.500000 -0.000000 0.866025
vn 0.482963 -0.129410 0.866025
vn 0.433013 -0.250000 0.866025
vn 0.353553 -0.353553 0.866025
vn 0.250000 -0.433013 0.866025
vn 0.129410 -0.482963 0.866025
vn 0.000000 -0.500000 0.866025
vn -0.129410 -0.482963 0.866025
vn -0.250000 -0.433013 0.866025
vn -0.353553 -0.353553 0.866025
vn -0.433013 -0.250000 0.866025
vn -0.482963 -0.129410 0.866025
vn -0.560202 0.828356 -0.000000
vn -0.500000 0.866025 -0.000000
vn -0.571429 0.820652 -0.000000
vn -0.707107 0.707107 -0.000000
vn -0.707107 0.707107 -0.000000
vn -0.866025 0.500000 -0.000000
vn -0.965926 0.258819 -0.000000
vn -1.000000 0.000000 -0.000000
vn -0.965926 -0.258819 0.000000
vn -0.866025 -0.500000 0.000000
vn -0.707107 -0.707107 0.000000
vn -0.571429 -0.820652 0.000000
vn -0.707107 -0.707107 0.000000
vn -0.560202 -0.828356 0.000000
vn -0.500000 -0.866025 0.000000
vn -0.527142 -0.849778 0.000000
vn -0.473700 -0.880686 0.000000
vn -0.404823 -0.914395 0.000000
vn -0.258819 -0.965926 0.000000
vn -0.321006 -0.947077 0.000000
vn -0.221639 -0.975129 0.000000
vn -0.112124 -0.993694 0.000000
vn -0.000000 -1.000000 0.000000
vn 0.000000 -1.000000 -0.000000
vn 0.112124 -0.993694 -0.000000
vn 0.258819 -0.965926 -0.000000
vn 0.221639 -0.975129 -0.000000
vn 0.321006 -0.947077 -0.000000
vn 0.404823 -0.914395 -0.000000
vn 0.500000 -0.866025 -0.000000
vn 0.473700 -0.880686 -0.000000
vn 0.527142 -0.849778 -0.000000
vn 0.560202 -0.828356 -0.000000
vn 0.571429 -0.820652 -0.000000
vn 0.707107 -0.707107 -0.000000
vn 0.707107 -0.707107 -0.000000
vn 0.866025 -0.500000 -0.000000
vn 0.965926 -0.258819 -0.000000
vn 1.000000 -0.000000 -0.000000
vn 0.965926 0.258819 -0.000000
vn 0.866025 0.500000 -0.000000
vn 0.707107 0.707107 -0.000000
vn 0.571429 0.820652 -0.000000
vn 0.707107 0.707107 -0.000000
vn 0.560202 0.828356 -0.000000
vn 0.500000 0.866025 -0.000000
vn 0.527142 0.849778 -0.000000
vn 0.473700 0.880686 -0.000000
vn 0.404823 0.914395 -0.000000
vn 0.258819 0.965926 -0.000000
vn 0.321006 0.947077 -0.000000
vn 0.221639 0.975129 -0.000000
vn 0.112124 0.993694 -0.000000
vn -0.000000 1.000000 -0.000000
vn 0.000000 1.000000 -0.000000
vn -0.112124 0.993694 -0.000000
vn -0.258819 0.965926 -0.000000
vn -0.221639 0.975129 -0.000000
vn -0.321006 0.947077 -0.000000
vn -0.404823 0.914395 -0.000000
vn -0.473700 0.880686 -0.000000
vn -0.527142 0.849778 -0.000000
vn 0.560202 0.828356 -0.000000
vn 0.527142 0.849778 -0.000000
vn 0.473700 0.880686 -0.000000
vn 0.404823 0.914395 -0.000000
vn 0.321006 0.947077 -0.000000
vn 0.221639 0.975129 -0.000000
vn 0.112124 0.993694 -0.000000
vn -0.000000 1.000000 -0.000000
vn -0.112124 0.993694 -0.000000
vn -0.221639 0.975129 -0.000000
vn -0.321006 0.947077 -0.000000
vn -0.404823 0.914395 -0.000000
vn -0.473700 0.880686 -0.000000
vn -0.527142 0.849778 -0.000000
vn -0.560202 0.828356 -0.000000
vn -0.560202 -0.828356 0.000000
vn -0.527142 -0.849778 0.000000
vn -0.473700 -0.880686 0.000000
vn -0.404823 -0.914395 0.000000
vn -0.321006 -0.947077 0.000000
vn -0.221639 -0.975129 0.000000
vn -0.112124 -0.993694 0.000000
vn -0.000000 -1.000000 0.000000
vn 0.112124 -0.993694 -0.000000
vn 0.221639 -0.975129 -0.000000
vn 0.321006 -0.947077 -0.000000
vn 0.404823 -0.914395 -0.000000
vn 0.473700 -0.880686 -0.000000
vn 0.527142 -0.849778 -0.000000
vn 0.560202 -0.828356 -0.000000
vn 0.965926 0.258819 -0.000000
vn 1.000000 -0.000000 -0.000000
vn 0.965926 -0.258819 -0.000000
vn 0.866025 -0.500000 -0.000000
vn 0.866025 0.500000 -0.000000
vn -0.866025 0.500000 -0.000000
vn -0.965926 0.258819 -0.000000
vn -1.000000 0.000000 -0.000000
vn -0.965926 -0.258819 0.000000
vn -0.866025 -0.500000 0.000000
vn 0.938862 -0.251567 0.235060
vn 0.971981 -0.000000 0.235060
vn 0.938862 0.251567 0.235060
vn 0.841760 0.485990 0.235060
vn 0.687294 0.687294 0.235060
vn 0.485990 0.841760 0.235060
vn 0.251567 0.938862 0.235060
vn -0.000000 0.971981 0.235060
vn -0.251567 0.938862 0.235060
vn -0.485990 0.841760 0.235060
vn -0.687294 0.687294 0.235060
vn -0.841760 0.485990 0.235060
vn -0.938862 0.251567 0.235060
vn -0.971981 0.000000 0.235060
vn -0.938862 -0.251567 0.235060
vn -0.841760 -0.485990 0.235060
vn -0.687294 -0.687294 0.235060
vn -0.485990 -0.841760 0.235060
vn -0.251567 -0.938862 0.235060
vn -0.000000 -0.971981 0.235060
vn 0.251567 -0.938862 0.235060
vn 0.485990 -0.841760 0.235060
vn 0.687294 -0.687294 0.235060
vn 0.841760 -0.485990 0.235060
vn 0.362222 0.097057 0.927025
vn 0.562554 0.150736 0.812903
vn 0.375000 0.000000 0.927025
vn 0.582399 0.000000 0.812903
vn 0.362222 -0.097057 0.927025
vn 0.562554 -0.150736 0.812903
vn 0.324760 -0.187500 0.927025
vn 0.504372 -0.291199 0.812903
vn 0.265165 -0.265165 0.927025
vn 0.411818 -0.411818 0.812903
vn 0.187500 -0.324760 0.927025
vn 0.291199 -0.504372 0.812903
vn 0.097057 -0.362222 0.927025
vn 0.150736 -0.562554 0.812903
vn -0.000000 -0.375000 0.927025
vn -0.000000 -0.582399 0.812903
vn -0.097057 -0.362222 0.927025
vn -0.150736 -0.562554 0.812903
vn -0.187500 -0.324760 0.927025
vn -0.291199 -0.504372 0.812903
vn -0.265165 -0.265165 0.927025
vn -0.411818 -0.411818 0.812903
vn -0.324760 -0.187500 0.927025
vn -0.504372 -0.291199 0.812903
vn -0.362222 -0.097057 0.927025
vn -0.562554 -0.150736 0.812903
vn -0.375000 0.000000 0.927025
vn -0.582399 0.000000 0.812903
vn -0.362222 0.097057 0.927025
vn -0.562554 0.150736 0.812903
vn -0.324760 0.187500 0.927025
vn -0.504372 0.291199 0.812903
vn -0.265165 0.265165 0.927025
vn -0.411818 0.411818 0.812903
vn -0.187500 0.324760 0.927025
vn -0.291199 0.504372 0.812903
vn -0.097057 0.362222 0.927025
vn -0.150736 0.562554 0.812903
vn -0.000000 0.375000 0.927025
vn -0.000000 0.582399 0.812903
vn 0.097057 0.362222 0.927025
vn 0.150736 0.562554 0.812903
vn 0.187500 0.324760 0.927025
vn 0.291199 0.504372 0.812903
vn 0.265165 0.265165 0.927025
vn 0.411818 0.411818 0.812903
vn 0.324760 0.187500 0.927025
vn 0.504372 0.291199 0.812903
vn 0.889494 0.000000 0.456947
vn 0.859185 0.230218 0.456947
vn 0.770324 0.444747 0.456947
vn 0.628967 0.628967 0.456947
vn 0.444747 0.770324 0.456947
vn 0.230218 0.859185 0.456947
vn -0.000000 0.889494 0.456947
vn -0.230218 0.859185 0.456947
vn -0.444747 0.770324 0.456947
vn -0.628967 0.628967 0.456947
vn -0.770324 0.444747 0.456947
vn -0.859185 0.230218 0.456947
vn -0.889494 0.000000 0.456947
vn -0.859185 -0.230218 0.456947
vn -0.770324 -0.444747 0.456947
vn -0.628967 -0.628967 0.456947
vn -0.444747 -0.770324 0.456947
vn -0.230218 -0.859185 0.456947
vn -0.000000 -0.889494 0.456947
vn 0.230218 -0.859185 0.456947
vn 0.444747 -0.770324 0.456947
vn 0.628967 -0.628967 0.456947
vn 0.770324 -0.444747 0.456947
vn 0.859185 -0.230218 0.456947
vn 0.757161 0.000000 0.653228
vn 0.731362 0.195968 0.653228
vn 0.655721 0.378581 0.653228
vn 0.535394 0.535394 0.653228
vn 0.378581 0.655721 0.653228
vn 0.195968 0.731362 0.653228
vn -0.000000 0.757161 0.653228
vn -0.195968 0.731362 0.653228
vn -0.378581 0.655721 0.653228
vn -0.535394 0.535394 0.653228
vn -0.655721 0.378581 0.653228
vn -0.731362 0.195968 0.653228
vn -0.757161 0.000000 0.653228
vn -0.731362 -0.195968 0.653228
vn -0.655721 -0.378581 0.653228
vn -0.535394 -0.535394 0.653228
vn -0.378581 -0.655721 0.653228
vn -0.195968 -0.731362 0.653228
vn -0.000000 -0.757161 0.653228
vn 0.195968 -0.731362 0.653228
vn 0.378581 -0.655721 0.653228
vn 0.535394 -0.535394 0.653228
vn 0.655721 -0.378581 0.653228
vn 0.731362 -0.195968 0.653228
vn -0.965926 -0.258819 0.000000
vn -0.938862 -0.251567 0.235060
vn -1.000000 -0.000000 0.000000
vn -0.971981 -0.000000 0.235060
vn -0.965926 0.258819 -0.000000
vn -0.938862 0.251567 0.235060
vn -0.866025 0.500000 -0.000000
vn -0.841760 0.485990 0.235060
vn -0.707107 0.707107 -0.000000
vn -0.687294 0.687294 0.235060
vn -0.500000 0.866025 -0.000000
vn -0.485990 0.841760 0.235060
vn -0.258819 0.965926 -0.000000
vn -0.251567 0.938862 0.235060
vn 0.000000 1.000000 -0.000000
vn 0.000000 0.971981 0.235060
vn 0.258819 0.965926 -0.000000
vn 0.251567 0.938862 0.235060
vn 0.500000 0.866025 -0.000000
vn 0.485990 0.841760 0.235060
vn 0.707107 0.707107 -0.000000
vn 0.687294 0.687294 0.235060
vn 0.866025 0.500000 -0.000000
vn 0.841760 0.485990 0.235060
vn 0.965926 0.258819 -0.000000
vn 0.938862 0.251567 0.235060
vn 1.000000 -0.000000 -0.000000
vn 0.971981 0.000000 0.235060
vn 0.965926 -0.258819 -0.000000
vn 0.938862 -0.251567 0.235060
vn 0.866025 -0.500000 -0.000000
vn 0.841760 -0.485990 0.235060
vn 0.707107 -0.707107 -0.000000
vn 0.687294 -0.687294 0.235060
vn 0.500000 -0.866025 -0.000000
vn 0.485990 -0.841760 0.235060
vn 0.258819 -0.965926 -0.000000
vn 0.251567 -0.938862 0.235060
vn 0.000000 -1.000000 -0.000000
vn 0.000000 -0.971981 0.235060
vn -0.258819 -0.965926 0.000000
vn -0.251567 -0.938862 0.235060
vn -0.500000 -0.866025 0.000000
vn -0.485990 -0.841760 0.235060
vn -0.707107 -0.707107 0.000000
vn -0.687294 -0.687294 0.235060
vn -0.866025 -0.500000 0.000000
vn -0.841760 -0.485990 0.235060
vn 0.562554 -0.150736 0.812903
vn 0.582399 0.000000 0.812903
vn 0.562554 0.150736 0.812903
vn 0.504372 0.291199 0.812903
vn 0.411818 0.411818 0.812903
vn 0.291199 0.504372 0.812903
vn 0.150736 0.562554 0.812903
vn 0.000000 0.582399 0.812903
vn -0.150736 0.562554 0.812903
vn -0.291199 0.504372 0.812903
vn -0.411818 0.411818 0.812903
vn -0.504372 0.291199 0.812903
vn -0.562554 0.150736 0.812903
vn -0.582399 0.000000 0.812903
vn -0.562554 -0.150736 0.812903
vn -0.504372 -0.291199 0.812903
vn -0.411818 -0.411818 0.812903
vn -0.291199 -0.504372 0.812903
vn -0.150736 -0.562554 0.812903
vn 0.000000 -0.582399 0.812903
vn 0.150736 -0.562554 0.812903
vn 0.291199 -0.504372 0.812903
vn 0.411818 -0.411818 0.812903
vn 0.504372 -0.291199 0.812903
vn -0.889494 0.000000 0.456947
vn -0.859185 0.230218 0.456947
vn -0.770324 0.444747 0.456947
vn -0.628967 0.628967 0.456947
vn -0.444747 0.770324 0.456947
vn -0.230218 0.859185 0.456947
vn 0.000000 0.889494 0.456947
vn 0.230218 0.859185 0.456947
vn 0.444747 0.770324 0.456947
vn 0.628967 0.628967 0.456947
vn 0.770324 0.444747 0.456947
vn 0.859185 0.230218 0.456947
vn 0.889494 0.000000 0.456947
vn 0.859185 -0.230218 0.456947
vn 0.770324 -0.444747 0.456947
vn 0.628967 -0.628967 0.456947
vn 0.444747 -0.770324 0.456947
vn 0.230218 -0.859185 0.456947
vn 0.000000 -0.889494 0.456947
vn -0.230218 -0.859185 0.456947
vn -0.444747 -0.770324 0.456947
vn -0.628967 -0.628967 0.456947
vn -0.770324 -0.444747 0.456947
vn -0.859185 -0.230218 0.456947
vn -0.757161 0.000000 0.653228
vn -0.731362 0.195968 0.653228
vn -0.655721 0.378581 0.653228
vn -0.535394 0.535394 0.653228
vn -0.378581 0.655721 0.653228
vn -0.195968 0.731362 0.653228
vn 0.000000 0.757161 0.653228
vn 0.195968 0.731362 0.653228
vn 0.378581 0.655721 0.653228
vn 0.535394 0.535394 0.653228
vn 0.655721 0.378581 0.653228
vn 0.731362 0.195968 0.653228
vn 0.757161 0.000000 0.653228
vn 0.731362 -0.195968 0.653228
vn 0.655721 -0.378581 0.653228
vn 0.535394 -0.535394 0.653228
vn 0.378581 -0.655721 0.653228
vn 0.195968 -0.731362 0.653228
vn 0.000000 -0.757161 0.653228
vn -0.195968 -0.731362 0.653228
vn -0.378581 -0.655721 0.653228
vn -0.535394 -0.535394 0.653228
vn -0.655721 -0.378581 0.653228
vn -0.731362 -0.195968 0.653228
vn 0.965926 0.258819 -0.000000
vn 0.965926 0.258819 -0.000000
vn 1.000000 -0.000000 -0.000000
vn 1.000000 -0.000000 -0.000000
vn 0.965926 -0.258819 -0.000000
vn 0.965926 -0.258819 -0.000000
vn 0.866025 -0.500000 -0.000000
vn 0.866025 -0.500000 -0.000000
vn 0.707107 -0.707107 -0.000000
vn 0.707107 -0.707107 -0.000000
vn 0.500000 -0.866025 -0.000000
vn 0.500000 -0.866025 -0.000000
vn 0.258819 -0.965926 -0.000000
vn 0.258819 -0.965926 -0.000000
vn -0.000000 -1.000000 0.000000
vn -0.000000 -1.000000 0.000000
vn -0.258819 -0.965926 0.000000
vn -0.258819 -0.965926 0.000000
vn -0.500000 -0.866025 0.000000
vn -0.500000 -0.866025 0.000000
vn -0.707107 -0.707107 0.000000
vn -0.707107 -0.707107 0.000000
vn -0.866025 -0.500000 0.000000
vn -0.866025 -0.500000 0.000000
vn -0.965926 -0.258819 0.000000
vn -0.965926 -0.258819 0.000000
vn -1.000000 -0.000000 0.000000
vn -1.000000 -0.000000 0.000000
vn -0.965926 0.258819 -0.000000
vn -0.965926 0.258819 -0.000000
vn -0.866025 0.500000 -0.000000
vn -0.866025 0.500000 -0.000000
vn -0.707107 0.707107 -0.000000
vn -0.707107 0.707107 -0.000000
vn -0.500000 0.866025 -0.000000
vn -0.500000 0.866025 -0.000000
vn -0.258819 0.965926 -0.000000
vn -0.258819 0.965926 -0.000000
vn -0.000000 1.000000 -0.000000
vn -0.000000 1.000000 -0.000000
vn 0.258819 0.965926 -0.000000
vn 0.258819 0.965926 -0.000000
vn 0.500000 0.866025 -0.000000
vn 0.500000 0.866025 -0.000000
vn 0.707107 0.707107 -0.000000
vn 0.707107 0.707107 -0.000000
vn 0.866025 0.500000 -0.000000
vn 0.866025 0.500000 -0.000000
vn 0.965926 0.258819 -0.000000
vn 0.938927 0.251585 -0.234780
vn 1.000000 0.000000 -0.000000
vn 0.972048 0.000000 -0.234780
vn 0.965926 -0.258819 -0.000000
vn 0.938927 -0.251585 -0.234780
vn 0.866025 -0.500000 -0.000000
vn 0.841819 -0.486024 -0.234780
vn 0.707107 -0.707107 -0.000000
vn 0.687342 -0.687342 -0.234780
vn 0.500000 -0.866025 -0.000000
vn 0.486024 -0.841819 -0.234780
vn 0.258819 -0.965926 -0.000000
vn 0.251585 -0.938927 -0.234780
vn 0.000000 -1.000000 -0.000000
vn 0.000000 -0.972048 -0.234780
vn -0.258819 -0.965926 -0.000000
vn -0.251585 -0.938927 -0.234780
vn -0.500000 -0.866025 -0.000000
vn -0.486024 -0.841819 -0.234780
vn -0.707107 -0.707107 -0.000000
vn -0.687342 -0.687342 -0.234780
vn -0.866025 -0.500000 -0.000000
vn -0.841819 -0.486024 -0.234780
vn -0.965926 -0.258819 -0.000000
vn -0.938927 -0.251585 -0.234780
vn -1.000000 -0.000000 -0.000000
vn -0.972048 -0.000000 -0.234780
vn -0.965926 0.258819 -0.000000
vn -0.938927 0.251585 -0.234780
vn -0.866025 0.500000 -0.000000
vn -0.841819 0.486024 -0.234780
vn -0.707107 0.707107 -0.000000
vn -0.687342 0.687342 -0.234780
vn -0.500000 0.866025 -0.000000
vn -0.486024 0.841819 -0.234780
vn -0.258819 0.965926 -0.000000
vn -0.251585 0.938927 -0.234780
vn -0.000000 1.000000 -0.000000
vn -0.000000 0.972048 -0.234780
vn 0.258819 0.965926 -0.000000
vn 0.251585 0.938927 -0.234780
vn 0.500000 0.866025 -0.000000
vn 0.486024 0.841819 -0.234780
vn 0.707107 0.707107 -0.000000
vn 0.687342 0.687342 -0.234780
vn 0.866025 0.500000 -0.000000
vn 0.841819 0.486024 -0.234780
vn 0.563457 -0.150978 -0.812233
vn 0.731906 -0.196114 -0.652575
vn 0.583333 0.000000 -0.812233
vn 0.757724 0.000000 -0.652575
vn 0.563457 0.150978 -0.812233
vn 0.731906 0.196114 -0.652575
vn 0.505181 0.291667 -0.812233
vn 0.656209 0.378862 -0.652575
vn 0.412479 0.412479 -0.812233
vn 0.535792 0.535792 -0.652575
vn 0.291667 0.505181 -0.812233
vn 0.378862 0.656209 -0.652575
vn 0.150978 0.563457 -0.812233
vn 0.196114 0.731906 -0.652575
vn -0.000000 0.583333 -0.812233
vn -0.000000 0.757724 -0.652575
vn -0.150978 0.563457 -0.812233
vn -0.196114 0.731906 -0.652575
vn -0.291667 0.505181 -0.812233
vn -0.378862 0.656209 -0.652575
vn -0.412479 0.412479 -0.812233
vn -0.535792 0.535792 -0.652575
vn -0.505181 0.291667 -0.812233
vn -0.656209 0.378862 -0.652575
vn -0.563457 0.150978 -0.812233
vn -0.731906 0.196114 -0.652575
vn -0.583333 0.000000 -0.812233
vn -0.757724 0.000000 -0.652575
vn -0.563457 -0.150978 -0.812233
vn -0.731906 -0.196114 -0.652575
vn -0.505181 -0.291667 -0.812233
vn -0.656209 -0.378862 -0.652575
vn -0.412479 -0.412479 -0.812233
vn -0.535792 -0.535792 -0.652575
vn -0.291667 -0.505181 -0.812233
vn -0.378862 -0.656209 -0.652575
vn -0.150978 -0.563457 -0.812233
vn -0.196114 -0.731906 -0.652575
vn 0.000000 -0.583333 -0.812233
vn 0.000000 -0.757724 -0.652575
vn 0.150978 -0.563457 -0.812233
vn 0.196114 -0.731906 -0.652575
vn 0.291667 -0.505181 -0.812233
vn 0.378862 -0.656209 -0.652575
vn 0.412479 -0.412479 -0.812233
vn 0.535792 -0.535792 -0.652575
vn 0.505181 -0.291667 -0.812233
vn 0.656209 -0.378862 -0.652575
vn -0.889757 0.000000 -0.456435
vn -0.859439 0.230286 -0.456435
vn -0.770552 0.444878 -0.456435
vn -0.629153 0.629153 -0.456435
vn -0.444878 0.770552 -0.456435
vn -0.230286 0.859439 -0.456435
vn -0.000000 0.889757 -0.456435
vn 0.230286 0.859439 -0.456435
vn 0.444878 0.770552 -0.456435
vn 0.629153 0.629153 -0.456435
vn 0.770552 0.444878 -0.456435
vn 0.859439 0.230286 -0.456435
vn 0.889757 0.000000 -0.456435
vn 0.859439 -0.230286 -0.456435
vn 0.770552 -0.444878 -0.456435
vn 0.629153 -0.629153 -0.456435
vn 0.444878 -0.770552 -0.456435
vn 0.230286 -0.859439 -0.456435
vn 0.000000 -0.889757 -0.456435
vn -0.230286 -0.859439 -0.456435
vn -0.444878 -0.770552 -0.456435
vn -0.629153 -0.629153 -0.456435
vn -0.770552 -0.444878 -0.456435
vn -0.859439 -0.230286 -0.456435
vn 0.965926 0.258819 -0.000000
vn 0.965926 0.258819 -0.000000
vn 1.000000 -0.000000 -0.000000
vn 1.000000 -0.000000 -0.000000
vn 0.965926 -0.258819 -0.000000
vn 0.965926 -0.258819 -0.000000
vn 0.866025 -0.500000 -0.000000
vn 0.866025 -0.500000 -0.000000
vn 0.707107 -0.707107 -0.000000
vn 0.707107 -0.707107 -0.000000
vn 0.500000 -0.866025 -0.000000
vn 0.500000 -0.866025 -0.000000
vn 0.258819 -0.965926 -0.000000
vn 0.258819 -0.965926 -0.000000
vn -0.000000 -1.000000 0.000000
vn 0.000000 -1.000000 -0.000000
vn -0.258819 -0.965926 0.000000
vn -0.258819 -0.965926 0.000000
vn -0.500000 -0.866025 0.000000
vn -0.500000 -0.866025 0.000000
vn -0.707107 -0.707107 0.000000
vn -0.707107 -0.707107 0.000000
vn -0.866025 -0.500000 0.000000
vn -0.866025 -0.500000 0.000000
vn -0.965926 -0.258819 0.000000
vn -0.965926 -0.258819 0.000000
vn -1.000000 -0.000000 0.000000
vn -1.000000 -0.000000 0.000000
vn -0.965926 0.258819 -0.000000
vn -0.965926 0.258819 -0.000000
vn -0.866025 0.500000 -0.000000
vn -0.866025 0.500000 -0.000000
vn -0.707107 0.707107 -0.000000
vn -0.707107 0.707107 -0.000000
vn -0.500000 0.866025 -0.000000
vn -0.500000 0.866025 -0.000000
vn -0.258819 0.965926 -0.000000
vn -0.258819 0.965926 -0.000000
vn 0.000000 1.000000 -0.000000
vn 0.000000 1.000000 -0.000000
vn 0.258819 0.965926 -0.000000
vn 0.258819 0.965926 -0.000000
vn 0.500000 0.866025 -0.000000
vn 0.500000 0.866025 -0.000000
vn 0.707107 0.707107 -0.000000
vn 0.707107 0.707107 -0.000000
vn 0.866025 0.500000 -0.000000
vn 0.866025 0.500000 -0.000000
vn 0.731906 0.196114 -0.652575
vn 0.757724 0.000000 -0.652575
vn 0.731906 -0.196114 -0.652575
vn 0.656209 -0.378862 -0.652575
vn 0.535792 -0.535792 -0.652575
vn 0.378862 -0.656209 -0.652575
vn 0.196114 -0.731906 -0.652575
vn 0.000000 -0.757724 -0.652575
vn -0.196114 -0.731906 -0.652575
vn -0.378862 -0.656209 -0.652575
vn -0.535792 -0.535792 -0.652575
vn -0.656209 -0.378862 -0.652575
vn -0.731906 -0.196114 -0.652575
vn -0.757724 -0.000000 -0.652575
vn -0.731906 0.196114 -0.652575
vn -0.656209 0.378862 -0.652575
vn -0.535792 0.535792 -0.652575
vn -0.378862 0.656209 -0.652575
vn -0.196114 0.731906 -0.652575
vn -0.000000 0.757724 -0.652575
vn 0.196114 0.731906 -0.652575
vn 0.378862 0.656209 -0.652575
vn 0.535792 0.535792 -0.652575
vn 0.656209 0.378862 -0.652575
vn 0.938927 -0.251585 -0.234780
vn 0.972048 -0.000000 -0.234780
vn 0.938927 0.251585 -0.234780
vn 0.841819 0.486024 -0.234780
vn 0.687342 0.687342 -0.234780
vn 0.486024 0.841819 -0.234780
vn 0.251585 0.938927 -0.234780
vn -0.000000 0.972048 -0.234780
vn -0.251585 0.938927 -0.234780
vn -0.486024 0.841819 -0.234780
vn -0.687342 0.687342 -0.234780
vn -0.841819 0.486024 -0.234780
vn -0.938927 0.251585 -0.234780
vn -0.972048 -0.000000 -0.234780
vn -0.938927 -0.251585 -0.234780
vn -0.841819 -0.486024 -0.234780
vn -0.687342 -0.687342 -0.234780
vn -0.486024 -0.841819 -0.234780
vn -0.251585 -0.938927 -0.234780
vn 0.000000 -0.972048 -0.234780
vn 0.251585 -0.938927 -0.234780
vn 0.486024 -0.841819 -0.234780
vn 0.687342 -0.687342 -0.234780
vn 0.841819 -0.486024 -0.234780
vn 0.889757 -0.000000 -0.456435
vn 0.859439 -0.230286 -0.456435
vn 0.770552 -0.444878 -0.456435
vn 0.629153 -0.629153 -0.456435
vn 0.444878 -0.770552 -0.456435
vn 0.230286 -0.859439 -0.456435
vn 0.000000 -0.889757 -0.456435
vn -0.230286 -0.859439 -0.456435
vn -0.444878 -0.770552 -0.456435
vn -0.629153 -0.629153 -0.456435
vn -0.770552 -0.444878 -0.456435
vn -0.859439 -0.230286 -0.456435
vn -0.889757 -0.000000 -0.456435
vn -0.859439 0.230286 -0.456435
vn -0.770552 0.444878 -0.456435
vn -0.629153 0.629153 -0.456435
vn -0.444878 0.770552 -0.456435
vn -0.230286 0.859439 -0.456435
vn -0.000000 0.889757 -0.456435
vn 0.230286 0.859439 -0.456435
vn 0.444878 0.770552 -0.456435
vn 0.629153 0.629153 -0.456435
vn 0.770552 0.444878 -0.456435
vn 0.859439 0.230286 -0.456435
vn 0.942836 -0.252632 0.217340
vn 0.976096 -0.000000 0.217340
vn 0.942836 0.252632 0.217340
vn 0.845324 0.488048 0.217340
vn 0.690204 0.690204 0.217340
vn 0.488048 0.845324 0.217340
vn 0.252632 0.942836 0.217340
vn 0.000000 0.976096 0.217340
vn -0.252632 0.942836 0.217340
vn -0.488048 0.845324 0.217340
vn -0.690204 0.690204 0.217340
vn -0.845324 0.488048 0.217340
vn -0.942836 0.252632 0.217340
vn -0.976096 0.000000 0.217340
vn -0.942836 -0.252632 0.217340
vn -0.845324 -0.488048 0.217340
vn -0.690204 -0.690204 0.217340
vn -0.488048 -0.845324 0.217340
vn -0.252632 -0.942836 0.217340
vn -0.000000 -0.976096 0.217340
vn 0.252632 -0.942836 0.217340
vn 0.488048 -0.845324 0.217340
vn 0.690204 -0.690204 0.217340
vn 0.845324 -0.488048 0.217340
vn 0.764691 0.204898 0.610953
vn 0.874672 0.234368 0.424289
vn 0.791667 0.000000 0.610953
vn 0.905527 0.000000 0.424289
vn 0.764691 -0.204898 0.610953
vn 0.874672 -0.234368 0.424289
vn 0.685603 -0.395833 0.610953
vn 0.784209 -0.452764 0.424289
vn 0.559793 -0.559793 0.610953
vn 0.640304 -0.640304 0.424289
vn 0.395833 -0.685603 0.610953
vn 0.452764 -0.784209 0.424289
vn 0.204898 -0.764691 0.610953
vn 0.234368 -0.874672 0.424289
vn -0.000000 -0.791667 0.610953
vn -0.000000 -0.905527 0.424289
vn -0.204898 -0.764691 0.610953
vn -0.234368 -0.874672 0.424289
vn -0.395833 -0.685603 0.610953
vn -0.452764 -0.784209 0.424289
vn -0.559793 -0.559793 0.610953
vn -0.640304 -0.640304 0.424289
vn -0.685603 -0.395833 0.610953
vn -0.784209 -0.452764 0.424289
vn -0.764691 -0.204898 0.610953
vn -0.874672 -0.234368 0.424289
vn -0.791667 0.000000 0.610953
vn -0.905527 0.000000 0.424289
vn -0.764691 0.204898 0.610953
vn -0.874672 0.234368 0.424289
vn -0.685603 0.395833 0.610953
vn -0.784209 0.452764 0.424289
vn -0.559793 0.559793 0.610953
vn -0.640304 0.640304 0.424289
vn -0.395833 0.685603 0.610953
vn -0.452764 0.784209 0.424289
vn -0.204898 0.764691 0.610953
vn -0.234368 0.874672 0.424289
vn 0.000000 0.791667 0.610953
vn 0.000000 0.905527 0.424289
vn 0.204898 0.764691 0.610953
vn 0.234368 0.874672 0.424289
vn 0.395833 0.685603 0.610953
vn 0.452764 0.784209 0.424289
vn 0.559793 0.559793 0.610953
vn 0.640304 0.640304 0.424289
vn 0.685603 0.395833 0.610953
vn 0.784209 0.452764 0.424289
vn 0.874672 -0.234368 0.424289
vn 0.905527 -0.000000 0.424289
vn 0.874672 0.234368 0.424289
vn 0.784209 0.452764 0.424289
vn 0.640304 0.640304 0.424289
vn 0.452764 0.784209 0.424289
vn 0.234368 0.874672 0.424289
vn 0.000000 0.905527 0.424289
vn -0.234368 0.874672 0.424289
vn -0.452764 0.784209 0.424289
vn -0.640304 0.640304 0.424289
vn -0.784209 0.452764 0.424289
vn -0.874672 0.234368 0.424289
vn -0.905527 0.000000 0.424289
vn -0.874672 -0.234368 0.424289
vn -0.784209 -0.452764 0.424289
vn -0.640304 -0.640304 0.424289
vn -0.452764 -0.784209 0.424289
vn -0.234368 -0.874672 0.424289
vn -0.000000 -0.905527 0.424289
vn 0.234368 -0.874672 0.424289
vn 0.452764 -0.784209 0.424289
vn 0.640304 -0.640304 0.424289
vn 0.784209 -0.452764 0.424289
vn 0.965926 0.258819 0.000000
vn 0.942836 0.252632 0.217340
vn 1.000000 0.000000 0.000000
vn 0.976096 0.000000 0.217340
vn 0.965926 -0.258819 0.000000
vn 0.942836 -0.252632 0.217340
vn 0.866025 -0.500000 0.000000
vn 0.845324 -0.488048 0.217340
vn 0.707107 -0.707107 0.000000
vn 0.690204 -0.690204 0.217340
vn 0.500000 -0.866025 0.000000
vn 0.488048 -0.845324 0.217340
vn 0.258819 -0.965926 0.000000
vn 0.252632 -0.942836 0.217340
vn -0.000000 -1.000000 -0.000000
vn -0.000000 -0.976096 0.217340
vn -0.258819 -0.965926 -0.000000
vn -0.252632 -0.942836 0.217340
vn -0.500000 -0.866025 -0.000000
vn -0.488048 -0.845324 0.217340
vn -0.707107 -0.707107 -0.000000
vn -0.690204 -0.690204 0.217340
vn -0.866025 -0.500000 -0.000000
vn -0.845324 -0.488048 0.217340
vn -0.965926 -0.258819 -0.000000
vn -0.942836 -0.252632 0.217340
vn -1.000000 0.000000 0.000000
vn -0.976096 0.000000 0.217340
vn -0.965926 0.258819 0.000000
vn -0.942836 0.252632 0.217340
vn -0.866025 0.500000 0.000000
vn -0.845324 0.488048 0.217340
vn -0.707107 0.707107 0.000000
vn -0.690204 0.690204 0.217340
vn -0.500000 0.866025 0.000000
vn -0.488048 0.845324 0.217340
vn -0.258819 0.965926 0.000000
vn -0.252632 0.942836 0.217340
vn -0.000000 1.000000 0.000000
vn -0.000000 0.976096 0.217340
vn 0.258819 0.965926 0.000000
vn 0.252632 0.942836 0.217340
vn 0.500000 0.866025 0.000000
vn 0.488048 0.845324 0.217340
vn 0.707107 0.707107 0.000000
vn 0.690204 0.690204 0.217340
vn 0.866025 0.500000 0.000000
vn 0.845324 0.488048 0.217340
vn 0.965926 0.258819 -0.000000
vn 1.000000 -0.000000 -0.000000
vn 0.965926 -0.258819 -0.000000
vn 0.866025 -0.500000 -0.000000
vn 0.707107 -0.707107 -0.000000
vn 0.500000 -0.866025 -0.000000
vn 0.258819 -0.965926 -0.000000
vn -0.000000 -1.000000 0.000000
vn -0.258819 -0.965926 0.000000
vn -0.500000 -0.866025 0.000000
vn -0.707107 -0.707107 0.000000
vn -0.866025 -0.500000 0.000000
vn -0.965926 -0.258819 0.000000
vn -1.000000 -0.000000 0.000000
vn -0.965926 0.258819 -0.000000
vn -0.866025 0.500000 -0.000000
vn -0.707107 0.707107 -0.000000
vn -0.500000 0.866025 -0.000000
vn -0.258819 0.965926 -0.000000
vn -0.000000 1.000000 -0.000000
vn 0.258819 0.965926 -0.000000
vn 0.500000 0.866025 -0.000000
vn 0.707107 0.707107 -0.000000
vn 0.866025 0.500000 -0.000000
vn 0.965926 0.258819 -0.000000
vn 0.938927 0.251585 -0.234780
vn 1.000000 0.000000 -0.000000
vn 0.972048 0.000000 -0.234780
vn 0.965926 -0.258819 -0.000000
vn 0.938927 -0.251585 -0.234780
vn 0.866025 -0.500000 -0.000000
vn 0.841819 -0.486024 -0.234780
vn 0.707107 -0.707107 -0.000000
vn 0.687342 -0.687342 -0.234780
vn 0.500000 -0.866025 -0.000000
vn 0.486024 -0.841819 -0.234780
vn 0.258819 -0.965926 -0.000000
vn 0.251585 -0.938927 -0.234780
vn 0.000000 -1.000000 -0.000000
vn 0.000000 -0.972048 -0.234780
vn -0.258819 -0.965926 -0.000000
vn -0.251585 -0.938927 -0.234780
vn -0.500000 -0.866025 -0.000000
vn -0.486024 -0.841819 -0.234780
vn -0.707107 -0.707107 -0.000000
vn -0.687342 -0.687342 -0.234780
vn -0.866025 -0.500000 -0.000000
vn -0.841819 -0.486024 -0.234780
vn -0.965926 -0.258819 -0.000000
vn -0.938927 -0.251585 -0.234780
vn -1.000000 -0.000000 -0.000000
vn -0.972048 -0.000000 -0.234780
vn -0.965926 0.258819 -0.000000
vn -0.938927 0.251585 -0.234780
vn -0.866025 0.500000 -0.000000
vn -0.841819 0.486024 -0.234780
vn -0.707107 0.707107 -0.000000
vn -0.687342 0.687342 -0.234780
vn -0.500000 0.866025 -0.000000
vn -0.486024 0.841819 -0.234780
vn -0.258819 0.965926 -0.000000
vn -0.251585 0.938927 -0.234780
vn -0.000000 1.000000 -0.000000
vn -0.000000 0.972048 -0.234780
vn 0.258819 0.965926 -0.000000
vn 0.251585 0.938927 -0.234780
vn 0.500000 0.866025 -0.000000
vn 0.486024 0.841819 -0.234780
vn 0.707107 0.707107 -0.000000
vn 0.687342 0.687342 -0.234780
vn 0.866025 0.500000 -0.000000
vn 0.841819 0.486024 -0.234780
vn 0.563457 -0.150978 -0.812233
vn 0.731906 -0.196114 -0.652575
vn 0.583333 0.000000 -0.812233
vn 0.757724 0.000000 -0.652575
vn 0.563457 0.150978 -0.812233
vn 0.731906 0.196114 -0.652575
vn 0.505181 0.291667 -0.812233
vn 0.656209 0.378862 -0.652575
vn 0.412479 0.412479 -0.812233
vn 0.535792 0.535792 -0.652575
vn 0.291667 0.505181 -0.812233
vn 0.378862 0.656209 -0.652575
vn 0.150978 0.563457 -0.812233
vn 0.196114 0.731906 -0.652575
vn -0.000000 0.583333 -0.812233
vn -0.000000 0.757724 -0.652575
vn -0.150978 0.563457 -0.812233
vn -0.196114 0.731906 -0.652575
vn -0.291667 0.505181 -0.812233
vn -0.378862 0.656209 -0.652575
vn -0.412479 0.412479 -0.812233
vn -0.535792 0.535792 -0.652575
vn -0.505181 0.291667 -0.812233
vn -0.656209 0.378862 -0.652575
vn -0.563457 0.150978 -0.812233
vn -0.731906 0.196114 -0.652575
vn -0.583333 0.000000 -0.812233
vn -0.757724 0.000000 -0.652575
vn -0.563457 -0.150978 -0.812233
vn -0.731906 -0.196114 -0.652575
vn -0.505181 -0.291667 -0.812233
vn -0.656209 -0.378862 -0.652575
vn -0.412479 -0.412479 -0.812233
vn -0.535792 -0.535792 -0.652575
vn -0.291667 -0.505181 -0.812233
vn -0.378862 -0.656209 -0.652575
vn -0.150978 -0.563457 -0.812233
vn -0.196114 -0.731906 -0.652575
vn 0.000000 -0.583333 -0.812233
vn 0.000000 -0.757724 -0.652575
vn 0.150978 -0.563457 -0.812233
vn 0.196114 -0.731906 -0.652575
vn 0.291667 -0.505181 -0.812233
vn 0.378862 -0.656209 -0.652575
vn 0.412479 -0.412479 -0.812233
vn 0.535792 -0.535792 -0.652575
vn 0.505181 -0.291667 -0.812233
vn 0.656209 -0.378862 -0.652575
vn -0.889757 0.000000 -0.456435
vn -0.859439 0.230286 -0.456435
vn -0.770552 0.444878 -0.456435
vn -0.629153 0.629153 -0.456435
vn -0.444878 0.770552 -0.456435
vn -0.230286 0.859439 -0.456435
vn -0.000000 0.889757 -0.456435
vn 0.230286 0.859439 -0.456435
vn 0.444878 0.770552 -0.456435
vn 0.629153 0.629153 -0.456435
vn 0.770552 0.444878 -0.456435
vn 0.859439 0.230286 -0.456435
vn 0.889757 0.000000 -0.456435
vn 0.859439 -0.230286 -0.456435
vn 0.770552 -0.444878 -0.456435
vn 0.629153 -0.629153 -0.456435
vn 0.444878 -0.770552 -0.456435
vn 0.230286 -0.859439 -0.456435
vn 0.000000 -0.889757 -0.456435
vn -0.230286 -0.859439 -0.456435
vn -0.444878 -0.770552 -0.456435
vn -0.629153 -0.629153 -0.456435
vn -0.770552 -0.444878 -0.456435
vn -0.859439 -0.230286 -0.456435
vn -0.965926 -0.258819 0.000000
vn -0.965926 -0.258819 0.000000
vn -1.000000 -0.000000 0.000000
vn -1.000000 -0.000000 0.000000
vn -0.965926 0.258819 -0.000000
vn -0.965926 0.258819 -0.000000
vn -0.866025 0.500000 -0.000000
vn -0.866025 0.500000 -0.000000
vn -0.707107 0.707107 -0.000000
vn -0.707107 0.707107 -0.000000
vn -0.500000 0.866025 -0.000000
vn -0.500000 0.866025 -0.000000
vn -0.258819 0.965926 -0.000000
vn -0.258819 0.965926 -0.000000
vn 0.000000 1.000000 -0.000000
vn 0.000000 1.000000 -0.000000
vn 0.258819 0.965926 -0.000000
vn 0.258819 0.965926 -0.000000
vn 0.500000 0.866025 -0.000000
vn 0.500000 0.866025 -0.000000
vn 0.707107 0.707107 -0.000000
vn 0.707107 0.707107 -0.000000
vn 0.866025 0.500000 -0.000000
vn 0.866025 0.500000 -0.000000
vn 0.965926 0.258819 -0.000000
vn 0.965926 0.258819 -0.000000
vn 1.000000 -0.000000 -0.000000
vn 1.000000 0.000000 -0.000000
vn 0.965926 -0.258819 -0.000000
vn 0.965926 -0.258819 -0.000000
vn 0.866025 -0.500000 -0.000000
vn 0.866025 -0.500000 -0.000000
vn 0.707107 -0.707107 -0.000000
vn 0.707107 -0.707107 -0.000000
vn 0.500000 -0.866025 -0.000000
vn 0.500000 -0.866025 -0.000000
vn 0.258819 -0.965926 -0.000000
vn 0.258819 -0.965926 -0.000000
vn 0.000000 -1.000000 -0.000000
vn 0.000000 -1.000000 -0.000000
vn -0.258819 -0.965926 0.000000
vn -0.258819 -0.965926 0.000000
vn -0.500000 -0.866025 0.000000
vn -0.500000 -0.866025 0.000000
vn -0.707107 -0.707107 0.000000
vn -0.707107 -0.707107 0.000000
vn -0.866025 -0.500000 0.000000
vn -0.866025 -0.500000 0.000000
vn 0.731906 0.196114 -0.652575
vn 0.757724 0.000000 -0.652575
vn 0.731906 -0.196114 -0.652575
vn 0.656209 -0.378862 -0.652575
vn 0.535792 -0.535792 -0.652575
vn 0.378862 -0.656209 -0.652575
vn 0.196114 -0.731906 -0.652575
vn 0.000000 -0.757724 -0.652575
vn -0.196114 -0.731906 -0.652575
vn -0.378862 -0.656209 -0.652575
vn -0.535792 -0.535792 -0.652575
vn -0.656209 -0.378862 -0.652575
vn -0.731906 -0.196114 -0.652575
vn -0.757724 -0.000000 -0.652575
vn -0.731906 0.196114 -0.652575
vn -0.656209 0.378862 -0.652575
vn -0.535792 0.535792 -0.652575
vn -0.378862 0.656209 -0.652575
vn -0.196114 0.731906 -0.652575
vn -0.000000 0.757724 -0.652575
vn 0.196114 0.731906 -0.652575
vn 0.378862 0.656209 -0.652575
vn 0.535792 0.535792 -0.652575
vn 0.656209 0.378862 -0.652575
vn 0.938927 -0.251585 -0.234780
vn 0.972048 -0.000000 -0.234780
vn 0.938927 0.251585 -0.234780
vn 0.841819 0.486024 -0.234780
vn 0.687342 0.687342 -0.234780
vn 0.486024 0.841819 -0.234780
vn 0.251585 0.938927 -0.234780
vn -0.000000 0.972048 -0.234780
vn -0.251585 0.938927 -0.234780
vn -0.486024 0.841819 -0.234780
vn -0.687342 0.687342 -0.234780
vn -0.841819 0.486024 -0.234780
vn -0.938927 0.251585 -0.234780
vn -0.972048 -0.000000 -0.234780
vn -0.938927 -0.251585 -0.234780
vn -0.841819 -0.486024 -0.234780
vn -0.687342 -0.687342 -0.234780
vn -0.486024 -0.841819 -0.234780
vn -0.251585 -0.938927 -0.234780
vn 0.000000 -0.972048 -0.234780
vn 0.251585 -0.938927 -0.234780
vn 0.486024 -0.841819 -0.234780
vn 0.687342 -0.687342 -0.234780
vn 0.841819 -0.486024 -0.234780
vn 0.889757 -0.000000 -0.456435
vn 0.859439 -0.230286 -0.456435
vn 0.770552 -0.444878 -0.456435
vn 0.629153 -0.629153 -0.456435
vn 0.444878 -0.770552 -0.456435
vn 0.230286 -0.859439 -0.456435
vn 0.000000 -0.889757 -0.456435
vn -0.230286 -0.859439 -0.456435
vn -0.444878 -0.770552 -0.456435
vn -0.629153 -0.629153 -0.456435
vn -0.770552 -0.444878 -0.456435
vn -0.859439 -0.230286 -0.456435
vn -0.889757 -0.000000 -0.456435
vn -0.859439 0.230286 -0.456435
vn -0.770552 0.444878 -0.456435
vn -0.629153 0.629153 -0.456435
vn -0.444878 0.770552 -0.456435
vn -0.230286 0.859439 -0.456435
vn -0.000000 0.889757 -0.456435
vn 0.230286 0.859439 -0.456435
vn 0.444878 0.770552 -0.456435
vn 0.629153 0.629153 -0.456435
vn 0.770552 0.444878 -0.456435
vn 0.859439 0.230286 -0.456435
vn -0.000000 -0.000000 -1.000000
vn -0.250000 -0.066987 -0.965926
vn -0.000000 -0.000000 -1.000000
vn -0.258819 -0.000000 -0.965926
vn -0.000000 0.000000 -1.000000
vn -0.250000 0.066987 -0.965926
vn -0.000000 0.000000 -1.000000
vn -0.224144 0.129410 -0.965926
vn -0.000000 0.000000 -1.000000
vn -0.183013 0.183013 -0.965926
vn -0.000000 0.000000 -1.000000
vn -0.129410 0.224144 -0.965926
vn -0.000000 0.000000 -1.000000
vn -0.066987 0.250000 -0.965926
vn 0.000000 0.000000 -1.000000
vn 0.000000 0.258819 -0.965926
vn 0.000000 0.000000 -1.000000
vn 0.066987 0.250000 -0.965926
vn 0.000000 0.000000 -1.000000
vn 0.129410 0.224144 -0.965926
vn 0.000000 0.000000 -1.000000
vn 0.183013 0.183013 -0.965926
vn 0.000000 0.000000 -1.000000
vn 0.224144 0.129410 -0.965926
vn 0.000000 0.000000 -1.000000
vn 0.250000 0.066987 -0.965926
vn 0.000000 -0.000000 -1.000000
vn 0.258819 -0.000000 -0.965926
vn 0.000000 -0.000000 -1.000000
vn 0.250000 -0.066987 -0.965926
vn 0.000000 -0.000000 -1.000000
vn 0.224144 -0.129410 -0.965926
vn 0.000000 -0.000000 -1.000000
vn 0.183013 -0.183013 -0.965926
vn 0.000000 -0.000000 -1.000000
vn 0.129410 -0.224144 -0.965926
vn 0.000000 -0.000000 -1.000000
vn 0.066987 -0.250000 -0.965926
vn 0.000000 -0.000000 -1.000000
vn 0.000000 -0.258819 -0.965926
vn -0.000000 -0.000000 -1.000000
vn -0.066987 -0.250000 -0.965926
vn -0.000000 -0.000000 -1.000000
vn -0.129410 -0.224144 -0.965926
vn -0.000000 -0.000000 -1.000000
vn -0.183013 -0.183013 -0.965926
vn -0.000000 -0.000000 -1.000000
vn -0.224144 -0.129410 -0.965926
vn -0.933013 0.250000 -0.258819
vn -0.965926 0.000000 -0.258819
vn -0.933013 -0.250000 -0.258819
vn -0.836516 -0.482963 -0.258819
vn -0.683013 -0.683013 -0.258819
vn -0.482963 -0.836516 -0.258819
vn -0.250000 -0.933013 -0.258819
vn 0.000000 -0.965926 -0.258819
vn 0.250000 -0.933013 -0.258819
vn 0.482963 -0.836516 -0.258819
vn 0.683013 -0.683013 -0.258819
vn 0.836516 -0.482963 -0.258819
vn 0.933013 -0.250000 -0.258819
vn 0.965926 -0.000000 -0.258819
vn 0.933013 0.250000 -0.258819
vn 0.836516 0.482963 -0.258819
vn 0.683013 0.683013 -0.258819
vn 0.482963 0.836516 -0.258819
vn 0.250000 0.933013 -0.258819
vn 0.000000 0.965926 -0.258819
vn -0.250000 0.933013 -0.258819
vn -0.482963 0.836516 -0.258819
vn -0.683013 0.683013 -0.258819
vn -0.836516 0.482963 -0.258819
vn -0.500000 0.000000 -0.866025
vn -0.482963 0.129410 -0.866025
vn -0.433013 0.250000 -0.866025
vn -0.353553 0.353553 -0.866025
vn -0.250000 0.433013 -0.866025
vn -0.129410 0.482963 -0.866025
vn 0.000000 0.500000 -0.866025
vn 0.129410 0.482963 -0.866025
vn 0.250000 0.433013 -0.866025
vn 0.353553 0.353553 -0.866025
vn 0.433013 0.250000 -0.866025
vn 0.482963 0.129410 -0.866025
vn 0.500000 -0.000000 -0.866025
vn 0.482963 -0.129410 -0.866025
vn 0.433013 -0.250000 -0.866025
vn 0.353553 -0.353553 -0.866025
vn 0.250000 -0.433013 -0.866025
vn 0.129410 -0.482963 -0.866025
vn 0.000000 -0.500000 -0.866025
vn -0.129410 -0.482963 -0.866025
vn -0.250000 -0.433013 -0.866025
vn -0.353553 -0.353553 -0.866025
vn -0.433013 -0.250000 -0.866025
vn -0.482963 -0.129410 -0.866025
vn -0.707107 0.000000 -0.707107
vn -0.683013 0.183013 -0.707107
vn -0.612372 0.353553 -0.707107
vn -0.500000 0.500000 -0.707107
vn -0.353553 0.612372 -0.707107
vn -0.183013 0.683013 -0.707107
vn 0.000000 0.707107 -0.707107
vn 0.183013 0.683013 -0.707107
vn 0.353553 0.612372 -0.707107
vn 0.500000 0.500000 -0.707107
vn 0.612372 0.353553 -0.707107
vn 0.683013 0.183013 -0.707107
vn 0.707107 -0.000000 -0.707107
vn 0.683013 -0.183013 -0.707107
vn 0.612372 -0.353553 -0.707107
vn 0.500000 -0.500000 -0.707107
vn 0.353553 -0.612372 -0.707107
vn 0.183013 -0.683013 -0.707107
vn 0.000000 -0.707107 -0.707107
vn -0.183013 -0.683013 -0.707107
vn -0.353553 -0.612372 -0.707107
vn -0.500000 -0.500000 -0.707107
vn -0.612372 -0.353553 -0.707107
vn -0.683013 -0.183013 -0.707107
vn -0.866025 0.000000 -0.500000
vn -0.836516 0.224144 -0.500000
vn -0.750000 0.433013 -0.500000
vn -0.612372 0.612372 -0.500000
vn -0.433013 0.750000 -0.500000
vn -0.224144 0.836516 -0.500000
vn 0.000000 0.866025 -0.500000
vn 0.224144 0.836516 -0.500000
vn 0.433013 0.750000 -0.500000
vn 0.612372 0.612372 -0.500000
vn 0.750000 0.433013 -0.500000
vn 0.836516 0.224144 -0.500000
vn 0.866025 -0.000000 -0.500000
vn 0.836516 -0.224144 -0.500000
vn 0.750000 -0.433013 -0.500000
vn 0.612372 -0.612372 -0.500000
vn 0.433013 -0.750000 -0.500000
vn 0.224144 -0.836516 -0.500000
vn 0.000000 -0.866025 -0.500000
vn -0.224144 -0.836516 -0.500000
vn -0.433013 -0.750000 -0.500000
vn -0.612372 -0.612372 -0.500000
vn -0.750000 -0.433013 -0.500000
vn -0.836516 -0.224144 -0.500000
usemtl Steel_-_Satin
f 2/1/1 64/2/2 1/3/3
f 1/3/3 64/2/2 33/4/4
f 1/5/3 33/6/4 32/7/5
f 32/7/5 33/6/4 34/8/6
f 32/7/5 34/8/6 35/9/7
f 2/1/1 3/10/8 64/2/2
f 64/2/2 3/10/8 63/11/9
f 63/11/9 3/10/8 4/12/10
f 63/11/9 4/12/10 62/13/11
f 62/13/11 4/12/10 61/14/12
f 61/14/12 4/12/10 5/15/13
f 61/14/12 5/15/13 60/16/14
f 60/16/14 5/15/13 6/17/15
f 60/16/14 6/17/15 7/18/16
f 60/16/14 7/18/16 59/19/17
f 59/19/17 7/18/16 8/20/18
f 59/19/17 8/20/18 58/21/19
f 58/21/19 8/20/18 57/22/20
f 57/22/20 8/20/18 9/23/21
f 57/22/20 9/23/21 56/24/22
f 56/24/22 9/23/21 10/25/23
f 56/24/22 10/25/23 11/26/24
f 56/24/22 11/26/24 55/27/25
f 55/27/25 11/26/24 12/28/26
f 55/27/25 12/28/26 54/29/27
f 54/29/27 12/28/26 53/30/28
f 53/30/28 12/28/26 13/31/29
f 53/30/28 13/31/29 52/32/30
f 52/32/30 13/31/29 14/33/31
f 52/32/30 14/33/31 15/34/32
f 52/32/30 15/34/32 51/35/33
f 51/35/33 15/34/32 16/36/34
f 51/35/33 16/36/34 50/37/35
f 50/37/35 16/36/34 49/38/36
f 49/38/36 16/36/34 17/39/37
f 49/38/36 17/39/37 48/40/38
f 48/40/38 17/39/37 18/41/39
f 48/40/38 18/41/39 19/42/40
f 48/40/38 19/42/40 47/43/41
f 47/43/41 19/42/40 20/44/42
f 47/43/41 20/44/42 46/45/43
f 46/45/43 20/44/42 45/46/44
f 45/46/44 20/44/42 21/47/45
f 45/46/44 21/47/45 44/48/46
f 44/48/46 21/47/45 22/49/47
f 44/48/46 22/49/47 23/50/48
f 44/48/46 23/50/48 43/51/49
f 43/51/49 23/50/48 24/52/50
f 43/51/49 24/52/50 42/53/51
f 42/53/51 24/52/50 41/54/52
f 41/54/52 24/52/50 25/55/53
f 41/54/52 25/55/53 40/56/54
f 40/56/54 25/55/53 26/57/55
f 40/56/54 26/57/55 27/58/56
f 40/56/54 27/58/56 39/59/57
f 39/59/57 27/58/56 28/60/58
f 39/59/57 28/60/58 38/61/59
f 38/61/59 28/60/58 37/62/60
f 37/62/60 28/60/58 29/63/61
f 37/62/60 29/63/61 36/64/62
f 36/64/62 29/63/61 30/65/63
f 36/64/62 30/65/63 31/66/64
f 36/64/62 31/66/64 35/9/7
f 35/9/7 31/66/64 32/7/5
f 66/67/65 118/68/66 65/69/67
f 65/69/67 118/68/66 113/70/68
f 65/71/67 113/72/68 88/73/69
f 88/73/69 113/72/68 228/74/70
f 88/73/69 228/74/70 87/75/71
f 87/75/71 228/74/70 223/76/72
f 87/75/71 223/76/72 86/77/73
f 86/77/73 223/76/72 218/78/74
f 86/77/73 218/78/74 85/79/75
f 85/79/75 218/78/74 213/80/76
f 85/79/75 213/80/76 84/81/77
f 84/81/77 213/80/76 208/82/78
f 84/81/77 208/82/78 83/83/79
f 83/83/79 208/82/78 203/84/80
f 83/83/79 203/84/80 82/85/81
f 82/85/81 203/84/80 198/86/82
f 82/85/81 198/86/82 81/87/83
f 81/87/83 198/86/82 193/88/84
f 81/87/83 193/88/84 80/89/85
f 80/89/85 193/88/84 188/90/86
f 80/89/85 188/90/86 79/91/87
f 79/91/87 188/90/86 183/92/88
f 79/91/87 183/92/88 78/93/89
f 78/93/89 183/92/88 178/94/90
f 78/93/89 178/94/90 77/95/91
f 77/95/91 178/94/90 173/96/92
f 77/95/91 173/96/92 76/97/93
f 76/97/93 173/96/92 168/98/94
f 76/97/93 168/98/94 75/99/95
f 75/99/95 168/98/94 163/100/96
f 75/99/95 163/100/96 74/101/97
f 74/101/97 163/100/96 158/102/98
f 74/101/97 158/102/98 73/103/99
f 73/103/99 158/102/98 153/104/100
f 73/103/99 153/104/100 72/105/101
f 72/105/101 153/104/100 148/106/102
f 72/105/101 148/106/102 71/107/103
f 71/107/103 148/106/102 143/108/104
f 71/107/103 143/108/104 70/109/105
f 70/109/105 143/108/104 138/110/106
f 70/109/105 138/110/106 69/111/107
f 69/111/107 138/110/106 133/112/108
f 69/111/107 133/112/108 68/113/109
f 68/113/109 133/112/108 128/114/110
f 68/113/109 128/114/110 67/115/111
f 67/115/111 128/114/110 123/116/112
f 67/115/111 123/116/112 66/67/65
f 66/67/65 123/116/112 118/68/66
f 90/117/113 232/118/114 89/119/115
f 89/119/115 232/118/114 117/120/116
f 89/121/115 117/122/116 112/123/117
f 112/123/117 117/122/116 122/124/118
f 112/123/117 122/124/118 111/125/119
f 111/125/119 122/124/118 127/126/120
f 111/125/119 127/126/120 110/127/121
f 110/127/121 127/126/120 132/128/122
f 110/127/121 132/128/122 109/129/123
f 109/129/123 132/128/122 137/130/124
f 109/129/123 137/130/124 108/131/125
f 108/131/125 137/130/124 142/132/126
f 108/131/125 142/132/126 107/133/127
f 107/133/127 142/132/126 147/134/128
f 107/133/127 147/134/128 106/135/129
f 106/135/129 147/134/128 152/136/130
f 106/135/129 152/136/130 105/137/131
f 105/137/131 152/136/130 157/138/132
f 105/137/131 157/138/132 104/139/133
f 104/139/133 157/138/132 162/140/134
f 104/139/133 162/140/134 103/141/135
f 103/141/135 162/140/134 167/142/136
f 103/141/135 167/142/136 102/143/137
f 102/143/137 167/142/136 172/144/138
f 102/143/137 172/144/138 101/145/139
f 101/145/139 172/144/138 177/146/140
f 101/145/139 177/146/140 100/147/141
f 100/147/141 177/146/140 182/148/142
f 100/147/141 182/148/142 99/149/143
f 99/149/143 182/148/142 187/150/144
f 99/149/143 187/150/144 98/151/145
f 98/151/145 187/150/144 192/152/146
f 98/151/145 192/152/146 97/153/147
f 97/153/147 192/152/146 197/154/148
f 97/153/147 197/154/148 96/155/149
f 96/155/149 197/154/148 202/156/150
f 96/155/149 202/156/150 95/157/151
f 95/157/151 202/156/150 207/158/152
f 95/157/151 207/158/152 94/159/153
f 94/159/153 207/158/152 212/160/154
f 94/159/153 212/160/154 93/161/155
f 93/161/155 212/160/154 217/162/156
f 93/161/155 217/162/156 92/163/157
f 92/163/157 217/162/156 222/164/158
f 92/163/157 222/164/158 91/165/159
f 91/165/159 222/164/158 227/166/160
f 91/165/159 227/166/160 90/117/113
f 90/117/113 227/166/160 232/118/114
f 113/72/68 114/167/161 228/74/70
f 228/74/70 114/167/161 229/168/162
f 228/74/70 229/168/162 223/76/72
f 223/76/72 229/168/162 224/169/163
f 223/76/72 224/169/163 218/78/74
f 218/78/74 224/169/163 219/170/164
f 218/78/74 219/170/164 213/80/76
f 213/80/76 219/170/164 214/171/165
f 213/80/76 214/171/165 208/82/78
f 208/82/78 214/171/165 209/172/166
f 208/82/78 209/172/166 203/84/80
f 203/84/80 209/172/166 204/173/167
f 203/84/80 204/173/167 198/86/82
f 198/86/82 204/173/167 199/174/168
f 198/86/82 199/174/168 193/88/84
f 193/88/84 199/174/168 194/175/169
f 193/88/84 194/175/169 188/90/86
f 188/90/86 194/175/169 189/176/170
f 188/90/86 189/176/170 183/92/88
f 183/92/88 189/176/170 184/177/171
f 183/92/88 184/177/171 178/94/90
f 178/94/90 184/177/171 179/178/172
f 178/94/90 179/178/172 173/96/92
f 173/96/92 179/178/172 174/179/173
f 173/96/92 174/179/173 168/98/94
f 168/98/94 174/179/173 169/180/174
f 168/98/94 169/180/174 163/100/96
f 163/100/96 169/180/174 164/181/175
f 163/100/96 164/181/175 158/102/98
f 158/102/98 164/181/175 159/182/176
f 158/102/98 159/182/176 153/104/100
f 153/104/100 159/182/176 154/183/177
f 153/104/100 154/183/177 148/106/102
f 148/106/102 154/183/177 149/184/178
f 148/106/102 149/184/178 143/108/104
f 143/108/104 149/184/178 144/185/179
f 143/108/104 144/185/179 138/110/106
f 138/110/106 144/185/179 139/186/180
f 138/110/106 139/186/180 133/112/108
f 133/112/108 139/186/180 134/187/181
f 133/112/108 134/187/181 128/114/110
f 128/114/110 134/187/181 129/188/182
f 128/114/110 129/188/182 123/116/112
f 123/116/112 129/188/182 124/189/183
f 123/116/112 124/189/183 118/68/66
f 118/68/66 124/189/183 119/190/184
f 118/68/66 119/190/184 113/70/68
f 113/70/68 119/190/184 114/191/161
f 114/167/161 115/192/185 229/168/162
f 229/168/162 115/192/185 230/193/186
f 229/168/162 230/193/186 224/169/163
f 224/169/163 230/193/186 225/194/187
f 224/169/163 225/194/187 219/170/164
f 219/170/164 225/194/187 220/195/188
f 219/170/164 220/195/188 214/171/165
f 214/171/165 220/195/188 215/196/189
f 214/171/165 215/196/189 209/172/166
f 209/172/166 215/196/189 210/197/190
f 209/172/166 210/197/190 204/173/167
f 204/173/167 210/197/190 205/198/191
f 204/173/167 205/198/191 199/174/168
f 199/174/168 205/198/191 200/199/192
f 199/174/168 200/199/192 194/175/169
f 194/175/169 200/199/192 195/200/193
f 194/175/169 195/200/193 189/176/170
f 189/176/170 195/200/193 190/201/194
f 189/176/170 190/201/194 184/177/171
f 184/177/171 190/201/194 185/202/195
f 184/177/171 185/202/195 179/178/172
f 179/178/172 185/202/195 180/203/196
f 179/178/172 180/203/196 174/179/173
f 174/179/173 180/203/196 175/204/197
f 174/179/173 175/204/197 169/180/174
f 169/180/174 175/204/197 170/205/198
f 169/180/174 170/205/198 164/181/175
f 164/181/175 170/205/198 165/206/199
f 164/181/175 165/206/199 159/182/176
f 159/182/176 165/206/199 160/207/200
f 159/182/176 160/207/200 154/183/177
f 154/183/177 160/207/200 155/208/201
f 154/183/177 155/208/201 149/184/178
f 149/184/178 155/208/201 150/209/202
f 149/184/178 150/209/202 144/185/179
f 144/185/179 150/209/202 145/210/203
f 144/185/179 145/210/203 139/186/180
f 139/186/180 145/210/203 140/211/204
f 139/186/180 140/211/204 134/187/181
f 134/187/181 140/211/204 135/212/205
f 134/187/181 135/212/205 129/188/182
f 129/188/182 135/212/205 130/213/206
f 129/188/182 130/213/206 124/189/183
f 124/189/183 130/213/206 125/214/207
f 124/189/183 125/214/207 119/190/184
f 119/190/184 125/214/207 120/215/208
f 119/190/184 120/215/208 114/191/161
f 114/191/161 120/215/208 115/216/185
f 115/192/185 116/217/209 230/193/186
f 230/193/186 116/217/209 231/218/210
f 230/193/186 231/218/210 225/194/187
f 225/194/187 231/218/210 226/219/211
f 225/194/187 226/219/211 220/195/188
f 220/195/188 226/219/211 221/220/212
f 220/195/188 221/220/212 215/196/189
f 215/196/189 221/220/212 216/221/213
f 215/196/189 216/221/213 210/197/190
f 210/197/190 216/221/213 211/222/214
f 210/197/190 211/222/214 205/198/191
f 205/198/191 211/222/214 206/223/215
f 205/198/191 206/223/215 200/199/192
f 200/199/192 206/223/215 201/224/216
f 200/199/192 201/224/216 195/200/193
f 195/200/193 201/224/216 196/225/217
f 195/200/193 196/225/217 190/201/194
f 190/201/194 196/225/217 191/226/218
f 190/201/194 191/226/218 185/202/195
f 185/202/195 191/226/218 186/227/219
f 185/202/195 186/227/219 180/203/196
f 180/203/196 186/227/219 181/228/220
f 180/203/196 181/228/220 175/204/197
f 175/204/197 181/228/220 176/229/221
f 175/204/197 176/229/221 170/205/198
f 170/205/198 176/229/221 171/230/222
f 170/205/198 171/230/222 165/206/199
f 165/206/199 171/230/222 166/231/223
f 165/206/199 166/231/223 160/207/200
f 160/207/200 166/231/223 161/232/224
f 160/207/200 161/232/224 155/208/201
f 155/208/201 161/232/224 156/233/225
f 155/208/201 156/233/225 150/209/202
f 150/209/202 156/233/225 151/234/226
f 150/209/202 151/234/226 145/210/203
f 145/210/203 151/234/226 146/235/227
f 145/210/203 146/235/227 140/211/204
f 140/211/204 146/235/227 141/236/228
f 140/211/204 141/236/228 135/212/205
f 135/212/205 141/236/228 136/237/229
f 135/212/205 136/237/229 130/213/206
f 130/213/206 136/237/229 131/238/230
f 130/213/206 131/238/230 125/214/207
f 125/214/207 131/238/230 126/239/231
f 125/214/207 126/239/231 120/215/208
f 120/215/208 126/239/231 121/240/232
f 120/215/208 121/240/232 115/216/185
f 115/216/185 121/240/232 116/241/209
f 116/217/209 117/120/116 231/218/210
f 231/218/210 117/120/116 232/118/114
f 231/218/210 232/118/114 226/219/211
f 226/219/211 232/118/114 227/166/160
f 226/219/211 227/166/160 221/220/212
f 221/220/212 227/166/160 222/164/158
f 221/220/212 222/164/158 216/221/213
f 216/221/213 222/164/158 217/162/156
f 216/221/213 217/162/156 211/222/214
f 211/222/214 217/162/156 212/160/154
f 211/222/214 212/160/154 206/223/215
f 206/223/215 212/160/154 207/158/152
f 206/223/215 207/158/152 201/224/216
f 201/224/216 207/158/152 202/156/150
f 201/224/216 202/156/150 196/225/217
f 196/225/217 202/156/150 197/154/148
f 196/225/217 197/154/148 191/226/218
f 191/226/218 197/154/148 192/152/146
f 191/226/218 192/152/146 186/227/219
f 186/227/219 192/152/146 187/150/144
f 186/227/219 187/150/144 181/228/220
f 181/228/220 187/150/144 182/148/142
f 181/228/220 182/148/142 176/229/221
f 176/229/221 182/148/142 177/146/140
f 176/229/221 177/146/140 171/230/222
f 171/230/222 177/146/140 172/144/138
f 171/230/222 172/144/138 166/231/223
f 166/231/223 172/144/138 167/142/136
f 166/231/223 167/142/136 161/232/224
f 161/232/224 167/142/136 162/140/134
f 161/232/224 162/140/134 156/233/225
f 156/233/225 162/140/134 157/138/132
f 156/233/225 157/138/132 151/234/226
f 151/234/226 157/138/132 152/136/130
f 151/234/226 152/136/130 146/235/227
f 146/235/227 152/136/130 147/134/128
f 146/235/227 147/134/128 141/236/228
f 141/236/228 147/134/128 142/132/126
f 141/236/228 142/132/126 136/237/229
f 136/237/229 142/132/126 137/130/124
f 136/237/229 137/130/124 131/238/230
f 131/238/230 137/130/124 132/128/122
f 131/238/230 132/128/122 126/239/231
f 126/239/231 132/128/122 127/126/120
f 126/239/231 127/126/120 121/240/232
f 121/240/232 127/126/120 122/124/118
f 121/240/232 122/124/118 116/241/209
f 116/241/209 122/124/118 117/122/116
f 32/242/233 241/243/234 1/244/235
f 1/244/235 241/243/234 242/245/236
f 1/244/235 242/245/236 258/246/237
f 258/246/237 242/245/236 265/247/238
f 258/246/237 265/247/238 87/248/71
f 87/248/71 265/247/238 88/249/69
f 88/249/69 265/247/238 266/250/239
f 88/249/69 266/250/239 65/251/67
f 65/251/67 266/250/239 257/252/240
f 65/253/67 257/254/240 66/255/65
f 66/255/65 257/254/240 267/256/241
f 66/255/65 267/256/241 67/257/111
f 67/257/111 267/256/241 268/258/242
f 67/257/111 268/258/242 68/259/109
f 68/259/109 268/258/242 261/260/243
f 68/259/109 261/260/243 33/261/244
f 33/261/244 261/260/243 248/262/245
f 33/261/244 248/262/245 34/263/246
f 34/263/246 248/262/245 249/264/247
f 34/263/246 249/264/247 35/265/248
f 35/265/248 249/264/247 36/266/249
f 36/266/249 249/264/247 37/267/250
f 37/267/250 249/264/247 250/268/251
f 37/267/250 250/268/251 38/269/252
f 38/269/252 250/268/251 39/270/253
f 39/270/253 250/268/251 40/271/254
f 40/271/254 250/268/251 251/272/255
f 40/271/254 251/272/255 41/273/256
f 41/273/256 251/272/255 42/274/257
f 42/274/257 251/272/255 252/275/258
f 42/274/257 252/275/258 43/276/259
f 43/276/259 252/275/258 44/277/260
f 44/277/260 252/275/258 45/278/261
f 45/278/261 252/275/258 253/279/262
f 45/278/261 253/279/262 46/280/263
f 46/280/263 253/279/262 47/281/264
f 47/281/264 253/279/262 48/282/265
f 48/282/265 253/279/262 49/283/266
f 49/283/266 253/279/262 254/284/267
f 49/283/266 254/284/267 260/285/268
f 260/285/268 254/284/267 269/286/269
f 260/285/268 269/286/269 75/287/95
f 75/287/95 269/286/269 76/288/93
f 76/288/93 269/286/269 270/289/270
f 76/288/93 270/289/270 77/290/91
f 77/290/91 270/289/270 263/291/271
f 77/290/91 263/291/271 78/292/89
f 78/292/89 263/291/271 262/293/272
f 78/292/89 262/293/272 79/294/87
f 79/294/87 262/293/272 264/295/273
f 79/294/87 264/295/273 80/296/85
f 80/296/85 264/295/273 259/297/274
f 80/296/85 259/297/274 17/298/275
f 17/298/275 259/297/274 236/299/276
f 17/298/275 236/299/276 18/300/277
f 18/300/277 236/299/276 237/301/278
f 18/300/277 237/301/278 19/302/279
f 19/302/279 237/301/278 20/303/280
f 20/303/280 237/301/278 21/304/281
f 21/304/281 237/301/278 238/305/282
f 21/304/281 238/305/282 22/306/283
f 22/306/283 238/305/282 23/307/284
f 23/307/284 238/305/282 24/308/285
f 24/308/285 238/305/282 239/309/286
f 24/308/285 239/309/286 25/310/287
f 25/310/287 239/309/286 26/311/288
f 26/311/288 239/309/286 240/312/289
f 26/311/288 240/312/289 27/313/290
f 27/313/290 240/312/289 28/314/291
f 28/314/291 240/312/289 29/315/292
f 29/315/292 240/312/289 241/243/234
f 29/315/292 241/243/234 30/316/293
f 30/316/293 241/243/234 31/317/294
f 31/317/294 241/243/234 32/242/233
f 17/298/275 16/318/295 80/296/85
f 80/296/85 16/318/295 81/319/83
f 81/319/83 16/318/295 15/320/296
f 81/319/83 15/320/296 14/321/297
f 14/321/297 13/322/298 81/319/83
f 81/319/83 13/322/298 82/323/81
f 82/323/81 13/322/298 12/324/299
f 82/323/81 12/324/299 11/325/300
f 11/325/300 10/326/301 82/323/81
f 82/323/81 10/326/301 83/327/79
f 83/327/79 10/326/301 9/328/302
f 83/327/79 9/328/302 8/329/303
f 83/327/79 8/329/303 84/330/77
f 84/330/77 8/329/303 7/331/304
f 84/330/77 7/331/304 6/332/305
f 6/332/305 5/333/306 84/330/77
f 84/330/77 5/333/306 85/334/75
f 85/334/75 5/333/306 4/335/307
f 85/334/75 4/335/307 3/336/308
f 3/336/308 2/337/309 85/334/75
f 85/334/75 2/337/309 1/244/235
f 85/334/75 1/244/235 86/338/73
f 86/338/73 1/244/235 258/246/237
f 86/338/73 258/246/237 87/248/71
f 33/261/244 64/339/310 68/259/109
f 68/259/109 64/339/310 69/340/107
f 69/340/107 64/339/310 63/341/311
f 69/340/107 63/341/311 62/342/312
f 62/342/312 61/343/313 69/340/107
f 69/340/107 61/343/313 70/344/105
f 70/344/105 61/343/313 60/345/314
f 70/344/105 60/345/314 59/346/315
f 59/346/315 58/347/316 70/344/105
f 70/344/105 58/347/316 71/348/103
f 71/348/103 58/347/316 57/349/317
f 71/348/103 57/349/317 56/350/318
f 71/348/103 56/350/318 72/351/101
f 72/351/101 56/350/318 55/352/319
f 72/351/101 55/352/319 54/353/320
f 54/353/320 53/354/321 72/351/101
f 72/351/101 53/354/321 73/355/99
f 73/355/99 53/354/321 52/356/322
f 73/355/99 52/356/322 51/357/323
f 51/357/323 50/358/324 73/355/99
f 73/355/99 50/358/324 49/283/266
f 73/355/99 49/283/266 74/359/97
f 74/359/97 49/283/266 260/285/268
f 74/359/97 260/285/268 75/287/95
f 234/360/325 262/293/272 233/361/326
f 233/361/326 262/293/272 263/291/271
f 233/361/326 263/291/271 256/362/327
f 256/362/327 263/291/271 270/289/270
f 256/362/327 270/289/270 255/363/328
f 255/363/328 270/289/270 269/286/269
f 255/363/328 269/286/269 254/284/267
f 262/293/272 234/360/325 264/295/273
f 264/295/273 234/360/325 235/364/329
f 264/295/273 235/364/329 259/297/274
f 259/297/274 235/364/329 236/299/276
f 242/245/236 243/365/330 265/247/238
f 265/247/238 243/365/330 266/250/239
f 243/365/330 244/366/331 266/250/239
f 266/250/239 244/366/331 257/252/240
f 244/366/331 245/367/332 257/252/240
f 257/254/240 245/368/332 267/256/241
f 245/368/332 246/369/333 267/256/241
f 267/256/241 246/369/333 268/258/242
f 246/369/333 247/370/334 268/258/242
f 268/258/242 247/370/334 261/260/243
f 247/370/334 248/262/245 261/260/243
f 112/371/117 102/372/137 89/373/115
f 89/373/115 102/372/137 101/374/139
f 89/373/115 101/374/139 90/375/113
f 90/375/113 101/374/139 100/376/141
f 90/375/113 100/376/141 91/377/159
f 91/377/159 100/376/141 99/378/143
f 91/377/159 99/378/143 92/379/157
f 92/379/157 99/378/143 98/380/145
f 92/379/157 98/380/145 93/381/155
f 93/381/155 98/380/145 97/382/147
f 93/381/155 97/382/147 94/383/153
f 94/383/153 97/382/147 96/384/149
f 94/383/153 96/384/149 95/385/151
f 102/372/137 112/371/117 103/386/135
f 103/386/135 112/371/117 111/387/119
f 103/386/135 111/387/119 104/388/133
f 104/388/133 111/387/119 110/389/121
f 104/388/133 110/389/121 105/390/131
f 105/390/131 110/389/121 109/391/123
f 105/390/131 109/391/123 106/392/129
f 106/392/129 109/391/123 108/393/125
f 106/392/129 108/393/125 107/394/127
f 256/395/327 299/396/335 233/397/326
f 233/397/326 299/396/335 295/398/336
f 233/399/326 295/400/336 234/401/325
f 234/401/325 295/400/336 387/402/337
f 234/401/325 387/402/337 235/403/329
f 235/403/329 387/402/337 383/404/338
f 235/403/329 383/404/338 236/405/276
f 236/405/276 383/404/338 379/406/339
f 236/405/276 379/406/339 237/407/278
f 237/407/278 379/406/339 375/408/340
f 237/407/278 375/408/340 238/409/282
f 238/409/282 375/408/340 371/410/341
f 238/409/282 371/410/341 239/411/286
f 239/411/286 371/410/341 367/412/342
f 239/411/286 367/412/342 240/413/289
f 240/413/289 367/412/342 363/414/343
f 240/413/289 363/414/343 241/415/234
f 241/415/234 363/414/343 359/416/344
f 241/415/234 359/416/344 242/417/236
f 242/417/236 359/416/344 355/418/345
f 242/417/236 355/418/345 243/419/330
f 243/419/330 355/418/345 351/420/346
f 243/419/330 351/420/346 244/421/331
f 244/421/331 351/420/346 347/422/347
f 244/421/331 347/422/347 245/423/332
f 245/423/332 347/422/347 343/424/348
f 245/423/332 343/424/348 246/425/333
f 246/425/333 343/424/348 339/426/349
f 246/425/333 339/426/349 247/427/334
f 247/427/334 339/426/349 335/428/350
f 247/427/334 335/428/350 248/429/245
f 248/429/245 335/428/350 331/430/351
f 248/429/245 331/430/351 249/431/247
f 249/431/247 331/430/351 327/432/352
f 249/431/247 327/432/352 250/433/251
f 250/433/251 327/432/352 323/434/353
f 250/433/251 323/434/353 251/435/255
f 251/435/255 323/434/353 319/436/354
f 251/435/255 319/436/354 252/437/258
f 252/437/258 319/436/354 315/438/355
f 252/437/258 315/438/355 253/439/262
f 253/439/262 315/438/355 311/440/356
f 253/439/262 311/440/356 254/441/267
f 254/441/267 311/440/356 307/442/357
f 254/441/267 307/442/357 255/443/328
f 255/443/328 307/442/357 303/444/358
f 255/443/328 303/444/358 256/395/327
f 256/395/327 303/444/358 299/396/335
f 272/445/359 390/446/360 271/447/361
f 271/447/361 390/446/360 298/448/362
f 271/449/361 298/450/362 294/451/363
f 294/451/363 298/450/362 302/452/364
f 294/451/363 302/452/364 293/453/365
f 293/453/365 302/452/364 306/454/366
f 293/453/365 306/454/366 292/455/367
f 292/455/367 306/454/366 310/456/368
f 292/455/367 310/456/368 291/457/369
f 291/457/369 310/456/368 314/458/370
f 291/457/369 314/458/370 290/459/371
f 290/459/371 314/458/370 318/460/372
f 290/459/371 318/460/372 289/461/373
f 289/461/373 318/460/372 322/462/374
f 289/461/373 322/462/374 288/463/375
f 288/463/375 322/462/374 326/464/376
f 288/463/375 326/464/376 287/465/377
f 287/465/377 326/464/376 330/466/378
f 287/465/377 330/466/378 286/467/379
f 286/467/379 330/466/378 334/468/380
f 286/467/379 334/468/380 285/469/381
f 285/469/381 334/468/380 338/470/382
f 285/469/381 338/470/382 284/471/383
f 284/471/383 338/470/382 342/472/384
f 284/471/383 342/472/384 283/473/385
f 283/473/385 342/472/384 346/474/386
f 283/473/385 346/474/386 282/475/387
f 282/475/387 346/474/386 350/476/388
f 282/475/387 350/476/388 281/477/389
f 281/477/389 350/476/388 354/478/390
f 281/477/389 354/478/390 280/479/391
f 280/479/391 354/478/390 358/480/392
f 280/479/391 358/480/392 279/481/393
f 279/481/393 358/480/392 362/482/394
f 279/481/393 362/482/394 278/483/395
f 278/483/395 362/482/394 366/484/396
f 278/483/395 366/484/396 277/485/397
f 277/485/397 366/484/396 370/486/398
f 277/485/397 370/486/398 276/487/399
f 276/487/399 370/486/398 374/488/400
f 276/487/399 374/488/400 275/489/401
f 275/489/401 374/488/400 378/490/402
f 275/489/401 378/490/402 274/491/403
f 274/491/403 378/490/402 382/492/404
f 274/491/403 382/492/404 273/493/405
f 273/493/405 382/492/404 386/494/406
f 273/493/405 386/494/406 272/445/359
f 272/445/359 386/494/406 390/446/360
f 295/400/336 296/495/407 387/402/337
f 387/402/337 296/495/407 388/496/408
f 387/402/337 388/496/408 383/404/338
f 383/404/338 388/496/408 384/497/409
f 383/404/338 384/497/409 379/406/339
f 379/406/339 384/497/409 380/498/410
f 379/406/339 380/498/410 375/408/340
f 375/408/340 380/498/410 376/499/411
f 375/408/340 376/499/411 371/410/341
f 371/410/341 376/499/411 372/500/412
f 371/410/341 372/500/412 367/412/342
f 367/412/342 372/500/412 368/501/413
f 367/412/342 368/501/413 363/414/343
f 363/414/343 368/501/413 364/502/414
f 363/414/343 364/502/414 359/416/344
f 359/416/344 364/502/414 360/503/415
f 359/416/344 360/503/415 355/418/345
f 355/418/345 360/503/415 356/504/416
f 355/418/345 356/504/416 351/420/346
f 351/420/346 356/504/416 352/505/417
f 351/420/346 352/505/417 347/422/347
f 347/422/347 352/505/417 348/506/418
f 347/422/347 348/506/418 343/424/348
f 343/424/348 348/506/418 344/507/419
f 343/424/348 344/507/419 339/426/349
f 339/426/349 344/507/419 340/508/420
f 339/426/349 340/508/420 335/428/350
f 335/428/350 340/508/420 336/509/421
f 335/428/350 336/509/421 331/430/351
f 331/430/351 336/509/421 332/510/422
f 331/430/351 332/510/422 327/432/352
f 327/432/352 332/510/422 328/511/423
f 327/432/352 328/511/423 323/434/353
f 323/434/353 328/511/423 324/512/424
f 323/434/353 324/512/424 319/436/354
f 319/436/354 324/512/424 320/513/425
f 319/436/354 320/513/425 315/438/355
f 315/438/355 320/513/425 316/514/426
f 315/438/355 316/514/426 311/440/356
f 311/440/356 316/514/426 312/515/427
f 311/440/356 312/515/427 307/442/357
f 307/442/357 312/515/427 308/516/428
f 307/442/357 308/516/428 303/444/358
f 303/444/358 308/516/428 304/517/429
f 303/444/358 304/517/429 299/396/335
f 299/396/335 304/517/429 300/518/430
f 299/396/335 300/518/430 295/398/336
f 295/398/336 300/518/430 296/519/407
f 296/495/407 297/520/431 388/496/408
f 388/496/408 297/520/431 389/521/432
f 388/496/408 389/521/432 384/497/409
f 384/497/409 389/521/432 385/522/433
f 384/497/409 385/522/433 380/498/410
f 380/498/410 385/522/433 381/523/434
f 380/498/410 381/523/434 376/499/411
f 376/499/411 381/523/434 377/524/435
f 376/499/411 377/524/435 372/500/412
f 372/500/412 377/524/435 373/525/436
f 372/500/412 373/525/436 368/501/413
f 368/501/413 373/525/436 369/526/437
f 368/501/413 369/526/437 364/502/414
f 364/502/414 369/526/437 365/527/438
f 364/502/414 365/527/438 360/503/415
f 360/503/415 365/527/438 361/528/439
f 360/503/415 361/528/439 356/504/416
f 356/504/416 361/528/439 357/529/440
f 356/504/416 357/529/440 352/505/417
f 352/505/417 357/529/440 353/530/441
f 352/505/417 353/530/441 348/506/418
f 348/506/418 353/530/441 349/531/442
f 348/506/418 349/531/442 344/507/419
f 344/507/419 349/531/442 345/532/443
f 344/507/419 345/532/443 340/508/420
f 340/508/420 345/532/443 341/533/444
f 340/508/420 341/533/444 336/509/421
f 336/509/421 341/533/444 337/534/445
f 336/509/421 337/534/445 332/510/422
f 332/510/422 337/534/445 333/535/446
f 332/510/422 333/535/446 328/511/423
f 328/511/423 333/535/446 329/536/447
f 328/511/423 329/536/447 324/512/424
f 324/512/424 329/536/447 325/537/448
f 324/512/424 325/537/448 320/513/425
f 320/513/425 325/537/448 321/538/449
f 320/513/425 321/538/449 316/514/426
f 316/514/426 321/538/449 317/539/450
f 316/514/426 317/539/450 312/515/427
f 312/515/427 317/539/450 313/540/451
f 312/515/427 313/540/451 308/516/428
f 308/516/428 313/540/451 309/541/452
f 308/516/428 309/541/452 304/517/429
f 304/517/429 309/541/452 305/542/453
f 304/517/429 305/542/453 300/518/430
f 300/518/430 305/542/453 301/543/454
f 300/518/430 301/543/454 296/519/407
f 296/519/407 301/543/454 297/544/431
f 297/520/431 298/448/362 389/521/432
f 389/521/432 298/448/362 390/446/360
f 389/521/432 390/446/360 385/522/433
f 385/522/433 390/446/360 386/494/406
f 385/522/433 386/494/406 381/523/434
f 381/523/434 386/494/406 382/492/404
f 381/523/434 382/492/404 377/524/435
f 377/524/435 382/492/404 378/490/402
f 377/524/435 378/490/402 373/525/436
f 373/525/436 378/490/402 374/488/400
f 373/525/436 374/488/400 369/526/437
f 369/526/437 374/488/400 370/486/398
f 369/526/437 370/486/398 365/527/438
f 365/527/438 370/486/398 366/484/396
f 365/527/438 366/484/396 361/528/439
f 361/528/439 366/484/396 362/482/394
f 361/528/439 362/482/394 357/529/440
f 357/529/440 362/482/394 358/480/392
f 357/529/440 358/480/392 353/530/441
f 353/530/441 358/480/392 354/478/390
f 353/530/441 354/478/390 349/531/442
f 349/531/442 354/478/390 350/476/388
f 349/531/442 350/476/388 345/532/443
f 345/532/443 350/476/388 346/474/386
f 345/532/443 346/474/386 341/533/444
f 341/533/444 346/474/386 342/472/384
f 341/533/444 342/472/384 337/534/445
f 337/534/445 342/472/384 338/470/382
f 337/534/445 338/470/382 333/535/446
f 333/535/446 338/470/382 334/468/380
f 333/535/446 334/468/380 329/536/447
f 329/536/447 334/468/380 330/466/378
f 329/536/447 330/466/378 325/537/448
f 325/537/448 330/466/378 326/464/376
f 325/537/448 326/464/376 321/538/449
f 321/538/449 326/464/376 322/462/374
f 321/538/449 322/462/374 317/539/450
f 317/539/450 322/462/374 318/460/372
f 317/539/450 318/460/372 313/540/451
f 313/540/451 318/460/372 314/458/370
f 313/540/451 314/458/370 309/541/452
f 309/541/452 314/458/370 310/456/368
f 309/541/452 310/456/368 305/542/453
f 305/542/453 310/456/368 306/454/366
f 305/542/453 306/454/366 301/543/454
f 301/543/454 306/454/366 302/452/364
f 301/543/454 302/452/364 297/544/431
f 297/544/431 302/452/364 298/450/362
f 392/545/455 419/546/456 391/547/457
f 391/547/457 419/546/456 415/548/458
f 391/549/457 415/550/458 414/551/459
f 414/551/459 415/550/458 507/552/460
f 414/551/459 507/552/460 413/553/461
f 413/553/461 507/552/460 503/554/462
f 413/553/461 503/554/462 412/555/463
f 412/555/463 503/554/462 499/556/464
f 412/555/463 499/556/464 411/557/465
f 411/557/465 499/556/464 495/558/466
f 411/557/465 495/558/466 410/559/467
f 410/559/467 495/558/466 491/560/468
f 410/559/467 491/560/468 409/561/469
f 409/561/469 491/560/468 487/562/470
f 409/561/469 487/562/470 408/563/471
f 408/563/471 487/562/470 483/564/472
f 408/563/471 483/564/472 407/565/473
f 407/565/473 483/564/472 479/566/474
f 407/565/473 479/566/474 406/567/475
f 406/567/475 479/566/474 475/568/476
f 406/567/475 475/568/476 405/569/477
f 405/569/477 475/568/476 471/570/478
f 405/569/477 471/570/478 404/571/479
f 404/571/479 471/570/478 467/572/480
f 404/571/479 467/572/480 403/573/481
f 403/573/481 467/572/480 463/574/482
f 403/573/481 463/574/482 402/575/483
f 402/575/483 463/574/482 459/576/484
f 402/575/483 459/576/484 401/577/485
f 401/577/485 459/576/484 455/578/486
f 401/577/485 455/578/486 400/579/487
f 400/579/487 455/578/486 451/580/488
f 400/579/487 451/580/488 399/581/489
f 399/581/489 451/580/488 447/582/490
f 399/581/489 447/582/490 398/583/491
f 398/583/491 447/582/490 443/584/492
f 398/583/491 443/584/492 397/585/493
f 397/585/493 443/584/492 439/586/494
f 397/585/493 439/586/494 396/587/495
f 396/587/495 439/586/494 435/588/496
f 396/587/495 435/588/496 395/589/497
f 395/589/497 435/588/496 431/590/498
f 395/589/497 431/590/498 394/591/499
f 394/591/499 431/590/498 427/592/500
f 394/591/499 427/592/500 393/593/501
f 393/593/501 427/592/500 423/594/502
f 393/593/501 423/594/502 392/545/455
f 392/545/455 423/594/502 419/546/456
f 294/595/363 462/596/503 271/597/361
f 271/597/361 462/596/503 466/598/504
f 271/597/361 466/598/504 272/599/359
f 272/599/359 466/598/504 470/600/505
f 272/599/359 470/600/505 273/601/405
f 273/601/405 470/600/505 474/602/506
f 273/601/405 474/602/506 274/603/403
f 274/603/403 474/602/506 478/604/507
f 274/603/403 478/604/507 275/605/401
f 275/605/401 478/604/507 482/606/508
f 275/605/401 482/606/508 276/607/399
f 276/607/399 482/606/508 486/608/509
f 276/607/399 486/608/509 277/609/397
f 277/609/397 486/608/509 490/610/510
f 277/609/397 490/610/510 278/611/395
f 278/611/395 490/610/510 494/612/511
f 278/611/395 494/612/511 279/613/393
f 279/613/393 494/612/511 498/614/512
f 279/613/393 498/614/512 280/615/391
f 280/615/391 498/614/512 502/616/513
f 280/615/391 502/616/513 281/617/389
f 281/617/389 502/616/513 506/618/514
f 281/617/389 506/618/514 282/619/387
f 282/619/387 506/618/514 510/620/515
f 282/619/387 510/620/515 283/621/385
f 283/621/385 510/620/515 418/622/516
f 283/623/385 418/624/516 284/625/383
f 284/625/383 418/624/516 422/626/517
f 284/625/383 422/626/517 285/627/381
f 285/627/381 422/626/517 426/628/518
f 285/627/381 426/628/518 286/629/379
f 286/629/379 426/628/518 430/630/519
f 286/629/379 430/630/519 287/631/377
f 287/631/377 430/630/519 434/632/520
f 287/631/377 434/632/520 288/633/375
f 288/633/375 434/632/520 438/634/521
f 288/633/375 438/634/521 289/635/373
f 289/635/373 438/634/521 442/636/522
f 289/635/373 442/636/522 290/637/371
f 290/637/371 442/636/522 446/638/523
f 290/637/371 446/638/523 291/639/369
f 291/639/369 446/638/523 450/640/524
f 291/639/369 450/640/524 292/641/367
f 292/641/367 450/640/524 454/642/525
f 292/641/367 454/642/525 293/643/365
f 293/643/365 454/642/525 458/644/526
f 293/643/365 458/644/526 294/595/363
f 294/595/363 458/644/526 462/596/503
f 415/550/458 416/645/527 507/552/460
f 507/552/460 416/645/527 508/646/528
f 507/552/460 508/646/528 503/554/462
f 503/554/462 508/646/528 504/647/529
f 503/554/462 504/647/529 499/556/464
f 499/556/464 504/647/529 500/648/530
f 499/556/464 500/648/530 495/558/466
f 495/558/466 500/648/530 496/649/531
f 495/558/466 496/649/531 491/560/468
f 491/560/468 496/649/531 492/650/532
f 491/560/468 492/650/532 487/562/470
f 487/562/470 492/650/532 488/651/533
f 487/562/470 488/651/533 483/564/472
f 483/564/472 488/651/533 484/652/534
f 483/564/472 484/652/534 479/566/474
f 479/566/474 484/652/534 480/653/535
f 479/566/474 480/653/535 475/568/476
f 475/568/476 480/653/535 476/654/536
f 475/568/476 476/654/536 471/570/478
f 471/570/478 476/654/536 472/655/537
f 471/570/478 472/655/537 467/572/480
f 467/572/480 472/655/537 468/656/538
f 467/572/480 468/656/538 463/574/482
f 463/574/482 468/656/538 464/657/539
f 463/574/482 464/657/539 459/576/484
f 459/576/484 464/657/539 460/658/540
f 459/576/484 460/658/540 455/578/486
f 455/578/486 460/658/540 456/659/541
f 455/578/486 456/659/541 451/580/488
f 451/580/488 456/659/541 452/660/542
f 451/580/488 452/660/542 447/582/490
f 447/582/490 452/660/542 448/661/543
f 447/582/490 448/661/543 443/584/492
f 443/584/492 448/661/543 444/662/544
f 443/584/492 444/662/544 439/586/494
f 439/586/494 444/662/544 440/663/545
f 439/586/494 440/663/545 435/588/496
f 435/588/496 440/663/545 436/664/546
f 435/588/496 436/664/546 431/590/498
f 431/590/498 436/664/546 432/665/547
f 431/590/498 432/665/547 427/592/500
f 427/592/500 432/665/547 428/666/548
f 427/592/500 428/666/548 423/594/502
f 423/594/502 428/666/548 424/667/549
f 423/594/502 424/667/549 419/546/456
f 419/546/456 424/667/549 420/668/550
f 419/546/456 420/668/550 415/548/458
f 415/548/458 420/668/550 416/669/527
f 416/645/527 417/670/551 508/646/528
f 508/646/528 417/670/551 509/671/552
f 508/646/528 509/671/552 504/647/529
f 504/647/529 509/671/552 505/672/553
f 504/647/529 505/672/553 500/648/530
f 500/648/530 505/672/553 501/673/554
f 500/648/530 501/673/554 496/649/531
f 496/649/531 501/673/554 497/674/555
f 496/649/531 497/674/555 492/650/532
f 492/650/532 497/674/555 493/675/556
f 492/650/532 493/675/556 488/651/533
f 488/651/533 493/675/556 489/676/557
f 488/651/533 489/676/557 484/652/534
f 484/652/534 489/676/557 485/677/558
f 484/652/534 485/677/558 480/653/535
f 480/653/535 485/677/558 481/678/559
f 480/653/535 481/678/559 476/654/536
f 476/654/536 481/678/559 477/679/560
f 476/654/536 477/679/560 472/655/537
f 472/655/537 477/679/560 473/680/561
f 472/655/537 473/680/561 468/656/538
f 468/656/538 473/680/561 469/681/562
f 468/656/538 469/681/562 464/657/539
f 464/657/539 469/681/562 465/682/563
f 464/657/539 465/682/563 460/658/540
f 460/658/540 465/682/563 461/683/564
f 460/658/540 461/683/564 456/659/541
f 456/659/541 461/683/564 457/684/565
f 456/659/541 457/684/565 452/660/542
f 452/660/542 457/684/565 453/685/566
f 452/660/542 453/685/566 448/661/543
f 448/661/543 453/685/566 449/686/567
f 448/661/543 449/686/567 444/662/544
f 444/662/544 449/686/567 445/687/568
f 444/662/544 445/687/568 440/663/545
f 440/663/545 445/687/568 441/688/569
f 440/663/545 441/688/569 436/664/546
f 436/664/546 441/688/569 437/689/570
f 436/664/546 437/689/570 432/665/547
f 432/665/547 437/689/570 433/690/571
f 432/665/547 433/690/571 428/666/548
f 428/666/548 433/690/571 429/691/572
f 428/666/548 429/691/572 424/667/549
f 424/667/549 429/691/572 425/692/573
f 424/667/549 425/692/573 420/668/550
f 420/668/550 425/692/573 421/693/574
f 420/668/550 421/693/574 416/669/527
f 416/669/527 421/693/574 417/694/551
f 417/670/551 418/622/516 509/671/552
f 509/671/552 418/622/516 510/620/515
f 509/671/552 510/620/515 505/672/553
f 505/672/553 510/620/515 506/618/514
f 505/672/553 506/618/514 501/673/554
f 501/673/554 506/618/514 502/616/513
f 501/673/554 502/616/513 497/674/555
f 497/674/555 502/616/513 498/614/512
f 497/674/555 498/614/512 493/675/556
f 493/675/556 498/614/512 494/612/511
f 493/675/556 494/612/511 489/676/557
f 489/676/557 494/612/511 490/610/510
f 489/676/557 490/610/510 485/677/558
f 485/677/558 490/610/510 486/608/509
f 485/677/558 486/608/509 481/678/559
f 481/678/559 486/608/509 482/606/508
f 481/678/559 482/606/508 477/679/560
f 477/679/560 482/606/508 478/604/507
f 477/679/560 478/604/507 473/680/561
f 473/680/561 478/604/507 474/602/506
f 473/680/561 474/602/506 469/681/562
f 469/681/562 474/602/506 470/600/505
f 469/681/562 470/600/505 465/682/563
f 465/682/563 470/600/505 466/598/504
f 465/682/563 466/598/504 461/683/564
f 461/683/564 466/598/504 462/596/503
f 461/683/564 462/596/503 457/684/565
f 457/684/565 462/596/503 458/644/526
f 457/684/565 458/644/526 453/685/566
f 453/685/566 458/644/526 454/642/525
f 453/685/566 454/642/525 449/686/567
f 449/686/567 454/642/525 450/640/524
f 449/686/567 450/640/524 445/687/568
f 445/687/568 450/640/524 446/638/523
f 445/687/568 446/638/523 441/688/569
f 441/688/569 446/638/523 442/636/522
f 441/688/569 442/636/522 437/689/570
f 437/689/570 442/636/522 438/634/521
f 437/689/570 438/634/521 433/690/571
f 433/690/571 438/634/521 434/632/520
f 433/690/571 434/632/520 429/691/572
f 429/691/572 434/632/520 430/630/519
f 429/691/572 430/630/519 425/692/573
f 425/692/573 430/630/519 426/628/518
f 425/692/573 426/628/518 421/693/574
f 421/693/574 426/628/518 422/626/517
f 421/693/574 422/626/517 417/694/551
f 417/694/551 422/626/517 418/624/516
f 512/695/575 536/696/576 511/697/577
f 511/697/577 536/696/576 537/698/578
f 511/697/577 537/698/578 534/699/579
f 534/699/579 537/698/578 558/700/580
f 534/699/579 558/700/580 533/701/581
f 533/701/581 558/700/580 557/702/582
f 533/701/581 557/702/582 532/703/583
f 532/703/583 557/702/582 556/704/584
f 532/703/583 556/704/584 531/705/585
f 531/705/585 556/704/584 555/706/586
f 531/705/585 555/706/586 530/707/587
f 530/707/587 555/706/586 554/708/588
f 530/707/587 554/708/588 529/709/589
f 529/709/589 554/708/588 553/710/590
f 529/709/589 553/710/590 528/711/591
f 528/711/591 553/710/590 552/712/592
f 528/711/591 552/712/592 527/713/593
f 527/713/593 552/712/592 551/714/594
f 527/713/593 551/714/594 526/715/595
f 526/715/595 551/714/594 550/716/596
f 526/715/595 550/716/596 525/717/597
f 525/717/597 550/716/596 549/718/598
f 525/717/597 549/718/598 524/719/599
f 524/719/599 549/718/598 548/720/600
f 524/719/599 548/720/600 523/721/601
f 523/721/601 548/720/600 535/722/602
f 523/723/601 535/724/602 522/725/603
f 522/725/603 535/724/602 547/726/604
f 522/725/603 547/726/604 521/727/605
f 521/727/605 547/726/604 546/728/606
f 521/727/605 546/728/606 520/729/607
f 520/729/607 546/728/606 545/730/608
f 520/729/607 545/730/608 519/731/609
f 519/731/609 545/730/608 544/732/610
f 519/731/609 544/732/610 518/733/611
f 518/733/611 544/732/610 543/734/612
f 518/733/611 543/734/612 517/735/613
f 517/735/613 543/734/612 542/736/614
f 517/735/613 542/736/614 516/737/615
f 516/737/615 542/736/614 541/738/616
f 516/737/615 541/738/616 515/739/617
f 515/739/617 541/738/616 540/740/618
f 515/739/617 540/740/618 514/741/619
f 514/741/619 540/740/618 539/742/620
f 514/741/619 539/742/620 513/743/621
f 513/743/621 539/742/620 538/744/622
f 513/743/621 538/744/622 512/695/575
f 512/695/575 538/744/622 536/696/576
f 414/745/459 547/726/604 391/746/457
f 391/746/457 547/726/604 535/724/602
f 391/747/457 535/722/602 392/748/455
f 392/748/455 535/722/602 548/720/600
f 392/748/455 548/720/600 393/749/501
f 393/749/501 548/720/600 549/718/598
f 393/749/501 549/718/598 394/750/499
f 394/750/499 549/718/598 550/716/596
f 394/750/499 550/716/596 395/751/497
f 395/751/497 550/716/596 551/714/594
f 395/751/497 551/714/594 396/752/495
f 396/752/495 551/714/594 552/712/592
f 396/752/495 552/712/592 397/753/493
f 397/753/493 552/712/592 553/710/590
f 397/753/493 553/710/590 398/754/491
f 398/754/491 553/710/590 554/708/588
f 398/754/491 554/708/588 399/755/489
f 399/755/489 554/708/588 555/706/586
f 399/755/489 555/706/586 400/756/487
f 400/756/487 555/706/586 556/704/584
f 400/756/487 556/704/584 401/757/485
f 401/757/485 556/704/584 557/702/582
f 401/757/485 557/702/582 402/758/483
f 402/758/483 557/702/582 558/700/580
f 402/758/483 558/700/580 403/759/481
f 403/759/481 558/700/580 537/698/578
f 403/759/481 537/698/578 404/760/479
f 404/760/479 537/698/578 536/696/576
f 404/760/479 536/696/576 405/761/477
f 405/761/477 536/696/576 538/744/622
f 405/761/477 538/744/622 406/762/475
f 406/762/475 538/744/622 539/742/620
f 406/762/475 539/742/620 407/763/473
f 407/763/473 539/742/620 540/740/618
f 407/763/473 540/740/618 408/764/471
f 408/764/471 540/740/618 541/738/616
f 408/764/471 541/738/616 409/765/469
f 409/765/469 541/738/616 542/736/614
f 409/765/469 542/736/614 410/766/467
f 410/766/467 542/736/614 543/734/612
f 410/766/467 543/734/612 411/767/465
f 411/767/465 543/734/612 544/732/610
f 411/767/465 544/732/610 412/768/463
f 412/768/463 544/732/610 545/730/608
f 412/768/463 545/730/608 413/769/461
f 413/769/461 545/730/608 546/728/606
f 413/769/461 546/728/606 414/745/459
f 414/745/459 546/728/606 547/726/604
f 560/770/623 610/771/624 559/772/625
f 559/772/625 610/771/624 615/773/626
f 559/772/625 615/773/626 582/774/627
f 582/774/627 615/773/626 676/775/628
f 582/774/627 676/775/628 581/776/629
f 581/776/629 676/775/628 673/777/630
f 581/776/629 673/777/630 580/778/631
f 580/778/631 673/777/630 670/779/632
f 580/778/631 670/779/632 579/780/633
f 579/780/633 670/779/632 667/781/634
f 579/780/633 667/781/634 578/782/635
f 578/782/635 667/781/634 664/783/636
f 578/782/635 664/783/636 577/784/637
f 577/784/637 664/783/636 661/785/638
f 577/784/637 661/785/638 576/786/639
f 576/786/639 661/785/638 658/787/640
f 576/786/639 658/787/640 575/788/641
f 575/788/641 658/787/640 655/789/642
f 575/788/641 655/789/642 574/790/643
f 574/790/643 655/789/642 652/791/644
f 574/790/643 652/791/644 573/792/645
f 573/792/645 652/791/644 649/793/646
f 573/792/645 649/793/646 572/794/647
f 572/794/647 649/793/646 646/795/648
f 572/794/647 646/795/648 571/796/649
f 571/796/649 646/795/648 607/797/650
f 571/798/649 607/799/650 570/800/651
f 570/800/651 607/799/650 643/801/652
f 570/800/651 643/801/652 569/802/653
f 569/802/653 643/801/652 640/803/654
f 569/802/653 640/803/654 568/804/655
f 568/804/655 640/803/654 637/805/656
f 568/804/655 637/805/656 567/806/657
f 567/806/657 637/805/656 634/807/658
f 567/806/657 634/807/658 566/808/659
f 566/808/659 634/807/658 631/809/660
f 566/808/659 631/809/660 565/810/661
f 565/810/661 631/809/660 628/811/662
f 565/810/661 628/811/662 564/812/663
f 564/812/663 628/811/662 625/813/664
f 564/812/663 625/813/664 563/814/665
f 563/814/665 625/813/664 622/815/666
f 563/814/665 622/815/666 562/816/667
f 562/816/667 622/815/666 619/817/668
f 562/816/667 619/817/668 561/818/669
f 561/818/669 619/817/668 616/819/670
f 561/818/669 616/819/670 560/770/623
f 560/770/623 616/819/670 610/771/624
f 584/820/671 678/821/672 583/822/673
f 583/822/673 678/821/672 613/823/674
f 583/822/673 613/823/674 606/824/675
f 606/824/675 613/823/674 612/825/676
f 606/824/675 612/825/676 605/826/677
f 605/826/677 612/825/676 618/827/678
f 605/826/677 618/827/678 604/828/679
f 604/828/679 618/827/678 621/829/680
f 604/828/679 621/829/680 603/830/681
f 603/830/681 621/829/680 624/831/682
f 603/830/681 624/831/682 602/832/683
f 602/832/683 624/831/682 627/833/684
f 602/832/683 627/833/684 601/834/685
f 601/834/685 627/833/684 630/835/686
f 601/834/685 630/835/686 600/836/687
f 600/836/687 630/835/686 633/837/688
f 600/836/687 633/837/688 599/838/689
f 599/838/689 633/837/688 636/839/690
f 599/838/689 636/839/690 598/840/691
f 598/840/691 636/839/690 639/841/692
f 598/840/691 639/841/692 597/842/693
f 597/842/693 639/841/692 642/843/694
f 597/842/693 642/843/694 596/844/695
f 596/844/695 642/843/694 645/845/696
f 596/844/695 645/845/696 595/846/697
f 595/846/697 645/845/696 609/847/698
f 595/848/697 609/849/698 594/850/699
f 594/850/699 609/849/698 648/851/700
f 594/850/699 648/851/700 593/852/701
f 593/852/701 648/851/700 651/853/702
f 593/852/701 651/853/702 592/854/703
f 592/854/703 651/853/702 654/855/704
f 592/854/703 654/855/704 591/856/705
f 591/856/705 654/855/704 657/857/706
f 591/856/705 657/857/706 590/858/707
f 590/858/707 657/857/706 660/859/708
f 590/858/707 660/859/708 589/860/709
f 589/860/709 660/859/708 663/861/710
f 589/860/709 663/861/710 588/862/711
f 588/862/711 663/861/710 666/863/712
f 588/862/711 666/863/712 587/864/713
f 587/864/713 666/863/712 669/865/714
f 587/864/713 669/865/714 586/866/715
f 586/866/715 669/865/714 672/867/716
f 586/866/715 672/867/716 585/868/717
f 585/868/717 672/867/716 675/869/718
f 585/868/717 675/869/718 584/820/671
f 584/820/671 675/869/718 678/821/672
f 607/799/650 608/870/719 643/801/652
f 643/801/652 608/870/719 644/871/720
f 643/801/652 644/871/720 640/803/654
f 640/803/654 644/871/720 641/872/721
f 640/803/654 641/872/721 637/805/656
f 637/805/656 641/872/721 638/873/722
f 637/805/656 638/873/722 634/807/658
f 634/807/658 638/873/722 635/874/723
f 634/807/658 635/874/723 631/809/660
f 631/809/660 635/874/723 632/875/724
f 631/809/660 632/875/724 628/811/662
f 628/811/662 632/875/724 629/876/725
f 628/811/662 629/876/725 625/813/664
f 625/813/664 629/876/725 626/877/726
f 625/813/664 626/877/726 622/815/666
f 622/815/666 626/877/726 623/878/727
f 622/815/666 623/878/727 619/817/668
f 619/817/668 623/878/727 620/879/728
f 619/817/668 620/879/728 616/819/670
f 616/819/670 620/879/728 617/880/729
f 616/819/670 617/880/729 610/771/624
f 610/771/624 617/880/729 611/881/730
f 610/771/624 611/881/730 615/773/626
f 615/773/626 611/881/730 614/882/731
f 615/773/626 614/882/731 676/775/628
f 676/775/628 614/882/731 677/883/732
f 676/775/628 677/883/732 673/777/630
f 673/777/630 677/883/732 674/884/733
f 673/777/630 674/884/733 670/779/632
f 670/779/632 674/884/733 671/885/734
f 670/779/632 671/885/734 667/781/634
f 667/781/634 671/885/734 668/886/735
f 667/781/634 668/886/735 664/783/636
f 664/783/636 668/886/735 665/887/736
f 664/783/636 665/887/736 661/785/638
f 661/785/638 665/887/736 662/888/737
f 661/785/638 662/888/737 658/787/640
f 658/787/640 662/888/737 659/889/738
f 658/787/640 659/889/738 655/789/642
f 655/789/642 659/889/738 656/890/739
f 655/789/642 656/890/739 652/791/644
f 652/791/644 656/890/739 653/891/740
f 652/791/644 653/891/740 649/793/646
f 649/793/646 653/891/740 650/892/741
f 649/793/646 650/892/741 646/795/648
f 646/795/648 650/892/741 647/893/742
f 646/795/648 647/893/742 607/797/650
f 607/797/650 647/893/742 608/894/719
f 608/870/719 609/847/698 644/871/720
f 644/871/720 609/847/698 645/845/696
f 644/871/720 645/845/696 641/872/721
f 641/872/721 645/845/696 642/843/694
f 641/872/721 642/843/694 638/873/722
f 638/873/722 642/843/694 639/841/692
f 638/873/722 639/841/692 635/874/723
f 635/874/723 639/841/692 636/839/690
f 635/874/723 636/839/690 632/875/724
f 632/875/724 636/839/690 633/837/688
f 632/875/724 633/837/688 629/876/725
f 629/876/725 633/837/688 630/835/686
f 629/876/725 630/835/686 626/877/726
f 626/877/726 630/835/686 627/833/684
f 626/877/726 627/833/684 623/878/727
f 623/878/727 627/833/684 624/831/682
f 623/878/727 624/831/682 620/879/728
f 620/879/728 624/831/682 621/829/680
f 620/879/728 621/829/680 617/880/729
f 617/880/729 621/829/680 618/827/678
f 617/880/729 618/827/678 611/881/730
f 611/881/730 618/827/678 612/825/676
f 611/881/730 612/825/676 614/882/731
f 614/882/731 612/825/676 613/823/674
f 614/882/731 613/823/674 677/883/732
f 677/883/732 613/823/674 678/821/672
f 677/883/732 678/821/672 674/884/733
f 674/884/733 678/821/672 675/869/718
f 674/884/733 675/869/718 671/885/734
f 671/885/734 675/869/718 672/867/716
f 671/885/734 672/867/716 668/886/735
f 668/886/735 672/867/716 669/865/714
f 668/886/735 669/865/714 665/887/736
f 665/887/736 669/865/714 666/863/712
f 665/887/736 666/863/712 662/888/737
f 662/888/737 666/863/712 663/861/710
f 662/888/737 663/861/710 659/889/738
f 659/889/738 663/861/710 660/859/708
f 659/889/738 660/859/708 656/890/739
f 656/890/739 660/859/708 657/857/706
f 656/890/739 657/857/706 653/891/740
f 653/891/740 657/857/706 654/855/704
f 653/891/740 654/855/704 650/892/741
f 650/892/741 654/855/704 651/853/702
f 650/892/741 651/853/702 647/893/742
f 647/893/742 651/853/702 648/851/700
f 647/893/742 648/851/700 608/894/719
f 608/894/719 648/851/700 609/849/698
f 680/895/743 704/896/744 679/897/745
f 679/897/745 704/896/744 705/898/746
f 679/897/745 705/898/746 702/899/747
f 702/899/747 705/898/746 726/900/748
f 702/899/747 726/900/748 701/901/749
f 701/901/749 726/900/748 725/902/750
f 701/901/749 725/902/750 700/903/751
f 700/903/751 725/902/750 724/904/752
f 700/903/751 724/904/752 699/905/753
f 699/905/753 724/904/752 723/906/754
f 699/905/753 723/906/754 698/907/755
f 698/907/755 723/906/754 722/908/756
f 698/907/755 722/908/756 697/909/757
f 697/909/757 722/908/756 721/910/758
f 697/909/757 721/910/758 696/911/759
f 696/911/759 721/910/758 720/912/760
f 696/911/759 720/912/760 695/913/761
f 695/913/761 720/912/760 719/914/762
f 695/913/761 719/914/762 694/915/763
f 694/915/763 719/914/762 718/916/764
f 694/915/763 718/916/764 693/917/765
f 693/917/765 718/916/764 717/918/766
f 693/917/765 717/918/766 692/919/767
f 692/919/767 717/918/766 716/920/768
f 692/919/767 716/920/768 691/921/769
f 691/921/769 716/920/768 703/922/770
f 691/923/769 703/924/770 690/925/771
f 690/925/771 703/924/770 715/926/772
f 690/925/771 715/926/772 689/927/773
f 689/927/773 715/926/772 714/928/774
f 689/927/773 714/928/774 688/929/775
f 688/929/775 714/928/774 713/930/776
f 688/929/775 713/930/776 687/931/777
f 687/931/777 713/930/776 712/932/778
f 687/931/777 712/932/778 686/933/779
f 686/933/779 712/932/778 711/934/780
f 686/933/779 711/934/780 685/935/781
f 685/935/781 711/934/780 710/936/782
f 685/935/781 710/936/782 684/937/783
f 684/937/783 710/936/782 709/938/784
f 684/937/783 709/938/784 683/939/785
f 683/939/785 709/938/784 708/940/786
f 683/939/785 708/940/786 682/941/787
f 682/941/787 708/940/786 707/942/788
f 682/941/787 707/942/788 681/943/789
f 681/943/789 707/942/788 706/944/790
f 681/943/789 706/944/790 680/895/743
f 680/895/743 706/944/790 704/896/744
f 582/945/627 726/900/748 559/946/625
f 559/946/625 726/900/748 705/898/746
f 559/946/625 705/898/746 560/947/623
f 560/947/623 705/898/746 704/896/744
f 560/947/623 704/896/744 561/948/669
f 561/948/669 704/896/744 706/944/790
f 561/948/669 706/944/790 562/949/667
f 562/949/667 706/944/790 707/942/788
f 562/949/667 707/942/788 563/950/665
f 563/950/665 707/942/788 708/940/786
f 563/950/665 708/940/786 564/951/663
f 564/951/663 708/940/786 709/938/784
f 564/951/663 709/938/784 565/952/661
f 565/952/661 709/938/784 710/936/782
f 565/952/661 710/936/782 566/953/659
f 566/953/659 710/936/782 711/934/780
f 566/953/659 711/934/780 567/954/657
f 567/954/657 711/934/780 712/932/778
f 567/954/657 712/932/778 568/955/655
f 568/955/655 712/932/778 713/930/776
f 568/955/655 713/930/776 569/956/653
f 569/956/653 713/930/776 714/928/774
f 569/956/653 714/928/774 570/957/651
f 570/957/651 714/928/774 715/926/772
f 570/957/651 715/926/772 571/958/649
f 571/958/649 715/926/772 703/924/770
f 571/959/649 703/922/770 572/960/647
f 572/960/647 703/922/770 716/920/768
f 572/960/647 716/920/768 573/961/645
f 573/961/645 716/920/768 717/918/766
f 573/961/645 717/918/766 574/962/643
f 574/962/643 717/918/766 718/916/764
f 574/962/643 718/916/764 575/963/641
f 575/963/641 718/916/764 719/914/762
f 575/963/641 719/914/762 576/964/639
f 576/964/639 719/914/762 720/912/760
f 576/964/639 720/912/760 577/965/637
f 577/965/637 720/912/760 721/910/758
f 577/965/637 721/910/758 578/966/635
f 578/966/635 721/910/758 722/908/756
f 578/966/635 722/908/756 579/967/633
f 579/967/633 722/908/756 723/906/754
f 579/967/633 723/906/754 580/968/631
f 580/968/631 723/906/754 724/904/752
f 580/968/631 724/904/752 581/969/629
f 581/969/629 724/904/752 725/902/750
f 581/969/629 725/902/750 582/945/627
f 582/945/627 725/902/750 726/900/748
f 606/970/675 730/971/791 583/972/673
f 583/972/673 730/971/791 727/973/792
f 583/974/673 727/975/792 584/976/671
f 584/976/671 727/975/792 796/977/793
f 584/976/671 796/977/793 585/978/717
f 585/978/717 796/977/793 793/979/794
f 585/978/717 793/979/794 586/980/715
f 586/980/715 793/979/794 790/981/795
f 586/980/715 790/981/795 587/982/713
f 587/982/713 790/981/795 787/983/796
f 587/982/713 787/983/796 588/984/711
f 588/984/711 787/983/796 784/985/797
f 588/984/711 784/985/797 589/986/709
f 589/986/709 784/985/797 781/987/798
f 589/986/709 781/987/798 590/988/707
f 590/988/707 781/987/798 778/989/799
f 590/988/707 778/989/799 591/990/705
f 591/990/705 778/989/799 775/991/800
f 591/990/705 775/991/800 592/992/703
f 592/992/703 775/991/800 772/993/801
f 592/992/703 772/993/801 593/994/701
f 593/994/701 772/993/801 769/995/802
f 593/994/701 769/995/802 594/996/699
f 594/996/699 769/995/802 766/997/803
f 594/996/699 766/997/803 595/998/697
f 595/998/697 766/997/803 763/999/804
f 595/998/697 763/999/804 596/1000/695
f 596/1000/695 763/999/804 760/1001/805
f 596/1000/695 760/1001/805 597/1002/693
f 597/1002/693 760/1001/805 757/1003/806
f 597/1002/693 757/1003/806 598/1004/691
f 598/1004/691 757/1003/806 754/1005/807
f 598/1004/691 754/1005/807 599/1006/689
f 599/1006/689 754/1005/807 751/1007/808
f 599/1006/689 751/1007/808 600/1008/687
f 600/1008/687 751/1007/808 748/1009/809
f 600/1008/687 748/1009/809 601/1010/685
f 601/1010/685 748/1009/809 745/1011/810
f 601/1010/685 745/1011/810 602/1012/683
f 602/1012/683 745/1011/810 742/1013/811
f 602/1012/683 742/1013/811 603/1014/681
f 603/1014/681 742/1013/811 739/1015/812
f 603/1014/681 739/1015/812 604/1016/679
f 604/1016/679 739/1015/812 736/1017/813
f 604/1016/679 736/1017/813 605/1018/677
f 605/1018/677 736/1017/813 733/1019/814
f 605/1018/677 733/1019/814 606/970/675
f 606/970/675 733/1019/814 730/971/791
f 534/1020/579 798/1021/815 511/1022/577
f 511/1022/577 798/1021/815 729/1023/816
f 511/1024/577 729/1025/816 512/1026/575
f 512/1026/575 729/1025/816 732/1027/817
f 512/1026/575 732/1027/817 513/1028/621
f 513/1028/621 732/1027/817 735/1029/818
f 513/1028/621 735/1029/818 514/1030/619
f 514/1030/619 735/1029/818 738/1031/819
f 514/1030/619 738/1031/819 515/1032/617
f 515/1032/617 738/1031/819 741/1033/820
f 515/1032/617 741/1033/820 516/1034/615
f 516/1034/615 741/1033/820 744/1035/821
f 516/1034/615 744/1035/821 517/1036/613
f 517/1036/613 744/1035/821 747/1037/822
f 517/1036/613 747/1037/822 518/1038/611
f 518/1038/611 747/1037/822 750/1039/823
f 518/1038/611 750/1039/823 519/1040/609
f 519/1040/609 750/1039/823 753/1041/824
f 519/1040/609 753/1041/824 520/1042/607
f 520/1042/607 753/1041/824 756/1043/825
f 520/1042/607 756/1043/825 521/1044/605
f 521/1044/605 756/1043/825 759/1045/826
f 521/1044/605 759/1045/826 522/1046/603
f 522/1046/603 759/1045/826 762/1047/827
f 522/1046/603 762/1047/827 523/1048/601
f 523/1048/601 762/1047/827 765/1049/828
f 523/1048/601 765/1049/828 524/1050/599
f 524/1050/599 765/1049/828 768/1051/829
f 524/1050/599 768/1051/829 525/1052/597
f 525/1052/597 768/1051/829 771/1053/830
f 525/1052/597 771/1053/830 526/1054/595
f 526/1054/595 771/1053/830 774/1055/831
f 526/1054/595 774/1055/831 527/1056/593
f 527/1056/593 774/1055/831 777/1057/832
f 527/1056/593 777/1057/832 528/1058/591
f 528/1058/591 777/1057/832 780/1059/833
f 528/1058/591 780/1059/833 529/1060/589
f 529/1060/589 780/1059/833 783/1061/834
f 529/1060/589 783/1061/834 530/1062/587
f 530/1062/587 783/1061/834 786/1063/835
f 530/1062/587 786/1063/835 531/1064/585
f 531/1064/585 786/1063/835 789/1065/836
f 531/1064/585 789/1065/836 532/1066/583
f 532/1066/583 789/1065/836 792/1067/837
f 532/1066/583 792/1067/837 533/1068/581
f 533/1068/581 792/1067/837 795/1069/838
f 533/1068/581 795/1069/838 534/1020/579
f 534/1020/579 795/1069/838 798/1021/815
f 727/975/792 728/1070/839 796/977/793
f 796/977/793 728/1070/839 797/1071/840
f 796/977/793 797/1071/840 793/979/794
f 793/979/794 797/1071/840 794/1072/841
f 793/979/794 794/1072/841 790/981/795
f 790/981/795 794/1072/841 791/1073/842
f 790/981/795 791/1073/842 787/983/796
f 787/983/796 791/1073/842 788/1074/843
f 787/983/796 788/1074/843 784/985/797
f 784/985/797 788/1074/843 785/1075/844
f 784/985/797 785/1075/844 781/987/798
f 781/987/798 785/1075/844 782/1076/845
f 781/987/798 782/1076/845 778/989/799
f 778/989/799 782/1076/845 779/1077/846
f 778/989/799 779/1077/846 775/991/800
f 775/991/800 779/1077/846 776/1078/847
f 775/991/800 776/1078/847 772/993/801
f 772/993/801 776/1078/847 773/1079/848
f 772/993/801 773/1079/848 769/995/802
f 769/995/802 773/1079/848 770/1080/849
f 769/995/802 770/1080/849 766/997/803
f 766/997/803 770/1080/849 767/1081/850
f 766/997/803 767/1081/850 763/999/804
f 763/999/804 767/1081/850 764/1082/851
f 763/999/804 764/1082/851 760/1001/805
f 760/1001/805 764/1082/851 761/1083/852
f 760/1001/805 761/1083/852 757/1003/806
f 757/1003/806 761/1083/852 758/1084/853
f 757/1003/806 758/1084/853 754/1005/807
f 754/1005/807 758/1084/853 755/1085/854
f 754/1005/807 755/1085/854 751/1007/808
f 751/1007/808 755/1085/854 752/1086/855
f 751/1007/808 752/1086/855 748/1009/809
f 748/1009/809 752/1086/855 749/1087/856
f 748/1009/809 749/1087/856 745/1011/810
f 745/1011/810 749/1087/856 746/1088/857
f 745/1011/810 746/1088/857 742/1013/811
f 742/1013/811 746/1088/857 743/1089/858
f 742/1013/811 743/1089/858 739/1015/812
f 739/1015/812 743/1089/858 740/1090/859
f 739/1015/812 740/1090/859 736/1017/813
f 736/1017/813 740/1090/859 737/1091/860
f 736/1017/813 737/1091/860 733/1019/814
f 733/1019/814 737/1091/860 734/1092/861
f 733/1019/814 734/1092/861 730/971/791
f 730/971/791 734/1092/861 731/1093/862
f 730/971/791 731/1093/862 727/973/792
f 727/973/792 731/1093/862 728/1094/839
f 728/1070/839 729/1023/816 797/1071/840
f 797/1071/840 729/1023/816 798/1021/815
f 797/1071/840 798/1021/815 794/1072/841
f 794/1072/841 798/1021/815 795/1069/838
f 794/1072/841 795/1069/838 791/1073/842
f 791/1073/842 795/1069/838 792/1067/837
f 791/1073/842 792/1067/837 788/1074/843
f 788/1074/843 792/1067/837 789/1065/836
f 788/1074/843 789/1065/836 785/1075/844
f 785/1075/844 789/1065/836 786/1063/835
f 785/1075/844 786/1063/835 782/1076/845
f 782/1076/845 786/1063/835 783/1061/834
f 782/1076/845 783/1061/834 779/1077/846
f 779/1077/846 783/1061/834 780/1059/833
f 779/1077/846 780/1059/833 776/1078/847
f 776/1078/847 780/1059/833 777/1057/832
f 776/1078/847 777/1057/832 773/1079/848
f 773/1079/848 777/1057/832 774/1055/831
f 773/1079/848 774/1055/831 770/1080/849
f 770/1080/849 774/1055/831 771/1053/830
f 770/1080/849 771/1053/830 767/1081/850
f 767/1081/850 771/1053/830 768/1051/829
f 767/1081/850 768/1051/829 764/1082/851
f 764/1082/851 768/1051/829 765/1049/828
f 764/1082/851 765/1049/828 761/1083/852
f 761/1083/852 765/1049/828 762/1047/827
f 761/1083/852 762/1047/827 758/1084/853
f 758/1084/853 762/1047/827 759/1045/826
f 758/1084/853 759/1045/826 755/1085/854
f 755/1085/854 759/1045/826 756/1043/825
f 755/1085/854 756/1043/825 752/1086/855
f 752/1086/855 756/1043/825 753/1041/824
f 752/1086/855 753/1041/824 749/1087/856
f 749/1087/856 753/1041/824 750/1039/823
f 749/1087/856 750/1039/823 746/1088/857
f 746/1088/857 750/1039/823 747/1037/822
f 746/1088/857 747/1037/822 743/1089/858
f 743/1089/858 747/1037/822 744/1035/821
f 743/1089/858 744/1035/821 740/1090/859
f 740/1090/859 744/1035/821 741/1033/820
f 740/1090/859 741/1033/820 737/1091/860
f 737/1091/860 741/1033/820 738/1031/819
f 737/1091/860 738/1031/819 734/1092/861
f 734/1092/861 738/1031/819 735/1029/818
f 734/1092/861 735/1029/818 731/1093/862
f 731/1093/862 735/1029/818 732/1027/817
f 731/1093/862 732/1027/817 728/1094/839
f 728/1094/839 732/1027/817 729/1025/816
f 702/1095/747 825/1096/863 679/1097/745
f 679/1097/745 825/1096/863 823/1098/864
f 679/1099/745 823/1100/864 680/1101/743
f 680/1101/743 823/1100/864 869/1102/865
f 680/1101/743 869/1102/865 681/1103/789
f 681/1103/789 869/1102/865 867/1104/866
f 681/1103/789 867/1104/866 682/1105/787
f 682/1105/787 867/1104/866 865/1106/867
f 682/1105/787 865/1106/867 683/1107/785
f 683/1107/785 865/1106/867 863/1108/868
f 683/1107/785 863/1108/868 684/1109/783
f 684/1109/783 863/1108/868 861/1110/869
f 684/1109/783 861/1110/869 685/1111/781
f 685/1111/781 861/1110/869 859/1112/870
f 685/1111/781 859/1112/870 686/1113/779
f 686/1113/779 859/1112/870 857/1114/871
f 686/1113/779 857/1114/871 687/1115/777
f 687/1115/777 857/1114/871 855/1116/872
f 687/1115/777 855/1116/872 688/1117/775
f 688/1117/775 855/1116/872 853/1118/873
f 688/1117/775 853/1118/873 689/1119/773
f 689/1119/773 853/1118/873 851/1120/874
f 689/1119/773 851/1120/874 690/1121/771
f 690/1121/771 851/1120/874 849/1122/875
f 690/1121/771 849/1122/875 691/1123/769
f 691/1123/769 849/1122/875 847/1124/876
f 691/1123/769 847/1124/876 692/1125/767
f 692/1125/767 847/1124/876 845/1126/877
f 692/1125/767 845/1126/877 693/1127/765
f 693/1127/765 845/1126/877 843/1128/878
f 693/1127/765 843/1128/878 694/1129/763
f 694/1129/763 843/1128/878 841/1130/879
f 694/1129/763 841/1130/879 695/1131/761
f 695/1131/761 841/1130/879 839/1132/880
f 695/1131/761 839/1132/880 696/1133/759
f 696/1133/759 839/1132/880 837/1134/881
f 696/1133/759 837/1134/881 697/1135/757
f 697/1135/757 837/1134/881 835/1136/882
f 697/1135/757 835/1136/882 698/1137/755
f 698/1137/755 835/1136/882 833/1138/883
f 698/1137/755 833/1138/883 699/1139/753
f 699/1139/753 833/1138/883 831/1140/884
f 699/1139/753 831/1140/884 700/1141/751
f 700/1141/751 831/1140/884 829/1142/885
f 700/1141/751 829/1142/885 701/1143/749
f 701/1143/749 829/1142/885 827/1144/886
f 701/1143/749 827/1144/886 702/1095/747
f 702/1095/747 827/1144/886 825/1096/863
f 800/1145/887 870/1146/888 799/1147/889
f 799/1147/889 870/1146/888 824/1148/890
f 799/1149/889 824/1150/890 822/1151/891
f 822/1151/891 824/1150/890 826/1152/892
f 822/1151/891 826/1152/892 821/1153/893
f 821/1153/893 826/1152/892 828/1154/894
f 821/1153/893 828/1154/894 820/1155/895
f 820/1155/895 828/1154/894 830/1156/896
f 820/1155/895 830/1156/896 819/1157/897
f 819/1157/897 830/1156/896 832/1158/898
f 819/1157/897 832/1158/898 818/1159/899
f 818/1159/899 832/1158/898 834/1160/900
f 818/1159/899 834/1160/900 817/1161/901
f 817/1161/901 834/1160/900 836/1162/902
f 817/1161/901 836/1162/902 816/1163/903
f 816/1163/903 836/1162/902 838/1164/904
f 816/1163/903 838/1164/904 815/1165/905
f 815/1165/905 838/1164/904 840/1166/906
f 815/1165/905 840/1166/906 814/1167/907
f 814/1167/907 840/1166/906 842/1168/908
f 814/1167/907 842/1168/908 813/1169/909
f 813/1169/909 842/1168/908 844/1170/910
f 813/1169/909 844/1170/910 812/1171/911
f 812/1171/911 844/1170/910 846/1172/912
f 812/1171/911 846/1172/912 811/1173/913
f 811/1173/913 846/1172/912 848/1174/914
f 811/1173/913 848/1174/914 810/1175/915
f 810/1175/915 848/1174/914 850/1176/916
f 810/1175/915 850/1176/916 809/1177/917
f 809/1177/917 850/1176/916 852/1178/918
f 809/1177/917 852/1178/918 808/1179/919
f 808/1179/919 852/1178/918 854/1180/920
f 808/1179/919 854/1180/920 807/1181/921
f 807/1181/921 854/1180/920 856/1182/922
f 807/1181/921 856/1182/922 806/1183/923
f 806/1183/923 856/1182/922 858/1184/924
f 806/1183/923 858/1184/924 805/1185/925
f 805/1185/925 858/1184/924 860/1186/926
f 805/1185/925 860/1186/926 804/1187/927
f 804/1187/927 860/1186/926 862/1188/928
f 804/1187/927 862/1188/928 803/1189/929
f 803/1189/929 862/1188/928 864/1190/930
f 803/1189/929 864/1190/930 802/1191/931
f 802/1191/931 864/1190/930 866/1192/932
f 802/1191/931 866/1192/932 801/1193/933
f 801/1193/933 866/1192/932 868/1194/934
f 801/1193/933 868/1194/934 800/1145/887
f 800/1145/887 868/1194/934 870/1146/888
f 823/1100/864 824/1148/890 869/1102/865
f 869/1102/865 824/1148/890 870/1146/888
f 869/1102/865 870/1146/888 867/1104/866
f 867/1104/866 870/1146/888 868/1194/934
f 867/1104/866 868/1194/934 865/1106/867
f 865/1106/867 868/1194/934 866/1192/932
f 865/1106/867 866/1192/932 863/1108/868
f 863/1108/868 866/1192/932 864/1190/930
f 863/1108/868 864/1190/930 861/1110/869
f 861/1110/869 864/1190/930 862/1188/928
f 861/1110/869 862/1188/928 859/1112/870
f 859/1112/870 862/1188/928 860/1186/926
f 859/1112/870 860/1186/926 857/1114/871
f 857/1114/871 860/1186/926 858/1184/924
f 857/1114/871 858/1184/924 855/1116/872
f 855/1116/872 858/1184/924 856/1182/922
f 855/1116/872 856/1182/922 853/1118/873
f 853/1118/873 856/1182/922 854/1180/920
f 853/1118/873 854/1180/920 851/1120/874
f 851/1120/874 854/1180/920 852/1178/918
f 851/1120/874 852/1178/918 849/1122/875
f 849/1122/875 852/1178/918 850/1176/916
f 849/1122/875 850/1176/916 847/1124/876
f 847/1124/876 850/1176/916 848/1174/914
f 847/1124/876 848/1174/914 845/1126/877
f 845/1126/877 848/1174/914 846/1172/912
f 845/1126/877 846/1172/912 843/1128/878
f 843/1128/878 846/1172/912 844/1170/910
f 843/1128/878 844/1170/910 841/1130/879
f 841/1130/879 844/1170/910 842/1168/908
f 841/1130/879 842/1168/908 839/1132/880
f 839/1132/880 842/1168/908 840/1166/906
f 839/1132/880 840/1166/906 837/1134/881
f 837/1134/881 840/1166/906 838/1164/904
f 837/1134/881 838/1164/904 835/1136/882
f 835/1136/882 838/1164/904 836/1162/902
f 835/1136/882 836/1162/902 833/1138/883
f 833/1138/883 836/1162/902 834/1160/900
f 833/1138/883 834/1160/900 831/1140/884
f 831/1140/884 834/1160/900 832/1158/898
f 831/1140/884 832/1158/898 829/1142/885
f 829/1142/885 832/1158/898 830/1156/896
f 829/1142/885 830/1156/896 827/1144/886
f 827/1144/886 830/1156/896 828/1154/894
f 827/1144/886 828/1154/894 825/1096/863
f 825/1096/863 828/1154/894 826/1152/892
f 825/1096/863 826/1152/892 823/1098/864
f 823/1098/864 826/1152/892 824/1150/890
f 822/1195/891 897/1196/935 799/1197/889
f 799/1197/889 897/1196/935 895/1198/936
f 799/1199/889 895/1200/936 800/1201/887
f 800/1201/887 895/1200/936 941/1202/937
f 800/1201/887 941/1202/937 801/1203/933
f 801/1203/933 941/1202/937 939/1204/938
f 801/1203/933 939/1204/938 802/1205/931
f 802/1205/931 939/1204/938 937/1206/939
f 802/1205/931 937/1206/939 803/1207/929
f 803/1207/929 937/1206/939 935/1208/940
f 803/1207/929 935/1208/940 804/1209/927
f 804/1209/927 935/1208/940 933/1210/941
f 804/1209/927 933/1210/941 805/1211/925
f 805/1211/925 933/1210/941 931/1212/942
f 805/1211/925 931/1212/942 806/1213/923
f 806/1213/923 931/1212/942 929/1214/943
f 806/1213/923 929/1214/943 807/1215/921
f 807/1215/921 929/1214/943 927/1216/944
f 807/1215/921 927/1216/944 808/1217/919
f 808/1217/919 927/1216/944 925/1218/945
f 808/1217/919 925/1218/945 809/1219/917
f 809/1219/917 925/1218/945 923/1220/946
f 809/1219/917 923/1220/946 810/1221/915
f 810/1221/915 923/1220/946 921/1222/947
f 810/1221/915 921/1222/947 811/1223/913
f 811/1223/913 921/1222/947 919/1224/948
f 811/1223/913 919/1224/948 812/1225/911
f 812/1225/911 919/1224/948 917/1226/949
f 812/1225/911 917/1226/949 813/1227/909
f 813/1227/909 917/1226/949 915/1228/950
f 813/1227/909 915/1228/950 814/1229/907
f 814/1229/907 915/1228/950 913/1230/951
f 814/1229/907 913/1230/951 815/1231/905
f 815/1231/905 913/1230/951 911/1232/952
f 815/1231/905 911/1232/952 816/1233/903
f 816/1233/903 911/1232/952 909/1234/953
f 816/1233/903 909/1234/953 817/1235/901
f 817/1235/901 909/1234/953 907/1236/954
f 817/1235/901 907/1236/954 818/1237/899
f 818/1237/899 907/1236/954 905/1238/955
f 818/1237/899 905/1238/955 819/1239/897
f 819/1239/897 905/1238/955 903/1240/956
f 819/1239/897 903/1240/956 820/1241/895
f 820/1241/895 903/1240/956 901/1242/957
f 820/1241/895 901/1242/957 821/1243/893
f 821/1243/893 901/1242/957 899/1244/958
f 821/1243/893 899/1244/958 822/1195/891
f 822/1195/891 899/1244/958 897/1196/935
f 872/1245/959 942/1246/960 871/1247/961
f 871/1247/961 942/1246/960 896/1248/962
f 871/1249/961 896/1250/962 894/1251/963
f 894/1251/963 896/1250/962 898/1252/964
f 894/1251/963 898/1252/964 893/1253/965
f 893/1253/965 898/1252/964 900/1254/966
f 893/1253/965 900/1254/966 892/1255/967
f 892/1255/967 900/1254/966 902/1256/968
f 892/1255/967 902/1256/968 891/1257/969
f 891/1257/969 902/1256/968 904/1258/970
f 891/1257/969 904/1258/970 890/1259/971
f 890/1259/971 904/1258/970 906/1260/972
f 890/1259/971 906/1260/972 889/1261/973
f 889/1261/973 906/1260/972 908/1262/974
f 889/1261/973 908/1262/974 888/1263/975
f 888/1263/975 908/1262/974 910/1264/976
f 888/1263/975 910/1264/976 887/1265/977
f 887/1265/977 910/1264/976 912/1266/978
f 887/1265/977 912/1266/978 886/1267/979
f 886/1267/979 912/1266/978 914/1268/980
f 886/1267/979 914/1268/980 885/1269/981
f 885/1269/981 914/1268/980 916/1270/982
f 885/1269/981 916/1270/982 884/1271/983
f 884/1271/983 916/1270/982 918/1272/984
f 884/1271/983 918/1272/984 883/1273/985
f 883/1273/985 918/1272/984 920/1274/986
f 883/1273/985 920/1274/986 882/1275/987
f 882/1275/987 920/1274/986 922/1276/988
f 882/1275/987 922/1276/988 881/1277/989
f 881/1277/989 922/1276/988 924/1278/990
f 881/1277/989 924/1278/990 880/1279/991
f 880/1279/991 924/1278/990 926/1280/992
f 880/1279/991 926/1280/992 879/1281/993
f 879/1281/993 926/1280/992 928/1282/994
f 879/1281/993 928/1282/994 878/1283/995
f 878/1283/995 928/1282/994 930/1284/996
f 878/1283/995 930/1284/996 877/1285/997
f 877/1285/997 930/1284/996 932/1286/998
f 877/1285/997 932/1286/998 876/1287/999
f 876/1287/999 932/1286/998 934/1288/1000
f 876/1287/999 934/1288/1000 875/1289/1001
f 875/1289/1001 934/1288/1000 936/1290/1002
f 875/1289/1001 936/1290/1002 874/1291/1003
f 874/1291/1003 936/1290/1002 938/1292/1004
f 874/1291/1003 938/1292/1004 873/1293/1005
f 873/1293/1005 938/1292/1004 940/1294/1006
f 873/1293/1005 940/1294/1006 872/1245/959
f 872/1245/959 940/1294/1006 942/1246/960
f 895/1200/936 896/1248/962 941/1202/937
f 941/1202/937 896/1248/962 942/1246/960
f 941/1202/937 942/1246/960 939/1204/938
f 939/1204/938 942/1246/960 940/1294/1006
f 939/1204/938 940/1294/1006 937/1206/939
f 937/1206/939 940/1294/1006 938/1292/1004
f 937/1206/939 938/1292/1004 935/1208/940
f 935/1208/940 938/1292/1004 936/1290/1002
f 935/1208/940 936/1290/1002 933/1210/941
f 933/1210/941 936/1290/1002 934/1288/1000
f 933/1210/941 934/1288/1000 931/1212/942
f 931/1212/942 934/1288/1000 932/1286/998
f 931/1212/942 932/1286/998 929/1214/943
f 929/1214/943 932/1286/998 930/1284/996
f 929/1214/943 930/1284/996 927/1216/944
f 927/1216/944 930/1284/996 928/1282/994
f 927/1216/944 928/1282/994 925/1218/945
f 925/1218/945 928/1282/994 926/1280/992
f 925/1218/945 926/1280/992 923/1220/946
f 923/1220/946 926/1280/992 924/1278/990
f 923/1220/946 924/1278/990 921/1222/947
f 921/1222/947 924/1278/990 922/1276/988
f 921/1222/947 922/1276/988 919/1224/948
f 919/1224/948 922/1276/988 920/1274/986
f 919/1224/948 920/1274/986 917/1226/949
f 917/1226/949 920/1274/986 918/1272/984
f 917/1226/949 918/1272/984 915/1228/950
f 915/1228/950 918/1272/984 916/1270/982
f 915/1228/950 916/1270/982 913/1230/951
f 913/1230/951 916/1270/982 914/1268/980
f 913/1230/951 914/1268/980 911/1232/952
f 911/1232/952 914/1268/980 912/1266/978
f 911/1232/952 912/1266/978 909/1234/953
f 909/1234/953 912/1266/978 910/1264/976
f 909/1234/953 910/1264/976 907/1236/954
f 907/1236/954 910/1264/976 908/1262/974
f 907/1236/954 908/1262/974 905/1238/955
f 905/1238/955 908/1262/974 906/1260/972
f 905/1238/955 906/1260/972 903/1240/956
f 903/1240/956 906/1260/972 904/1258/970
f 903/1240/956 904/1258/970 901/1242/957
f 901/1242/957 904/1258/970 902/1256/968
f 901/1242/957 902/1256/968 899/1244/958
f 899/1244/958 902/1256/968 900/1254/966
f 899/1244/958 900/1254/966 897/1196/935
f 897/1196/935 900/1254/966 898/1252/964
f 897/1196/935 898/1252/964 895/1198/936
f 895/1198/936 898/1252/964 896/1250/962
f 944/1295/1007 872/1296/959 943/1297/1008
f 943/1297/1008 872/1296/959 871/1298/961
f 943/1297/1008 871/1298/961 966/1299/1009
f 966/1299/1009 871/1298/961 894/1300/963
f 966/1299/1009 894/1300/963 965/1301/1010
f 965/1301/1010 894/1300/963 893/1302/965
f 965/1301/1010 893/1302/965 964/1303/1011
f 964/1303/1011 893/1302/965 892/1304/967
f 964/1303/1011 892/1304/967 963/1305/1012
f 963/1305/1012 892/1304/967 891/1306/969
f 963/1305/1012 891/1306/969 962/1307/1013
f 962/1307/1013 891/1306/969 890/1308/971
f 962/1307/1013 890/1308/971 961/1309/1014
f 961/1309/1014 890/1308/971 889/1310/973
f 961/1309/1014 889/1310/973 960/1311/1015
f 960/1311/1015 889/1310/973 888/1312/975
f 960/1311/1015 888/1312/975 959/1313/1016
f 959/1313/1016 888/1312/975 887/1314/977
f 959/1313/1016 887/1314/977 958/1315/1017
f 958/1315/1017 887/1314/977 886/1316/979
f 958/1315/1017 886/1316/979 957/1317/1018
f 957/1317/1018 886/1316/979 885/1318/981
f 957/1317/1018 885/1318/981 956/1319/1019
f 956/1319/1019 885/1318/981 884/1320/983
f 956/1319/1019 884/1320/983 955/1321/1020
f 955/1321/1020 884/1320/983 883/1322/985
f 955/1323/1020 883/1324/985 954/1325/1021
f 954/1325/1021 883/1324/985 882/1326/987
f 954/1325/1021 882/1326/987 953/1327/1022
f 953/1327/1022 882/1326/987 881/1328/989
f 953/1327/1022 881/1328/989 952/1329/1023
f 952/1329/1023 881/1328/989 880/1330/991
f 952/1329/1023 880/1330/991 951/1331/1024
f 951/1331/1024 880/1330/991 879/1332/993
f 951/1331/1024 879/1332/993 950/1333/1025
f 950/1333/1025 879/1332/993 878/1334/995
f 950/1333/1025 878/1334/995 949/1335/1026
f 949/1335/1026 878/1334/995 877/1336/997
f 949/1335/1026 877/1336/997 948/1337/1027
f 948/1337/1027 877/1336/997 876/1338/999
f 948/1337/1027 876/1338/999 947/1339/1028
f 947/1339/1028 876/1338/999 875/1340/1001
f 947/1339/1028 875/1340/1001 946/1341/1029
f 946/1341/1029 875/1340/1001 874/1342/1003
f 946/1341/1029 874/1342/1003 945/1343/1030
f 945/1343/1030 874/1342/1003 873/1344/1005
f 945/1343/1030 873/1344/1005 944/1295/1007
f 944/1295/1007 873/1344/1005 872/1296/959
f 968/1345/1031 1018/1346/1032 967/1347/1033
f 967/1347/1033 1018/1346/1032 1023/1348/1034
f 967/1347/1033 1023/1348/1034 990/1349/1035
f 990/1349/1035 1023/1348/1034 1084/1350/1036
f 990/1349/1035 1084/1350/1036 989/1351/1037
f 989/1351/1037 1084/1350/1036 1081/1352/1038
f 989/1351/1037 1081/1352/1038 988/1353/1039
f 988/1353/1039 1081/1352/1038 1078/1354/1040
f 988/1353/1039 1078/1354/1040 987/1355/1041
f 987/1355/1041 1078/1354/1040 1075/1356/1042
f 987/1355/1041 1075/1356/1042 986/1357/1043
f 986/1357/1043 1075/1356/1042 1072/1358/1044
f 986/1357/1043 1072/1358/1044 985/1359/1045
f 985/1359/1045 1072/1358/1044 1069/1360/1046
f 985/1359/1045 1069/1360/1046 984/1361/1047
f 984/1361/1047 1069/1360/1046 1066/1362/1048
f 984/1361/1047 1066/1362/1048 983/1363/1049
f 983/1363/1049 1066/1362/1048 1063/1364/1050
f 983/1363/1049 1063/1364/1050 982/1365/1051
f 982/1365/1051 1063/1364/1050 1060/1366/1052
f 982/1365/1051 1060/1366/1052 981/1367/1053
f 981/1367/1053 1060/1366/1052 1057/1368/1054
f 981/1367/1053 1057/1368/1054 980/1369/1055
f 980/1369/1055 1057/1368/1054 1054/1370/1056
f 980/1369/1055 1054/1370/1056 979/1371/1057
f 979/1371/1057 1054/1370/1056 1015/1372/1058
f 979/1373/1057 1015/1374/1058 978/1375/1059
f 978/1375/1059 1015/1374/1058 1051/1376/1060
f 978/1375/1059 1051/1376/1060 977/1377/1061
f 977/1377/1061 1051/1376/1060 1048/1378/1062
f 977/1377/1061 1048/1378/1062 976/1379/1063
f 976/1379/1063 1048/1378/1062 1045/1380/1064
f 976/1379/1063 1045/1380/1064 975/1381/1065
f 975/1381/1065 1045/1380/1064 1042/1382/1066
f 975/1381/1065 1042/1382/1066 974/1383/1067
f 974/1383/1067 1042/1382/1066 1039/1384/1068
f 974/1383/1067 1039/1384/1068 973/1385/1069
f 973/1385/1069 1039/1384/1068 1036/1386/1070
f 973/1385/1069 1036/1386/1070 972/1387/1071
f 972/1387/1071 1036/1386/1070 1033/1388/1072
f 972/1387/1071 1033/1388/1072 971/1389/1073
f 971/1389/1073 1033/1388/1072 1030/1390/1074
f 971/1389/1073 1030/1390/1074 970/1391/1075
f 970/1391/1075 1030/1390/1074 1027/1392/1076
f 970/1391/1075 1027/1392/1076 969/1393/1077
f 969/1393/1077 1027/1392/1076 1024/1394/1078
f 969/1393/1077 1024/1394/1078 968/1345/1031
f 968/1345/1031 1024/1394/1078 1018/1346/1032
f 992/1395/1079 1086/1396/1080 991/1397/1081
f 991/1397/1081 1086/1396/1080 1021/1398/1082
f 991/1397/1081 1021/1398/1082 1014/1399/1083
f 1014/1399/1083 1021/1398/1082 1020/1400/1084
f 1014/1399/1083 1020/1400/1084 1013/1401/1085
f 1013/1401/1085 1020/1400/1084 1026/1402/1086
f 1013/1401/1085 1026/1402/1086 1012/1403/1087
f 1012/1403/1087 1026/1402/1086 1029/1404/1088
f 1012/1403/1087 1029/1404/1088 1011/1405/1089
f 1011/1405/1089 1029/1404/1088 1032/1406/1090
f 1011/1405/1089 1032/1406/1090 1010/1407/1091
f 1010/1407/1091 1032/1406/1090 1035/1408/1092
f 1010/1407/1091 1035/1408/1092 1009/1409/1093
f 1009/1409/1093 1035/1408/1092 1038/1410/1094
f 1009/1409/1093 1038/1410/1094 1008/1411/1095
f 1008/1411/1095 1038/1410/1094 1041/1412/1096
f 1008/1411/1095 1041/1412/1096 1007/1413/1097
f 1007/1413/1097 1041/1412/1096 1044/1414/1098
f 1007/1413/1097 1044/1414/1098 1006/1415/1099
f 1006/1415/1099 1044/1414/1098 1047/1416/1100
f 1006/1415/1099 1047/1416/1100 1005/1417/1101
f 1005/1417/1101 1047/1416/1100 1050/1418/1102
f 1005/1417/1101 1050/1418/1102 1004/1419/1103
f 1004/1419/1103 1050/1418/1102 1053/1420/1104
f 1004/1419/1103 1053/1420/1104 1003/1421/1105
f 1003/1421/1105 1053/1420/1104 1017/1422/1106
f 1003/1423/1105 1017/1424/1106 1002/1425/1107
f 1002/1425/1107 1017/1424/1106 1056/1426/1108
f 1002/1425/1107 1056/1426/1108 1001/1427/1109
f 1001/1427/1109 1056/1426/1108 1059/1428/1110
f 1001/1427/1109 1059/1428/1110 1000/1429/1111
f 1000/1429/1111 1059/1428/1110 1062/1430/1112
f 1000/1429/1111 1062/1430/1112 999/1431/1113
f 999/1431/1113 1062/1430/1112 1065/1432/1114
f 999/1431/1113 1065/1432/1114 998/1433/1115
f 998/1433/1115 1065/1432/1114 1068/1434/1116
f 998/1433/1115 1068/1434/1116 997/1435/1117
f 997/1435/1117 1068/1434/1116 1071/1436/1118
f 997/1435/1117 1071/1436/1118 996/1437/1119
f 996/1437/1119 1071/1436/1118 1074/1438/1120
f 996/1437/1119 1074/1438/1120 995/1439/1121
f 995/1439/1121 1074/1438/1120 1077/1440/1122
f 995/1439/1121 1077/1440/1122 994/1441/1123
f 994/1441/1123 1077/1440/1122 1080/1442/1124
f 994/1441/1123 1080/1442/1124 993/1443/1125
f 993/1443/1125 1080/1442/1124 1083/1444/1126
f 993/1443/1125 1083/1444/1126 992/1395/1079
f 992/1395/1079 1083/1444/1126 1086/1396/1080
f 1015/1374/1058 1016/1445/1127 1051/1376/1060
f 1051/1376/1060 1016/1445/1127 1052/1446/1128
f 1051/1376/1060 1052/1446/1128 1048/1378/1062
f 1048/1378/1062 1052/1446/1128 1049/1447/1129
f 1048/1378/1062 1049/1447/1129 1045/1380/1064
f 1045/1380/1064 1049/1447/1129 1046/1448/1130
f 1045/1380/1064 1046/1448/1130 1042/1382/1066
f 1042/1382/1066 1046/1448/1130 1043/1449/1131
f 1042/1382/1066 1043/1449/1131 1039/1384/1068
f 1039/1384/1068 1043/1449/1131 1040/1450/1132
f 1039/1384/1068 1040/1450/1132 1036/1386/1070
f 1036/1386/1070 1040/1450/1132 1037/1451/1133
f 1036/1386/1070 1037/1451/1133 1033/1388/1072
f 1033/1388/1072 1037/1451/1133 1034/1452/1134
f 1033/1388/1072 1034/1452/1134 1030/1390/1074
f 1030/1390/1074 1034/1452/1134 1031/1453/1135
f 1030/1390/1074 1031/1453/1135 1027/1392/1076
f 1027/1392/1076 1031/1453/1135 1028/1454/1136
f 1027/1392/1076 1028/1454/1136 1024/1394/1078
f 1024/1394/1078 1028/1454/1136 1025/1455/1137
f 1024/1394/1078 1025/1455/1137 1018/1346/1032
f 1018/1346/1032 1025/1455/1137 1019/1456/1138
f 1018/1346/1032 1019/1456/1138 1023/1348/1034
f 1023/1348/1034 1019/1456/1138 1022/1457/1139
f 1023/1348/1034 1022/1457/1139 1084/1350/1036
f 1084/1350/1036 1022/1457/1139 1085/1458/1140
f 1084/1350/1036 1085/1458/1140 1081/1352/1038
f 1081/1352/1038 1085/1458/1140 1082/1459/1141
f 1081/1352/1038 1082/1459/1141 1078/1354/1040
f 1078/1354/1040 1082/1459/1141 1079/1460/1142
f 1078/1354/1040 1079/1460/1142 1075/1356/1042
f 1075/1356/1042 1079/1460/1142 1076/1461/1143
f 1075/1356/1042 1076/1461/1143 1072/1358/1044
f 1072/1358/1044 1076/1461/1143 1073/1462/1144
f 1072/1358/1044 1073/1462/1144 1069/1360/1046
f 1069/1360/1046 1073/1462/1144 1070/1463/1145
f 1069/1360/1046 1070/1463/1145 1066/1362/1048
f 1066/1362/1048 1070/1463/1145 1067/1464/1146
f 1066/1362/1048 1067/1464/1146 1063/1364/1050
f 1063/1364/1050 1067/1464/1146 1064/1465/1147
f 1063/1364/1050 1064/1465/1147 1060/1366/1052
f 1060/1366/1052 1064/1465/1147 1061/1466/1148
f 1060/1366/1052 1061/1466/1148 1057/1368/1054
f 1057/1368/1054 1061/1466/1148 1058/1467/1149
f 1057/1368/1054 1058/1467/1149 1054/1370/1056
f 1054/1370/1056 1058/1467/1149 1055/1468/1150
f 1054/1370/1056 1055/1468/1150 1015/1372/1058
f 1015/1372/1058 1055/1468/1150 1016/1469/1127
f 1016/1445/1127 1017/1422/1106 1052/1446/1128
f 1052/1446/1128 1017/1422/1106 1053/1420/1104
f 1052/1446/1128 1053/1420/1104 1049/1447/1129
f 1049/1447/1129 1053/1420/1104 1050/1418/1102
f 1049/1447/1129 1050/1418/1102 1046/1448/1130
f 1046/1448/1130 1050/1418/1102 1047/1416/1100
f 1046/1448/1130 1047/1416/1100 1043/1449/1131
f 1043/1449/1131 1047/1416/1100 1044/1414/1098
f 1043/1449/1131 1044/1414/1098 1040/1450/1132
f 1040/1450/1132 1044/1414/1098 1041/1412/1096
f 1040/1450/1132 1041/1412/1096 1037/1451/1133
f 1037/1451/1133 1041/1412/1096 1038/1410/1094
f 1037/1451/1133 1038/1410/1094 1034/1452/1134
f 1034/1452/1134 1038/1410/1094 1035/1408/1092
f 1034/1452/1134 1035/1408/1092 1031/1453/1135
f 1031/1453/1135 1035/1408/1092 1032/1406/1090
f 1031/1453/1135 1032/1406/1090 1028/1454/1136
f 1028/1454/1136 1032/1406/1090 1029/1404/1088
f 1028/1454/1136 1029/1404/1088 1025/1455/1137
f 1025/1455/1137 1029/1404/1088 1026/1402/1086
f 1025/1455/1137 1026/1402/1086 1019/1456/1138
f 1019/1456/1138 1026/1402/1086 1020/1400/1084
f 1019/1456/1138 1020/1400/1084 1022/1457/1139
f 1022/1457/1139 1020/1400/1084 1021/1398/1082
f 1022/1457/1139 1021/1398/1082 1085/1458/1140
f 1085/1458/1140 1021/1398/1082 1086/1396/1080
f 1085/1458/1140 1086/1396/1080 1082/1459/1141
f 1082/1459/1141 1086/1396/1080 1083/1444/1126
f 1082/1459/1141 1083/1444/1126 1079/1460/1142
f 1079/1460/1142 1083/1444/1126 1080/1442/1124
f 1079/1460/1142 1080/1442/1124 1076/1461/1143
f 1076/1461/1143 1080/1442/1124 1077/1440/1122
f 1076/1461/1143 1077/1440/1122 1073/1462/1144
f 1073/1462/1144 1077/1440/1122 1074/1438/1120
f 1073/1462/1144 1074/1438/1120 1070/1463/1145
f 1070/1463/1145 1074/1438/1120 1071/1436/1118
f 1070/1463/1145 1071/1436/1118 1067/1464/1146
f 1067/1464/1146 1071/1436/1118 1068/1434/1116
f 1067/1464/1146 1068/1434/1116 1064/1465/1147
f 1064/1465/1147 1068/1434/1116 1065/1432/1114
f 1064/1465/1147 1065/1432/1114 1061/1466/1148
f 1061/1466/1148 1065/1432/1114 1062/1430/1112
f 1061/1466/1148 1062/1430/1112 1058/1467/1149
f 1058/1467/1149 1062/1430/1112 1059/1428/1110
f 1058/1467/1149 1059/1428/1110 1055/1468/1150
f 1055/1468/1150 1059/1428/1110 1056/1426/1108
f 1055/1468/1150 1056/1426/1108 1016/1469/1127
f 1016/1469/1127 1056/1426/1108 1017/1424/1106
f 1088/1470/1151 1112/1471/1152 1087/1472/1153
f 1087/1472/1153 1112/1471/1152 1111/1473/1154
f 1087/1474/1153 1111/1475/1154 1110/1476/1155
f 1110/1476/1155 1111/1475/1154 1134/1477/1156
f 1110/1476/1155 1134/1477/1156 1109/1478/1157
f 1109/1478/1157 1134/1477/1156 1133/1479/1158
f 1109/1478/1157 1133/1479/1158 1108/1480/1159
f 1108/1480/1159 1133/1479/1158 1132/1481/1160
f 1108/1480/1159 1132/1481/1160 1107/1482/1161
f 1107/1482/1161 1132/1481/1160 1131/1483/1162
f 1107/1482/1161 1131/1483/1162 1106/1484/1163
f 1106/1484/1163 1131/1483/1162 1130/1485/1164
f 1106/1484/1163 1130/1485/1164 1105/1486/1165
f 1105/1486/1165 1130/1485/1164 1129/1487/1166
f 1105/1486/1165 1129/1487/1166 1104/1488/1167
f 1104/1488/1167 1129/1487/1166 1128/1489/1168
f 1104/1488/1167 1128/1489/1168 1103/1490/1169
f 1103/1490/1169 1128/1489/1168 1127/1491/1170
f 1103/1490/1169 1127/1491/1170 1102/1492/1171
f 1102/1492/1171 1127/1491/1170 1126/1493/1172
f 1102/1492/1171 1126/1493/1172 1101/1494/1173
f 1101/1494/1173 1126/1493/1172 1125/1495/1174
f 1101/1494/1173 1125/1495/1174 1100/1496/1175
f 1100/1496/1175 1125/1495/1174 1124/1497/1176
f 1100/1496/1175 1124/1497/1176 1099/1498/1177
f 1099/1498/1177 1124/1497/1176 1123/1499/1178
f 1099/1498/1177 1123/1499/1178 1098/1500/1179
f 1098/1500/1179 1123/1499/1178 1122/1501/1180
f 1098/1500/1179 1122/1501/1180 1097/1502/1181
f 1097/1502/1181 1122/1501/1180 1121/1503/1182
f 1097/1502/1181 1121/1503/1182 1096/1504/1183
f 1096/1504/1183 1121/1503/1182 1120/1505/1184
f 1096/1504/1183 1120/1505/1184 1095/1506/1185
f 1095/1506/1185 1120/1505/1184 1119/1507/1186
f 1095/1506/1185 1119/1507/1186 1094/1508/1187
f 1094/1508/1187 1119/1507/1186 1118/1509/1188
f 1094/1508/1187 1118/1509/1188 1093/1510/1189
f 1093/1510/1189 1118/1509/1188 1117/1511/1190
f 1093/1510/1189 1117/1511/1190 1092/1512/1191
f 1092/1512/1191 1117/1511/1190 1116/1513/1192
f 1092/1512/1191 1116/1513/1192 1091/1514/1193
f 1091/1514/1193 1116/1513/1192 1115/1515/1194
f 1091/1514/1193 1115/1515/1194 1090/1516/1195
f 1090/1516/1195 1115/1515/1194 1114/1517/1196
f 1090/1516/1195 1114/1517/1196 1089/1518/1197
f 1089/1518/1197 1114/1517/1196 1113/1519/1198
f 1089/1518/1197 1113/1519/1198 1088/1470/1151
f 1088/1470/1151 1113/1519/1198 1112/1471/1152
f 990/1520/1035 1122/1501/1180 967/1521/1033
f 967/1521/1033 1122/1501/1180 1123/1499/1178
f 967/1521/1033 1123/1499/1178 968/1522/1031
f 968/1522/1031 1123/1499/1178 1124/1497/1176
f 968/1522/1031 1124/1497/1176 969/1523/1077
f 969/1523/1077 1124/1497/1176 1125/1495/1174
f 969/1523/1077 1125/1495/1174 970/1524/1075
f 970/1524/1075 1125/1495/1174 1126/1493/1172
f 970/1524/1075 1126/1493/1172 971/1525/1073
f 971/1525/1073 1126/1493/1172 1127/1491/1170
f 971/1525/1073 1127/1491/1170 972/1526/1071
f 972/1526/1071 1127/1491/1170 1128/1489/1168
f 972/1526/1071 1128/1489/1168 973/1527/1069
f 973/1527/1069 1128/1489/1168 1129/1487/1166
f 973/1527/1069 1129/1487/1166 974/1528/1067
f 974/1528/1067 1129/1487/1166 1130/1485/1164
f 974/1528/1067 1130/1485/1164 975/1529/1065
f 975/1529/1065 1130/1485/1164 1131/1483/1162
f 975/1529/1065 1131/1483/1162 976/1530/1063
f 976/1530/1063 1131/1483/1162 1132/1481/1160
f 976/1530/1063 1132/1481/1160 977/1531/1061
f 977/1531/1061 1132/1481/1160 1133/1479/1158
f 977/1531/1061 1133/1479/1158 978/1532/1059
f 978/1532/1059 1133/1479/1158 1134/1477/1156
f 978/1532/1059 1134/1477/1156 979/1533/1057
f 979/1533/1057 1134/1477/1156 1111/1475/1154
f 979/1534/1057 1111/1473/1154 980/1535/1055
f 980/1535/1055 1111/1473/1154 1112/1471/1152
f 980/1535/1055 1112/1471/1152 981/1536/1053
f 981/1536/1053 1112/1471/1152 1113/1519/1198
f 981/1536/1053 1113/1519/1198 982/1537/1051
f 982/1537/1051 1113/1519/1198 1114/1517/1196
f 982/1537/1051 1114/1517/1196 983/1538/1049
f 983/1538/1049 1114/1517/1196 1115/1515/1194
f 983/1538/1049 1115/1515/1194 984/1539/1047
f 984/1539/1047 1115/1515/1194 1116/1513/1192
f 984/1539/1047 1116/1513/1192 985/1540/1045
f 985/1540/1045 1116/1513/1192 1117/1511/1190
f 985/1540/1045 1117/1511/1190 986/1541/1043
f 986/1541/1043 1117/1511/1190 1118/1509/1188
f 986/1541/1043 1118/1509/1188 987/1542/1041
f 987/1542/1041 1118/1509/1188 1119/1507/1186
f 987/1542/1041 1119/1507/1186 988/1543/1039
f 988/1543/1039 1119/1507/1186 1120/1505/1184
f 988/1543/1039 1120/1505/1184 989/1544/1037
f 989/1544/1037 1120/1505/1184 1121/1503/1182
f 989/1544/1037 1121/1503/1182 990/1520/1035
f 990/1520/1035 1121/1503/1182 1122/1501/1180
f 1014/1545/1083 1138/1546/1199 991/1547/1081
f 991/1547/1081 1138/1546/1199 1135/1548/1200
f 991/1549/1081 1135/1550/1200 992/1551/1079
f 992/1551/1079 1135/1550/1200 1204/1552/1201
f 992/1551/1079 1204/1552/1201 993/1553/1125
f 993/1553/1125 1204/1552/1201 1201/1554/1202
f 993/1553/1125 1201/1554/1202 994/1555/1123
f 994/1555/1123 1201/1554/1202 1198/1556/1203
f 994/1555/1123 1198/1556/1203 995/1557/1121
f 995/1557/1121 1198/1556/1203 1195/1558/1204
f 995/1557/1121 1195/1558/1204 996/1559/1119
f 996/1559/1119 1195/1558/1204 1192/1560/1205
f 996/1559/1119 1192/1560/1205 997/1561/1117
f 997/1561/1117 1192/1560/1205 1189/1562/1206
f 997/1561/1117 1189/1562/1206 998/1563/1115
f 998/1563/1115 1189/1562/1206 1186/1564/1207
f 998/1563/1115 1186/1564/1207 999/1565/1113
f 999/1565/1113 1186/1564/1207 1183/1566/1208
f 999/1565/1113 1183/1566/1208 1000/1567/1111
f 1000/1567/1111 1183/1566/1208 1180/1568/1209
f 1000/1567/1111 1180/1568/1209 1001/1569/1109
f 1001/1569/1109 1180/1568/1209 1177/1570/1210
f 1001/1569/1109 1177/1570/1210 1002/1571/1107
f 1002/1571/1107 1177/1570/1210 1174/1572/1211
f 1002/1571/1107 1174/1572/1211 1003/1573/1105
f 1003/1573/1105 1174/1572/1211 1171/1574/1212
f 1003/1573/1105 1171/1574/1212 1004/1575/1103
f 1004/1575/1103 1171/1574/1212 1168/1576/1213
f 1004/1575/1103 1168/1576/1213 1005/1577/1101
f 1005/1577/1101 1168/1576/1213 1165/1578/1214
f 1005/1577/1101 1165/1578/1214 1006/1579/1099
f 1006/1579/1099 1165/1578/1214 1162/1580/1215
f 1006/1579/1099 1162/1580/1215 1007/1581/1097
f 1007/1581/1097 1162/1580/1215 1159/1582/1216
f 1007/1581/1097 1159/1582/1216 1008/1583/1095
f 1008/1583/1095 1159/1582/1216 1156/1584/1217
f 1008/1583/1095 1156/1584/1217 1009/1585/1093
f 1009/1585/1093 1156/1584/1217 1153/1586/1218
f 1009/1585/1093 1153/1586/1218 1010/1587/1091
f 1010/1587/1091 1153/1586/1218 1150/1588/1219
f 1010/1587/1091 1150/1588/1219 1011/1589/1089
f 1011/1589/1089 1150/1588/1219 1147/1590/1220
f 1011/1589/1089 1147/1590/1220 1012/1591/1087
f 1012/1591/1087 1147/1590/1220 1144/1592/1221
f 1012/1591/1087 1144/1592/1221 1013/1593/1085
f 1013/1593/1085 1144/1592/1221 1141/1594/1222
f 1013/1593/1085 1141/1594/1222 1014/1545/1083
f 1014/1545/1083 1141/1594/1222 1138/1546/1199
f 966/1595/1009 1206/1596/1223 943/1597/1008
f 943/1597/1008 1206/1596/1223 1137/1598/1224
f 943/1599/1008 1137/1600/1224 944/1601/1007
f 944/1601/1007 1137/1600/1224 1140/1602/1225
f 944/1601/1007 1140/1602/1225 945/1603/1030
f 945/1603/1030 1140/1602/1225 1143/1604/1226
f 945/1603/1030 1143/1604/1226 946/1605/1029
f 946/1605/1029 1143/1604/1226 1146/1606/1227
f 946/1605/1029 1146/1606/1227 947/1607/1028
f 947/1607/1028 1146/1606/1227 1149/1608/1228
f 947/1607/1028 1149/1608/1228 948/1609/1027
f 948/1609/1027 1149/1608/1228 1152/1610/1229
f 948/1609/1027 1152/1610/1229 949/1611/1026
f 949/1611/1026 1152/1610/1229 1155/1612/1230
f 949/1611/1026 1155/1612/1230 950/1613/1025
f 950/1613/1025 1155/1612/1230 1158/1614/1231
f 950/1613/1025 1158/1614/1231 951/1615/1024
f 951/1615/1024 1158/1614/1231 1161/1616/1232
f 951/1615/1024 1161/1616/1232 952/1617/1023
f 952/1617/1023 1161/1616/1232 1164/1618/1233
f 952/1617/1023 1164/1618/1233 953/1619/1022
f 953/1619/1022 1164/1618/1233 1167/1620/1234
f 953/1619/1022 1167/1620/1234 954/1621/1021
f 954/1621/1021 1167/1620/1234 1170/1622/1235
f 954/1621/1021 1170/1622/1235 955/1623/1020
f 955/1623/1020 1170/1622/1235 1173/1624/1236
f 955/1623/1020 1173/1624/1236 956/1625/1019
f 956/1625/1019 1173/1624/1236 1176/1626/1237
f 956/1625/1019 1176/1626/1237 957/1627/1018
f 957/1627/1018 1176/1626/1237 1179/1628/1238
f 957/1627/1018 1179/1628/1238 958/1629/1017
f 958/1629/1017 1179/1628/1238 1182/1630/1239
f 958/1629/1017 1182/1630/1239 959/1631/1016
f 959/1631/1016 1182/1630/1239 1185/1632/1240
f 959/1631/1016 1185/1632/1240 960/1633/1015
f 960/1633/1015 1185/1632/1240 1188/1634/1241
f 960/1633/1015 1188/1634/1241 961/1635/1014
f 961/1635/1014 1188/1634/1241 1191/1636/1242
f 961/1635/1014 1191/1636/1242 962/1637/1013
f 962/1637/1013 1191/1636/1242 1194/1638/1243
f 962/1637/1013 1194/1638/1243 963/1639/1012
f 963/1639/1012 1194/1638/1243 1197/1640/1244
f 963/1639/1012 1197/1640/1244 964/1641/1011
f 964/1641/1011 1197/1640/1244 1200/1642/1245
f 964/1641/1011 1200/1642/1245 965/1643/1010
f 965/1643/1010 1200/1642/1245 1203/1644/1246
f 965/1643/1010 1203/1644/1246 966/1595/1009
f 966/1595/1009 1203/1644/1246 1206/1596/1223
f 1135/1550/1200 1136/1645/1247 1204/1552/1201
f 1204/1552/1201 1136/1645/1247 1205/1646/1248
f 1204/1552/1201 1205/1646/1248 1201/1554/1202
f 1201/1554/1202 1205/1646/1248 1202/1647/1249
f 1201/1554/1202 1202/1647/1249 1198/1556/1203
f 1198/1556/1203 1202/1647/1249 1199/1648/1250
f 1198/1556/1203 1199/1648/1250 1195/1558/1204
f 1195/1558/1204 1199/1648/1250 1196/1649/1251
f 1195/1558/1204 1196/1649/1251 1192/1560/1205
f 1192/1560/1205 1196/1649/1251 1193/1650/1252
f 1192/1560/1205 1193/1650/1252 1189/1562/1206
f 1189/1562/1206 1193/1650/1252 1190/1651/1253
f 1189/1562/1206 1190/1651/1253 1186/1564/1207
f 1186/1564/1207 1190/1651/1253 1187/1652/1254
f 1186/1564/1207 1187/1652/1254 1183/1566/1208
f 1183/1566/1208 1187/1652/1254 1184/1653/1255
f 1183/1566/1208 1184/1653/1255 1180/1568/1209
f 1180/1568/1209 1184/1653/1255 1181/1654/1256
f 1180/1568/1209 1181/1654/1256 1177/1570/1210
f 1177/1570/1210 1181/1654/1256 1178/1655/1257
f 1177/1570/1210 1178/1655/1257 1174/1572/1211
f 1174/1572/1211 1178/1655/1257 1175/1656/1258
f 1174/1572/1211 1175/1656/1258 1171/1574/1212
f 1171/1574/1212 1175/1656/1258 1172/1657/1259
f 1171/1574/1212 1172/1657/1259 1168/1576/1213
f 1168/1576/1213 1172/1657/1259 1169/1658/1260
f 1168/1576/1213 1169/1658/1260 1165/1578/1214
f 1165/1578/1214 1169/1658/1260 1166/1659/1261
f 1165/1578/1214 1166/1659/1261 1162/1580/1215
f 1162/1580/1215 1166/1659/1261 1163/1660/1262
f 1162/1580/1215 1163/1660/1262 1159/1582/1216
f 1159/1582/1216 1163/1660/1262 1160/1661/1263
f 1159/1582/1216 1160/1661/1263 1156/1584/1217
f 1156/1584/1217 1160/1661/1263 1157/1662/1264
f 1156/1584/1217 1157/1662/1264 1153/1586/1218
f 1153/1586/1218 1157/1662/1264 1154/1663/1265
f 1153/1586/1218 1154/1663/1265 1150/1588/1219
f 1150/1588/1219 1154/1663/1265 1151/1664/1266
f 1150/1588/1219 1151/1664/1266 1147/1590/1220
f 1147/1590/1220 1151/1664/1266 1148/1665/1267
f 1147/1590/1220 1148/1665/1267 1144/1592/1221
f 1144/1592/1221 1148/1665/1267 1145/1666/1268
f 1144/1592/1221 1145/1666/1268 1141/1594/1222
f 1141/1594/1222 1145/1666/1268 1142/1667/1269
f 1141/1594/1222 1142/1667/1269 1138/1546/1199
f 1138/1546/1199 1142/1667/1269 1139/1668/1270
f 1138/1546/1199 1139/1668/1270 1135/1548/1200
f 1135/1548/1200 1139/1668/1270 1136/1669/1247
f 1136/1645/1247 1137/1598/1224 1205/1646/1248
f 1205/1646/1248 1137/1598/1224 1206/1596/1223
f 1205/1646/1248 1206/1596/1223 1202/1647/1249
f 1202/1647/1249 1206/1596/1223 1203/1644/1246
f 1202/1647/1249 1203/1644/1246 1199/1648/1250
f 1199/1648/1250 1203/1644/1246 1200/1642/1245
f 1199/1648/1250 1200/1642/1245 1196/1649/1251
f 1196/1649/1251 1200/1642/1245 1197/1640/1244
f 1196/1649/1251 1197/1640/1244 1193/1650/1252
f 1193/1650/1252 1197/1640/1244 1194/1638/1243
f 1193/1650/1252 1194/1638/1243 1190/1651/1253
f 1190/1651/1253 1194/1638/1243 1191/1636/1242
f 1190/1651/1253 1191/1636/1242 1187/1652/1254
f 1187/1652/1254 1191/1636/1242 1188/1634/1241
f 1187/1652/1254 1188/1634/1241 1184/1653/1255
f 1184/1653/1255 1188/1634/1241 1185/1632/1240
f 1184/1653/1255 1185/1632/1240 1181/1654/1256
f 1181/1654/1256 1185/1632/1240 1182/1630/1239
f 1181/1654/1256 1182/1630/1239 1178/1655/1257
f 1178/1655/1257 1182/1630/1239 1179/1628/1238
f 1178/1655/1257 1179/1628/1238 1175/1656/1258
f 1175/1656/1258 1179/1628/1238 1176/1626/1237
f 1175/1656/1258 1176/1626/1237 1172/1657/1259
f 1172/1657/1259 1176/1626/1237 1173/1624/1236
f 1172/1657/1259 1173/1624/1236 1169/1658/1260
f 1169/1658/1260 1173/1624/1236 1170/1622/1235
f 1169/1658/1260 1170/1622/1235 1166/1659/1261
f 1166/1659/1261 1170/1622/1235 1167/1620/1234
f 1166/1659/1261 1167/1620/1234 1163/1660/1262
f 1163/1660/1262 1167/1620/1234 1164/1618/1233
f 1163/1660/1262 1164/1618/1233 1160/1661/1263
f 1160/1661/1263 1164/1618/1233 1161/1616/1232
f 1160/1661/1263 1161/1616/1232 1157/1662/1264
f 1157/1662/1264 1161/1616/1232 1158/1614/1231
f 1157/1662/1264 1158/1614/1231 1154/1663/1265
f 1154/1663/1265 1158/1614/1231 1155/1612/1230
f 1154/1663/1265 1155/1612/1230 1151/1664/1266
f 1151/1664/1266 1155/1612/1230 1152/1610/1229
f 1151/1664/1266 1152/1610/1229 1148/1665/1267
f 1148/1665/1267 1152/1610/1229 1149/1608/1228
f 1148/1665/1267 1149/1608/1228 1145/1666/1268
f 1145/1666/1268 1149/1608/1228 1146/1606/1227
f 1145/1666/1268 1146/1606/1227 1142/1667/1269
f 1142/1667/1269 1146/1606/1227 1143/1604/1226
f 1142/1667/1269 1143/1604/1226 1139/1668/1270
f 1139/1668/1270 1143/1604/1226 1140/1602/1225
f 1139/1668/1270 1140/1602/1225 1136/1669/1247
f 1136/1669/1247 1140/1602/1225 1137/1600/1224
f 1208/1670/1271 1236/1671/1272 1207/1672/1273
f 1207/1672/1273 1236/1671/1272 1231/1673/1274
f 1207/1674/1273 1231/1675/1274 1230/1676/1275
f 1230/1676/1275 1231/1675/1274 1346/1677/1276
f 1230/1676/1275 1346/1677/1276 1229/1678/1277
f 1229/1678/1277 1346/1677/1276 1341/1679/1278
f 1229/1678/1277 1341/1679/1278 1228/1680/1279
f 1228/1680/1279 1341/1679/1278 1336/1681/1280
f 1228/1680/1279 1336/1681/1280 1227/1682/1281
f 1227/1682/1281 1336/1681/1280 1331/1683/1282
f 1227/1682/1281 1331/1683/1282 1226/1684/1283
f 1226/1684/1283 1331/1683/1282 1326/1685/1284
f 1226/1684/1283 1326/1685/1284 1225/1686/1285
f 1225/1686/1285 1326/1685/1284 1321/1687/1286
f 1225/1686/1285 1321/1687/1286 1224/1688/1287
f 1224/1688/1287 1321/1687/1286 1316/1689/1288
f 1224/1688/1287 1316/1689/1288 1223/1690/1289
f 1223/1690/1289 1316/1689/1288 1311/1691/1290
f 1223/1690/1289 1311/1691/1290 1222/1692/1291
f 1222/1692/1291 1311/1691/1290 1306/1693/1292
f 1222/1692/1291 1306/1693/1292 1221/1694/1293
f 1221/1694/1293 1306/1693/1292 1301/1695/1294
f 1221/1694/1293 1301/1695/1294 1220/1696/1295
f 1220/1696/1295 1301/1695/1294 1296/1697/1296
f 1220/1696/1295 1296/1697/1296 1219/1698/1297
f 1219/1698/1297 1296/1697/1296 1291/1699/1298
f 1219/1698/1297 1291/1699/1298 1218/1700/1299
f 1218/1700/1299 1291/1699/1298 1286/1701/1300
f 1218/1700/1299 1286/1701/1300 1217/1702/1301
f 1217/1702/1301 1286/1701/1300 1281/1703/1302
f 1217/1702/1301 1281/1703/1302 1216/1704/1303
f 1216/1704/1303 1281/1703/1302 1276/1705/1304
f 1216/1704/1303 1276/1705/1304 1215/1706/1305
f 1215/1706/1305 1276/1705/1304 1271/1707/1306
f 1215/1706/1305 1271/1707/1306 1214/1708/1307
f 1214/1708/1307 1271/1707/1306 1266/1709/1308
f 1214/1708/1307 1266/1709/1308 1213/1710/1309
f 1213/1710/1309 1266/1709/1308 1261/1711/1310
f 1213/1710/1309 1261/1711/1310 1212/1712/1311
f 1212/1712/1311 1261/1711/1310 1256/1713/1312
f 1212/1712/1311 1256/1713/1312 1211/1714/1313
f 1211/1714/1313 1256/1713/1312 1251/1715/1314
f 1211/1714/1313 1251/1715/1314 1210/1716/1315
f 1210/1716/1315 1251/1715/1314 1246/1717/1316
f 1210/1716/1315 1246/1717/1316 1209/1718/1317
f 1209/1718/1317 1246/1717/1316 1241/1719/1318
f 1209/1718/1317 1241/1719/1318 1208/1670/1271
f 1208/1670/1271 1241/1719/1318 1236/1671/1272
f 1110/1720/1155 1350/1721/1319 1087/1722/1153
f 1087/1722/1153 1350/1721/1319 1235/1723/1320
f 1087/1724/1153 1235/1725/1320 1088/1726/1151
f 1088/1726/1151 1235/1725/1320 1240/1727/1321
f 1088/1726/1151 1240/1727/1321 1089/1728/1197
f 1089/1728/1197 1240/1727/1321 1245/1729/1322
f 1089/1728/1197 1245/1729/1322 1090/1730/1195
f 1090/1730/1195 1245/1729/1322 1250/1731/1323
f 1090/1730/1195 1250/1731/1323 1091/1732/1193
f 1091/1732/1193 1250/1731/1323 1255/1733/1324
f 1091/1732/1193 1255/1733/1324 1092/1734/1191
f 1092/1734/1191 1255/1733/1324 1260/1735/1325
f 1092/1734/1191 1260/1735/1325 1093/1736/1189
f 1093/1736/1189 1260/1735/1325 1265/1737/1326
f 1093/1736/1189 1265/1737/1326 1094/1738/1187
f 1094/1738/1187 1265/1737/1326 1270/1739/1327
f 1094/1738/1187 1270/1739/1327 1095/1740/1185
f 1095/1740/1185 1270/1739/1327 1275/1741/1328
f 1095/1740/1185 1275/1741/1328 1096/1742/1183
f 1096/1742/1183 1275/1741/1328 1280/1743/1329
f 1096/1742/1183 1280/1743/1329 1097/1744/1181
f 1097/1744/1181 1280/1743/1329 1285/1745/1330
f 1097/1744/1181 1285/1745/1330 1098/1746/1179
f 1098/1746/1179 1285/1745/1330 1290/1747/1331
f 1098/1746/1179 1290/1747/1331 1099/1748/1177
f 1099/1748/1177 1290/1747/1331 1295/1749/1332
f 1099/1748/1177 1295/1749/1332 1100/1750/1175
f 1100/1750/1175 1295/1749/1332 1300/1751/1333
f 1100/1750/1175 1300/1751/1333 1101/1752/1173
f 1101/1752/1173 1300/1751/1333 1305/1753/1334
f 1101/1752/1173 1305/1753/1334 1102/1754/1171
f 1102/1754/1171 1305/1753/1334 1310/1755/1335
f 1102/1754/1171 1310/1755/1335 1103/1756/1169
f 1103/1756/1169 1310/1755/1335 1315/1757/1336
f 1103/1756/1169 1315/1757/1336 1104/1758/1167
f 1104/1758/1167 1315/1757/1336 1320/1759/1337
f 1104/1758/1167 1320/1759/1337 1105/1760/1165
f 1105/1760/1165 1320/1759/1337 1325/1761/1338
f 1105/1760/1165 1325/1761/1338 1106/1762/1163
f 1106/1762/1163 1325/1761/1338 1330/1763/1339
f 1106/1762/1163 1330/1763/1339 1107/1764/1161
f 1107/1764/1161 1330/1763/1339 1335/1765/1340
f 1107/1764/1161 1335/1765/1340 1108/1766/1159
f 1108/1766/1159 1335/1765/1340 1340/1767/1341
f 1108/1766/1159 1340/1767/1341 1109/1768/1157
f 1109/1768/1157 1340/1767/1341 1345/1769/1342
f 1109/1768/1157 1345/1769/1342 1110/1720/1155
f 1110/1720/1155 1345/1769/1342 1350/1721/1319
f 1231/1675/1274 1232/1770/1343 1346/1677/1276
f 1346/1677/1276 1232/1770/1343 1347/1771/1344
f 1346/1677/1276 1347/1771/1344 1341/1679/1278
f 1341/1679/1278 1347/1771/1344 1342/1772/1345
f 1341/1679/1278 1342/1772/1345 1336/1681/1280
f 1336/1681/1280 1342/1772/1345 1337/1773/1346
f 1336/1681/1280 1337/1773/1346 1331/1683/1282
f 1331/1683/1282 1337/1773/1346 1332/1774/1347
f 1331/1683/1282 1332/1774/1347 1326/1685/1284
f 1326/1685/1284 1332/1774/1347 1327/1775/1348
f 1326/1685/1284 1327/1775/1348 1321/1687/1286
f 1321/1687/1286 1327/1775/1348 1322/1776/1349
f 1321/1687/1286 1322/1776/1349 1316/1689/1288
f 1316/1689/1288 1322/1776/1349 1317/1777/1350
f 1316/1689/1288 1317/1777/1350 1311/1691/1290
f 1311/1691/1290 1317/1777/1350 1312/1778/1351
f 1311/1691/1290 1312/1778/1351 1306/1693/1292
f 1306/1693/1292 1312/1778/1351 1307/1779/1352
f 1306/1693/1292 1307/1779/1352 1301/1695/1294
f 1301/1695/1294 1307/1779/1352 1302/1780/1353
f 1301/1695/1294 1302/1780/1353 1296/1697/1296
f 1296/1697/1296 1302/1780/1353 1297/1781/1354
f 1296/1697/1296 1297/1781/1354 1291/1699/1298
f 1291/1699/1298 1297/1781/1354 1292/1782/1355
f 1291/1699/1298 1292/1782/1355 1286/1701/1300
f 1286/1701/1300 1292/1782/1355 1287/1783/1356
f 1286/1701/1300 1287/1783/1356 1281/1703/1302
f 1281/1703/1302 1287/1783/1356 1282/1784/1357
f 1281/1703/1302 1282/1784/1357 1276/1705/1304
f 1276/1705/1304 1282/1784/1357 1277/1785/1358
f 1276/1705/1304 1277/1785/1358 1271/1707/1306
f 1271/1707/1306 1277/1785/1358 1272/1786/1359
f 1271/1707/1306 1272/1786/1359 1266/1709/1308
f 1266/1709/1308 1272/1786/1359 1267/1787/1360
f 1266/1709/1308 1267/1787/1360 1261/1711/1310
f 1261/1711/1310 1267/1787/1360 1262/1788/1361
f 1261/1711/1310 1262/1788/1361 1256/1713/1312
f 1256/1713/1312 1262/1788/1361 1257/1789/1362
f 1256/1713/1312 1257/1789/1362 1251/1715/1314
f 1251/1715/1314 1257/1789/1362 1252/1790/1363
f 1251/1715/1314 1252/1790/1363 1246/1717/1316
f 1246/1717/1316 1252/1790/1363 1247/1791/1364
f 1246/1717/1316 1247/1791/1364 1241/1719/1318
f 1241/1719/1318 1247/1791/1364 1242/1792/1365
f 1241/1719/1318 1242/1792/1365 1236/1671/1272
f 1236/1671/1272 1242/1792/1365 1237/1793/1366
f 1236/1671/1272 1237/1793/1366 1231/1673/1274
f 1231/1673/1274 1237/1793/1366 1232/1794/1343
f 1232/1770/1343 1233/1795/1367 1347/1771/1344
f 1347/1771/1344 1233/1795/1367 1348/1796/1368
f 1347/1771/1344 1348/1796/1368 1342/1772/1345
f 1342/1772/1345 1348/1796/1368 1343/1797/1369
f 1342/1772/1345 1343/1797/1369 1337/1773/1346
f 1337/1773/1346 1343/1797/1369 1338/1798/1370
f 1337/1773/1346 1338/1798/1370 1332/1774/1347
f 1332/1774/1347 1338/1798/1370 1333/1799/1371
f 1332/1774/1347 1333/1799/1371 1327/1775/1348
f 1327/1775/1348 1333/1799/1371 1328/1800/1372
f 1327/1775/1348 1328/1800/1372 1322/1776/1349
f 1322/1776/1349 1328/1800/1372 1323/1801/1373
f 1322/1776/1349 1323/1801/1373 1317/1777/1350
f 1317/1777/1350 1323/1801/1373 1318/1802/1374
f 1317/1777/1350 1318/1802/1374 1312/1778/1351
f 1312/1778/1351 1318/1802/1374 1313/1803/1375
f 1312/1778/1351 1313/1803/1375 1307/1779/1352
f 1307/1779/1352 1313/1803/1375 1308/1804/1376
f 1307/1779/1352 1308/1804/1376 1302/1780/1353
f 1302/1780/1353 1308/1804/1376 1303/1805/1377
f 1302/1780/1353 1303/1805/1377 1297/1781/1354
f 1297/1781/1354 1303/1805/1377 1298/1806/1378
f 1297/1781/1354 1298/1806/1378 1292/1782/1355
f 1292/1782/1355 1298/1806/1378 1293/1807/1379
f 1292/1782/1355 1293/1807/1379 1287/1783/1356
f 1287/1783/1356 1293/1807/1379 1288/1808/1380
f 1287/1783/1356 1288/1808/1380 1282/1784/1357
f 1282/1784/1357 1288/1808/1380 1283/1809/1381
f 1282/1784/1357 1283/1809/1381 1277/1785/1358
f 1277/1785/1358 1283/1809/1381 1278/1810/1382
f 1277/1785/1358 1278/1810/1382 1272/1786/1359
f 1272/1786/1359 1278/1810/1382 1273/1811/1383
f 1272/1786/1359 1273/1811/1383 1267/1787/1360
f 1267/1787/1360 1273/1811/1383 1268/1812/1384
f 1267/1787/1360 1268/1812/1384 1262/1788/1361
f 1262/1788/1361 1268/1812/1384 1263/1813/1385
f 1262/1788/1361 1263/1813/1385 1257/1789/1362
f 1257/1789/1362 1263/1813/1385 1258/1814/1386
f 1257/1789/1362 1258/1814/1386 1252/1790/1363
f 1252/1790/1363 1258/1814/1386 1253/1815/1387
f 1252/1790/1363 1253/1815/1387 1247/1791/1364
f 1247/1791/1364 1253/1815/1387 1248/1816/1388
f 1247/1791/1364 1248/1816/1388 1242/1792/1365
f 1242/1792/1365 1248/1816/1388 1243/1817/1389
f 1242/1792/1365 1243/1817/1389 1237/1793/1366
f 1237/1793/1366 1243/1817/1389 1238/1818/1390
f 1237/1793/1366 1238/1818/1390 1232/1794/1343
f 1232/1794/1343 1238/1818/1390 1233/1819/1367
f 1233/1795/1367 1234/1820/1391 1348/1796/1368
f 1348/1796/1368 1234/1820/1391 1349/1821/1392
f 1348/1796/1368 1349/1821/1392 1343/1797/1369
f 1343/1797/1369 1349/1821/1392 1344/1822/1393
f 1343/1797/1369 1344/1822/1393 1338/1798/1370
f 1338/1798/1370 1344/1822/1393 1339/1823/1394
f 1338/1798/1370 1339/1823/1394 1333/1799/1371
f 1333/1799/1371 1339/1823/1394 1334/1824/1395
f 1333/1799/1371 1334/1824/1395 1328/1800/1372
f 1328/1800/1372 1334/1824/1395 1329/1825/1396
f 1328/1800/1372 1329/1825/1396 1323/1801/1373
f 1323/1801/1373 1329/1825/1396 1324/1826/1397
f 1323/1801/1373 1324/1826/1397 1318/1802/1374
f 1318/1802/1374 1324/1826/1397 1319/1827/1398
f 1318/1802/1374 1319/1827/1398 1313/1803/1375
f 1313/1803/1375 1319/1827/1398 1314/1828/1399
f 1313/1803/1375 1314/1828/1399 1308/1804/1376
f 1308/1804/1376 1314/1828/1399 1309/1829/1400
f 1308/1804/1376 1309/1829/1400 1303/1805/1377
f 1303/1805/1377 1309/1829/1400 1304/1830/1401
f 1303/1805/1377 1304/1830/1401 1298/1806/1378
f 1298/1806/1378 1304/1830/1401 1299/1831/1402
f 1298/1806/1378 1299/1831/1402 1293/1807/1379
f 1293/1807/1379 1299/1831/1402 1294/1832/1403
f 1293/1807/1379 1294/1832/1403 1288/1808/1380
f 1288/1808/1380 1294/1832/1403 1289/1833/1404
f 1288/1808/1380 1289/1833/1404 1283/1809/1381
f 1283/1809/1381 1289/1833/1404 1284/1834/1405
f 1283/1809/1381 1284/1834/1405 1278/1810/1382
f 1278/1810/1382 1284/1834/1405 1279/1835/1406
f 1278/1810/1382 1279/1835/1406 1273/1811/1383
f 1273/1811/1383 1279/1835/1406 1274/1836/1407
f 1273/1811/1383 1274/1836/1407 1268/1812/1384
f 1268/1812/1384 1274/1836/1407 1269/1837/1408
f 1268/1812/1384 1269/1837/1408 1263/1813/1385
f 1263/1813/1385 1269/1837/1408 1264/1838/1409
f 1263/1813/1385 1264/1838/1409 1258/1814/1386
f 1258/1814/1386 1264/1838/1409 1259/1839/1410
f 1258/1814/1386 1259/1839/1410 1253/1815/1387
f 1253/1815/1387 1259/1839/1410 1254/1840/1411
f 1253/1815/1387 1254/1840/1411 1248/1816/1388
f 1248/1816/1388 1254/1840/1411 1249/1841/1412
f 1248/1816/1388 1249/1841/1412 1243/1817/1389
f 1243/1817/1389 1249/1841/1412 1244/1842/1413
f 1243/1817/1389 1244/1842/1413 1238/1818/1390
f 1238/1818/1390 1244/1842/1413 1239/1843/1414
f 1238/1818/1390 1239/1843/1414 1233/1819/1367
f 1233/1819/1367 1239/1843/1414 1234/1844/1391
f 1234/1820/1391 1235/1723/1320 1349/1821/1392
f 1349/1821/1392 1235/1723/1320 1350/1721/1319
f 1349/1821/1392 1350/1721/1319 1344/1822/1393
f 1344/1822/1393 1350/1721/1319 1345/1769/1342
f 1344/1822/1393 1345/1769/1342 1339/1823/1394
f 1339/1823/1394 1345/1769/1342 1340/1767/1341
f 1339/1823/1394 1340/1767/1341 1334/1824/1395
f 1334/1824/1395 1340/1767/1341 1335/1765/1340
f 1334/1824/1395 1335/1765/1340 1329/1825/1396
f 1329/1825/1396 1335/1765/1340 1330/1763/1339
f 1329/1825/1396 1330/1763/1339 1324/1826/1397
f 1324/1826/1397 1330/1763/1339 1325/1761/1338
f 1324/1826/1397 1325/1761/1338 1319/1827/1398
f 1319/1827/1398 1325/1761/1338 1320/1759/1337
f 1319/1827/1398 1320/1759/1337 1314/1828/1399
f 1314/1828/1399 1320/1759/1337 1315/1757/1336
f 1314/1828/1399 1315/1757/1336 1309/1829/1400
f 1309/1829/1400 1315/1757/1336 1310/1755/1335
f 1309/1829/1400 1310/1755/1335 1304/1830/1401
f 1304/1830/1401 1310/1755/1335 1305/1753/1334
f 1304/1830/1401 1305/1753/1334 1299/1831/1402
f 1299/1831/1402 1305/1753/1334 1300/1751/1333
f 1299/1831/1402 1300/1751/1333 1294/1832/1403
f 1294/1832/1403 1300/1751/1333 1295/1749/1332
f 1294/1832/1403 1295/1749/1332 1289/1833/1404
f 1289/1833/1404 1295/1749/1332 1290/1747/1331
f 1289/1833/1404 1290/1747/1331 1284/1834/1405
f 1284/1834/1405 1290/1747/1331 1285/1745/1330
f 1284/1834/1405 1285/1745/1330 1279/1835/1406
f 1279/1835/1406 1285/1745/1330 1280/1743/1329
f 1279/1835/1406 1280/1743/1329 1274/1836/1407
f 1274/1836/1407 1280/1743/1329 1275/1741/1328
f 1274/1836/1407 1275/1741/1328 1269/1837/1408
f 1269/1837/1408 1275/1741/1328 1270/1739/1327
f 1269/1837/1408 1270/1739/1327 1264/1838/1409
f 1264/1838/1409 1270/1739/1327 1265/1737/1326
f 1264/1838/1409 1265/1737/1326 1259/1839/1410
f 1259/1839/1410 1265/1737/1326 1260/1735/1325
f 1259/1839/1410 1260/1735/1325 1254/1840/1411
f 1254/1840/1411 1260/1735/1325 1255/1733/1324
f 1254/1840/1411 1255/1733/1324 1249/1841/1412
f 1249/1841/1412 1255/1733/1324 1250/1731/1323
f 1249/1841/1412 1250/1731/1323 1244/1842/1413
f 1244/1842/1413 1250/1731/1323 1245/1729/1322
f 1244/1842/1413 1245/1729/1322 1239/1843/1414
f 1239/1843/1414 1245/1729/1322 1240/1727/1321
f 1239/1843/1414 1240/1727/1321 1234/1844/1391
f 1234/1844/1391 1240/1727/1321 1235/1725/1320
f 1230/1845/1275 1220/1846/1295 1207/1847/1273
f 1207/1847/1273 1220/1846/1295 1219/1848/1297
f 1207/1847/1273 1219/1848/1297 1208/1849/1271
f 1208/1849/1271 1219/1848/1297 1218/1850/1299
f 1208/1849/1271 1218/1850/1299 1209/1851/1317
f 1209/1851/1317 1218/1850/1299 1217/1852/1301
f 1209/1851/1317 1217/1852/1301 1210/1853/1315
f 1210/1853/1315 1217/1852/1301 1216/1854/1303
f 1210/1853/1315 1216/1854/1303 1211/1855/1313
f 1211/1855/1313 1216/1854/1303 1215/1856/1305
f 1211/1855/1313 1215/1856/1305 1212/1857/1311
f 1212/1857/1311 1215/1856/1305 1214/1858/1307
f 1212/1857/1311 1214/1858/1307 1213/1859/1309
f 1220/1846/1295 1230/1845/1275 1221/1860/1293
f 1221/1860/1293 1230/1845/1275 1229/1861/1277
f 1221/1860/1293 1229/1861/1277 1222/1862/1291
f 1222/1862/1291 1229/1861/1277 1228/1863/1279
f 1222/1862/1291 1228/1863/1279 1223/1864/1289
f 1223/1864/1289 1228/1863/1279 1227/1865/1281
f 1223/1864/1289 1227/1865/1281 1224/1866/1287
f 1224/1866/1287 1227/1865/1281 1226/1867/1283
f 1224/1866/1287 1226/1867/1283 1225/1868/1285
# 1350 vertices
# 1868 texture params
# 1414 normals
# 2700 facets

# 1 groups
